pos,turn,result
8/1k6/1P4bP/K3ppB1/8/8/8/8,1,0
8/1k6/1P3BbP/K3pp2/8/8/8/8,0,0
8/1k6/1P3BbP/K4p2/4p3/8/8/8,1,0
8/1k6/1P4bP/K4pB1/4p3/8/8/8,0,0
8/1k5b/1P5P/K4pB1/4p3/8/8/8,1,0
8/1k5b/1P5P/K4p2/4p3/4B3/8/8,0,0
8/1k6/1P4bP/K4p2/4p3/4B3/8/8,1,0
8/1k6/1P4bP/K1B2p2/4p3/8/8/8,0,0
8/1k6/1P4bP/K1B5/4pp2/8/8/8,1,0
8/1k6/1P1B2bP/K7/4pp2/8/8/8,0,0
8/1k6/1P1B2bP/K7/5p2/4p3/8/8,1,0
8/1k6/1P4bP/K7/5B2/4p3/8/8,0,0
8/1k6/1P4bP/K7/5B2/8/4p3/8,1,0
8/1k6/1P4bP/K7/8/6B1/4p3/8,0,0
8/1k5b/1P5P/K7/8/6B1/4p3/8,1,0
8/1k5b/1P5P/K7/8/8/4pB2/8,0,0
8/1k6/1P4bP/K7/8/8/4pB2/8,1,0
8/1k6/1P4bP/K7/8/8/4p3/4B3,0,0
8/1k5b/1P5P/K7/8/8/4p3/4B3,1,0
8/1k5b/1P5P/1K6/8/8/4p3/4B3,0,0
1r6/1PR2p2/3pp3/8/1N2k3/2Pn4/8/2K5,1,0
1r6/1PR2p2/3pp3/8/4k3/2PN4/8/2K5,0,0
1r6/1PR2p2/3pp3/8/8/2Pk4/8/2K5,1,0
1r6/1P3R2/3pp3/8/8/2Pk4/8/2K5,0,0
1r6/1P3R2/3pp3/8/8/2k5/8/2K5,1,0
1r6/1P1R4/3pp3/8/8/2k5/8/2K5,0,0
1r6/1P1R4/4p3/3p4/8/2k5/8/2K5,1,0
1r6/1P2R3/4p3/3p4/8/2k5/8/2K5,0,0
1r6/1P2R3/4p3/8/3p4/2k5/8/2K5,1,0
1r6/1P6/4R3/8/3p4/2k5/8/2K5,0,0
8/1r6/4R3/8/3p4/2k5/8/2K5,1,0
8/1r6/R7/8/3p4/2k5/8/2K5,0,0
8/8/R7/8/3p4/1rk5/8/2K5,1,0
R7/8/8/8/3p4/1rk5/8/2K5,0,0
R7/8/8/8/3p4/1r1k4/8/2K5,1,0
7R/8/8/8/3p4/1r1k4/8/2K5,0,0
7R/8/8/8/2kp4/1r6/8/2K5,1,0
2R5/8/8/8/2kp4/1r6/8/2K5,0,0
2R5/8/8/3k4/3p4/1r6/8/2K5,1,0
2R5/8/8/3k4/3p4/1r6/3K4/8,0,0
5r2/5k1Q/p2p2p1/1p6/4q3/1P2Nr2/P1P5/1K5R,0,-1
4kr2/7Q/p2p2p1/1p6/4q3/1P2Nr2/P1P5/1K5R,1,-1
4kr2/7Q/p2p2p1/1p6/4q2R/1P2Nr2/P1P5/1K6,0,-1
4kr2/7Q/p2p2p1/1p6/7R/1P2qr2/P1P5/1K6,1,-1
4kr2/8/p2p2Q1/1p6/7R/1P2qr2/P1P5/1K6,0,-1
5r2/3k4/p2p2Q1/1p6/7R/1P2qr2/P1P5/1K6,1,-1
5r2/3k4/p2p2Q1/1p6/4R3/1P2qr2/P1P5/1K6,0,-1
5r2/3k4/p2p2Q1/1p6/4R3/1P2q3/P1P5/1K3r2,1,-1
5r2/3k4/p2p2Q1/1p6/4R3/1P2q3/PKP5/5r2,0,-1
5r2/3k4/p2p2Q1/1p6/4R3/1P6/PKP5/2q2r2,1,-1
5r2/3k4/p2p2Q1/1p6/4R3/1PK5/P1P5/2q2r2,0,-1
8/3k4/p2p2Q1/1p6/4R3/1PK2r2/P1P5/2q2r2,1,-1
8/3k4/p2p2Q1/1p6/1K2R3/1P3r2/P1P5/2q2r2,0,-1
8/3k4/p2p2Q1/1p6/1K2R3/1P3r2/P1Pq4/5r2,1,-1
8/3k4/p2p2Q1/1p6/4R3/KP3r2/P1Pq4/5r2,0,-1
8/3k4/p2p2Q1/qp6/4R3/KP3r2/P1P5/5r2,1,-1
8/3k4/p2p2Q1/qp6/4R3/1P3r2/PKP5/5r2,0,-1
8/3k4/p2p2Q1/qp6/4R3/1r6/PKP5/5r2,1,-1
8/3k4/p2p2Q1/qp6/4R3/1P6/1KP5/5r2,0,-1
8/3k4/p2p2Q1/1p6/4R3/1P6/1KP5/q4r2,1,-1
r1b1k3/pp2b3/2np1n1N/2p1p3/3PP3/2P4q/PPB2P2/RNBQ1RK1,0,-1
r1b1k3/pp2b3/2np3N/2p1p3/3PP1n1/2P4q/PPB2P2/RNBQ1RK1,1,-1
r1b1k3/pp2b3/2np4/2p1p3/3PP1N1/2P4q/PPB2P2/RNBQ1RK1,0,-1
r3k3/pp2b3/2np4/2p1p3/3PP1b1/2P4q/PPB2P2/RNBQ1RK1,1,-1
r3k3/pp2b3/2np4/2p1p3/3PP1b1/2P2P1q/PPB5/RNBQ1RK1,0,-1
r3k3/pp2b3/2np4/2p1p3/3PP1b1/2P2Pq1/PPB5/RNBQ1RK1,1,-1
r3k3/pp2b3/2np4/2p1p3/3PP1b1/2P2Pq1/PPB5/RNBQ1R1K,0,-1
2kr4/pp2b3/2np4/2p1p3/3PP1b1/2P2Pq1/PPB5/RNBQ1R1K,1,-1
2kr4/pp2b3/2np3B/2p1p3/3PP1b1/2P2Pq1/PPB5/RN1Q1R1K,0,-1
2k4r/pp2b3/2np3B/2p1p3/3PP1b1/2P2Pq1/PPB5/RN1Q1R1K,1,-1
2k4r/pp2b3/2np3B/2p1p3/3PP1b1/2P2Pq1/PPBQ4/RN3R1K,0,-1
2k4r/pp2b3/2np3B/2p1p3/3PP3/2P2bq1/PPBQ4/RN3R1K,1,-1
2k4r/pp2b3/2np3B/2p1p3/3PP3/2P2Rq1/PPBQ4/RN5K,0,-1
2k4r/pp2b3/2np3B/2p1p3/3PP3/2P2q2/PPBQ4/RN5K,1,-1
2k4r/pp2b3/2np3B/2p1p3/3PP3/2P2q2/PPB3Q1/RN5K,0,-1
2k5/pp2b3/2np3r/2p1p3/3PP3/2P2q2/PPB3Q1/RN5K,1,-1
2k5/pp2b3/2np3r/2p1p3/3PP3/2P2q2/PPB3Q1/RN4K1,0,-1
2k5/pp2b3/2np3r/2p1p3/3PP3/2P1q3/PPB3Q1/RN4K1,1,-1
2k5/pp2b3/2np3r/2p1p3/3PP3/2P1q3/PPB2Q2/RN4K1,0,-1
2k5/pp2b3/2np4/2p1p3/3PP3/2P1q3/PPB2Q2/RN4Kr,1,-1
3r1q2/2Q3p1/3p1k1p/4p3/4P2P/R7/2P2PP1/6K1,0,1
3r1q2/2Q3p1/3p2kp/4p3/4P2P/R7/2P2PP1/6K1,1,1
3r1q2/2Q3p1/3p2kp/4p3/4P2P/6R1/2P2PP1/6K1,0,1
3r1q2/2Q3pk/3p3p/4p3/4P2P/6R1/2P2PP1/6K1,1,1
3r1q2/2Q3Rk/3p3p/4p3/4P2P/8/2P2PP1/6K1,0,1
3r4/2Q3qk/3p3p/4p3/4P2P/8/2P2PP1/6K1,1,1
3Q4/6qk/3p3p/4p3/4P2P/8/2P2PP1/6K1,0,1
3Q4/7k/3p3p/4p3/4P1qP/8/2P2PP1/6K1,1,1
8/4Q2k/3p3p/4p3/4P1qP/8/2P2PP1/6K1,0,1
6k1/4Q3/3p3p/4p3/4P1qP/8/2P2PP1/6K1,1,1
3Q2k1/8/3p3p/4p3/4P1qP/8/2P2PP1/6K1,0,1
3Q4/7k/3p3p/4p3/4P1qP/8/2P2PP1/6K1,1,1
8/7k/3Q3p/4p3/4P1qP/8/2P2PP1/6K1,0,1
8/7k/3Q3p/4p3/4P2P/8/2P1qPP1/6K1,1,1
8/4Q2k/7p/4p3/4P2P/8/2P1qPP1/6K1,0,1
6k1/4Q3/7p/4p3/4P2P/8/2P1qPP1/6K1,1,1
6k1/8/7p/4Q3/4P2P/8/2P1qPP1/6K1,0,1
6k1/8/7p/4Q3/4P2P/8/2P2PP1/4q1K1,1,1
6k1/8/7p/4Q3/4P2P/8/2P2PPK/4q3,0,1
6k1/8/7p/4Q3/4P2P/8/2P2qPK/8,1,1
r2rb1nk/1pq1bppp/p2pp3/5P2/3nP3/P1NBB2Q/1PP3PP/4RR1K,1,1
r2rb1nk/1pq1bppp/p2pp3/5P2/3BP3/P1NB3Q/1PP3PP/4RR1K,0,1
r2rb1nk/1pq2ppp/p2ppb2/5P2/3BP3/P1NB3Q/1PP3PP/4RR1K,1,1
r2rb1nk/1pq2ppp/p2ppB2/5P2/4P3/P1NB3Q/1PP3PP/4RR1K,0,1
r2rb2k/1pq2ppp/p2ppn2/5P2/4P3/P1NB3Q/1PP3PP/4RR1K,1,1
r2rb2k/1pq2ppp/p2pPn2/8/4P3/P1NB3Q/1PP3PP/4RR1K,0,1
r2rb2k/1pq3pp/p2ppn2/8/4P3/P1NB3Q/1PP3PP/4RR1K,1,1
r2rb2k/1pq3pp/p2ppn2/4P3/8/P1NB3Q/1PP3PP/4RR1K,0,1
r2rb2k/1pq3pp/p3pn2/4p3/8/P1NB3Q/1PP3PP/4RR1K,1,1
r2rb2k/1pq3pB/p3pn2/4p3/8/P1N4Q/1PP3PP/4RR1K,0,1
r2r3k/1pq2bpB/p3pn2/4p3/8/P1N4Q/1PP3PP/4RR1K,1,1
r2r3k/1pq2bp1/p3pn2/4p3/8/P1NB3Q/1PP3PP/4RR1K,0,1
r2r2k1/1pq2bp1/p3pn2/4p3/8/P1NB3Q/1PP3PP/4RR1K,1,1
r2r2k1/1pq2bp1/p3pn2/4p3/4N3/P2B3Q/1PP3PP/4RR1K,0,1
r2r2k1/1pq2bpn/p3p3/4p3/4N3/P2B3Q/1PP3PP/4RR1K,1,1
r2r2k1/1pq2Rpn/p3p3/4p3/4N3/P2B3Q/1PP3PP/4R2K,0,1
r2r2k1/1p3qpn/p3p3/4p3/4N3/P2B3Q/1PP3PP/4R2K,1,1
r2r2k1/1p3qpn/p2Np3/4p3/8/P2B3Q/1PP3PP/4R2K,0,1
r2r2k1/1p3qp1/p2Np3/4p1n1/8/P2B3Q/1PP3PP/4R2K,1,1
r2r2k1/1p3qpB/p2Np3/4p1n1/8/P6Q/1PP3PP/4R2K,0,1
8/3KP3/1k5p/7P/8/b7/4B3/8,0,1
8/3Kb3/1k5p/7P/8/8/4B3/8,1,1
8/4K3/1k5p/7P/8/8/4B3/8,0,1
8/2k1K3/7p/7P/8/8/4B3/8,1,1
8/2k2K2/7p/7P/8/8/4B3/8,0,1
8/5K2/3k3p/7P/8/8/4B3/8,1,1
8/6K1/3k3p/7P/8/8/4B3/8,0,1
8/4k1K1/7p/7P/8/8/4B3/8,1,1
8/4k3/7K/7P/8/8/4B3/8,0,1
5k2/8/7K/7P/8/8/4B3/8,1,1
5k2/8/7K/7P/2B5/8/8/8,0,1
8/4k3/7K/7P/2B5/8/8/8,1,1
8/4k1K1/8/7P/2B5/8/8/8,0,1
8/6K1/3k4/7P/2B5/8/8/8,1,1
8/6K1/3k3P/8/2B5/8/8/8,0,1
8/6K1/7P/2k5/2B5/8/8/8,1,1
8/6KP/8/2k5/2B5/8/8/8,0,1
8/6KP/8/8/2k5/8/8/8,1,1
7Q/6K1/8/8/2k5/8/8/8,0,1
7Q/6K1/8/3k4/8/8/8/8,1,1
r3kb1r/pp3p1p/1q2p3/3pnp2/8/2P4P/PP1NQPP1/R1B2RK1,0,-1
r3k2r/pp3p1p/1q1bp3/3pnp2/8/2P4P/PP1NQPP1/R1B2RK1,1,-1
r3k2r/pp3p1p/1q1bp3/3pnp2/8/2P4P/PP1NQPP1/R1BR2K1,0,-1
r3k1r1/pp3p1p/1q1bp3/3pnp2/8/2P4P/PP1NQPP1/R1BR2K1,1,-1
r3k1r1/pp3p1p/1q1bp3/3pnp2/8/1NP4P/PP2QPP1/R1BR2K1,0,-1
2kr2r1/pp3p1p/1q1bp3/3pnp2/8/1NP4P/PP2QPP1/R1BR2K1,1,-1
2kr2r1/pp3p1p/1q1bp3/3pnp2/8/1NP1B2P/PP2QPP1/R2R2K1,0,-1
2kr2r1/ppq2p1p/3bp3/3pnp2/8/1NP1B2P/PP2QPP1/R2R2K1,1,-1
2kr2r1/ppq2p1p/3bp3/3pnp2/3R4/1NP1B2P/PP2QPP1/R5K1,0,-1
2kr4/ppq2p1p/3bp1r1/3pnp2/3R4/1NP1B2P/PP2QPP1/R5K1,1,-1
2kr4/ppq2p1p/3bp1r1/3pnp2/3R4/1NP1B2P/PP2QPP1/R6K,0,-1
2k3r1/ppq2p1p/3bp1r1/3pnp2/3R4/1NP1B2P/PP2QPP1/R6K,1,-1
2k3r1/ppq2p1p/3bp1r1/3pnp2/3R4/1NP1B2P/PP2QPP1/6RK,0,-1
2k3r1/ppq2p1p/2nbp1r1/3p1p2/3R4/1NP1B2P/PP2QPP1/6RK,1,-1
2k3r1/ppq2p1p/2nbp1r1/3p1p2/3R4/1NP1B1PP/PP2QP2/6RK,0,-1
2k3r1/ppq2p1p/2nbp1r1/3p4/3R1p2/1NP1B1PP/PP2QP2/6RK,1,-1
2k3r1/ppq2p1p/2nbp1r1/3p4/5R2/1NP1B1PP/PP2QP2/6RK,0,-1
2k3r1/ppq2p1p/2n1p1r1/3p4/5b2/1NP1B1PP/PP2QP2/6RK,1,-1
2k3r1/ppq2p1p/2n1p1r1/3p4/5B2/1NP3PP/PP2QP2/6RK,0,-1
2k3r1/pp3p1p/2n1p1r1/3p4/5q2/1NP3PP/PP2QP2/6RK,1,-1
5b2/3k3p/pB1p1Pp1/3P1r2/PPp5/8/1P6/1K1R4,1,1
5b2/3k3p/pB1p1Pp1/3P1r2/PPpR4/8/1P6/1K6,0,1
5b2/3k4/pB1p1Pp1/3P1r1p/PPpR4/8/1P6/1K6,1,1
5b2/3k4/pB1p1Pp1/P2P1r1p/1PpR4/8/1P6/1K6,0,1
5b2/3k4/pB1p1P2/P2P1rpp/1PpR4/8/1P6/1K6,1,1
5b2/3k4/pB1p1P2/PP1P1rpp/2pR4/8/1P6/1K6,0,1
5b2/3k4/1B1p1P2/Pp1P1rpp/2pR4/8/1P6/1K6,1,1
5b2/3k4/PB1p1P2/1p1P1rpp/2pR4/8/1P6/1K6,0,1
2k2b2/8/PB1p1P2/1p1P1rpp/2pR4/8/1P6/1K6,1,1
2k2b2/8/PB1p1P2/1p1P1rpp/1PpR4/8/8/1K6,0,1
2k2b2/8/PB1p1P2/1p1P1r1p/1PpR2p1/8/8/1K6,1,1
2k2b2/8/PB1p1P2/1p1P1r1p/1Pp1R1p1/8/8/1K6,0,1
2k2b2/8/PB1p1P2/1p1Pr2p/1Pp1R1p1/8/8/1K6,1,1
2k2b2/8/PB1p1P2/1p1PR2p/1Pp3p1/8/8/1K6,0,1
2k2b2/8/PB3P2/1p1Pp2p/1Pp3p1/8/8/1K6,1,1
2k2b2/8/P4P2/1pBPp2p/1Pp3p1/8/8/1K6,0,1
2k2b2/8/P4P2/1pBPp3/1Pp3pp/8/8/1K6,1,1
2k2b2/8/P2P1P2/1pB1p3/1Pp3pp/8/8/1K6,0,1
2k2b2/8/P2P1P2/1pB1p3/1Pp3p1/7p/8/1K6,1,1
2k2b2/P7/3P1P2/1pB1p3/1Pp3p1/7p/8/1K6,0,1
6k1/1b4p1/p2Rnp2/8/1P6/3Q1P2/PKP3PP/4q3,1,1
6k1/1b4p1/p2Rnp2/8/1P6/2Q2P2/PKP3PP/4q3,0,1
6k1/1b4p1/p2Rnp2/8/1P6/2Q2P2/PKP1q1PP/8,1,1
6k1/1b4p1/pR2np2/8/1P6/2Q2P2/PKP1q1PP/8,0,1
6k1/6p1/pR2np2/3b4/1P6/2Q2P2/PKP1q1PP/8,1,1
6k1/6p1/p2Rnp2/3b4/1P6/2Q2P2/PKP1q1PP/8,0,1
6k1/6p1/p2Rnp2/8/1Pb5/2Q2P2/PKP1q1PP/8,1,1
6k1/6p1/p3np2/8/1Pb5/2Q2P2/PKPRq1PP/8,0,1
6k1/6p1/p3np2/8/1Pb5/2Q2P2/PKPR2PP/5q2,1,1
6k1/6p1/p3np2/8/PPb5/2Q2P2/1KPR2PP/5q2,0,1
7k/6p1/p3np2/8/PPb5/2Q2P2/1KPR2PP/5q2,1,1
7k/6p1/p3np2/1P6/P1b5/2Q2P2/1KPR2PP/5q2,0,1
7k/6p1/4np2/1p6/P1b5/2Q2P2/1KPR2PP/5q2,1,1
7k/6p1/4np2/1P6/2b5/2Q2P2/1KPR2PP/5q2,0,1
8/6pk/4np2/1P6/2b5/2Q2P2/1KPR2PP/5q2,1,1
8/6pk/4np2/1P6/2b5/4QP2/1KPR2PP/5q2,0,1
8/2n3pk/5p2/1P6/2b5/4QP2/1KPR2PP/5q2,1,1
8/2n3pk/1P3p2/8/2b5/4QP2/1KPR2PP/5q2,0,1
8/6pk/nP3p2/8/2b5/4QP2/1KPR2PP/5q2,1,1
8/6pk/nP3p2/8/2b5/5P2/1KPR1QPP/5q2,0,1
8/6kp/3p4/8/2p5/2bn1RPP/5P2/5K2,1,-1
8/6kp/3p4/5R2/2p5/2bn2PP/5P2/5K2,0,-1
8/6kp/3p4/4bR2/2p5/3n2PP/5P2/5K2,1,-1
8/6kp/3p4/4bR2/2p5/3n2PP/4KP2/8,0,-1
8/7p/3p2k1/4bR2/2p5/3n2PP/4KP2/8,1,-1
5R2/7p/3p2k1/4b3/2p5/3n2PP/4KP2/8,0,-1
5R2/7p/3p2k1/2n1b3/2p5/6PP/4KP2/8,1,-1
5R2/7p/3p2k1/2n1b3/2p2P2/6PP/4K3/8,0,-1
5R2/7p/3p1bk1/2n5/2p2P2/6PP/4K3/8,1,-1
2R5/7p/3p1bk1/2n5/2p2P2/6PP/4K3/8,0,-1
2R5/7p/3p1bk1/2n5/5P2/2p3PP/4K3/8,1,-1
8/7p/2Rp1bk1/2n5/5P2/2p3PP/4K3/8,0,-1
8/7p/2Rp1bk1/2n5/5P2/6PP/2p1K3/8,1,-1
8/7p/3p1bk1/2R5/5P2/6PP/2p1K3/8,0,-1
8/7p/5bk1/2p5/5P2/6PP/2p1K3/8,1,-1
8/7p/5bk1/2p5/5P2/6PP/2pK4/8,0,-1
8/7p/5b2/2p2k2/5P2/6PP/2pK4/8,1,-1
8/7p/5b2/2p2k2/5P2/6PP/2K5/8,0,-1
8/7p/5b2/5k2/2p2P2/6PP/2K5/8,1,-1
8/7p/5b2/5k2/2p2P2/6PP/3K4/8,0,-1
4rrk1/1pqn3p/3p2p1/pQ1P1p2/P2R4/5R2/1PP3PP/5BK1,0,-1
5rk1/1pqn3p/3p2p1/pQ1P1p2/P2R4/5R2/1PP3PP/4rBK1,1,-1
5rk1/1pqn3p/3p2p1/pQ1P1p2/P2R4/2P2R2/1P4PP/4rBK1,0,-1
5rk1/1pq4p/3p2p1/pQnP1p2/P2R4/2P2R2/1P4PP/4rBK1,1,-1
5rk1/1pq4p/3p2p1/pQnP1p2/PP1R4/2P2R2/6PP/4rBK1,0,-1
5rk1/1pq4p/3p2p1/1QnP1p2/Pp1R4/2P2R2/6PP/4rBK1,1,-1
5rk1/1pq4p/3p2p1/1QnP1p2/PR6/2P2R2/6PP/4rBK1,0,-1
4r1k1/1pq4p/3p2p1/1QnP1p2/PR6/2P2R2/6PP/4rBK1,1,-1
4r1k1/1pq4p/3p2p1/1QnP1p2/PR4P1/2P2R2/7P/4rBK1,0,-1
4r1k1/1p2q2p/3p2p1/1QnP1p2/PR4P1/2P2R2/7P/4rBK1,1,-1
4r1k1/1p2q2p/3p2p1/1QnP1P2/PR6/2P2R2/7P/4rBK1,0,-1
4r1k1/1p5p/3p2p1/1QnP1Pq1/PR6/2P2R2/7P/4rBK1,1,-1
4r1k1/1p5p/3p2p1/1QnP1Pq1/PR6/2P2R2/7P/4rB1K,0,-1
6k1/1p5p/3p2p1/1QnP1Pq1/PR6/2P1rR2/7P/4rB1K,1,-1
6k1/1p5p/3p2p1/1QnP1Pq1/PR5P/2P1rR2/8/4rB1K,0,-1
6k1/1p5p/3p2pq/1QnP1P2/PR5P/2P1rR2/8/4rB1K,1,-1
6k1/1p5p/3p2pq/1QnP1P2/PR3R1P/2P1r3/8/4rB1K,0,-1
6k1/1p5p/3p2pq/1Q1P1P2/PR3R1P/2Pnr3/8/4rB1K,1,-1
6k1/1p5p/3p2pq/1Q1P1P2/P1R2R1P/2Pnr3/8/4rB1K,0,-1
6k1/1p5p/3p2p1/1Q1P1P2/P1R2R1q/2Pnr3/8/4rB1K,1,-1
1q2r1k1/7p/p2pN1pb/3P1p2/2P5/P3r2P/2R2QP1/2R4K,1,1
1q2r1k1/7p/p2pN1pb/3P1p2/P1P5/4r2P/2R2QP1/2R4K,0,1
4r1k1/7p/p2pN1pb/3P1p2/P1P5/1q2r2P/2R2QP1/2R4K,1,1
4r1k1/7p/p2pN1pb/3P1p2/P1P5/1q2r2P/2R2QPK/2R5,0,1
6k1/7p/p2pr1pb/3P1p2/P1P5/1q2r2P/2R2QPK/2R5,1,1
6k1/7p/p2pP1pb/5p2/P1P5/1q2r2P/2R2QPK/2R5,0,1
6k1/6bp/p2pP1p1/5p2/P1P5/1q2r2P/2R2QPK/2R5,1,1
6k1/6bp/p2pP1p1/5p2/P1P5/1q2r2P/4RQPK/2R5,0,1
6k1/7p/p2pP1p1/4bp2/P1P5/1q2r2P/4RQPK/2R5,1,1
6k1/7p/p2pP1p1/4bp2/P1P5/1q2r2P/4RQP1/2R4K,0,1
6k1/7p/p2pP1p1/4bp2/P1P5/1q1r3P/4RQP1/2R4K,1,1
6k1/4P2p/p2p2p1/4bp2/P1P5/1q1r3P/4RQP1/2R4K,0,1
8/4Pk1p/p2p2p1/4bp2/P1P5/1q1r3P/4RQP1/2R4K,1,1
8/4Pk1p/p2p2p1/2P1bp2/P7/1q1r3P/4RQP1/2R4K,0,1
8/4Pk1p/p2p2p1/2P1bp2/P7/q2r3P/4RQP1/2R4K,1,1
8/4Pk1p/p2p2p1/2P1bp2/P7/q2r3P/4RQP1/4R2K,0,1
8/4Pk1p/p2p2p1/2P2p2/P7/q2r2bP/4RQP1/4R2K,1,1
4Q3/5k1p/p2p2p1/2P2p2/P7/q2r2bP/4RQP1/4R2K,0,1
4Q3/7p/p2p1kp1/2P2p2/P7/q2r2bP/4RQP1/4R2K,1,1
8/4Q2p/p2p1kp1/2P2p2/P7/q2r2bP/4RQP1/4R2K,0,1
2r1qrk1/1p1bbppp/p2p1n2/P3P3/3BP3/1NN2R2/1PP1Q1PP/R5K1,0,-1
2r1qrk1/1p1bbppp/p4n2/P3p3/3BP3/1NN2R2/1PP1Q1PP/R5K1,1,-1
2r1qrk1/1p1bbppp/p4n2/P3B3/4P3/1NN2R2/1PP1Q1PP/R5K1,0,-1
2r1qrk1/1p2bppp/p4n2/P3B3/4P1b1/1NN2R2/1PP1Q1PP/R5K1,1,-1
2r1qrk1/1p2bppp/p4n2/P7/3BP1b1/1NN2R2/1PP1Q1PP/R5K1,0,-1
2r1qrk1/1p2bppp/p4n2/P7/3BP3/1NN2b2/1PP1Q1PP/R5K1,1,-1
2r1qrk1/1p2bppp/p4n2/P7/3BP3/1NN2Q2/1PP3PP/R5K1,0,-1
2r2rk1/1p2bppp/p1q2n2/P7/3BP3/1NN2Q2/1PP3PP/R5K1,1,-1
2r2rk1/1p2bppp/p1q2n2/P3P3/3B4/1NN2Q2/1PP3PP/R5K1,0,-1
2r2rk1/1p1nbppp/p1q5/P3P3/3B4/1NN2Q2/1PP3PP/R5K1,1,-1
2r2rk1/1p1nbppp/p1q5/P2NP3/3B4/1N3Q2/1PP3PP/R5K1,0,-1
2rb1rk1/1p1n1ppp/p1q5/P2NP3/3B4/1N3Q2/1PP3PP/R5K1,1,-1
2rb1rk1/1p1n1ppp/p1q5/P2NP3/3B4/1NP2Q2/1P4PP/R5K1,0,-1
2rb1rk1/1p1n1ppp/p7/Pq1NP3/3B4/1NP2Q2/1P4PP/R5K1,1,-1
2rb1rk1/1p1n1ppp/p7/Pq1NP3/3B4/RNP2Q2/1P4PP/6K1,0,-1
2rbr1k1/1p1n1ppp/p7/Pq1NP3/3B4/RNP2Q2/1P4PP/6K1,1,-1
2rbr1k1/1p1n1ppp/p7/Pq1NP3/3BQ3/RNP5/1P4PP/6K1,0,-1
2rbr1k1/1p3ppp/p4n2/Pq1NP3/3BQ3/RNP5/1P4PP/6K1,1,-1
2rbr1k1/1p3ppp/p4N2/Pq2P3/3BQ3/RNP5/1P4PP/6K1,0,-1
2r1r1k1/1p3ppp/p4b2/Pq2P3/3BQ3/RNP5/1P4PP/6K1,1,-1
5k1r/1b3p2/2q1pP1p/p1nr2pP/1ppR4/2P2P2/PPBQ2P1/2BR2K1,1,1
5k1r/1b3p2/2q1pP1p/p1nr2pP/1PpR4/5P2/PPBQ2P1/2BR2K1,0,1
5k1r/1b3p2/2q1pP1p/2nr2pP/1ppR4/5P2/PPBQ2P1/2BR2K1,1,1
5k1r/1b3p2/2q1pP1p/2nr2pP/1QpR4/5P2/PPB3P1/2BR2K1,0,1
6kr/1b3p2/2q1pP1p/2nr2pP/1QpR4/5P2/PPB3P1/2BR2K1,1,1
6kr/1b3p2/2q1pP1p/2nr2pP/2QR4/5P2/PPB3P1/2BR2K1,0,1
6kr/5p2/b1q1pP1p/2nr2pP/2QR4/5P2/PPB3P1/2BR2K1,1,1
6kr/5p2/b1q1pP1p/2nr2pP/3R4/2Q2P2/PPB3P1/2BR2K1,0,1
6kr/5p2/bq2pP1p/2nr2pP/3R4/2Q2P2/PPB3P1/2BR2K1,1,1
6kr/5p2/bq2pP1p/2nr2pP/3R4/2Q2P2/PPB3P1/2BR3K,0,1
6kr/5p2/bq2pP1p/2nr3P/3R2p1/2Q2P2/PPB3P1/2BR3K,1,1
6kr/5p2/bq2pP1p/2nr3P/6R1/2Q2P2/PPB3P1/2BR3K,0,1
5k1r/5p2/bq2pP1p/2nr3P/6R1/2Q2P2/PPB3P1/2BR3K,1,1
5k1r/5p2/bq2pP1p/2nR3P/6R1/2Q2P2/PPB3P1/2B4K,0,1
5k1r/5p2/bq3P1p/2np3P/6R1/2Q2P2/PPB3P1/2B4K,1,1
5k1r/5p2/bq3P1p/2np3P/6R1/2Q1BP2/PPB3P1/7K,0,1
5k1r/5p2/b4P1p/1qnp3P/6R1/2Q1BP2/PPB3P1/7K,1,1
5k1r/5p2/b4P1p/1qBp3P/6R1/2Q2P2/PPB3P1/7K,0,1
4k2r/5p2/b4P1p/1qBp3P/6R1/2Q2P2/PPB3P1/7K,1,1
4k2r/5p2/b4P1p/1qBp3P/B5R1/2Q2P2/PP4P1/7K,0,1
r2q1rk1/4bp1p/b3p1pP/3pP3/3N1PP1/1N2Q3/PP6/1K1R3R,0,-1
r2q1rk1/4bp1p/4p1pP/3pP3/2bN1PP1/1N2Q3/PP6/1K1R3R,1,-1
r2q1rk1/4bp1p/4p1pP/3pPP2/2bN2P1/1N2Q3/PP6/1K1R3R,0,-1
r4rk1/4bp1p/1q2p1pP/3pPP2/2bN2P1/1N2Q3/PP6/1K1R3R,1,-1
r4rk1/4bp1p/1q2P1pP/3pP3/2bN2P1/1N2Q3/PP6/1K1R3R,0,-1
r4rk1/4b2p/1q2p1pP/3pP3/2bN2P1/1N2Q3/PP6/1K1R3R,1,-1
r4rk1/4b2p/1q2p1pP/3pP3/2b3P1/1N2Q3/PPN5/1K1R3R,0,-1
r4rk1/4b2p/q3p1pP/3pP3/2b3P1/1N2Q3/PPN5/1K1R3R,1,-1
r4rk1/4b2p/q3p1pP/3pP3/2b3P1/PN2Q3/1PN5/1K1R3R,0,-1
rr4k1/4b2p/q3p1pP/3pP3/2b3P1/PN2Q3/1PN5/1K1R3R,1,-1
rr4k1/4b2p/q3p1pP/3pP3/2bN2P1/PN2Q3/1P6/1K1R3R,0,-1
rr4k1/7p/q3p1pP/3pP3/2bN2P1/bN2Q3/1P6/1K1R3R,1,-1
rr4k1/7p/q3p1pP/3pP3/2bN2P1/bN3Q2/1P6/1K1R3R,0,-1
rr4k1/7p/q3p1pP/3pP3/2bN2P1/1N3Q2/1b6/1K1R3R,1,-1
rr4k1/7p/q3pQpP/3pP3/2bN2P1/1N6/1b6/1K1R3R,0,-1
rr4k1/7p/4pQpP/3pP3/2bN2P1/1N6/qb6/1K1R3R,1,-1
rr4k1/7p/4pQpP/3pP3/2bN2P1/1N6/qbK5/3R3R,0,-1
rr4k1/7p/4pQpP/3pP3/2bb2P1/1N6/q1K5/3R3R,1,-1
rr4k1/7p/4pQpP/3pP3/2bb2P1/1N6/q7/2KR3R,0,-1
rr4k1/7p/4pQpP/3pP3/2bb2P1/1N6/1q6/2KR3R,1,-1
8/8/p1r1k1p1/5p1p/PPNR3P/2K2P2/6n1/8,1,1
8/8/p1r1k1p1/1P3p1p/P1NR3P/2K2P2/6n1/8,0,1
8/8/2r1k1p1/1p3p1p/P1NR3P/2K2P2/6n1/8,1,1
8/8/2r1k1p1/1P3p1p/2NR3P/2K2P2/6n1/8,0,1
2r5/8/4k1p1/1P3p1p/2NR3P/2K2P2/6n1/8,1,1
2r5/8/3Rk1p1/1P3p1p/2N4P/2K2P2/6n1/8,0,1
2r5/4k3/3R2p1/1P3p1p/2N4P/2K2P2/6n1/8,1,1
2r5/4k3/6R1/1P3p1p/2N4P/2K2P2/6n1/8,0,1
2r5/4k3/6R1/1P3p1p/2N4P/2K1nP2/8/8,1,1
2r5/4k3/2R5/1P3p1p/2N4P/2K1nP2/8/8,0,1
8/4k3/2r5/1P3p1p/2N4P/2K1nP2/8/8,1,1
8/4k3/2P5/5p1p/2N4P/2K1nP2/8/8,0,1
8/4k3/2P5/5p1p/2N4P/2K2P2/6n1/8,1,1
8/4k3/2P5/4Np1p/7P/2K2P2/6n1/8,0,1
8/4k3/2P5/4Np1p/7n/2K2P2/8/8,1,1
8/2P1k3/8/4Np1p/7n/2K2P2/8/8,0,1
8/2P1k3/8/4Np1p/8/2K2n2/8/8,1,1
2Q5/4k3/8/4Np1p/8/2K2n2/8/8,0,1
2Q5/4k3/8/4np1p/8/2K5/8/8,1,1
8/4k3/8/4nQ1p/8/2K5/8/8,0,1
1r2k1r1/1bq1bp2/p1np2p1/2n3PP/1p1BP3/1P3BN1/P1PQ4/1K1R3R,1,1
1r2k1r1/1bq1bp2/p1np2P1/2n3P1/1p1BP3/1P3BN1/P1PQ4/1K1R3R,0,1
1r2k1r1/1bq1b3/p1np2p1/2n3P1/1p1BP3/1P3BN1/P1PQ4/1K1R3R,1,1
1r2k1r1/1bq1b3/p1np2p1/2B3P1/1p2P3/1P3BN1/P1PQ4/1K1R3R,0,1
1r2k1r1/1bq1b3/p1n3p1/2p3P1/1p2P3/1P3BN1/P1PQ4/1K1R3R,1,1
1r2k1r1/1bq1b3/p1n3p1/2pQ2P1/1p2P3/1P3BN1/P1P5/1K1R3R,0,1
1r2kr2/1bq1b3/p1n3p1/2pQ2P1/1p2P3/1P3BN1/P1P5/1K1R3R,1,1
1r2kr2/1bq1b3/p1n3p1/2pQ2PN/1p2P3/1P3B2/P1P5/1K1R3R,0,1
1r2k3/1bq1br2/p1n3p1/2pQ2PN/1p2P3/1P3B2/P1P5/1K1R3R,1,1
1r2k3/1bq1br2/p1n1Q1p1/2p3PN/1p2P3/1P3B2/P1P5/1K1R3R,0,1
1r2k3/1bq1br2/p3Q1p1/2p1n1PN/1p2P3/1P3B2/P1P5/1K1R3R,1,1
1r2k3/1bq1br2/p3QNp1/2p1n1P1/1p2P3/1P3B2/P1P5/1K1R3R,0,1
1r3k2/1bq1br2/p3QNp1/2p1n1P1/1p2P3/1P3B2/P1P5/1K1R3R,1,1
1r3k1R/1bq1br2/p3QNp1/2p1n1P1/1p2P3/1P3B2/P1P5/1K1R4,0,1
1r5R/1bq1brk1/p3QNp1/2p1n1P1/1p2P3/1P3B2/P1P5/1K1R4,1,1
1r6/1bq1brkR/p3QNp1/2p1n1P1/1p2P3/1P3B2/P1P5/1K1R4,0,1
1r3k2/1bq1br1R/p3QNp1/2p1n1P1/1p2P3/1P3B2/P1P5/1K1R4,1,1
1r3k2/1bqNbr1R/p3Q1p1/2p1n1P1/1p2P3/1P3B2/P1P5/1K1R4,0,1
1r4k1/1bqNbr1R/p3Q1p1/2p1n1P1/1p2P3/1P3B2/P1P5/1K1R4,1,1
1r4k1/1bq1br1R/p3Q1p1/2p1N1P1/1p2P3/1P3B2/P1P5/1K1R4,0,1
7k/1p5p/p2p4/2P2p2/4p3/1P3q1r/P5Q1/3RR1K1,0,0
7k/1p5p/p2p4/2P2p2/4p3/1P3qr1/P5Q1/3RR1K1,1,0
7k/1p5p/p2p4/2P2p2/4p3/1P3qQ1/P7/3RR1K1,0,0
7k/1p5p/p2p4/2P2p2/4p3/1P4q1/P7/3RR1K1,1,0
7k/1p5p/p2p4/2P2p2/4p3/1P4q1/P7/3RR2K,0,0
7k/1p5p/p2p4/2P2p2/8/1P2p1q1/P7/3RR2K,1,0
7k/1p5p/p2P4/5p2/8/1P2p1q1/P7/3RR2K,0,0
7k/1p5p/p2P4/5p2/8/1P2pq2/P7/3RR2K,1,0
7k/1p5p/p2P4/5p2/8/1P2pq2/P7/3RR1K1,0,0
7k/1p5p/p2P4/5p2/8/1P2p1q1/P7/3RR1K1,1,0
7k/1p5p/p2P4/5p2/8/1P2p1q1/P7/3RR2K,0,0
7k/1p5p/p2P4/5p2/8/1P2p2q/P7/3RR2K,1,0
7k/1p5p/p2P4/5p2/8/1P2p2q/P7/3RR1K1,0,0
7k/1p5p/p2P4/5p2/8/1P2p1q1/P7/3RR1K1,1,0
7k/1p5p/p2P4/5p2/8/1P2p1q1/P7/3RR2K,0,0
7k/1p5p/p2P4/5p2/8/1P2pq2/P7/3RR2K,1,0
7k/1p5p/p2P4/5p2/8/1P2pq2/P7/3RR1K1,0,0
7k/1p5p/p2P4/5p2/8/1P2p1q1/P7/3RR1K1,1,0
7k/1p5p/p2P4/5p2/8/1P2p1q1/P7/3RR2K,0,0
7k/1p5p/p2P4/5p2/8/1P2pq2/P7/3RR2K,1,0
2rq1rk1/1b4pp/pp1p4/4Npb1/2P1n3/1P3B1P/PB3PP1/R2RQ1K1,0,-1
2rqr1k1/1b4pp/pp1p4/4Npb1/2P1n3/1P3B1P/PB3PP1/R2RQ1K1,1,-1
2rqr1k1/1b4pp/pp1p4/5pb1/2P1n3/1P1N1B1P/PB3PP1/R2RQ1K1,0,-1
2rqr1k1/1b4pp/p2p4/1p3pb1/2P1n3/1P1N1B1P/PB3PP1/R2RQ1K1,1,-1
2rqr1k1/1b4pp/p2p4/1P3pb1/4n3/1P1N1B1P/PB3PP1/R2RQ1K1,0,-1
3qr1k1/1b4pp/p2p4/1P3pb1/4n3/1P1N1B1P/PBr2PP1/R2RQ1K1,1,-1
3qr1k1/1b4pp/P2p4/5pb1/4n3/1P1N1B1P/PBr2PP1/R2RQ1K1,0,-1
3qr1k1/6pp/b2p4/5pb1/4n3/1P1N1B1P/PBr2PP1/R2RQ1K1,1,-1
3qr1k1/6pp/b2p4/5pb1/1N2n3/1P3B1P/PBr2PP1/R2RQ1K1,0,-1
3qr1k1/6pp/b2p4/5pb1/1N2n3/1P3B1P/Pr3PP1/R2RQ1K1,1,-1
3qr1k1/6pp/N2p4/5pb1/4n3/1P3B1P/Pr3PP1/R2RQ1K1,0,-1
3qr1k1/6pp/N2p4/5pb1/8/1P3B1P/Pr1n1PP1/R2RQ1K1,1,-1
3qr1k1/6pp/N2p4/5pb1/8/1P5P/Pr1nBPP1/R2RQ1K1,0,-1
4r1k1/6pp/Nq1p4/5pb1/8/1P5P/Pr1nBPP1/R2RQ1K1,1,-1
4r1k1/6pp/Nq1p4/5pb1/8/1P5P/Pr1nBPP1/R2RQ2K,0,-1
4rk2/6pp/Nq1p4/5pb1/8/1P5P/Pr1nBPP1/R2RQ2K,1,-1
4rk2/6pp/Nq1p4/5pb1/P7/1P5P/1r1nBPP1/R2RQ2K,0,-1
4rk2/6pp/Nq1p4/5pb1/P3n3/1P5P/1r2BPP1/R2RQ2K,1,-1
4rk2/6pp/Nq1p4/5pb1/P3nP2/1P5P/1r2B1P1/R2RQ2K,0,-1
4rk2/6pp/Nq1p4/5pb1/P4P2/1P5P/1r2BnP1/R2RQ2K,1,-1
6nk/5Q2/1p2P1pp/pP6/4N3/1q2K2P/8/8,1,1
6nk/5Q2/1p2P1pp/pP6/4NK2/1q5P/8/8,0,1
6nk/5Q2/1p2P1pp/pP6/4NK2/7P/q7/8,1,1
6nk/5Q2/1p2P1pp/pP6/4N3/4K2P/q7/8,0,1
6nk/5Q2/1p2P1pp/pP6/4N3/1q2K2P/8/8,1,1
6nk/5Q2/1p2P1pp/pP6/4NK2/1q5P/8/8,0,1
6nk/5Q2/1p2P1pp/pP6/4NK2/7P/q7/8,1,1
6nk/3Q4/1p2P1pp/pP6/4NK2/7P/q7/8,0,1
6nk/3Q4/1p2P1pp/pP6/4NK2/7P/7q/8,1,1
6nk/3Q4/1p2P1pp/pP6/4N3/4K2P/7q/8,0,1
6nk/3Q4/1p2P1pp/pP6/4N3/4K2q/8/8,1,1
6nk/3Q4/1p2P1pp/pP6/3KN3/7q/8/8,0,1
6nk/3Q4/1p2P1pp/pP6/3KN1q1/8/8/8,1,1
6nk/3Q4/1p2P1pp/pP1K4/4N1q1/8/8/8,0,1
7k/3Q4/1p2Pnpp/pP1K4/4N1q1/8/8/8,1,1
7k/3Q4/1p2PNpp/pP1K4/6q1/8/8/8,0,1
7k/3Q4/1p2PNpp/pP1K4/8/8/8/3q4,1,1
7k/3Q4/1pK1PNpp/pP6/8/8/8/3q4,0,1
7k/3Q4/1pK1PNpp/pP6/8/8/2q5/8,1,1
7k/1K1Q4/1p2PNpp/pP6/8/8/2q5/8,0,1
2r3k1/p4pp1/5nnp/2qp1Q2/1p1N4/5NPP/PP1R2PK/8,0,-1
2r3k1/p3npp1/5n1p/2qp1Q2/1p1N4/5NPP/PP1R2PK/8,1,-1
2r3k1/p3npp1/5n1p/2qpQ3/1p1N4/5NPP/PP1R2PK/8,0,-1
2r3k1/p4pp1/2n2n1p/2qpQ3/1p1N4/5NPP/PP1R2PK/8,1,-1
2r3k1/p4pp1/2n2n1p/2qp4/1p1N1Q2/5NPP/PP1R2PK/8,0,-1
2r3k1/p4pp1/5n1p/2qp4/1p1n1Q2/5NPP/PP1R2PK/8,1,-1
2r3k1/p4pp1/5n1p/2qp4/1p1N1Q2/6PP/PP1R2PK/8,0,-1
2r3k1/p4pp1/1q3n1p/3p4/1p1N1Q2/6PP/PP1R2PK/8,1,-1
2r3k1/p4pp1/1q3n1p/3p4/1p1N1Q2/3R2PP/PP4PK/8,0,-1
4r1k1/p4pp1/1q3n1p/3p4/1p1N1Q2/3R2PP/PP4PK/8,1,-1
4r1k1/p4pp1/1q3n1p/3p4/1p1N4/3R2PP/PP1Q2PK/8,0,-1
4r1k1/5pp1/1q3n1p/p2p4/1p1N4/3R2PP/PP1Q2PK/8,1,-1
4r1k1/5pp1/1q3n1p/p2p1N2/1p6/3R2PP/PP1Q2PK/8,0,-1
6k1/5pp1/1q2rn1p/p2p1N2/1p6/3R2PP/PP1Q2PK/8,1,-1
6k1/5pp1/1q2rn1p/p2p1N2/1p6/5RPP/PP1Q2PK/8,0,-1
6k1/2q2pp1/4rn1p/p2p1N2/1p6/5RPP/PP1Q2PK/8,1,-1
6k1/2q2pp1/4rn1p/p2p4/1p1N4/5RPP/PP1Q2PK/8,0,-1
6k1/2q2pp1/3r1n1p/p2p4/1p1N4/5RPP/PP1Q2PK/8,1,-1
6k1/2q2pp1/3r1n1p/pN1p4/1p6/5RPP/PP1Q2PK/8,0,-1
6k1/5pp1/3r1n1p/pNqp4/1p6/5RPP/PP1Q2PK/8,1,-1
1kb2br1/5p2/1q1ppP2/p3n3/Pp2P3/1N6/1PPQ1R1r/1K1N1R1B,0,-1
1kb2br1/5p2/1q1ppP2/p3n3/Pp2P3/1N5r/1PPQ1R2/1K1N1R1B,1,-1
1kb2br1/5p2/1q1ppP2/p3n3/Pp2P3/1N5r/1PPQ1RB1/1K1N1R2,0,-1
1kb2br1/5p2/1q1ppP2/p3n3/Pp2P3/1N4r1/1PPQ1RB1/1K1N1R2,1,-1
1kb2br1/5p2/1q1ppP2/p3n3/Pp2P3/1N4r1/1PPQ1R2/1K1N1R1B,0,-1
1k3br1/5p2/bq1ppP2/p3n3/Pp2P3/1N4r1/1PPQ1R2/1K1N1R1B,1,-1
1k3br1/5p2/bq1ppP2/p3n3/Pp2P3/1N4r1/1PPQ1R2/1K1NR2B,0,-1
1k4r1/5p2/bq1ppP1b/p3n3/Pp2P3/1N4r1/1PPQ1R2/1K1NR2B,1,-1
1k4r1/5p2/bq1ppP1b/p3n3/Pp1QP3/1N4r1/1PP2R2/1K1NR2B,0,-1
1k4r1/5p2/b2ppP1b/p3n3/Pp1qP3/1N4r1/1PP2R2/1K1NR2B,1,-1
1k4r1/5p2/b2ppP1b/p3n3/Pp1NP3/6r1/1PP2R2/1K1NR2B,0,-1
1k4r1/5p2/b2ppP1b/p3n3/Pp1NP3/8/1PP2R2/1K1NR1rB,1,-1
1k4r1/5p2/b2ppP1b/p3n3/Pp1NP3/8/1PP2R2/1K1N2RB,0,-1
1k6/5p2/b2ppP1b/p3n3/Pp1NP3/8/1PP2R2/1K1N2rB,1,-1
1k6/5p2/b2ppP1b/p3n3/Pp1NP3/8/1PP4R/1K1N2rB,0,-1
1k6/5p2/b2ppP1b/p3n3/Pp1NP3/8/1PP4R/1K1r3B,1,-1
1k6/5p2/b2ppP1b/p3n3/Pp1NP3/8/KPP4R/3r3B,0,-1
1k6/5p2/b2ppP1b/p3n3/Pp1rP3/8/KPP4R/7B,1,-1
1k6/5p2/b2ppP1R/p3n3/Pp1rP3/8/KPP5/7B,0,-1
1k6/5p2/b2ppP1R/p3n3/Pp2P3/8/KPPr4/7B,1,-1
rn2kb1r/pp3ppp/2qppn2/2p3B1/4P3/2PP1N2/PP2QPPP/RN2K2R,0,0
rn2k2r/pp2bppp/2qppn2/2p3B1/4P3/2PP1N2/PP2QPPP/RN2K2R,1,0
rn2k2r/pp2bppp/2qppn2/2p3B1/4P3/2PP1N2/PP1NQPPP/R3K2R,0,0
rn3rk1/pp2bppp/2qppn2/2p3B1/4P3/2PP1N2/PP1NQPPP/R3K2R,1,0
rn3rk1/pp2bppp/2qppn2/2p3B1/4P3/2PP1N2/PP1NQPPP/R4RK1,0,0
rn2r1k1/pp2bppp/2qppn2/2p3B1/4P3/2PP1N2/PP1NQPPP/R4RK1,1,0
rn2r1k1/pp2bppp/2qppB2/2p5/4P3/2PP1N2/PP1NQPPP/R4RK1,0,0
rn2r1k1/pp3ppp/2qppb2/2p5/4P3/2PP1N2/PP1NQPPP/R4RK1,1,0
rn2r1k1/pp3ppp/2qppb2/2p5/3PP3/2P2N2/PP1NQPPP/R4RK1,0,0
rn2r1k1/pp3ppp/2q1pb2/2pp4/3PP3/2P2N2/PP1NQPPP/R4RK1,1,0
rn2r1k1/pp3ppp/2q1pb2/2Pp4/4P3/2P2N2/PP1NQPPP/R4RK1,0,0
rn2r1k1/pp3ppp/4pb2/2qp4/4P3/2P2N2/PP1NQPPP/R4RK1,1,0
rn2r1k1/pp3ppp/4pb2/2qpP3/8/2P2N2/PP1NQPPP/R4RK1,0,0
rn2r1k1/pp2bppp/4p3/2qpP3/8/2P2N2/PP1NQPPP/R4RK1,1,0
rn2r1k1/pp2bppp/4p3/2qpP3/3N4/2P5/PP1NQPPP/R4RK1,0,0
r3r1k1/pp2bppp/2n1p3/2qpP3/3N4/2P5/PP1NQPPP/R4RK1,1,0
r3r1k1/pp2bppp/2n1p3/2qpP3/3N4/1NP5/PP2QPPP/R4RK1,0,0
r3r1k1/pp2bppp/1qn1p3/3pP3/3N4/1NP5/PP2QPPP/R4RK1,1,0
r3r1k1/pp2bppp/1qn1p3/3pP3/3N4/1NP5/PP2QPPP/1R3RK1,0,0
r3r1k1/pp2bppp/1q2p3/3pP3/3n4/1NP5/PP2QPPP/1R3RK1,1,0
2r1r1k1/1p3pbp/4p1p1/3p2BP/pN6/Pq1n2P1/1P2QP2/1R2R1K1,1,1
2r1r1k1/1p3pbp/4p1p1/3p2BP/pN6/Pq1Q2P1/1P3P2/1R2R1K1,0,1
4r1k1/1p3pbp/4p1p1/3p2BP/pNr5/Pq1Q2P1/1P3P2/1R2R1K1,1,1
4r1k1/1p3pbp/4p1p1/3p2BP/pNr5/PQ4P1/1P3P2/1R2R1K1,0,1
4r1k1/1p3pbp/4p1p1/3p2BP/1Nr5/Pp4P1/1P3P2/1R2R1K1,1,1
4r1k1/1p3pbp/4p1pP/3p2B1/1Nr5/Pp4P1/1P3P2/1R2R1K1,0,1
4r1k1/1p3p1p/4p1pP/3p2B1/1Nrb4/Pp4P1/1P3P2/1R2R1K1,1,1
4r1k1/1p3p1p/4p1pP/3N2B1/2rb4/Pp4P1/1P3P2/1R2R1K1,0,1
4rk2/1p3p1p/4p1pP/3N2B1/2rb4/Pp4P1/1P3P2/1R2R1K1,1,1
4rk2/1p3p1p/4pNpP/6B1/2rb4/Pp4P1/1P3P2/1R2R1K1,0,1
2r2k2/1p3p1p/4pNpP/6B1/2rb4/Pp4P1/1P3P2/1R2R1K1,1,1
2r2k2/1p3p1N/4p1pP/6B1/2rb4/Pp4P1/1P3P2/1R2R1K1,0,1
2r3k1/1p3p1N/4p1pP/6B1/2rb4/Pp4P1/1P3P2/1R2R1K1,1,1
2r3k1/1p3p2/4pNpP/6B1/2rb4/Pp4P1/1P3P2/1R2R1K1,0,1
2r4k/1p3p2/4pNpP/6B1/2rb4/Pp4P1/1P3P2/1R2R1K1,1,1
2r4k/1p3p2/4p1pP/6B1/2rbN3/Pp4P1/1P3P2/1R2R1K1,0,1
2r5/1p3p1k/4p1pP/6B1/2rbN3/Pp4P1/1P3P2/1R2R1K1,1,1
2r5/1p3p1k/4p1pP/8/2rbN3/Pp2B1P1/1P3P2/1R2R1K1,0,1
2r5/1p3p1k/4p1pP/8/2r1N3/Pp2B1P1/1b3P2/1R2R1K1,1,1
2r5/1p3p1k/4p1pP/8/2r1N3/Pp2B1P1/1R3P2/4R1K1,0,1
2r1k2r/5pp1/p3pb1p/4p3/2n2P2/qN3R2/2P1Q2P/1K1NB1R1,1,1
2r1k2r/5pp1/p3pb1p/4p3/2n2P2/qNR5/2P1Q2P/1K1NB1R1,0,1
2r1k2r/5pp1/p3pb1p/4p3/1qn2P2/1NR5/2P1Q2P/1K1NB1R1,1,1
2r1k2r/5pp1/p3pb1p/4P3/1qn5/1NR5/2P1Q2P/1K1NB1R1,0,1
2r1k2r/5pp1/p3p2p/4b3/1qn5/1NR5/2P1Q2P/1K1NB1R1,1,1
2r1k2r/5pp1/p3p2p/4Q3/1qn5/1NR5/2P4P/1K1NB1R1,0,1
2r1k2r/5pp1/p3p2p/4Q3/1q6/nNR5/2P4P/1K1NB1R1,1,1
2r1k2r/5pp1/p3p2p/4Q3/1q6/nNR5/2P4P/2KNB1R1,0,1
2r1k2r/5pp1/p3p2p/4Q3/1qn5/1NR5/2P4P/2KNB1R1,1,1
2r1k2r/5pQ1/p3p2p/8/1qn5/1NR5/2P4P/2KNB1R1,0,1
2r1kr2/5pQ1/p3p2p/8/1qn5/1NR5/2P4P/2KNB1R1,1,1
2r1kr2/5p2/p3p2p/8/1qnQ4/1NR5/2P4P/2KNB1R1,0,1
2r1kr2/5p2/p3p2p/8/2nQ4/qNR5/2P4P/2KNB1R1,1,1
2r1kr2/5p2/p3p2p/8/2nQ4/qNR5/2P4P/1K1NB1R1,0,1
2r1kr2/5p2/p3p2p/8/1qnQ4/1NR5/2P4P/1K1NB1R1,1,1
2r1kr2/5p2/p3p2p/8/1qnQ2R1/1NR5/2P4P/1K1NB3,0,1
2r1kr2/5p2/p6p/4p3/1qnQ2R1/1NR5/2P4P/1K1NB3,1,1
2r1kr2/5p2/p6p/4p3/1qRQ2R1/1N6/2P4P/1K1NB3,0,1
4kr2/5p2/p6p/4p3/1qrQ2R1/1N6/2P4P/1K1NB3,1,1
4kr2/5p2/p6p/4Q3/1qr3R1/1N6/2P4P/1K1NB3,0,1
r2qkb1r/1p2pppp/p1np1n2/2p5/4P3/2P2b1P/PP1P1PP1/RNBQRBK1,1,0
r2qkb1r/1p2pppp/p1np1n2/2p5/4P3/2P2Q1P/PP1P1PP1/RNB1RBK1,0,0
r2qkb1r/1p3ppp/p1nppn2/2p5/4P3/2P2Q1P/PP1P1PP1/RNB1RBK1,1,0
r2qkb1r/1p3ppp/p1nppn2/2p5/4P3/2P3QP/PP1P1PP1/RNB1RBK1,0,0
r2qk2r/1p2bppp/p1nppn2/2p5/4P3/2P3QP/PP1P1PP1/RNB1RBK1,1,0
r2qk2r/1p2bppp/p1nppn2/2p5/4P3/2PP2QP/PP3PP1/RNB1RBK1,0,0
r2q1rk1/1p2bppp/p1nppn2/2p5/4P3/2PP2QP/PP3PP1/RNB1RBK1,1,0
r2q1rk1/1p2bppp/p1nppn2/2p5/4P3/2PP2QP/PP1N1PP1/R1B1RBK1,0,0
r2q1rk1/4bppp/p1nppn2/1pp5/4P3/2PP2QP/PP1N1PP1/R1B1RBK1,1,0
r2q1rk1/4bppp/p1nppn2/1pp5/4P3/P1PP2QP/1P1N1PP1/R1B1RBK1,0,0
1r1q1rk1/4bppp/p1nppn2/1pp5/4P3/P1PP2QP/1P1N1PP1/R1B1RBK1,1,0
1r1q1rk1/4bppp/p1nppn2/1pp5/4P3/P1PP1NQP/1P3PP1/R1B1RBK1,0,0
1r1q1rk1/4bppp/p1npp3/1pp4n/4P3/P1PP1NQP/1P3PP1/R1B1RBK1,1,0
1r1q1rk1/4bppp/p1npp3/1pp4n/4P1Q1/P1PP1N1P/1P3PP1/R1B1RBK1,0,0
1r1q1rk1/4bppp/p1nppn2/1pp5/4P1Q1/P1PP1N1P/1P3PP1/R1B1RBK1,1,0
1r1q1rk1/4bppp/p1nppn2/1pp5/4P3/P1PP1NQP/1P3PP1/R1B1RBK1,0,0
1r1q1rk1/4bppp/p1npp3/1pp4n/4P3/P1PP1NQP/1P3PP1/R1B1RBK1,1,0
1r1q1rk1/4bppp/p1npp3/1pp4n/4P1Q1/P1PP1N1P/1P3PP1/R1B1RBK1,0,0
1r1q1rk1/4bppp/p1nppn2/1pp5/4P1Q1/P1PP1N1P/1P3PP1/R1B1RBK1,1,0
1r1q1rk1/4bppp/p1nppn2/1pp5/4P3/P1PP1NQP/1P3PP1/R1B1RBK1,0,0
r2qr1k1/1n2p1b1/p2p3p/1ppP2pb/5p2/2PP1NBP/BP1QRPP1/R5K1,1,1
r2qr1k1/1n2p1b1/p2p3p/1ppP2pb/5p2/2PP1N1P/BP1QRPPB/R5K1,0,1
r3r1k1/1n1qp1b1/p2p3p/1ppP2pb/5p2/2PP1N1P/BP1QRPPB/R5K1,1,1
r3r1k1/1n1qp1b1/p2p3p/1ppP2pb/5p2/2PP1N1P/BP1QRPPB/4R1K1,0,1
r3r1k1/1n1qp3/p2p1b1p/1ppP2pb/5p2/2PP1N1P/BP1QRPPB/4R1K1,1,1
r3r1k1/1n1qp3/p2p1b1p/1ppP2pb/3P1p2/2P2N1P/BP1QRPPB/4R1K1,0,1
r3r1k1/1n1qp3/p2p1b1p/1ppP2p1/3P1p2/2P2b1P/BP1QRPPB/4R1K1,1,1
r3r1k1/1n1qp3/p2p1b1p/1ppP2p1/3P1p2/2P2P1P/BP1QRP1B/4R1K1,0,1
r3r1k1/1n2p3/p2p1b1p/1ppP2p1/3P1p2/2P2P1q/BP1QRP1B/4R1K1,1,1
r3r1k1/1n2p3/p2p1b1p/1ppP2p1/3P1p2/2PQ1P1q/BP2RP1B/4R1K1,0,1
r3r3/1n2p1k1/p2p1b1p/1ppP2p1/3P1p2/2PQ1P1q/BP2RP1B/4R1K1,1,1
r3r3/1n2p1k1/p2p1b1p/1ppP2p1/3P1p2/2PQ1P1q/1P2RP1B/1B2R1K1,0,1
r3rk2/1n2p3/p2p1b1p/1ppP2p1/3P1p2/2PQ1P1q/1P2RP1B/1B2R1K1,1,1
r3rk2/1n2p3/p2p1bQp/1ppP2p1/3P1p2/2P2P1q/1P2RP1B/1B2R1K1,0,1
r2nrk2/4p3/p2p1bQp/1ppP2p1/3P1p2/2P2P1q/1P2RP1B/1B2R1K1,1,1
r2nrk2/4p3/p2p1bQp/1ppP1Bp1/3P1p2/2P2P1q/1P2RP1B/4R1K1,0,1
r2nrk2/4p3/p2p1bQp/1ppP1Bp1/3P1p2/2P2q2/1P2RP1B/4R1K1,1,1
r2nrk2/3Bp3/p2p1bQp/1ppP2p1/3P1p2/2P2q2/1P2RP1B/4R1K1,0,1
r3rk2/3Bpn2/p2p1bQp/1ppP2p1/3P1p2/2P2q2/1P2RP1B/4R1K1,1,1
r3rk2/4pn2/p2pBbQp/1ppP2p1/3P1p2/2P2q2/1P2RP1B/4R1K1,0,1
3rr2k/6pp/p7/P3P2q/1PP5/2Q2p2/4BB1P/4R2K,0,-1
3rr2k/6pp/p7/P3P2q/1PP5/2Q5/4pB1P/4R2K,1,-1
3rr2k/6pp/p7/PP2P2q/2P5/2Q5/4pB1P/4R2K,0,-1
3rr2k/6pp/8/Pp2P2q/2P5/2Q5/4pB1P/4R2K,1,-1
3rr2k/6pp/8/PP2P2q/8/2Q5/4pB1P/4R2K,0,-1
3r3k/6pp/8/PP2r2q/8/2Q5/4pB1P/4R2K,1,-1
3r3k/6pp/P7/1P2r2q/8/2Q5/4pB1P/4R2K,0,-1
3r3k/6pp/P7/1r5q/8/2Q5/4pB1P/4R2K,1,-1
3r3k/P5pp/8/1r5q/8/2Q5/4pB1P/4R2K,0,-1
3r3k/P5pp/8/1r1q4/8/2Q5/4pB1P/4R2K,1,-1
3r3k/P5pp/8/1r1q4/8/2Q5/4pB1P/4R1K1,0,-1
3r3k/P5pp/8/1r6/4q3/2Q5/4pB1P/4R1K1,1,-1
3r3k/P1Q3pp/8/1r6/4q3/8/4pB1P/4R1K1,0,-1
3r3k/P1Q3pp/8/6r1/4q3/8/4pB1P/4R1K1,1,-1
3r3k/P1Q3pp/8/6r1/4q3/6B1/4p2P/4R1K1,0,-1
3r3k/P1Q3pp/8/3r4/4q3/6B1/4p2P/4R1K1,1,-1
3r3k/PQ4pp/8/3r4/4q3/6B1/4p2P/4R1K1,0,-1
3r3k/PQ4pp/8/3r4/3q4/6B1/4p2P/4R1K1,1,-1
3r3k/PQ4pp/8/3r4/3q4/8/4pB1P/4R1K1,0,-1
3r3k/PQ4pp/8/6r1/3q4/8/4pB1P/4R1K1,1,-1
2r3k1/2q3pp/p2p1bp1/1p1Pr2P/8/P7/1PPQB3/1K1R3R,1,1
2r3k1/2q3pp/p2p1bP1/1p1Pr3/8/P7/1PPQB3/1K1R3R,0,1
2r3k1/2q3p1/p2p1bp1/1p1Pr3/8/P7/1PPQB3/1K1R3R,1,1
2r3k1/2q3p1/p2p1bp1/1p1Pr3/6B1/P7/1PPQ4/1K1R3R,0,1
4r1k1/2q3p1/p2p1bp1/1p1Pr3/6B1/P7/1PPQ4/1K1R3R,1,1
4r1k1/2q3p1/p2pBbp1/1p1Pr3/8/P7/1PPQ4/1K1R3R,0,1
4rk2/2q3p1/p2pBbp1/1p1Pr3/8/P7/1PPQ4/1K1R3R,1,1
4rk2/2q3p1/p2pBbp1/1p1Pr3/8/P2Q4/1PP5/1K1R3R,0,1
4rk2/2q3p1/p2pBb2/1p1Pr1p1/8/P2Q4/1PP5/1K1R3R,1,1
4rk2/2q3p1/p2pBbQ1/1p1Pr1p1/8/P7/1PP5/1K1R3R,0,1
4r3/2q1k1p1/p2pBbQ1/1p1Pr1p1/8/P7/1PP5/1K1R3R,1,1
4r3/2q1k1p1/p2pBbQ1/1p1Pr1p1/8/P7/1PP5/1K3R1R,0,1
3kr3/2q3p1/p2pBbQ1/1p1Pr1p1/8/P7/1PP5/1K3R1R,1,1
3kr3/2q3p1/p2pBRQ1/1p1Pr1p1/8/P7/1PP5/1K5R,0,1
3kr3/2q5/p2pBpQ1/1p1Pr1p1/8/P7/1PP5/1K5R,1,1
3kr3/2q4R/p2pBpQ1/1p1Pr1p1/8/P7/1PP5/1K6,0,1
3k4/2q4R/p2prpQ1/1p1Pr1p1/8/P7/1PP5/1K6,1,1
3k4/2R5/p2prpQ1/1p1Pr1p1/8/P7/1PP5/1K6,0,1
3k4/2R1r3/p2p1pQ1/1p1Pr1p1/8/P7/1PP5/1K6,1,1
3k4/4r3/p1Rp1pQ1/1p1Pr1p1/8/P7/1PP5/1K6,0,1
8/4k1p1/2r4p/ppN1p3/1n6/1P3P2/4K1PP/2R5,1,0
8/4k1p1/2r4p/ppN1p3/1n6/1P3P2/3K2PP/2R5,0,0
8/4k1p1/3r3p/ppN1p3/1n6/1P3P2/3K2PP/2R5,1,0
8/4k1p1/3r3p/ppN1p3/1n6/1P3P2/4K1PP/2R5,0,0
8/4k1p1/2nr3p/ppN1p3/8/1P3P2/4K1PP/2R5,1,0
8/4k1p1/2nr3p/ppN1p3/8/1P2KP2/6PP/2R5,0,0
8/4k1p1/3r3p/ppN1p3/1n6/1P2KP2/6PP/2R5,1,0
8/4k1p1/3r3p/ppN1p3/1n6/1P3P2/4K1PP/2R5,0,0
8/4k1p1/7p/ppN1p3/1n1r4/1P3P2/4K1PP/2R5,1,0
8/4k1p1/7p/ppN1p3/1n1r4/1P3P2/4K1PP/R7,0,0
8/4k1p1/7p/ppNnp3/3r4/1P3P2/4K1PP/R7,1,0
8/4k1p1/7p/ppNnp3/3r4/1P3PP1/4K2P/R7,0,0
8/4k1p1/7p/1pNnp3/p2r4/1P3PP1/4K2P/R7,1,0
8/4k1p1/7p/1pNnp3/P2r4/5PP1/4K2P/R7,0,0
8/4k1p1/7p/2Nnp3/p2r4/5PP1/4K2P/R7,1,0
8/4k1p1/7p/2Nnp3/p2r4/5PP1/7P/R3K3,0,0
8/4k1p1/7p/2N1p3/pn1r4/5PP1/7P/R3K3,1,0
8/4k1p1/7p/2N1p3/pn1r4/5PP1/7P/R4K2,0,0
8/4k1p1/7p/2N1p3/pnr5/5PP1/7P/R4K2,1,0
8/4k1p1/7p/2N1p3/Rnr5/5PP1/7P/5K2,0,0
3r4/4R1pk/p1r2p2/3p1PP1/2p5/2B5/PPP5/2K5,0,-1
3r4/4R1pk/p1r2p2/5PP1/2pp4/2B5/PPP5/2K5,1,-1
3r4/4R1pk/p1r2pP1/5P2/2pp4/2B5/PPP5/2K5,0,-1
3r4/4R1p1/p1r2pPk/5P2/2pp4/2B5/PPP5/2K5,1,-1
3r4/4R1p1/p1r2pPk/5P2/2pp4/8/PPPB4/2K5,0,-1
3r4/4R1p1/p1r2pP1/5P1k/2pp4/8/PPPB4/2K5,1,-1
3r4/6R1/p1r2pP1/5P1k/2pp4/8/PPPB4/2K5,0,-1
3r4/6R1/p1r2pP1/5P2/2pp2k1/8/PPPB4/2K5,1,-1
3r4/5R2/p1r2pP1/5P2/2pp2k1/8/PPPB4/2K5,0,-1
3r4/5R2/p1r2pP1/5k2/2pp4/8/PPPB4/2K5,1,-1
3r4/5RP1/p1r2p2/5k2/2pp4/8/PPPB4/2K5,0,-1
6r1/5RP1/p1r2p2/5k2/2pp4/8/PPPB4/2K5,1,-1
6r1/3R2P1/p1r2p2/5k2/2pp4/8/PPPB4/2K5,0,-1
6r1/3R2P1/p1r2p2/5k2/3p4/2p5/PPPB4/2K5,1,-1
6r1/3R2P1/p1r2p2/5k2/3p4/2p5/PPP5/2K1B3,0,-1
6r1/3R2P1/p3rp2/5k2/3p4/2p5/PPP5/2K1B3,1,-1
6r1/3R2P1/p3rp2/5k2/3p4/2p5/PPP2B2/2K5,0,-1
6r1/3R2P1/p4p2/5k2/3p4/2p5/PPP1rB2/2K5,1,-1
6r1/3R2P1/p4p2/5k2/3p3B/2p5/PPP1r3/2K5,0,-1
6r1/3R2P1/p4p2/5k2/3p3B/2p5/PPP4r/2K5,1,-1
r2qk2r/3bbpp1/3pp2p/p3nP2/1p1NP1P1/5N2/PPPQ3P/1K1R1B1R,1,1
r2qk2r/3bbpp1/3pP2p/p3n3/1p1NP1P1/5N2/PPPQ3P/1K1R1B1R,0,1
r2qk2r/3bb1p1/3pp2p/p3n3/1p1NP1P1/5N2/PPPQ3P/1K1R1B1R,1,1
r2qk2r/3bb1p1/3pp2p/p3N3/1p1NP1P1/8/PPPQ3P/1K1R1B1R,0,1
r2qk2r/3bb1p1/4p2p/p3p3/1p1NP1P1/8/PPPQ3P/1K1R1B1R,1,1
r2qk2r/3bb1p1/4N2p/p3p3/1p2P1P1/8/PPPQ3P/1K1R1B1R,0,1
r2qk2r/4b1p1/4b2p/p3p3/1p2P1P1/8/PPPQ3P/1K1R1B1R,1,1
r2qk2r/4b1p1/4b2p/pB2p3/1p2P1P1/8/PPPQ3P/1K1R3R,0,1
r2q3r/4bkp1/4b2p/pB2p3/1p2P1P1/8/PPPQ3P/1K1R3R,1,1
r2q3r/4bkp1/4b2p/pB2p3/1p2P1P1/8/PPP2Q1P/1K1R3R,0,1
r2q3r/5kp1/4bb1p/pB2p3/1p2P1P1/8/PPP2Q1P/1K1R3R,1,1
r2R3r/5kp1/4bb1p/pB2p3/1p2P1P1/8/PPP2Q1P/1K5R,0,1
r2R1r2/5kp1/4bb1p/pB2p3/1p2P1P1/8/PPP2Q1P/1K5R,1,1
R4r2/5kp1/4bb1p/pB2p3/1p2P1P1/8/PPP2Q1P/1K5R,0,1
r7/5kp1/4bb1p/pB2p3/1p2P1P1/8/PPP2Q1P/1K5R,1,1
r7/5kp1/4bb1p/pB2p3/1p2P1P1/8/PPP1Q2P/1K5R,0,1
3r4/5kp1/4bb1p/pB2p3/1p2P1P1/8/PPP1Q2P/1K5R,1,1
3r4/5kp1/4bb1p/p3p3/1pB1P1P1/8/PPP1Q2P/1K5R,0,1
3r4/5kp1/4b2p/p3p1b1/1pB1P1P1/8/PPP1Q2P/1K5R,1,1
3r4/5kp1/4B2p/p3p1b1/1p2P1P1/8/PPP1Q2P/1K5R,0,1
6k1/8/R5P1/P1K1r1P1/8/8/8/8,1,1
6k1/8/RK4P1/P3r1P1/8/8/8/8,0,1
6k1/8/RK2r1P1/P5P1/8/8/8/8,1,1
6k1/1K6/R3r1P1/P5P1/8/8/8/8,0,1
6k1/1K2r3/R5P1/P5P1/8/8/8/8,1,1
2K3k1/4r3/R5P1/P5P1/8/8/8/8,0,1
2K3k1/8/R5P1/P3r1P1/8/8/8/8,1,1
6k1/2K5/R5P1/P3r1P1/8/8/8/8,0,1
8/2K3k1/R5P1/P3r1P1/8/8/8/8,1,1
R7/2K3k1/6P1/P3r1P1/8/8/8/8,0,1
R7/2K5/6k1/P3r1P1/8/8/8/8,1,1
R7/2K5/P5k1/4r1P1/8/8/8/8,0,1
R7/2K5/P3r1k1/6P1/8/8/8/8,1,1
R7/3K4/P3r1k1/6P1/8/8/8/8,0,1
R7/3K4/Pr4k1/6P1/8/8/8/8,1,1
R7/P2K4/1r4k1/6P1/8/8/8/8,0,1
R7/P2K4/6k1/1r4P1/8/8/8/8,1,1
6R1/P2K4/6k1/1r4P1/8/8/8/8,0,1
6R1/P2K3k/8/1r4P1/8/8/8/8,1,1
7R/P2K3k/8/1r4P1/8/8/8/8,0,1
r2qkb1r/3n1ppp/p2pbn2/3Np3/Pp2P3/1N2BP2/1PPQ2PP/R3KB1R,0,0
r2qkb1r/3n1ppp/p2p1n2/3bp3/Pp2P3/1N2BP2/1PPQ2PP/R3KB1R,1,0
r2qkb1r/3n1ppp/p2p1n2/3Pp3/Pp6/1N2BP2/1PPQ2PP/R3KB1R,0,0
r2qkb1r/5ppp/pn1p1n2/3Pp3/Pp6/1N2BP2/1PPQ2PP/R3KB1R,1,0
r2qkb1r/5ppp/pB1p1n2/3Pp3/Pp6/1N3P2/1PPQ2PP/R3KB1R,0,0
r3kb1r/5ppp/pq1p1n2/3Pp3/Pp6/1N3P2/1PPQ2PP/R3KB1R,1,0
r3kb1r/5ppp/pq1p1n2/P2Pp3/1p6/1N3P2/1PPQ2PP/R3KB1R,0,0
r3kb1r/1q3ppp/p2p1n2/P2Pp3/1p6/1N3P2/1PPQ2PP/R3KB1R,1,0
r3kb1r/1q3ppp/p2p1n2/P2Pp3/1pB5/1N3P2/1PPQ2PP/R3K2R,0,0
r3kb1r/1q3p1p/p2p1np1/P2Pp3/1pB5/1N3P2/1PPQ2PP/R3K2R,1,0
r3kb1r/1q3p1p/p2p1np1/P2Pp3/RpB5/1N3P2/1PPQ2PP/4K2R,0,0
1r2kb1r/1q3p1p/p2p1np1/P2Pp3/RpB5/1N3P2/1PPQ2PP/4K2R,1,0
1r2kb1r/1q3p1p/p2p1np1/P2Pp3/RpB5/1N1Q1P2/1PP3PP/4K2R,0,0
r3kb1r/1q3p1p/p2p1np1/P2Pp3/RpB5/1N1Q1P2/1PP3PP/4K2R,1,0
r3kb1r/1q3p1p/p2p1np1/P2Pp3/RpB5/1N3P2/1PPQ2PP/4K2R,0,0
1r2kb1r/1q3p1p/p2p1np1/P2Pp3/RpB5/1N3P2/1PPQ2PP/4K2R,1,0
1r2kb1r/1q3p1p/p2p1np1/P2Pp3/RpB5/1N1Q1P2/1PP3PP/4K2R,0,0
r3kb1r/1q3p1p/p2p1np1/P2Pp3/RpB5/1N1Q1P2/1PP3PP/4K2R,1,0
r3kb1r/1q3p1p/p2p1np1/P2Pp3/RpB5/1N3P2/1PPQ2PP/4K2R,0,0
1r2kb1r/1q3p1p/p2p1np1/P2Pp3/RpB5/1N3P2/1PPQ2PP/4K2R,1,0
3q1rk1/1p3p1p/p2p4/4pnP1/7P/2P5/P1P3Q1/2KR3R,1,1
3q1rk1/1p3p1p/p2p4/4pnP1/7P/2P2Q2/P1P5/2KR3R,0,1
3q1rk1/1p3pnp/p2p4/4p1P1/7P/2P2Q2/P1P5/2KR3R,1,1
3q1rk1/1p3pnp/p2p4/3Rp1P1/7P/2P2Q2/P1P5/2K4R,0,1
5rk1/1p1q1pnp/p2p4/3Rp1P1/7P/2P2Q2/P1P5/2K4R,1,1
5rk1/1p1q1pnp/p2p4/3Rp1P1/7P/2P2Q2/P1P5/2KR4,0,1
5rk1/1p3pnp/p2p4/3Rp1P1/q6P/2P2Q2/P1P5/2KR4,1,1
5rk1/1p3pnp/p2R4/4p1P1/q6P/2P2Q2/P1P5/2KR4,0,1
5rk1/1p3pnp/p2R4/4p1P1/7P/2P2Q2/q1P5/2KR4,1,1
5rk1/1p3pnp/p2R4/3Rp1P1/7P/2P2Q2/q1P5/2K5,0,1
5rk1/1p3p1p/p2Rn3/3Rp1P1/7P/2P2Q2/q1P5/2K5,1,1
5rk1/1p3p1p/p2RnQ2/3Rp1P1/7P/2P5/q1P5/2K5,0,1
2r3k1/1p3p1p/p2RnQ2/3Rp1P1/7P/2P5/q1P5/2K5,1,1
2r3k1/1p3p1p/p2Rn3/3RQ1P1/7P/2P5/q1P5/2K5,0,1
2r3k1/1p3p1p/p2Rn3/3RQ1P1/7P/2P5/2P5/q1K5,1,1
2r3k1/1p3p1p/p2Rn3/3RQ1P1/7P/2P5/2PK4/q7,0,1
4r1k1/1p3p1p/p2Rn3/3RQ1P1/7P/2P5/2PK4/q7,1,1
4r1k1/1p3p1p/p3R3/3RQ1P1/7P/2P5/2PK4/q7,0,1
4r1k1/1p5p/p3p3/3RQ1P1/7P/2P5/2PK4/q7,1,1
4r1k1/1p1R3p/p3p3/4Q1P1/7P/2P5/2PK4/q7,0,1
r7/2k5/1P3p2/2p1p3/4P1p1/2P3P1/2K5/5R2,0,0
r7/8/1k3p2/2p1p3/4P1p1/2P3P1/2K5/5R2,1,0
r7/8/1k3R2/2p1p3/4P1p1/2P3P1/2K5/8,0,0
r7/8/5R2/1kp1p3/4P1p1/2P3P1/2K5/8,1,0
r7/8/5R2/1kp1p3/4P1p1/2PK2P1/8/8,0,0
8/8/5R2/1kp1p3/4P1p1/2PK2P1/8/r7,1,0
8/8/6R1/1kp1p3/4P1p1/2PK2P1/8/r7,0,0
8/8/6R1/1kp1p3/4P1p1/2PK2P1/8/3r4,1,0
8/8/6R1/1kp1p3/4P1p1/2P3P1/2K5/3r4,0,0
8/8/6R1/1kp1p3/4P1p1/2P3P1/2K5/4r3,1,0
8/8/8/1kp1p3/4P1R1/2P3P1/2K5/4r3,0,0
8/8/8/2p1p3/2k1P1R1/2P3P1/2K5/4r3,1,0
8/8/8/2p1p3/2k1P1R1/2P3P1/3K4/4r3,0,0
8/8/8/2p1p3/2k1P1R1/2P3P1/3K4/r7,1,0
8/8/8/2p1p1R1/2k1P3/2P3P1/3K4/r7,0,0
8/8/8/2p1p1R1/2k1P3/2P3P1/3K4/6r1,1,0
8/8/8/2p1R3/2k1P3/2P3P1/3K4/6r1,0,0
8/8/8/2p1R3/2k1P3/2P3r1/3K4/8,1,0
4R3/8/8/2p5/2k1P3/2P3r1/3K4/8,0,0
4R3/8/8/2p5/2k1P3/2Pr4/3K4/8,1,0
7r/pp3k1p/5bp1/2pr4/8/2P1B1P1/PP3PP1/R3R1K1,0,0
3r4/pp3k1p/5bp1/2pr4/8/2P1B1P1/PP3PP1/R3R1K1,1,0
3r4/pp3k1p/5bp1/2pr4/8/2P1B1P1/PP3PP1/R3RK2,0,0
3r4/p4k1p/5bp1/1ppr4/8/2P1B1P1/PP3PP1/R3RK2,1,0
3r4/p4k1p/5bp1/1ppr4/8/P1P1B1P1/1P3PP1/R3RK2,0,0
3r4/5k1p/5bp1/pppr4/8/P1P1B1P1/1P3PP1/R3RK2,1,0
3r4/5k1p/5bp1/pppr4/8/P1P1B1P1/1P2KPP1/R3R3,0,0
3r4/5k1p/5bp1/1ppr4/p7/P1P1B1P1/1P2KPP1/R3R3,1,0
3r4/5k1p/5bp1/1ppr4/p7/P1P1B1P1/1P2KPP1/R2R4,0,0
3r4/7p/4kbp1/1ppr4/p7/P1P1B1P1/1P2KPP1/R2R4,1,0
3r4/7p/4kbp1/1ppR4/p7/P1P1B1P1/1P2KPP1/R7,0,0
8/7p/4kbp1/1ppr4/p7/P1P1B1P1/1P2KPP1/R7,1,0
8/7p/4kbp1/1ppr4/p7/P1P1B1P1/1P2KPP1/3R4,0,0
8/7p/4kbp1/1pp5/p7/P1P1B1P1/1P2KPP1/3r4,1,0
8/7p/4kbp1/1pp5/p7/P1P1B1P1/1P3PP1/3K4,0,0
8/7p/5bp1/1ppk4/p7/P1P1B1P1/1P3PP1/3K4,1,0
8/7p/5bp1/1ppk4/p7/P1P1B1P1/1PK2PP1/8,0,0
8/8/5bp1/1ppk3p/p7/P1P1B1P1/1PK2PP1/8,1,0
8/8/5bp1/1ppk3p/p7/P1P3P1/1PKB1PP1/8,0,0
8/8/5bp1/1pp4p/p1k5/P1P3P1/1PKB1PP1/8,1,0
8/b1r5/P2p4/4p1kP/R3Kp2/5B2/8/8,1,1
8/b1r5/P2p4/3Kp1kP/R4p2/5B2/8/8,0,1
8/2r5/P2p4/2bKp1kP/R4p2/5B2/8/8,1,1
8/2r5/P2pK3/2b1p1kP/R4p2/5B2/8/8,0,1
8/7r/P2pK3/2b1p1kP/R4p2/5B2/8/8,1,1
8/7r/P2pK3/2b1p1kP/2R2p2/5B2/8/8,0,1
8/r7/P2pK3/2b1p1kP/2R2p2/5B2/8/8,1,1
8/r7/P2pK3/2b1p1kP/R4p2/5B2/8/8,0,1
8/2r5/P2pK3/2b1p1kP/R4p2/5B2/8/8,1,1
8/2r5/P2pK3/2b1p1kP/5p2/5B2/R7/8,0,1
8/r7/P2pK3/2b1p1kP/5p2/5B2/R7/8,1,1
8/r7/P2pK3/2b1p1kP/5p2/5B2/6R1/8,0,1
8/r7/P2pK3/2b1p2P/5p1k/5B2/6R1/8,1,1
8/r7/P2pK2P/2b1p3/5p1k/5B2/6R1/8,0,1
8/r7/P2pK2P/2b1p3/5p2/5B1k/6R1/8,1,1
8/r5R1/P2pK2P/2b1p3/5p2/5B1k/8/8,0,1
8/6R1/r2pK2P/2b1p3/5p2/5B1k/8/8,1,1
8/6RP/r2pK3/2b1p3/5p2/5B1k/8/8,0,1
r7/6RP/3pK3/2b1p3/5p2/5B1k/8/8,1,1
B7/6RP/3pK3/2b1p3/5p2/7k/8/8,0,1
8/8/6Q1/8/8/2K5/P1Ppqpk1/8,0,-1
8/8/6Q1/8/8/2K4k/P1Ppqp2/8,1,-1
8/8/7Q/8/8/2K4k/P1Ppqp2/8,0,-1
8/8/7Q/8/8/2K3k1/P1Ppqp2/8,1,-1
8/8/8/6Q1/8/2K3k1/P1Ppqp2/8,0,-1
8/8/8/6Q1/6q1/2K3k1/P1Pp1p2/8,1,-1
8/8/8/4Q3/6q1/2K3k1/P1Pp1p2/8,0,-1
8/8/8/4Q3/5q2/2K3k1/P1Pp1p2/8,1,-1
8/6Q1/8/8/5q2/2K3k1/P1Pp1p2/8,0,-1
8/6Q1/8/8/5q2/2K2k2/P1Pp1p2/8,1,-1
8/1Q6/8/8/5q2/2K2k2/P1Pp1p2/8,0,-1
8/1Q6/8/8/5q2/2K5/P1Ppkp2/8,1,-1
8/8/8/1Q6/5q2/2K5/P1Ppkp2/8,0,-1
8/8/8/1Q6/5q2/2K5/P1Pp1p2/4k3,1,-1
8/8/8/3Q4/5q2/2K5/P1Pp1p2/4k3,0,-1
8/8/8/3Q4/5q2/2K5/P1P2p2/3qk3,1,-1
8/8/8/8/5q2/2K5/P1P2p2/3qk2Q,0,-1
8/8/8/8/5q2/2K5/P1P5/3qkq1Q,1,-1
8/8/8/8/4Qq2/2K5/P1P5/3qkq2,0,-1
8/8/8/8/4q3/2K5/P1P5/3qkq2,1,-1
r4rk1/5ppp/p2R1n1b/1p6/PP6/5Q2/4BPPP/6K1,1,1
r4rk1/5ppp/p2R1n1b/Pp6/1P6/5Q2/4BPPP/6K1,0,1
r3r1k1/5ppp/p2R1n1b/Pp6/1P6/5Q2/4BPPP/6K1,1,1
r3r1k1/5ppp/p2R1n1b/Pp6/1P6/5QP1/4BP1P/6K1,0,1
r3r1k1/5ppp/p2R3b/Pp6/1P2n3/5QP1/4BP1P/6K1,1,1
r3r1k1/3R1ppp/p6b/Pp6/1P2n3/5QP1/4BP1P/6K1,0,1
r3r1k1/3R1ppp/p6b/Pp4n1/1P6/5QP1/4BP1P/6K1,1,1
r3r1k1/3R1ppp/p6b/Pp1Q2n1/1P6/6P1/4BP1P/6K1,0,1
2r1r1k1/3R1ppp/p6b/Pp1Q2n1/1P6/6P1/4BP1P/6K1,1,1
2r1r1k1/3R1ppp/p6b/Pp1Q2n1/1P6/6P1/5P1P/5BK1,0,1
2r1r1k1/3R1ppp/p3n2b/Pp1Q4/1P6/6P1/5P1P/5BK1,1,1
2r1r1k1/3R1ppp/p3n2b/Pp3Q2/1P6/6P1/5P1P/5BK1,0,1
2r1r1k1/3R1ppp/p6b/Pp3Qn1/1P6/6P1/5P1P/5BK1,1,1
2r1r1k1/3R1ppp/p6b/Pp3Qn1/1P5P/6P1/5P2/5BK1,0,1
2r1r1k1/3R1p1p/p5pb/Pp3Qn1/1P5P/6P1/5P2/5BK1,1,1
2r1r1k1/3R1p1p/p4Qpb/Pp4n1/1P5P/6P1/5P2/5BK1,0,1
2r3k1/3R1p1p/p3rQpb/Pp4n1/1P5P/6P1/5P2/5BK1,1,1
2rR2k1/5p1p/p3rQpb/Pp4n1/1P5P/6P1/5P2/5BK1,0,1
2rR1bk1/5p1p/p3rQp1/Pp4n1/1P5P/6P1/5P2/5BK1,1,1
2rR1bk1/5p1p/p3r1p1/Pp4Q1/1P5P/6P1/5P2/5BK1,0,1
2R5/1R3pk1/3r2p1/p3p2p/1b2P2P/5P2/6P1/2K5,1,1
8/1RR2pk1/3r2p1/p3p2p/1b2P2P/5P2/6P1/2K5,0,1
8/1RR2pk1/5rp1/p3p2p/1b2P2P/5P2/6P1/2K5,1,1
8/1RR2pk1/5rp1/p3p2p/1b2P2P/5P2/2K3P1/8,0,1
8/1RR2pk1/6p1/p3p2p/1b2Pr1P/5P2/2K3P1/8,1,1
8/1RR2pk1/6p1/p3p2p/1b2Pr1P/3K1P2/6P1/8,0,1
8/1RR2pk1/6p1/p3p2p/4Pr1P/3K1P2/6P1/4b3,1,1
8/1R2Rpk1/6p1/p3p2p/4Pr1P/3K1P2/6P1/4b3,0,1
8/1R2Rpk1/6p1/p3p2p/1b2Pr1P/3K1P2/6P1/8,1,1
8/1R3pk1/6p1/p3R2p/1b2Pr1P/3K1P2/6P1/8,0,1
8/1R3pk1/6p1/p3R2p/1b2P2r/3K1P2/6P1/8,1,1
4R3/1R3pk1/6p1/p6p/1b2P2r/3K1P2/6P1/8,0,1
4R3/1R3pk1/6p1/p6p/1b2Pr2/3K1P2/6P1/8,1,1
1R2R3/5pk1/6p1/p6p/1b2Pr2/3K1P2/6P1/8,0,1
1R2R3/5pk1/6p1/p7/1b2Pr1p/3K1P2/6P1/8,1,1
1R2R3/5pk1/6p1/p7/1b2Pr1p/4KP2/6P1/8,0,1
1R2R3/5pk1/5rp1/p7/1b2P2p/4KP2/6P1/8,1,1
1R4R1/5pk1/5rp1/p7/1b2P2p/4KP2/6P1/8,0,1
1R4R1/5p2/5rpk/p7/1b2P2p/4KP2/6P1/8,1,1
1R5R/5p2/5rpk/p7/1b2P2p/4KP2/6P1/8,0,1
2k5/1p1r1p2/pb4p1/4q2p/2P5/PN3Q2/1P3PPP/5RK1,1,1
2k5/1p1r1p2/pb4p1/4q2p/2P5/PN3QP1/1P3P1P/5RK1,0,1
2k5/1p1r1p2/pb4p1/7p/2P5/PN3QP1/1q3P1P/5RK1,1,1
2k5/1p1r1p2/pb4p1/2P4p/8/PN3QP1/1q3P1P/5RK1,0,1
2k5/1pbr1p2/p5p1/2P4p/8/PN3QP1/1q3P1P/5RK1,1,1
2k5/1pbr1p2/p1P3p1/7p/8/PN3QP1/1q3P1P/5RK1,0,1
2k5/2br1p2/p1p3p1/7p/8/PN3QP1/1q3P1P/5RK1,1,1
2k5/2br1p2/p1p3p1/2N4p/8/P4QP1/1q3P1P/5RK1,0,1
2k5/2b2p2/p1p3p1/2Nr3p/8/P4QP1/1q3P1P/5RK1,1,1
2k5/2b2Q2/p1p3p1/2Nr3p/8/P5P1/1q3P1P/5RK1,0,1
2k5/2b2Q2/p1p3p1/2Nrq2p/8/P5P1/5P1P/5RK1,1,1
2k5/2b2Q2/p1p3p1/2Nrq2p/8/P5P1/5P1P/2R3K1,0,1
2k5/2b2Q2/p1pq2p1/2Nr3p/8/P5P1/5P1P/2R3K1,1,1
2k1Q3/2b5/p1pq2p1/2Nr3p/8/P5P1/5P1P/2R3K1,0,1
2kbQ3/8/p1pq2p1/2Nr3p/8/P5P1/5P1P/2R3K1,1,1
2kbQ3/8/p1pq2p1/3r3p/4N3/P5P1/5P1P/2R3K1,0,1
2kbQ3/3q4/p1p3p1/3r3p/4N3/P5P1/5P1P/2R3K1,1,1
2kbQ3/3q4/p1R3p1/3r3p/4N3/P5P1/5P1P/6K1,0,1
3bQ3/1k1q4/p1R3p1/3r3p/4N3/P5P1/5P1P/6K1,1,1
3bQ3/1k1q4/p1R3p1/2Nr3p/8/P5P1/5P1P/6K1,0,1
r4bnr/pp1k1p1p/3pp1p1/q2P4/1n2PB2/2N2N2/PP3PPP/R2QR1K1,1,1
r4bnr/pp1k1p1p/3pP1p1/q7/1n2PB2/2N2N2/PP3PPP/R2QR1K1,0,1
r4bnr/pp1k3p/3pp1p1/q7/1n2PB2/2N2N2/PP3PPP/R2QR1K1,1,1
r4bnr/pp1k3p/3pp1p1/q7/1n1QPB2/2N2N2/PP3PPP/R3R1K1,0,1
r4b1r/pp1k3p/3ppnp1/q7/1n1QPB2/2N2N2/PP3PPP/R3R1K1,1,1
r4b1r/pp1k3p/3ppQp1/q7/1n2PB2/2N2N2/PP3PPP/R3R1K1,0,1
r6r/pp1kb2p/3ppQp1/q7/1n2PB2/2N2N2/PP3PPP/R3R1K1,1,1
r6r/pp1kb1Qp/3pp1p1/q7/1n2PB2/2N2N2/PP3PPP/R3R1K1,0,1
r6r/pp1kb1Qp/3pp1p1/q7/4PB2/2N2N2/PPn2PPP/R3R1K1,1,1
r6r/pp1kb1Qp/3Bp1p1/q7/4P3/2N2N2/PPn2PPP/R3R1K1,0,1
r6r/pp1kb1Qp/3Bp1p1/q7/4P3/2N2N2/PP3PPP/R3n1K1,1,1
r6r/pp1kQ2p/3Bp1p1/q7/4P3/2N2N2/PP3PPP/R3n1K1,0,1
r6r/pp2Q2p/2kBp1p1/q7/4P3/2N2N2/PP3PPP/R3n1K1,1,1
r6r/pp2Q2p/2kBp1p1/q7/3NP3/2N5/PP3PPP/R3n1K1,0,1
r6r/pp2Q2p/1k1Bp1p1/q7/3NP3/2N5/PP3PPP/R3n1K1,1,1
r6r/ppB1Q2p/1k2p1p1/q7/3NP3/2N5/PP3PPP/R3n1K1,0,1
r6r/ppB1Q2p/k3p1p1/q7/3NP3/2N5/PP3PPP/R3n1K1,1,1
r6r/pp2Q2p/k3p1p1/B7/3NP3/2N5/PP3PPP/R3n1K1,0,1
r1r5/pp2Q2p/k3p1p1/B7/3NP3/2N5/PP3PPP/R3n1K1,1,1
r1r5/pp5p/k3p1p1/B7/3NP3/Q1N5/PP3PPP/R3n1K1,0,1
6k1/4ppb1/1Qnq2p1/p1p4p/1nPpP3/1P1P3P/3B1PP1/4NBK1,1,1
6k1/4ppb1/1Qnq2p1/p1p4p/1nPpP2P/1P1P4/3B1PP1/4NBK1,0,1
8/4ppbk/1Qnq2p1/p1p4p/1nPpP2P/1P1P4/3B1PP1/4NBK1,1,1
8/4ppbk/1Qnq2p1/p1p4p/1nPpP2P/1P1P2P1/3B1P2/4NBK1,0,1
8/4pp1k/1Qnq2pb/p1p4p/1nPpP2P/1P1P2P1/3B1P2/4NBK1,1,1
8/4pp1k/1Qnq2pb/p1p4p/1nPpPP1P/1P1P2P1/3B4/4NBK1,0,1
8/5p1k/1Qnq2pb/p1p1p2p/1nPpPP1P/1P1P2P1/3B4/4NBK1,1,1
8/5p1k/1Qnq2pb/p1p1p2p/1nPpPP1P/1P1P2P1/3B2N1/5BK1,0,1
8/5p1k/1Qnq2pb/p1p1p2p/2PpPP1P/1P1P2P1/2nB2N1/5BK1,1,1
8/5p1k/1Qnq2pb/p1p1P2p/2PpP2P/1P1P2P1/2nB2N1/5BK1,0,1
8/5p1k/1Qn3pb/p1p1q2p/2PpP2P/1P1P2P1/2nB2N1/5BK1,1,1
8/5p1k/1Qn3pB/p1p1q2p/2PpP2P/1P1P2P1/2n3N1/5BK1,0,1
8/5p2/1Qn3pk/p1p1q2p/2PpP2P/1P1P2P1/2n3N1/5BK1,1,1
8/5p2/2Q3pk/p1p1q2p/2PpP2P/1P1P2P1/2n3N1/5BK1,0,1
8/5p2/2Q3pk/p1p4p/2PpP2P/1P1P2q1/2n3N1/5BK1,1,1
8/5p2/6pk/p1Q4p/2PpP2P/1P1P2q1/2n3N1/5BK1,0,1
8/5pk1/6p1/p1Q4p/2PpP2P/1P1P2q1/2n3N1/5BK1,1,1
8/5pk1/6p1/Q6p/2PpP2P/1P1P2q1/2n3N1/5BK1,0,1
8/5pk1/6p1/Q6p/2PpP2P/1P1P2q1/6N1/4nBK1,1,1
8/5pk1/6p1/7p/2PpP2P/1P1P2q1/6N1/4QBK1,0,1
r3k2r/pp2p2p/2q1Bbp1/n7/3P4/B1P4Q/P4PPP/R3R1K1,0,1
r3k2r/pp2p2p/2q1Bbp1/8/2nP4/B1P4Q/P4PPP/R3R1K1,1,1
r3k2r/pp2p2p/2q1Bbp1/8/1BnP4/2P4Q/P4PPP/R3R1K1,0,1
r3k2r/1p2p2p/2q1Bbp1/p7/1BnP4/2P4Q/P4PPP/R3R1K1,1,1
r3k2r/1p2p2p/2q1Bbp1/p1B5/2nP4/2P4Q/P4PPP/R3R1K1,0,1
r3k2r/4p2p/1pq1Bbp1/p1B5/2nP4/2P4Q/P4PPP/R3R1K1,1,1
r3k2r/4p2p/1pq2bp1/p1B5/2BP4/2P4Q/P4PPP/R3R1K1,0,1
r3k2r/4p2p/2q2bp1/p1p5/2BP4/2P4Q/P4PPP/R3R1K1,1,1
r3k2r/4p2p/2q2bp1/p1p5/2BP4/2P4Q/P4PPP/1R2R1K1,0,1
r3k2r/4p2p/3q1bp1/p1p5/2BP4/2P4Q/P4PPP/1R2R1K1,1,1
r3k2r/4p2p/3q1bp1/p1p5/2BP4/2P2Q2/P4PPP/1R2R1K1,0,1
3rk2r/4p2p/3q1bp1/p1p5/2BP4/2P2Q2/P4PPP/1R2R1K1,1,1
3rk2r/4p2p/3qRbp1/p1p5/2BP4/2P2Q2/P4PPP/1R4K1,0,1
3rk2r/2q1p2p/4Rbp1/p1p5/2BP4/2P2Q2/P4PPP/1R4K1,1,1
3rk2r/2q1p2p/4RQp1/p1p5/2BP4/2P5/P4PPP/1R4K1,0,1
3rk2r/2q1p2p/4RQp1/p7/2Bp4/2P5/P4PPP/1R4K1,1,1
3rk2Q/2q1p2p/4R1p1/p7/2Bp4/2P5/P4PPP/1R4K1,0,1
3r3Q/2qkp2p/4R1p1/p7/2Bp4/2P5/P4PPP/1R4K1,1,1
3r4/2qkp2p/4R1p1/p7/2BQ4/2P5/P4PPP/1R4K1,0,1
3rk3/2q1p2p/4R1p1/p7/2BQ4/2P5/P4PPP/1R4K1,1,1
8/4b1pk/p3b2p/1p2p3/3pN3/P6P/1P4P1/4B1K1,0,0
8/4b1pk/p6p/1p1bp3/3pN3/P6P/1P4P1/4B1K1,1,0
8/4b1pk/p6p/1p1bp3/3p4/P6P/1P1N2P1/4B1K1,0,0
8/6pk/p6p/1p1bp1b1/3p4/P6P/1P1N2P1/4B1K1,1,0
8/6pk/p6p/1p1bp1b1/3p4/P4N1P/1P4P1/4B1K1,0,0
8/6pk/p6p/1p2p1b1/3p4/P4b1P/1P4P1/4B1K1,1,0
8/6pk/p6p/1p2p1b1/3p4/P4P1P/1P6/4B1K1,0,0
8/6p1/p5kp/1p2p1b1/3p4/P4P1P/1P6/4B1K1,1,0
8/6p1/p5kp/1p2p1b1/3p4/PP3P1P/8/4B1K1,0,0
8/6p1/p6p/1p2pkb1/3p4/PP3P1P/8/4B1K1,1,0
8/6p1/p6p/1p2pkb1/3p4/PP3P1P/6K1/4B3,0,0
8/6p1/p6p/1p2pk2/3p4/PP2bP1P/6K1/4B3,1,0
8/6p1/p6p/1p2pk2/3p4/PP2bPBP/6K1/8,0,0
8/6p1/p6p/1p2pk2/8/PP1pbPBP/6K1/8,1,0
8/6p1/p6p/1p2pk2/8/PP1pbPBP/8/5K2,0,0
8/6p1/p6p/1p3k2/4p3/PP1pbPBP/8/5K2,1,0
8/6p1/p6p/1p3k2/4P3/PP1pb1BP/8/5K2,0,0
8/6p1/p6p/1p6/4k3/PP1pb1BP/8/5K2,1,0
8/6p1/p2B3p/1p6/4k3/PP1pb2P/8/5K2,0,0
8/8/p2B2pp/1p6/4k3/PP1pb2P/8/5K2,1,0
4k3/5q2/3Q4/4p3/1p6/7P/5P1K/8,0,-1
4k3/8/3Q4/4p3/1p6/7P/5q1K/8,1,-1
4k3/8/3Q4/4p3/1p6/7P/5q2/7K,0,-1
4k3/8/3Q4/4p3/1p1q4/7P/8/7K,1,-1
4k3/8/2Q5/4p3/1p1q4/7P/8/7K,0,-1
8/4k3/2Q5/4p3/1p1q4/7P/8/7K,1,-1
8/1Q2k3/8/4p3/1p1q4/7P/8/7K,0,-1
8/1Q6/3k4/4p3/1p1q4/7P/8/7K,1,-1
1Q6/8/3k4/4p3/1p1q4/7P/8/7K,0,-1
1Q6/8/8/2k1p3/1p1q4/7P/8/7K,1,-1
8/2Q5/8/2k1p3/1p1q4/7P/8/7K,0,-1
8/2Q5/8/1k2p3/1p1q4/7P/8/7K,1,-1
1Q6/8/8/1k2p3/1p1q4/7P/8/7K,0,-1
1Q6/8/8/4p3/1pkq4/7P/8/7K,1,-1
2Q5/8/8/4p3/1pkq4/7P/8/7K,0,-1
2Q5/8/8/4p3/1p1q4/3k3P/8/7K,1,-1
8/8/Q7/4p3/1p1q4/3k3P/8/7K,0,-1
8/8/Q7/4p3/1p1q4/4k2P/8/7K,1,-1
8/8/8/4p3/1p1q4/4k2P/Q7/7K,0,-1
8/8/8/4p3/1p6/4k2P/Q7/3q3K,1,-1
8/5N2/8/2kp2p1/P1p2pK1/2P5/1P6/2b5,1,0
8/8/8/2kp2N1/P1p2pK1/2P5/1P6/2b5,0,0
8/8/8/2kp2N1/P1p2pK1/2P5/1b6/8,1,0
8/8/4N3/2kp4/P1p2pK1/2P5/1b6/8,0,0
8/8/3kN3/3p4/P1p2pK1/2P5/1b6/8,1,0
8/8/3kN3/P2p4/2p2pK1/2P5/1b6/8,0,0
8/8/3kN3/P2p4/2p2pK1/2b5/8/8,1,0
8/8/P2kN3/3p4/2p2pK1/2b5/8/8,0,0
8/8/P1k1N3/3p4/2p2pK1/2b5/8/8,1,0
8/P7/2k1N3/3p4/2p2pK1/2b5/8/8,0,0
8/Pk6/4N3/3p4/2p2pK1/2b5/8/8,1,0
8/PkN5/8/3p4/2p2pK1/2b5/8/8,0,0
8/k1N5/8/3p4/2p2pK1/2b5/8/8,1,0
8/k7/8/3N4/2p2pK1/2b5/8/8,0,0
8/k7/8/3N4/2p2pK1/8/3b4/8,1,0
8/k7/8/8/2p2NK1/8/3b4/8,0,0
8/k7/8/8/5NK1/2p5/3b4/8,1,0
8/k7/8/8/6K1/2p5/3bN3/8,0,0
8/k7/8/8/6K1/8/2pbN3/8,1,0
8/k7/8/5K2/8/8/2pbN3/8,0,0
2R5/2P3k1/6p1/8/2r4P/5PK1/8/8,1,1
2R5/2P3k1/6p1/8/2r2P1P/6K1/8/8,0,1
2R5/2P3k1/6p1/8/5P1P/2r3K1/8/8,1,1
2R5/2P3k1/6p1/8/5PKP/2r5/8/8,0,1
2R5/2P3k1/6p1/8/2r2PKP/8/8/8,1,1
2R5/2P3k1/6p1/7P/2r2PK1/8/8/8,0,1
2R5/2P3k1/8/7p/2r2PK1/8/8/8,1,1
2R5/2P3k1/8/7K/2r2P2/8/8/8,0,1
2R5/2P3k1/8/2r4K/5P2/8/8/8,1,1
2R5/2P3k1/8/2r5/5PK1/8/8/8,0,1
2R5/2P3k1/8/8/2r2PK1/8/8/8,1,1
2R5/2P3k1/8/6K1/2r2P2/8/8/8,0,1
2R5/2P3k1/8/2r3K1/5P2/8/8/8,1,1
2R5/2P3k1/8/2r2PK1/8/8/8/8,0,1
2R5/2P4k/8/2r2PK1/8/8/8/8,1,1
2R5/2P4k/8/2r2P2/5K2/8/8/8,0,1
2R5/2P4k/2r5/5P2/5K2/8/8/8,1,1
2R5/2P4k/2r5/5P2/4K3/8/8/8,0,1
2R5/2P3k1/2r5/5P2/4K3/8/8/8,1,1
2R5/2P3k1/2r2P2/8/4K3/8/8/8,0,1
4r3/4b1R1/p1K1P2p/4B2k/Pp4p1/1P6/8/8,0,-1
4r3/6R1/p1K1P2p/4B1bk/Pp4p1/1P6/8/8,1,-1
4r3/8/p1K1P2p/4B1Rk/Pp4p1/1P6/8/8,0,-1
4r3/8/p1K1P2p/4B1k1/Pp4p1/1P6/8/8,1,-1
4r3/3K4/p3P2p/4B1k1/Pp4p1/1P6/8/8,0,-1
6r1/3K4/p3P2p/4B1k1/Pp4p1/1P6/8/8,1,-1
6r1/3KP3/p6p/4B1k1/Pp4p1/1P6/8/8,0,-1
6r1/3KP3/p7/4B1kp/Pp4p1/1P6/8/8,1,-1
4Q1r1/3K4/p7/4B1kp/Pp4p1/1P6/8/8,0,-1
4r3/3K4/p7/4B1kp/Pp4p1/1P6/8/8,1,-1
4K3/8/p7/4B1kp/Pp4p1/1P6/8/8,0,-1
4K3/8/p7/4B1k1/Pp4pp/1P6/8/8,1,-1
8/4K3/p7/4B1k1/Pp4pp/1P6/8/8,0,-1
8/4K3/p7/4B1k1/Pp5p/1P4p1/8/8,1,-1
8/8/p3K3/4B1k1/Pp5p/1P4p1/8/8,0,-1
8/8/p3K3/4B3/Pp4kp/1P4p1/8/8,1,-1
8/8/p7/3KB3/Pp4kp/1P4p1/8/8,0,-1
8/8/p7/3KB3/Pp4k1/1P4pp/8/8,1,-1
8/8/p7/4B3/Pp2K1k1/1P4pp/8/8,0,-1
8/8/p7/4B3/Pp2K1k1/1P4p1/7p/8,1,-1
r2r2k1/1pq2pbp/p2pbnp1/N2N4/1PP1p3/Q1P3P1/P4PBP/2R1R1K1,0,-1
r2r2k1/1pq2pbp/p2p1np1/N2b4/1PP1p3/Q1P3P1/P4PBP/2R1R1K1,1,-1
r2r2k1/1pq2pbp/p2p1np1/N2P4/1P2p3/Q1P3P1/P4PBP/2R1R1K1,0,-1
r2r2k1/1pq2pbp/p2p2p1/N2n4/1P2p3/Q1P3P1/P4PBP/2R1R1K1,1,-1
r2r2k1/1pq2pbp/p2p2p1/N2n4/1P2R3/Q1P3P1/P4PBP/2R3K1,0,-1
r2r2k1/1pq2pbp/p2p1np1/N7/1P2R3/Q1P3P1/P4PBP/2R3K1,1,-1
r2r2k1/1pq2pbp/p2p1np1/N7/1P6/Q1P3P1/P3RPBP/2R3K1,0,-1
r2r2k1/1pq2pbp/p4np1/N2p4/1P6/Q1P3P1/P3RPBP/2R3K1,1,-1
r2r2k1/1pq2pbp/p4np1/N2p4/1PP5/Q5P1/P3RPBP/2R3K1,0,-1
2rr2k1/1pq2pbp/p4np1/N2p4/1PP5/Q5P1/P3RPBP/2R3K1,1,-1
2rr2k1/1pq2pbp/p4np1/N2p4/1PP5/Q5P1/P3RPBP/4R1K1,0,-1
2rr2k1/1pq2pbp/p4np1/N7/1Pp5/Q5P1/P3RPBP/4R1K1,1,-1
2rr2k1/1pq1Rpbp/p4np1/N7/1Pp5/Q5P1/P4PBP/4R1K1,0,-1
2rr2k1/1p2Rpbp/pq3np1/N7/1Pp5/Q5P1/P4PBP/4R1K1,1,-1
2rr2k1/1N2Rpbp/pq3np1/8/1Pp5/Q5P1/P4PBP/4R1K1,0,-1
2rr1bk1/1N2Rp1p/pq3np1/8/1Pp5/Q5P1/P4PBP/4R1K1,1,-1
2rr1bk1/1N2Rp1p/pq3np1/8/1Pp5/4Q1P1/P4PBP/4R1K1,0,-1
2rr1bk1/1N2Rp1p/p4np1/8/1qp5/4Q1P1/P4PBP/4R1K1,1,-1
2rr1bk1/1N2Rp1p/p4np1/8/1qp5/P3Q1P1/5PBP/4R1K1,0,-1
2rr1bk1/1N2qp1p/p4np1/8/2p5/P3Q1P1/5PBP/4R1K1,1,-1
8/5p2/p1kp4/2pN2b1/2P1r3/1P6/P1K5/5R2,0,0
8/8/p1kp1p2/2pN2b1/2P1r3/1P6/P1K5/5R2,1,0
8/8/p1kp1p2/2pN2b1/2P1r3/1P6/P1K5/7R,0,0
8/8/p1kp1p2/2pN2b1/2P4r/1P6/P1K5/7R,1,0
8/8/p1kp1p2/2pN2b1/2P4R/1P6/P1K5/8,0,0
8/8/p1kp1p2/2pN4/2P4b/1P6/P1K5/8,1,0
8/8/p1kp1p2/2pN4/2P4b/1P1K4/P7/8,0,0
8/8/p1kp4/2pN1p2/2P4b/1P1K4/P7/8,1,0
8/8/p1kp4/2p2p2/2P4b/1P1KN3/P7/8,0,0
8/8/p1kp4/2p5/2P2p1b/1P1KN3/P7/8,1,0
8/8/p1kp4/2p5/2P2p1b/1P1K4/P5N1/8,0,0
8/8/p1kp4/2p5/2P2p2/1P1K2b1/P5N1/8,1,0
8/8/p1kp4/2p5/2P1Kp2/1P4b1/P5N1/8,0,0
8/8/2kp4/p1p5/2P1Kp2/1P4b1/P5N1/8,1,0
8/8/2kp4/p1p5/2P1Kp2/PP4b1/6N1/8,0,0
8/8/2kp4/2p5/p1P1Kp2/PP4b1/6N1/8,1,0
8/8/2kp4/2p5/P1P1Kp2/P5b1/6N1/8,0,0
8/8/1k1p4/2p5/P1P1Kp2/P5b1/6N1/8,1,0
8/8/1k1p4/2p5/P1P1KN2/P5b1/8/8,0,0
8/8/3p4/k1p5/P1P1KN2/P5b1/8/8,1,0
3b1rk1/5pp1/p6p/q2NQ3/8/6P1/PPb2PBP/R5K1,1,1
3b1rk1/5pp1/p6p/q2NQ3/8/6P1/PPb2PBP/2R3K1,0,1
3b1rk1/5pp1/p6p/q2NQ3/8/3b2P1/PP3PBP/2R3K1,1,1
3b1rk1/5pp1/p6p/q2NQ3/7P/3b2P1/PP3PB1/2R3K1,0,1
3b1rk1/5pp1/p6p/3NQ3/7P/3b2P1/qP3PB1/2R3K1,1,1
2Rb1rk1/5pp1/p6p/3NQ3/7P/3b2P1/qP3PB1/6K1,0,1
2Rb1rk1/5pp1/p6p/3NQ3/7P/3b2P1/1P3PB1/1q4K1,1,1
2Rb1rk1/5pp1/p6p/3NQ3/7P/3b2P1/1P3PBK/1q6,0,1
2Rb1rk1/5pp1/p6p/1b1NQ3/7P/6P1/1P3PBK/1q6,1,1
2Rb1rk1/5pp1/p2Q3p/1b1N4/7P/6P1/1P3PBK/1q6,0,1
2R2rk1/4bpp1/p2Q3p/1b1N4/7P/6P1/1P3PBK/1q6,1,1
2R2rk1/4Npp1/p2Q3p/1b6/7P/6P1/1P3PBK/1q6,0,1
2R2r2/4Nppk/p2Q3p/1b6/7P/6P1/1P3PBK/1q6,1,1
5R2/4Nppk/p2Q3p/1b6/7P/6P1/1P3PBK/1q6,0,1
5R2/4Nppk/p2Q3p/1b6/7P/6P1/1q3PBK/8,1,1
5R2/4Nppk/p2Q3p/1b6/4B2P/6P1/1q3P1K/8,0,1
5R2/4Np1k/p2Q2pp/1b6/4B2P/6P1/1q3P1K/8,1,1
5R2/4Np1k/p2Q2Bp/1b6/7P/6P1/1q3P1K/8,0,1
5R2/4N2k/p2Q2pp/1b6/7P/6P1/1q3P1K/8,1,1
5R2/4N2k/p5Qp/1b6/7P/6P1/1q3P1K/8,0,1
rn1qkb1r/pp1bpppp/3p1n2/8/3NP3/2N5/PPP2PPP/R1BQKB1R,1,0
rn1qkb1r/pp1bpppp/3p1n2/8/3NP3/2N2P2/PPP3PP/R1BQKB1R,0,0
rn1qkb1r/pp1b1ppp/3p1n2/4p3/3NP3/2N2P2/PPP3PP/R1BQKB1R,1,0
rn1qkb1r/pp1b1ppp/3p1n2/4p3/4P3/1NN2P2/PPP3PP/R1BQKB1R,0,0
rn1qk2r/pp1bbppp/3p1n2/4p3/4P3/1NN2P2/PPP3PP/R1BQKB1R,1,0
rn1qk2r/pp1bbppp/3p1n2/4p3/4P3/1NN1BP2/PPP3PP/R2QKB1R,0,0
rn1qk2r/1p1bbppp/3p1n2/p3p3/4P3/1NN1BP2/PPP3PP/R2QKB1R,1,0
rn1qk2r/1p1bbppp/3p1n2/p3p3/4P3/1NN1BP2/PPP1B1PP/R2QK2R,0,0
rn1q1rk1/1p1bbppp/3p1n2/p3p3/4P3/1NN1BP2/PPP1B1PP/R2QK2R,1,0
rn1q1rk1/1p1bbppp/3p1n2/p3p3/4P3/1NN1BP2/PPP1B1PP/R2Q1RK1,0,0
rn1q1rk1/1p2bppp/3pbn2/p3p3/4P3/1NN1BP2/PPP1B1PP/R2Q1RK1,1,0
rn1q1rk1/1p2bppp/3pbn2/p3p3/4P3/1NN1BP2/PPPQB1PP/R4RK1,0,0
rn1q1rk1/1p2bppp/3pbn2/4p3/p3P3/1NN1BP2/PPPQB1PP/R4RK1,1,0
rn1q1rk1/1p2bppp/3pbn2/4p3/p3P3/2N1BP2/PPPQB1PP/R1N2RK1,0,0
rn1q1rk1/1p2bppp/4bn2/3pp3/p3P3/2N1BP2/PPPQB1PP/R1N2RK1,1,0
rn1q1rk1/1p2bppp/4bn2/3Pp3/p7/2N1BP2/PPPQB1PP/R1N2RK1,0,0
rn1q1rk1/1p2bppp/4b3/3np3/p7/2N1BP2/PPPQB1PP/R1N2RK1,1,0
rn1q1rk1/1p2bppp/4b3/3Np3/p7/4BP2/PPPQB1PP/R1N2RK1,0,0
rn3rk1/1p2bppp/4b3/3qp3/p7/4BP2/PPPQB1PP/R1N2RK1,1,0
rn3rk1/1p2bppp/4b3/3Qp3/p7/4BP2/PPP1B1PP/R1N2RK1,0,0
8/6p1/1R3k1p/1P3p2/4p3/6PP/1r6/5K2,0,-1
8/6p1/1R5p/1P2kp2/4p3/6PP/1r6/5K2,1,-1
8/1R4p1/7p/1P2kp2/4p3/6PP/1r6/5K2,0,-1
8/1R6/7p/1P2kpp1/4p3/6PP/1r6/5K2,1,-1
8/1R6/1P5p/4kpp1/4p3/6PP/1r6/5K2,0,-1
8/1R6/1P5p/4k1p1/4pp2/6PP/1r6/5K2,1,-1
8/4R3/1P5p/4k1p1/4pp2/6PP/1r6/5K2,0,-1
8/4R3/1P5p/6p1/3kpp2/6PP/1r6/5K2,1,-1
8/1P2R3/7p/6p1/3kpp2/6PP/1r6/5K2,0,-1
8/1P2R3/7p/6p1/4pp2/4k1PP/1r6/5K2,1,-1
8/1P3R2/7p/6p1/4pp2/4k1PP/1r6/5K2,0,-1
8/1P3R2/7p/6p1/4pp2/5kPP/1r6/5K2,1,-1
8/1P3R2/7p/6p1/4pp2/5kPP/1r6/4K3,0,-1
8/1P3R2/7p/6p1/5p2/4pkPP/1r6/4K3,1,-1
8/1P3R2/7p/6p1/5P2/4pk1P/1r6/4K3,0,-1
8/1P3R2/7p/8/5p2/4pk1P/1r6/4K3,1,-1
8/1P3R2/7p/8/5p2/4pk1P/1r6/3K4,0,-1
8/1P3R2/7p/8/5p2/5k1P/1r2p3/3K4,1,-1
8/1P3R2/7p/8/5p2/5k1P/1r2p3/4K3,0,-1
8/1P3R2/7p/8/5p2/5k1P/4p3/1r2K3,1,-1
2r2rk1/3q2p1/p3pb1p/P2n4/1pNp4/3Q4/1PP1NPPP/R4RK1,1,1
2r2rk1/3q2p1/pN2pb1p/P2n4/1p1p4/3Q4/1PP1NPPP/R4RK1,0,1
2r2rk1/3q2p1/pn2pb1p/P7/1p1p4/3Q4/1PP1NPPP/R4RK1,1,1
2r2rk1/3q2p1/pP2pb1p/8/1p1p4/3Q4/1PP1NPPP/R4RK1,0,1
2r2rk1/6p1/pPq1pb1p/8/1p1p4/3Q4/1PP1NPPP/R4RK1,1,1
2r2rk1/6p1/RPq1pb1p/8/1p1p4/3Q4/1PP1NPPP/5RK1,0,1
2r2rk1/6p1/RP2pb1p/8/1p1p4/3Q4/1Pq1NPPP/5RK1,1,1
2r2rk1/6p1/RP2pb1p/8/1p1p1N2/3Q4/1Pq2PPP/5RK1,0,1
2r2rk1/6p1/RP2pb1p/8/1p1p1N2/3Q4/1q3PPP/5RK1,1,1
2r2rk1/1P4p1/R3pb1p/8/1p1p1N2/3Q4/1q3PPP/5RK1,0,1
1r3rk1/1P4p1/R3pb1p/8/1p1p1N2/3Q4/1q3PPP/5RK1,1,1
1r3rk1/1P4p1/R3Nb1p/8/1p1p4/3Q4/1q3PPP/5RK1,0,1
1r4k1/1P3rp1/R3Nb1p/8/1p1p4/3Q4/1q3PPP/5RK1,1,1
1r4k1/1P3rp1/R4b1p/2N5/1p1p4/3Q4/1q3PPP/5RK1,0,1
1r4k1/1P3rp1/R6p/2N1b3/1p1p4/3Q4/1q3PPP/5RK1,1,1
1r4k1/1P3rp1/R6p/2N1b3/1p1pQ3/8/1q3PPP/5RK1,0,1
1r4k1/1P3rp1/R6p/2N1b3/1p2Q3/3p4/1q3PPP/5RK1,1,1
1r4k1/1P3rp1/R6p/4b3/1p2Q3/3N4/1q3PPP/5RK1,0,1
1r4k1/1P3rp1/R6p/4b3/1p2Q3/3N4/2q2PPP/5RK1,1,1
1r4k1/1P3rp1/2R4p/4b3/1p2Q3/3N4/2q2PPP/5RK1,0,1
r5k1/1q3b1p/5pp1/2Q1p3/1N2N1P1/nP3P2/2PR4/4K3,1,1
r5k1/1q3b1p/5Np1/2Q1p3/1N4P1/nP3P2/2PR4/4K3,0,1
r7/1q3bkp/5Np1/2Q1p3/1N4P1/nP3P2/2PR4/4K3,1,1
r7/1q3bkp/5Np1/4Q3/1N4P1/nP3P2/2PR4/4K3,0,1
r7/5bkp/5Np1/4Q3/1N4P1/nP3q2/2PR4/4K3,1,1
r7/5bkp/5Np1/4Q3/1N4P1/nP3q2/2P2R2/4K3,0,1
r7/5bkp/5Np1/4Q3/1N4P1/nP6/2P2R2/4K2q,1,1
r7/5bkp/5Np1/4Q3/1N4P1/nP6/2P5/4KR1q,0,1
r7/5bkp/5Np1/4Q3/1N4Pq/nP6/2P5/4KR2,1,1
r7/5bkp/5Np1/4Q3/1N4Pq/nP6/2PK4/5R2,0,1
3r4/5bkp/5Np1/4Q3/1N4Pq/nP6/2PK4/5R2,1,1
3r4/5bkp/6p1/3NQ3/1N4Pq/nP6/2PK4/5R2,0,1
3r2k1/5b1p/6p1/3NQ3/1N4Pq/nP6/2PK4/5R2,1,1
3r2k1/5b1p/6p1/3NQ3/1NP3Pq/nP6/3K4/5R2,0,1
3r2k1/5b1p/6p1/3NQ3/1NP3q1/nP6/3K4/5R2,1,1
3r2k1/5b1p/6p1/3NQ3/1NP3q1/nP2K3/8/5R2,0,1
3r2k1/5b1p/6p1/3NQ3/1NP5/nP2K2q/8/5R2,1,1
3r2k1/5b1p/6p1/3NQ3/1NP5/nP2KR1q/8/8,0,1
3r2k1/5b1p/4q1p1/3NQ3/1NP5/nP2KR2/8/8,1,1
3r2k1/4Nb1p/4q1p1/4Q3/1NP5/nP2KR2/8/8,0,1
6k1/8/3p4/Pr5p/8/1P2Rp2/1KP5/8,0,0
6k1/8/3p4/P4r1p/8/1P2Rp2/1KP5/8,1,0
6k1/8/P2p4/5r1p/8/1P2Rp2/1KP5/8,0,0
6k1/8/P2p4/5r1p/8/1P2R3/1KP2p2/8,1,0
6k1/P7/3p4/5r1p/8/1P2R3/1KP2p2/8,0,0
5rk1/P7/3p4/7p/8/1P2R3/1KP2p2/8,1,0
5rk1/P7/3p4/7p/8/1P3R2/1KP2p2/8,0,0
6k1/P7/3p4/7p/8/1P3r2/1KP2p2/8,1,0
Q5k1/8/3p4/7p/8/1P3r2/1KP2p2/8,0,0
Q4rk1/8/3p4/7p/8/1P6/1KP2p2/8,1,0
5rk1/8/3p4/3Q3p/8/1P6/1KP2p2/8,0,0
6k1/5r2/3p4/3Q3p/8/1P6/1KP2p2/8,1,0
6k1/5r2/3p4/6Qp/8/1P6/1KP2p2/8,0,0
5k2/5r2/3p4/6Qp/8/1P6/1KP2p2/8,1,0
3Q1k2/5r2/3p4/7p/8/1P6/1KP2p2/8,0,0
3Q4/5rk1/3p4/7p/8/1P6/1KP2p2/8,1,0
8/5rk1/3p4/6Qp/8/1P6/1KP2p2/8,0,0
5k2/5r2/3p4/6Qp/8/1P6/1KP2p2/8,1,0
3Q1k2/5r2/3p4/7p/8/1P6/1KP2p2/8,0,0
3Q4/5rk1/3p4/7p/8/1P6/1KP2p2/8,1,0
7k/1p2r1b1/p6p/8/2P1p3/1P2N3/P4KP1/3R4,0,1
8/1p2r1bk/p6p/8/2P1p3/1P2N3/P4KP1/3R4,1,1
8/1p2r1bk/p6p/8/2P1p3/1P2N3/P3K1P1/3R4,0,1
8/1p2r2k/p6p/4b3/2P1p3/1P2N3/P3K1P1/3R4,1,1
8/1p2r2k/p6p/3Rb3/2P1p3/1P2N3/P3K1P1/8,0,1
8/1p2r2k/p6p/3R4/2P1pb2/1P2N3/P3K1P1/8,1,1
8/1p2r2k/p6p/3R1N2/2P1pb2/1P6/P3K1P1/8,0,1
8/1p3r1k/p6p/3R1N2/2P1pb2/1P6/P3K1P1/8,1,1
8/1p3r1k/p6p/3R1N2/2P1pb2/1P4P1/P3K3/8,0,1
8/1pb2r1k/p6p/3R1N2/2P1p3/1P4P1/P3K3/8,1,1
8/1pb2r1k/p6p/3R1N2/2P1p3/1P2K1P1/P7/8,0,1
8/1p3r1k/pb5p/3R1N2/2P1p3/1P2K1P1/P7/8,1,1
8/1p3r1k/pb5p/3R1N2/2P1K3/1P4P1/P7/8,0,1
8/1p3r2/pb4kp/3R1N2/2P1K3/1P4P1/P7/8,1,1
8/1p3r2/pb1R2kp/5N2/2P1K3/1P4P1/P7/8,0,1
8/1p6/pb1R1rkp/5N2/2P1K3/1P4P1/P7/8,1,1
8/1p2N3/pb1R1rkp/8/2P1K3/1P4P1/P7/8,0,1
8/1p2Nk2/pb1R1r1p/8/2P1K3/1P4P1/P7/8,1,1
8/1p2Nk2/pb3R1p/8/2P1K3/1P4P1/P7/8,0,1
8/1p2N3/pb3k1p/8/2P1K3/1P4P1/P7/8,1,1
r6r/p2bppk1/3p2p1/2qP4/5PP1/1Bp2Q2/PP4K1/4R2R,1,0
r6r/p2bppk1/3p2p1/2qP4/5PP1/1BP2Q2/P5K1/4R2R,0,0
r7/p2bppk1/3p2p1/2qP4/5PP1/1BP2Q2/P5K1/4R2r,1,0
r7/p2bppk1/3p2p1/2qP4/5PP1/1BP2Q2/P5K1/7R,0,0
7r/p2bppk1/3p2p1/2qP4/5PP1/1BP2Q2/P5K1/7R,1,0
7r/p2bppk1/3p2p1/2qP4/5PP1/1BP2Q2/P5K1/4R3,0,0
5k1r/p2bpp2/3p2p1/2qP4/5PP1/1BP2Q2/P5K1/4R3,1,0
5k1r/p2bpp2/3p2p1/2qP4/5PP1/1BP2QK1/P7/4R3,0,0
5k1r/3bpp2/3p2p1/p1qP4/5PP1/1BP2QK1/P7/4R3,1,0
5k1r/3bpp2/3p2p1/p1qP4/5PP1/2P2QK1/P1B5/4R3,0,0
2q2k1r/3bpp2/3p2p1/p2P4/5PP1/2P2QK1/P1B5/4R3,1,0
2q2k1r/3bpp2/3p2p1/p2P4/5PP1/2P2QK1/P1B1R3/8,0,0
2q2k1r/4pp2/3p2p1/pb1P4/5PP1/2P2QK1/P1B1R3/8,1,0
2q2k1r/4pp2/3p2p1/pb1P4/5PP1/2P2QK1/P1B2R2/8,0,0
2q2k1r/3bpp2/3p2p1/p2P4/5PP1/2P2QK1/P1B2R2/8,1,0
2q2k1r/3bpp2/3p2p1/p2P4/5PP1/2P2QK1/P1B1R3/8,0,0
2q2k1r/4pp2/3p2p1/pb1P4/5PP1/2P2QK1/P1B1R3/8,1,0
2q2k1r/4pp2/3p2p1/pb1P4/5PP1/2P2QK1/P1B2R2/8,0,0
2q2k1r/3bpp2/3p2p1/p2P4/5PP1/2P2QK1/P1B2R2/8,1,0
2q2k1r/3bpp2/3p2p1/p2P4/5PP1/2P2QK1/P1B1R3/8,0,0
8/5p2/8/6pp/8/5k1P/5P2/6K1,0,-1
8/5p2/8/6p1/7p/5k1P/5P2/6K1,1,-1
8/5p2/8/6p1/7p/5k1P/5P2/5K2,0,-1
8/8/8/5pp1/7p/5k1P/5P2/5K2,1,-1
8/8/8/5pp1/7p/5k1P/5P2/6K1,0,-1
8/8/8/5pp1/7p/7P/4kP2/6K1,1,-1
8/8/8/5pp1/7p/7P/4kPK1/8,0,-1
8/8/8/6p1/5p1p/7P/4kPK1/8,1,-1
8/8/8/6p1/5p1p/5P1P/4k1K1/8,0,-1
8/8/8/6p1/5p1p/4kP1P/6K1/8,1,-1
8/8/8/6p1/5p1p/4kP1P/8/6K1,0,-1
8/8/8/6p1/5p1p/5k1P/8/6K1,1,-1
8/8/8/6p1/5p1p/5k1P/7K/8,0,-1
8/8/8/6p1/5p1p/7P/4k2K/8,1,-1
8/8/8/6p1/5p1p/7P/4k1K1/8,0,-1
8/8/8/6p1/7p/5p1P/4k1K1/8,1,-1
8/8/8/6p1/7p/5p1P/4k3/6K1,0,-1
8/8/8/6p1/7p/7P/4kp2/6K1,1,-1
8/8/8/6p1/7p/7P/4kp1K/8,0,-1
8/8/8/6p1/7p/5k1P/5p1K/8,1,-1
8/4pp1k/6p1/1p1Pn2p/1P6/2N1QB1P/6PK/q7,0,-1
8/4pp1k/6p1/1p1P3p/1Pn5/2N1QB1P/6PK/q7,1,-1
8/4pp1k/6p1/1p1P3p/1PnQ4/2N2B1P/6PK/q7,0,-1
8/4pp1k/3n2p1/1p1P3p/1P1Q4/2N2B1P/6PK/q7,1,-1
8/4pp1k/3n2p1/1N1P3p/1P1Q4/5B1P/6PK/q7,0,-1
8/4pp1k/3n2p1/1N1P3p/1P1Q4/5B1P/6PK/1q6,1,-1
8/4pp1k/3N2p1/3P3p/1P1Q4/5B1P/6PK/1q6,0,-1
8/5p1k/3p2p1/3P3p/1P1Q4/5B1P/6PK/1q6,1,-1
8/5p1k/3p1Qp1/3P3p/1P6/5B1P/6PK/1q6,0,-1
8/5p1k/3p1Qp1/3P3p/1q6/5B1P/6PK/8,1,-1
8/5Q1k/3p2p1/3P3p/1q6/5B1P/6PK/8,0,-1
8/5Q2/3p2pk/3P3p/1q6/5B1P/6PK/8,1,-1
8/8/3p2pk/3P3p/1q3Q2/5B1P/6PK/8,0,-1
8/8/3p2pk/3P3p/5q2/5B1P/6PK/8,1,-1
8/8/3p2pk/3P3p/5q2/5B1P/6P1/7K,0,-1
8/8/3p2pk/3P3p/8/4qB1P/6P1/7K,1,-1
8/8/3p2pk/3P3p/8/4qB1P/6PK/8,0,-1
8/8/3p2p1/3P2kp/8/4qB1P/6PK/8,1,-1
8/8/3p2p1/3P2kp/8/4qBKP/6P1/8,0,-1
8/8/3p2p1/3P2k1/7p/4qBKP/6P1/8,1,-1
5r2/4N2k/3p1K2/pp6/8/1P6/P7/6R1,1,1
5r2/4N2k/3pK3/pp6/8/1P6/P7/6R1,0,1
8/4N2k/3pK3/pp6/8/1P6/P4r2/6R1,1,1
8/7k/3pK3/pp3N2/8/1P6/P4r2/6R1,0,1
8/7k/3pK3/pp3N2/8/1P6/r7/6R1,1,1
8/7k/3pK3/pp3N2/8/1P6/r7/5R2,0,1
8/7k/3pK3/1p3N2/p7/1P6/r7/5R2,1,1
8/5K1k/3p4/1p3N2/p7/1P6/r7/5R2,0,1
8/5K1k/3p4/1p3N2/p7/1P6/7r/5R2,1,1
8/5K1k/3p4/1p3N2/P7/8/7r/5R2,0,1
8/5K1k/3p4/5N2/p7/8/7r/5R2,1,1
8/5K1k/3p4/5N2/p7/5R2/7r/8,0,1
8/5K1k/3p4/5N1r/p7/5R2/8/8,1,1
8/7k/3p1K2/5N1r/p7/5R2/8/8,0,1
8/7k/3p1K2/5N2/p7/5R2/8/7r,1,1
8/7k/3p1K2/5N2/p7/R7/8/7r,0,1
8/7k/3p1K2/5N2/p7/R7/8/6r1,1,1
8/7k/3p1K2/5N2/R7/8/8/6r1,0,1
8/7k/3p1Kr1/5N2/R7/8/8/8,1,1
8/5K1k/3p2r1/5N2/R7/8/8/8,0,1
8/rp2ppk1/3p2p1/P7/5KP1/1R6/8/8,0,-1
8/1p2ppk1/3p2p1/r7/5KP1/1R6/8/8,1,-1
8/1R2ppk1/3p2p1/r7/5KP1/8/8/8,0,-1
8/1R2pp2/3p1kp1/r7/5KP1/8/8/8,1,-1
8/4pp2/3p1kp1/r7/1R3KP1/8/8/8,0,-1
8/4pp2/3p1k2/r5p1/1R3KP1/8/8/8,1,-1
8/4pp2/3p1k2/r5p1/1R2K1P1/8/8/8,0,-1
8/4pp2/3p1k2/4r1p1/1R2K1P1/8/8/8,1,-1
8/4pp2/3p1k2/4r1p1/1R4P1/5K2/8/8,0,-1
8/4pp2/3pk3/4r1p1/1R4P1/5K2/8/8,1,-1
8/4pp2/3pk3/4r1p1/R5P1/5K2/8/8,0,-1
8/4p3/3pk3/4rpp1/R5P1/5K2/8/8,1,-1
8/4p3/3pk3/4rPp1/R7/5K2/8/8,0,-1
8/4p3/3p4/4rkp1/R7/5K2/8/8,1,-1
8/4p3/3p4/4rkp1/1R6/5K2/8/8,0,-1
8/4p3/3p4/2r2kp1/1R6/5K2/8/8,1,-1
8/4p3/3p4/2r2kp1/R7/5K2/8/8,0,-1
8/4p3/3p4/5kp1/R7/2r2K2/8/8,1,-1
8/4p3/3p4/5kp1/R7/2r5/4K3/8,0,-1
8/8/3p4/4pkp1/R7/2r5/4K3/8,1,-1
6k1/1q3p2/p5p1/5b1p/2PRn3/6P1/P2Q3P/6K1,1,1
3R2k1/1q3p2/p5p1/5b1p/2P1n3/6P1/P2Q3P/6K1,0,1
3R4/1q3p1k/p5p1/5b1p/2P1n3/6P1/P2Q3P/6K1,1,1
3R4/1q3p1k/p5p1/5b1p/2PQn3/6P1/P6P/6K1,0,1
3R4/5p1k/p5p1/5b1p/2PQn3/6P1/P6P/1q4K1,1,1
3R4/5p1k/p5p1/5b1p/2P1n3/6P1/P6P/1q1Q2K1,0,1
3R4/5p1k/p5p1/5b1p/2P1n3/6P1/q6P/3Q2K1,1,1
3R4/5p1k/p5p1/5b1p/2PQn3/6P1/q6P/6K1,0,1
3R4/5p1k/p5p1/5b1p/2PQn3/6P1/7P/1q4K1,1,1
3R4/5p1k/p5p1/5b1p/2PQn3/6P1/6KP/1q6,0,1
3R4/5p1k/p5p1/5b1p/2PQn3/6P1/2q3KP/8,1,1
3R4/5p1k/p5p1/5b1p/2PQn3/6P1/2q4P/6K1,0,1
3R4/7k/p4pp1/5b1p/2PQn3/6P1/2q4P/6K1,1,1
3R4/Q6k/p4pp1/5b1p/2P1n3/6P1/2q4P/6K1,0,1
3R4/Q7/p4ppk/5b1p/2P1n3/6P1/2q4P/6K1,1,1
7R/Q7/p4ppk/5b1p/2P1n3/6P1/2q4P/6K1,0,1
7R/Q7/p4pp1/5bkp/2P1n3/6P1/2q4P/6K1,1,1
7R/8/p4pp1/5bkp/2P1n3/4Q1P1/2q4P/6K1,0,1
7R/8/p4pp1/5b1p/2P1n1k1/4Q1P1/2q4P/6K1,1,1
7R/8/p4pp1/5b1p/2P1nQk1/6P1/2q4P/6K1,0,1
6k1/p4p2/6p1/4p1Pp/4P3/1P3RK1/P4PP1/4r3,0,-1
6k1/p4p2/6p1/4p1Pp/4r3/1P3RK1/P4PP1/8,1,-1
6k1/p4p2/5Rp1/4p1Pp/4r3/1P4K1/P4PP1/8,0,-1
6k1/p4p2/5Rp1/4p1Pp/6r1/1P4K1/P4PP1/8,1,-1
6k1/p4p2/5Rp1/4p1Pp/6r1/1P3K2/P4PP1/8,0,-1
6k1/p4p2/5Rp1/6Pp/4p1r1/1P3K2/P4PP1/8,1,-1
6k1/p4p2/5Rp1/6Pp/4p1r1/1P2K3/P4PP1/8,0,-1
6k1/p4p2/5Rp1/6Pp/4p3/1P2K3/P4Pr1/8,1,-1
6k1/p4p2/5Rp1/6Pp/1P2p3/4K3/P4Pr1/8,0,-1
6k1/p4p2/5Rp1/6rp/1P2p3/4K3/P4P2/8,1,-1
6k1/p4p2/5Rp1/6rp/PP2p3/4K3/5P2/8,0,-1
6k1/p4p2/5Rp1/6r1/PP2p2p/4K3/5P2/8,1,-1
6k1/p4p2/2R3p1/6r1/PP2p2p/4K3/5P2/8,0,-1
6k1/p4p2/2R3p1/8/PP2p2p/4K3/5P2/6r1,1,-1
6k1/p4p2/2R3p1/8/PP2pP1p/4K3/8/6r1,0,-1
6k1/p4p2/2R3p1/8/PP5p/4Kp2/8/6r1,1,-1
6k1/p4p2/2R3p1/8/PP5p/5K2/8/6r1,0,-1
6k1/p4p2/2R3p1/8/PP6/5K1p/8/6r1,1,-1
6k1/p4p2/6p1/8/PP6/5K1p/2R5/6r1,0,-1
6k1/p4p2/8/6p1/PP6/5K1p/2R5/6r1,1,-1
8/5pk1/6p1/P2R4/2K4p/1P3r2/8/8,0,-1
8/5pk1/6p1/P2R4/2K5/1P3r1p/8/8,1,-1
8/5pk1/6p1/P2R4/1PK5/5r1p/8/8,0,-1
8/5pk1/6p1/P2R4/1PK5/7p/8/5r2,1,-1
8/5pk1/6p1/P7/1PK5/7p/3R4/5r2,0,-1
8/5pk1/8/P5p1/1PK5/7p/3R4/5r2,1,-1
8/5pk1/P7/6p1/1PK5/7p/3R4/5r2,0,-1
8/5pk1/P7/6p1/1PK5/7p/3R4/r7,1,-1
8/5pk1/P7/1P4p1/2K5/7p/3R4/r7,0,-1
8/5pk1/P7/1P6/2K3p1/7p/3R4/r7,1,-1
8/5pk1/P7/1PK5/6p1/7p/3R4/r7,0,-1
8/5pk1/P7/1PK5/8/6pp/3R4/r7,1,-1
8/5pk1/P7/1PK5/8/3R2pp/8/r7,0,-1
8/5pk1/P7/1PK5/8/3R3p/6p1/r7,1,-1
8/5pk1/P7/1PK5/8/6Rp/6p1/r7,0,-1
8/5p2/P4k2/1PK5/8/6Rp/6p1/r7,1,-1
8/5p2/PP3k2/2K5/8/6Rp/6p1/r7,0,-1
8/5p2/PP3k2/2K5/8/6R1/6pp/r7,1,-1
8/1P3p2/P4k2/2K5/8/6R1/6pp/r7,0,-1
8/1P3p2/P4k2/2K5/8/6R1/7p/r5q1,1,-1
8/kq6/3P4/p4Q2/1b2P2P/6P1/R6K/3r4,0,-1
8/kq6/3r4/p4Q2/1b2P2P/6P1/R6K/8,1,-1
8/kq6/3r4/p4Q2/1b2P2P/6P1/2R4K/8,0,-1
8/k2q4/3r4/p4Q2/1b2P2P/6P1/2R4K/8,1,-1
8/k2q4/3r4/p7/1b2P2P/6P1/2R2Q1K/8,0,-1
8/1k1q4/3r4/p7/1b2P2P/6P1/2R2Q1K/8,1,-1
8/1k1q4/3r4/p3P3/1b5P/6P1/2R2Q1K/8,0,-1
8/1k1q4/8/p3P3/1b5P/6P1/2Rr1Q1K/8,1,-1
8/1k1q4/8/p3P3/1b5P/6P1/3R1Q1K/8,0,-1
8/1k6/8/p3P3/1b5P/6P1/3q1Q1K/8,1,-1
8/1k6/8/p3P3/1b5P/6P1/3Q3K/8,0,-1
8/1k6/8/p3P3/7P/6P1/3b3K/8,1,-1
8/1k6/8/p3P3/6PP/8/3b3K/8,0,-1
8/1k6/8/4P3/p5PP/8/3b3K/8,1,-1
8/1k6/8/4P1P1/p6P/8/3b3K/8,0,-1
8/1k6/8/4P1P1/7P/p7/3b3K/8,1,-1
8/1k6/4P3/6P1/7P/p7/3b3K/8,0,-1
8/2k5/4P3/6P1/7P/p7/3b3K/8,1,-1
8/2k5/4P1P1/8/7P/p7/3b3K/8,0,-1
8/2k5/4P1Pb/8/7P/p7/7K/8,1,-1
r4r1k/2n2p1P/5q1p/4pP2/1P6/p1PB4/p2Q4/K2R3R,0,1
r4r1k/2n2p1P/5q1p/5P2/1P2p3/p1PB4/p2Q4/K2R3R,1,1
r4r1k/2n2p1P/5q1R/5P2/1P2p3/p1PB4/p2Q4/K2R4,0,1
r4r1k/2n2p1P/7R/4qP2/1P2p3/p1PB4/p2Q4/K2R4,1,1
r4r1k/2n2p1P/7R/4qP2/1P2p3/p1PB4/p2Q4/K5R1,0,1
r4r1k/2n2p1P/7R/4qP2/1P6/p1Pp4/p2Q4/K5R1,1,1
r4r1k/2n2p1P/5P1R/4q3/1P6/p1Pp4/p2Q4/K5R1,0,1
r4r1k/5p1P/4nP1R/4q3/1P6/p1Pp4/p2Q4/K5R1,1,1
r4rRk/5p1P/4nP1R/4q3/1P6/p1Pp4/p2Q4/K7,0,1
r5rk/5p1P/4nP1R/4q3/1P6/p1Pp4/p2Q4/K7,1,1
r5Rk/5p2/4nP1R/4q3/1P6/p1Pp4/p2Q4/K7,0,1
r5k1/5p2/4nP1R/4q3/1P6/p1Pp4/p2Q4/K7,1,1
r5k1/5p2/4nP1R/4q3/1P6/p1Pp4/p5Q1/K7,0,1
r5k1/5p2/4nP1R/6q1/1P6/p1Pp4/p5Q1/K7,1,1
r5k1/5p2/4nP1R/6q1/1P6/p1Pp4/p7/K6Q,0,1
r5k1/5p2/4nq1R/8/1P6/p1Pp4/p7/K6Q,1,1
r5k1/5p1R/4nq2/8/1P6/p1Pp4/p7/K6Q,0,1
r5k1/5p1R/4n3/8/1P6/p1qp4/p7/K6Q,1,1
r5k1/5p1R/4n3/8/1P6/p1qp4/K7/7Q,0,1
r5k1/5p1R/4n3/8/1Pq5/p2p4/K7/7Q,1,1
3r2k1/8/4pp2/pp1r4/6p1/P1PN2R1/1P2K1PP/8,0,-1
3r4/5k2/4pp2/pp1r4/6p1/P1PN2R1/1P2K1PP/8,1,-1
3r4/5k2/4pp2/pp1r4/6p1/PPPN2R1/4K1PP/8,0,-1
3r4/5k2/5p2/pp1rp3/6p1/PPPN2R1/4K1PP/8,1,-1
3r4/5k2/5p2/pp1rp3/1P4p1/P1PN2R1/4K1PP/8,0,-1
3r4/5k2/5p2/1p1rp3/1p4p1/P1PN2R1/4K1PP/8,1,-1
3r4/5k2/5p2/1p1rp3/1P4p1/P2N2R1/4K1PP/8,0,-1
3r4/5k2/8/1p1rpp2/1P4p1/P2N2R1/4K1PP/8,1,-1
3r4/5k2/8/1p1rpp2/1P4p1/P5R1/4K1PP/4N3,0,-1
3r4/5k2/8/1p2pp2/1P4p1/P5R1/3rK1PP/4N3,1,-1
3r4/5k2/8/1p2pp2/1P4p1/P5R1/3r2PP/4NK2,0,-1
8/5k2/8/1p2pp2/1P1r2p1/P5R1/3r2PP/4NK2,1,-1
8/5k2/8/1p2pp2/1P1r2p1/P1R5/3r2PP/4NK2,0,-1
8/5k2/8/1p2pp2/1P3rp1/P1R5/3r2PP/4NK2,1,-1
8/5k2/8/1p2pp2/1P3rp1/P1R5/3r2PP/4N1K1,0,-1
8/5k2/8/1p2pp2/1Pr3p1/P1R5/3r2PP/4N1K1,1,-1
8/5k2/8/1p2pp2/1Pr3p1/P3R3/3r2PP/4N1K1,0,-1
8/8/5k2/1p2pp2/1Pr3p1/P3R3/3r2PP/4N1K1,1,-1
8/8/5k2/1p2pp2/1Pr3p1/P3R1P1/3r3P/4N1K1,0,-1
8/8/5k2/1p2pp2/1P4p1/P3R1P1/3r3P/2r1N1K1,1,-1
4rk1r/3Rp3/3p1bp1/1p1P4/6Q1/2P3BP/1P2R2K/2q5,1,1
4rk1r/3Rp3/3p1bp1/1p1P4/6Q1/2P3BP/1P3R1K/2q5,0,1
4r2r/3Rp1k1/3p1bp1/1p1P4/6Q1/2P3BP/1P3R1K/2q5,1,1
4r2r/3Rp1k1/3B1bp1/1p1P4/6Q1/2P4P/1P3R1K/2q5,0,1
4r2r/3Rp1k1/3B1bp1/1p1P4/6Q1/2P1q2P/1P3R1K/8,1,1
4r2r/3Rp1k1/5bp1/1p1P4/6Q1/2P1q1BP/1P3R1K/8,0,1
4r3/3Rp1k1/5bp1/1p1P4/6Q1/2P1q1Br/1P3R1K/8,1,1
4r3/3Rp1k1/5bp1/1p1P4/6Q1/2P1q1BK/1P3R2/8,0,1
7r/3Rp1k1/5bp1/1p1P4/6Q1/2P1q1BK/1P3R2/8,1,1
7r/3Rp1k1/5bp1/1p1P4/6Q1/2P1q1B1/1P3RK1/8,0,1
7r/3Rp1k1/5bp1/1p1P4/6Q1/2P3B1/1P3RK1/4q3,1,1
7r/3Rp1k1/5bp1/1p1P4/6Q1/2P3B1/1P4K1/4qR2,0,1
7r/3Rp1k1/5bp1/1p1P4/6Q1/2P3B1/1P1q2K1/5R2,1,1
7r/3Rp1k1/5bp1/1p1P4/6Q1/2P3B1/1P1q1RK1/8,0,1
7r/3Rp1k1/5bp1/1p1P4/6Q1/2P3B1/1P3RK1/4q3,1,1
7r/3Rp1k1/5bQ1/1p1P4/8/2P3B1/1P3RK1/4q3,0,1
7r/3Rp3/5bk1/1p1P4/8/2P3B1/1P3RK1/4q3,1,1
7r/3Rp3/5Rk1/1p1P4/8/2P3B1/1P4K1/4q3,0,1
7r/3R4/5pk1/1p1P4/8/2P3B1/1P4K1/4q3,1,1
7r/3R4/5pk1/1p1P4/8/2P5/1P4K1/4B3,0,1
8/4k3/8/7P/5KP1/8/r2p4/3R4,0,0
8/5k2/8/7P/5KP1/8/r2p4/3R4,1,0
8/5k2/8/6KP/6P1/8/r2p4/3R4,0,0
8/6k1/8/6KP/6P1/8/r2p4/3R4,1,0
8/6k1/7P/6K1/6P1/8/r2p4/3R4,0,0
8/7k/7P/6K1/6P1/8/r2p4/3R4,1,0
8/7k/7P/7K/6P1/8/r2p4/3R4,0,0
8/7k/7P/r6K/6P1/8/3p4/3R4,1,0
8/7k/7P/r5PK/8/8/3p4/3R4,0,0
8/7k/7P/3r2PK/8/8/3p4/3R4,1,0
8/7k/7P/3r2P1/6K1/8/3p4/3R4,0,0
8/8/6kP/3r2P1/6K1/8/3p4/3R4,1,0
8/8/6kP/3r2P1/5K2/8/3p4/3R4,0,0
8/8/6kP/6r1/5K2/8/3p4/3R4,1,0
8/7P/6k1/6r1/5K2/8/3p4/3R4,0,0
8/7P/6k1/5r2/5K2/8/3p4/3R4,1,0
8/7P/6k1/5r2/4K3/8/3p4/3R4,0,0
5r2/7P/6k1/8/4K3/8/3p4/3R4,1,0
5r2/7P/6k1/8/4K3/8/3R4/8,0,0
5r2/7k/8/8/4K3/8/3R4/8,1,0
4r1k1/p3q1pp/2p1p1b1/1rNpP3/N5Pn/1P6/PKP1Q2P/4RR2,1,1
4r1k1/p3q1pp/2p1p1b1/1rNpP3/N5Pn/1P6/PKP2Q1P/4RR2,0,1
4r1k1/p3q1p1/2p1p1bp/1rNpP3/N5Pn/1P6/PKP2Q1P/4RR2,1,1
4r1k1/p3q1p1/2p1N1bp/1r1pP3/N5Pn/1P6/PKP2Q1P/4RR2,0,1
4r1k1/p5p1/2p1q1bp/1r1pP3/N5Pn/1P6/PKP2Q1P/4RR2,1,1
4r1k1/p5p1/2p1q1bp/1r1pP3/N5PQ/1P6/PKP4P/4RR2,0,1
4r1k1/p5p1/2p1q1bp/1r2P3/N2p2PQ/1P6/PKP4P/4RR2,1,1
4r1k1/p5p1/2p1q1bp/1r2P1P1/N2p3Q/1P6/PKP4P/4RR2,0,1
4r1k1/p5p1/2p1q1b1/1r2P1p1/N2p3Q/1P6/PKP4P/4RR2,1,1
4r1k1/p5p1/2p1q1b1/1r2P1Q1/N2p4/1P6/PKP4P/4RR2,0,1
4r1k1/p5p1/4q1b1/1rp1P1Q1/N2p4/1P6/PKP4P/4RR2,1,1
4r1k1/p5p1/4qRb1/1rp1P1Q1/N2p4/1P6/PKP4P/4R3,0,1
4r1k1/p7/4qpb1/1rp1P1Q1/N2p4/1P6/PKP4P/4R3,1,1
4r1k1/p7/4qpQ1/1rp1P3/N2p4/1P6/PKP4P/4R3,0,1
4rk2/p7/4qpQ1/1rp1P3/N2p4/1P6/PKP4P/4R3,1,1
4rk2/p7/4qPQ1/1rp5/N2p4/1P6/PKP4P/4R3,0,1
4rk2/p4q2/5PQ1/1rp5/N2p4/1P6/PKP4P/4R3,1,1
4rk2/p4q2/5P1Q/1rp5/N2p4/1P6/PKP4P/4R3,0,1
4r1k1/p4q2/5P1Q/1rp5/N2p4/1P6/PKP4P/4R3,1,1
4r1k1/p4q2/5P1Q/1rp5/N2p4/1P6/PKP4P/6R1,0,1
8/2P4R/2q5/2P2k2/3K4/6p1/8/8,0,-1
8/2P4R/2q5/2P5/3K1k2/6p1/8/8,1,-1
8/2P2R2/2q5/2P5/3K1k2/6p1/8/8,0,-1
8/2P2R2/2q5/2P5/3K2k1/6p1/8/8,1,-1
8/2P2R2/2q5/2P5/2K3k1/6p1/8/8,0,-1
8/2P2R2/2q5/2P5/2K3k1/8/6p1/8,1,-1
8/2P3R1/2q5/2P5/2K3k1/8/6p1/8,0,-1
8/2P3R1/2q5/2P5/2K5/5k2/6p1/8,1,-1
8/2P5/2q3R1/2P5/2K5/5k2/6p1/8,0,-1
8/2P5/6q1/2P5/2K5/5k2/6p1/8,1,-1
2Q5/8/6q1/2P5/2K5/5k2/6p1/8,0,-1
2Q5/8/8/2P5/2K3q1/5k2/6p1/8,1,-1
8/8/8/2P5/2K3Q1/5k2/6p1/8,0,-1
8/8/8/2P5/2K3k1/8/6p1/8,1,-1
8/8/2P5/8/2K3k1/8/6p1/8,0,-1
8/8/2P5/8/2K3k1/8/8/6q1,1,-1
8/8/2P5/3K4/6k1/8/8/6q1,0,-1
8/8/2P5/3K4/6k1/6q1/8/8,1,-1
8/8/2P1K3/8/6k1/6q1/8/8,0,-1
8/2q5/2P1K3/8/6k1/8/8/8,1,-1
4qb2/5p2/r1p4p/p4kp1/P2B1p2/1P3Q2/1P5P/2R2R1K,1,1
4qb2/5p2/r1p4p/p4kp1/P2B1p2/1P3Q2/1P5P/4RR1K,0,1
5b2/5p2/r1p1q2p/p4kp1/P2B1p2/1P3Q2/1P5P/4RR1K,1,1
5b2/5p2/r1p1R2p/p4kp1/P2B1p2/1P3Q2/1P5P/5R1K,0,1
5b2/5p2/r1p1k2p/p5p1/P2B1p2/1P3Q2/1P5P/5R1K,1,1
5b2/5p2/r1p1k2p/p5p1/P2B1p2/1P3Q2/1P5P/4R2K,0,1
5b2/3k1p2/r1p4p/p5p1/P2B1p2/1P3Q2/1P5P/4R2K,1,1
5b2/3k1p2/r1p4p/p5p1/P2B1pQ1/1P6/1P5P/4R2K,0,1
5b2/2k2p2/r1p4p/p5p1/P2B1pQ1/1P6/1P5P/4R2K,1,1
5b2/2k2p2/r1p4p/p4Qp1/P2B1p2/1P6/1P5P/4R2K,0,1
5b2/2k2p2/r6p/p1p2Qp1/P2B1p2/1P6/1P5P/4R2K,1,1
5b2/2k2p2/r6p/p1B2Qp1/P4p2/1P6/1P5P/4R2K,0,1
8/2k2p2/r6p/p1b2Qp1/P4p2/1P6/1P5P/4R2K,1,1
8/2k2p2/r6p/p1Q3p1/P4p2/1P6/1P5P/4R2K,0,1
8/1k3p2/r6p/p1Q3p1/P4p2/1P6/1P5P/4R2K,1,1
8/1k3p2/r6p/pQ4p1/P4p2/1P6/1P5P/4R2K,0,1
8/1k3p2/1r5p/pQ4p1/P4p2/1P6/1P5P/4R2K,1,1
8/1k2Rp2/1r5p/pQ4p1/P4p2/1P6/1P5P/7K,0,1
k7/4Rp2/1r5p/pQ4p1/P4p2/1P6/1P5P/7K,1,1
k7/4Rp2/1Q5p/p5p1/P4p2/1P6/1P5P/7K,0,1
r1b1k2r/2qn4/p2b2pp/1p1Ppp2/7B/1N6/PPPQ2PP/2KR1B1R,1,0
r1b1k2r/2qn4/p2b2pp/1p1Ppp2/6PB/1N6/PPPQ3P/2KR1B1R,0,0
r1b1k2r/2qn4/p2b2pp/1p1Pp3/5pPB/1N6/PPPQ3P/2KR1B1R,1,0
r1b1k2r/2qn4/p2b2pp/1p1Pp3/5pPB/1N1B4/PPPQ3P/2KR3R,0,0
r1b4r/2qn1k2/p2b2pp/1p1Pp3/5pPB/1N1B4/PPPQ3P/2KR3R,1,0
r1b4r/2qn1k2/p2b2pp/1p1Pp3/5pPB/1N1B4/PPP3QP/2KR3R,0,0
r1b4r/2qn1k2/p2b3p/1p1Pp1p1/5pPB/1N1B4/PPP3QP/2KR3R,1,0
r1b4r/2qn1k2/p2b3p/1p1Pp1p1/4QpPB/1N1B4/PPP4P/2KR3R,0,0
r1b4r/2qn1k2/p2b3p/1p1Pp3/4QpPp/1N1B4/PPP4P/2KR3R,1,0
r1b4r/2qn1k2/p2b2Qp/1p1Pp3/5pPp/1N1B4/PPP4P/2KR3R,0,0
r1b2k1r/2qn4/p2b2Qp/1p1Pp3/5pPp/1N1B4/PPP4P/2KR3R,1,0
r1b2k1r/2qn4/p2b2Qp/1p1PpB2/5pPp/1N6/PPP4P/2KR3R,0,0
r1b2k1r/2qn4/p2b2Qp/1p1P1B2/4ppPp/1N6/PPP4P/2KR3R,1,0
r1b2k1r/2qB4/p2b2Qp/1p1P4/4ppPp/1N6/PPP4P/2KR3R,0,0
r4k1r/2qb4/p2b2Qp/1p1P4/4ppPp/1N6/PPP4P/2KR3R,1,0
r4k1r/2qb4/p2b1Q1p/1p1P4/4ppPp/1N6/PPP4P/2KR3R,0,0
r5kr/2qb4/p2b1Q1p/1p1P4/4ppPp/1N6/PPP4P/2KR3R,1,0
r5kr/2qb4/p2b2Qp/1p1P4/4ppPp/1N6/PPP4P/2KR3R,0,0
r4k1r/2qb4/p2b2Qp/1p1P4/4ppPp/1N6/PPP4P/2KR3R,1,0
r4k1r/2qb4/p2b1Q1p/1p1P4/4ppPp/1N6/PPP4P/2KR3R,0,0
8/4pR2/3b2k1/2pP4/2P2pp1/8/4K3/8,1,-1
5R2/4p3/3b2k1/2pP4/2P2pp1/8/4K3/8,0,-1
5R2/4p3/6k1/2pPb3/2P2pp1/8/4K3/8,1,-1
5R2/4p3/6k1/2pPb3/2P2pp1/3K4/8/8,0,-1
5R2/4p3/8/2pPb1k1/2P2pp1/3K4/8/8,1,-1
5R2/4p3/8/2pPb1k1/2P1Kpp1/8/8/8,0,-1
5R2/4p3/3b4/2pP2k1/2P1Kpp1/8/8/8,1,-1
6R1/4p3/3b4/2pP2k1/2P1Kpp1/8/8/8,0,-1
6R1/4p3/3b4/2pP4/2P1Kppk/8/8/8,1,-1
6R1/4p3/3b4/2pP1K2/2P2ppk/8/8/8,0,-1
6R1/4p3/3b4/2pP1K2/2P3pk/5p2/8/8,1,-1
8/4p3/3b4/2pP1K2/2P3Rk/5p2/8/8,0,-1
8/4p3/3b4/2pP1K2/2P3R1/5p1k/8/8,1,-1
8/4p3/3b4/2pP1K2/2P5/5p1k/8/6R1,0,-1
8/4p3/3b4/2pP1K2/2P5/7k/5p2/6R1,1,-1
8/4p3/3b4/2pP1K2/2P5/7k/5p2/1R6,0,-1
8/4p3/3b4/2pP1K2/2P5/8/5pk1/1R6,1,-1
8/4p3/3b4/2pP1K2/2P5/8/1R3pk1/8,0,-1
8/4p3/3b4/2pP1K2/2P5/8/1R3p2/6k1,1,-1
8/4p3/3b4/2pP4/2P1K3/8/1R3p2/6k1,0,-1
R7/2P2k2/2K2p1p/8/8/8/8/2r5,1,1
R7/2PK1k2/5p1p/8/8/8/8/2r5,0,1
R7/2PK1k2/5p1p/8/8/8/8/3r4,1,1
R1K5/2P2k2/5p1p/8/8/8/8/3r4,0,1
R1K5/2P2k2/5p2/7p/8/8/8/3r4,1,1
2K5/2P2k2/5p2/R6p/8/8/8/3r4,0,1
2K5/2P5/5pk1/R6p/8/8/8/3r4,1,1
8/1KP5/5pk1/R6p/8/8/8/3r4,0,1
8/1KP5/5pk1/R6p/8/8/8/2r5,1,1
8/2P5/1K3pk1/R6p/8/8/8/2r5,0,1
8/2r5/1K3pk1/R6p/8/8/8/8,1,1
8/2K5/5pk1/R6p/8/8/8/8,0,1
8/2K5/5pk1/R7/7p/8/8/8,1,1
8/8/3K1pk1/R7/7p/8/8/8,0,1
8/8/3K2k1/R4p2/7p/8/8/8,1,1
8/8/6k1/R3Kp2/7p/8/8/8,0,1
8/8/8/R3Kpk1/7p/8/8/8,1,1
R7/8/8/4Kpk1/7p/8/8/8,0,1
R7/8/8/4Kpk1/8/7p/8/8,1,1
6R1/8/8/4Kpk1/8/7p/8/8,0,1
4r1k1/1pr2p2/p2p2p1/3P2PQ/1PPq4/3B4/P1K2R2/8,1,-1
4r1k1/1pr2p2/p2p2p1/3P2P1/1PPq4/3B4/P1K2R1Q/8,0,-1
6k1/1pr2p2/p2p2p1/3P2P1/1PPq4/3Br3/P1K2R1Q/8,1,-1
6k1/1pr2p2/p2p2p1/3P2P1/1PPq4/3Br3/P1KR3Q/8,0,-1
6k1/1p3p2/p2p2p1/3P2P1/1Prq4/3Br3/P1KR3Q/8,1,-1
6k1/1p3p2/p2p2p1/3P2P1/1PBq4/4r3/P1KR3Q/8,0,-1
6k1/1p3p2/p2p2p1/3P2P1/1Pq5/4r3/P1KR3Q/8,1,-1
6k1/1p3p2/p2p2p1/3P2P1/1Pq5/4r3/P2R3Q/3K4,0,-1
6k1/1p3p2/p2p2p1/3P2P1/1q6/4r3/P2R3Q/3K4,1,-1
6k1/1p3p2/p2p2p1/3P2P1/1q6/4r3/PR5Q/3K4,0,-1
6k1/1p3p2/p2p2p1/3P2P1/3q4/4r3/PR5Q/3K4,1,-1
6k1/1p3p2/p2p2p1/3P2P1/3q4/4r3/PR5Q/2K5,0,-1
6k1/1p3p2/p2p2p1/3P2P1/3q4/8/PR5Q/2K1r3,1,-1
6k1/1p3p2/p2p2p1/3P2P1/3q4/8/PRK4Q/4r3,0,-1
6k1/1p3p2/p2p2p1/3P2P1/2q5/8/PRK4Q/4r3,1,-1
6k1/1p3p2/p2p2p1/3P2P1/2q5/8/PR1K3Q/4r3,0,-1
6k1/1p3p2/p2p2p1/3P2P1/8/8/PR1K3Q/2q1r3,1,-1
6k1/1p3p2/p2p2p1/3P2P1/8/3K4/PR5Q/2q1r3,0,-1
6k1/1p3p2/p2p2p1/3P2P1/8/3Kr3/PR5Q/2q5,1,-1
6k1/1p3p2/p2p2p1/3P2P1/3K4/4r3/PR5Q/2q5,0,-1
8/6kp/B5p1/5q2/P7/1P2Q3/5K2/8,1,1
8/6kp/B5p1/5q2/P7/1P2Q1K1/8/8,0,1
8/6k1/B5p1/5q1p/P7/1P2Q1K1/8/8,1,1
8/6k1/6p1/5q1p/P7/1P2Q1K1/4B3/8,0,1
8/6k1/5qp1/7p/P7/1P2Q1K1/4B3/8,1,1
8/6k1/5qp1/P6p/8/1P2Q1K1/4B3/8,0,1
8/6k1/3q2p1/P6p/8/1P2Q1K1/4B3/8,1,1
8/6k1/3q2p1/P6p/8/1P2Q3/4BK2/8,0,1
8/6k1/5qp1/P6p/8/1P2Q3/4BK2/8,1,1
8/6k1/5qp1/P6p/8/1P2Q3/4B1K1/8,0,1
8/6k1/2q3p1/P6p/8/1P2Q3/4B1K1/8,1,1
8/6k1/2q3p1/P6p/8/1P3Q2/4B1K1/8,0,1
8/6k1/6p1/P1q4p/8/1P3Q2/4B1K1/8,1,1
8/6k1/P5p1/2q4p/8/1P3Q2/4B1K1/8,0,1
8/6k1/P5p1/2q5/7p/1P3Q2/4B1K1/8,1,1
8/6k1/P5p1/2q5/7p/1P1B1Q2/6K1/8,0,1
8/6k1/P5p1/6q1/7p/1P1B1Q2/6K1/8,1,1
8/6k1/P5p1/6q1/7p/1P1B1Q1K/8/8,0,1
8/6k1/P5p1/8/7p/1P1B1Q1K/8/6q1,1,1
8/6k1/P5B1/8/7p/1P3Q1K/8/6q1,0,1
8/5pk1/p5p1/1pQ5/2P5/1P5P/P5PK/q7,0,0
8/5pk1/p5p1/2Q5/2p5/1P5P/P5PK/q7,1,0
8/5pk1/p5p1/8/2Q5/1P5P/P5PK/q7,0,0
8/5pk1/p5p1/8/2Q5/1P5P/q5PK/8,1,0
8/5pk1/p5p1/8/3Q4/1P5P/q5PK/8,0,0
8/5p1k/p5p1/8/3Q4/1P5P/q5PK/8,1,0
8/5p1k/p5p1/8/1P1Q4/7P/q5PK/8,0,0
8/5p1k/p5p1/8/1P1Q4/1q5P/6PK/8,1,0
8/5p1k/pQ4p1/8/1P6/1q5P/6PK/8,0,0
8/5pk1/pQ4p1/8/1P6/1q5P/6PK/8,1,0
8/5pk1/p5p1/8/1P1Q4/1q5P/6PK/8,0,0
8/5p1k/p5p1/8/1P1Q4/1q5P/6PK/8,1,0
8/5p1k/p4Qp1/8/1P6/1q5P/6PK/8,0,0
8/5p1k/p4Qp1/8/1Pq5/7P/6PK/8,1,0
8/5p1k/p2Q2p1/8/1Pq5/7P/6PK/8,0,0
8/5pk1/p2Q2p1/8/1Pq5/7P/6PK/8,1,0
8/5pk1/p5p1/4Q3/1Pq5/7P/6PK/8,0,0
8/5p1k/p5p1/4Q3/1Pq5/7P/6PK/8,1,0
8/5p1k/p2Q2p1/8/1Pq5/7P/6PK/8,0,0
8/5pk1/p2Q2p1/8/1Pq5/7P/6PK/8,1,0
r7/1r4p1/7p/4k3/6P1/3R2K1/5B2/8,0,-1
1r6/1r4p1/7p/4k3/6P1/3R2K1/5B2/8,1,-1
1r6/1r4p1/7p/4k3/6P1/4R1K1/5B2/8,0,-1
1r6/1r4p1/5k1p/8/6P1/4R1K1/5B2/8,1,-1
1r6/1r4p1/5k1p/8/6P1/5RK1/5B2/8,0,-1
1r6/1r4p1/6kp/8/6P1/5RK1/5B2/8,1,-1
1r6/1r4p1/6kp/5R2/6P1/6K1/5B2/8,0,-1
1r6/6p1/6kp/5R2/6P1/1r4K1/5B2/8,1,-1
1r6/6p1/6kp/5R2/6PK/1r6/5B2/8,0,-1
8/6p1/6kp/1r3R2/6PK/1r6/5B2/8,1,-1
8/6p1/6kp/1r6/5RPK/1r6/5B2/8,0,-1
8/6p1/6kp/8/1r3RPK/1r6/5B2/8,1,-1
8/6p1/6kp/5R2/1r4PK/1r6/5B2/8,0,-1
8/6p1/6kp/1r3R2/6PK/1r6/5B2/8,1,-1
8/6p1/6kp/1r6/5RPK/1r6/5B2/8,0,-1
8/6p1/6kp/1r6/1r3RPK/8/5B2/8,1,-1
8/6p1/6kp/1r6/1r4PK/5R2/5B2/8,0,-1
8/6p1/6k1/1r5p/1r4PK/5R2/5B2/8,1,-1
8/6p1/6k1/1r5p/1r4PK/6R1/5B2/8,0,-1
8/6p1/6k1/6rp/1r4PK/6R1/5B2/8,1,-1
r3k1r1/1bqnbp1p/p2p1n2/1p2pP2/8/PNN2B2/1PPBQ1PP/R4R1K,0,-1
2r1k1r1/1bqnbp1p/p2p1n2/1p2pP2/8/PNN2B2/1PPBQ1PP/R4R1K,1,-1
2r1k1r1/1bqnbp1p/p2p1n2/1p2pP2/8/PNN2B2/1PPBQ1PP/3R1R1K,0,-1
2r1k1r1/1bqnbp2/p2p1n2/1p2pP1p/8/PNN2B2/1PPBQ1PP/3R1R1K,1,-1
2r1k1r1/1bqnbp2/p2p1n2/1p2pP1p/8/PNN2B2/1PP1Q1PP/3RBR1K,0,-1
2r1k1r1/1bq1bp2/pn1p1n2/1p2pP1p/8/PNN2B2/1PP1Q1PP/3RBR1K,1,-1
2r1k1r1/1bq1bp2/pn1p1n2/1p2pP1p/7B/PNN2B2/1PP1Q1PP/3R1R1K,0,-1
2r1k1r1/1bqnbp2/p2p1n2/1p2pP1p/7B/PNN2B2/1PP1Q1PP/3R1R1K,1,-1
2r1k1r1/1bqnbp2/p2p1n2/1p2pP1p/7B/PNN2B2/1PPRQ1PP/5R1K,0,-1
2r1k1r1/2qnbp2/p2p1n2/1p2pP1p/7B/PNN2b2/1PPRQ1PP/5R1K,1,-1
2r1k1r1/2qnbp2/p2p1n2/1p2pP1p/7B/PNN2Q2/1PPR2PP/5R1K,0,-1
2r1k3/2qnbp2/p2p1n2/1p2pP1p/6rB/PNN2Q2/1PPR2PP/5R1K,1,-1
2r1k3/2qnbp2/p2p1n2/1p2pP1p/6r1/PNN2Q2/1PPR2PP/4BR1K,0,-1
2r1k3/2q1bp2/pn1p1n2/1p2pP1p/6r1/PNN2Q2/1PPR2PP/4BR1K,1,-1
2r1k3/2q1bp2/pn1p1n2/Np2pP1p/6r1/P1N2Q2/1PPR2PP/4BR1K,0,-1
2r1k3/2q1bp2/p2p1n2/Np2pP1p/2n3r1/P1N2Q2/1PPR2PP/4BR1K,1,-1
2r1k3/2q1bp2/p2p1n2/1p2pP1p/2N3r1/P1N2Q2/1PPR2PP/4BR1K,0,-1
2r1k3/4bp2/p2p1n2/1p2pP1p/2q3r1/P1N2Q2/1PPR2PP/4BR1K,1,-1
2r1k3/1Q2bp2/p2p1n2/1p2pP1p/2q3r1/P1N5/1PPR2PP/4BR1K,0,-1
2r1k3/1Q2bp2/p2p1n2/1p2pP1p/6r1/P1N5/1PPR2PP/4Bq1K,1,-1
4r1k1/5p2/2n3pp/r3P3/p7/R5PP/3N1P2/5BK1,0,-1
4r1k1/5p2/6pp/r3n3/p7/R5PP/3N1P2/5BK1,1,-1
4r1k1/5p2/6pp/r3n3/p7/RN4PP/5P2/5BK1,0,-1
4r1k1/5p2/6pp/r7/p7/RN3nPP/5P2/5BK1,1,-1
4r1k1/5p2/6pp/r7/p7/RN3nPP/5PK1/5B2,0,-1
4r1k1/5p2/6pp/r7/p7/RN4PP/5PK1/4nB2,1,-1
4r1k1/5p2/6pp/r7/p7/RN4PP/5P2/4nBK1,0,-1
4r1k1/5p2/6pp/r7/p7/RN3nPP/5P2/5BK1,1,-1
4r1k1/5p2/6pp/r7/p7/RN3nPP/5PK1/5B2,0,-1
4r1k1/5p2/6pp/r7/p7/RN4PP/5PK1/4nB2,1,-1
4r1k1/5p2/6pp/r7/p7/RN4PP/5P2/4nBK1,0,-1
4r1k1/5p2/6pp/r7/8/Rp4PP/5P2/4nBK1,1,-1
4r1k1/5p2/6pp/R7/8/1p4PP/5P2/4nBK1,0,-1
1r4k1/5p2/6pp/R7/8/1p4PP/5P2/4nBK1,1,-1
1r4k1/5p2/6pp/8/8/1p4PP/5P2/R3nBK1,0,-1
1r4k1/5p2/6pp/8/8/1p3nPP/5P2/R4BK1,1,-1
1r4k1/5p2/6pp/8/8/1p3nPP/5PK1/R4B2,0,-1
1r4k1/5p2/6pp/8/8/5nPP/1p3PK1/R4B2,1,-1
1r4k1/5p2/6pp/8/8/5nPP/1p3PK1/3R1B2,0,-1
1r4k1/5p2/6pp/8/8/5nPP/5PK1/1q1R1B2,1,-1
r6r/4kp1p/pq1p1n1Q/4p1p1/1pN5/5b1P/PPP2PP1/R2R2K1,0,-1
r6r/4kp1p/p2p1n1Q/2q1p1p1/1pN5/5b1P/PPP2PP1/R2R2K1,1,-1
r6r/4kp1p/p2N1n1Q/2q1p1p1/1p6/5b1P/PPP2PP1/R2R2K1,0,-1
r5r1/4kp1p/p2N1n1Q/2q1p1p1/1p6/5b1P/PPP2PP1/R2R2K1,1,-1
r5r1/4kp1p/p4n1Q/2q1pNp1/1p6/5b1P/PPP2PP1/R2R2K1,0,-1
r5r1/5p1p/p3kn1Q/2q1pNp1/1p6/5b1P/PPP2PP1/R2R2K1,1,-1
r5r1/5p1p/p3kn1Q/2q1p1p1/1p1N4/5b1P/PPP2PP1/R2R2K1,0,-1
r5r1/5p1p/p3kn1Q/2q3p1/1p1p4/5b1P/PPP2PP1/R2R2K1,1,-1
r5r1/5p1p/p3kn1Q/2q3p1/1p1p4/5b1P/PPP2PP1/R3R1K1,0,-1
r5r1/5p1p/p4n1Q/2q2kp1/1p1p4/5b1P/PPP2PP1/R3R1K1,1,-1
r5r1/5p1p/p4n1Q/2q2kp1/1p1p2P1/5b1P/PPP2P2/R3R1K1,0,-1
r5r1/5p1p/p6Q/2q2kp1/1p1p2n1/5b1P/PPP2P2/R3R1K1,1,-1
r5r1/5p1p/p6Q/2q2kp1/1p1p2P1/5b2/PPP2P2/R3R1K1,0,-1
r5r1/5p1p/p6Q/2q2kp1/1p1p2b1/8/PPP2P2/R3R1K1,1,-1
r5r1/5p1p/p6Q/2q2kp1/1p1p2b1/5P2/PPP5/R3R1K1,0,-1
r5r1/5p1p/p6Q/2q2kp1/1p4b1/3p1P2/PPP5/R3R1K1,1,-1
r5r1/5p1p/p6Q/2q2kp1/1p4b1/3p1P2/PPP5/R3RK2,0,-1
r5r1/5p1p/p6Q/2q2kp1/1p6/3p1b2/PPP5/R3RK2,1,-1
r5r1/5p1p/p7/2q2kp1/1p6/3p1b1Q/PPP5/R3RK2,0,-1
r5r1/5p1p/p7/2q2kp1/1p4b1/3p3Q/PPP5/R3RK2,1,-1
4bk2/1p3p1p/2r1pNp1/r1p5/P1P1P3/7P/5PP1/RR4K1,0,-1
4bk2/1pr2p1p/4pNp1/r1p5/P1P1P3/7P/5PP1/RR4K1,1,-1
4bk2/1pr2p1N/4p1p1/r1p5/P1P1P3/7P/5PP1/RR4K1,0,-1
4b3/1pr1kp1N/4p1p1/r1p5/P1P1P3/7P/5PP1/RR4K1,1,-1
4b3/1pr1kp1N/1R2p1p1/r1p5/P1P1P3/7P/5PP1/R5K1,0,-1
4b3/1pr1kp1N/1R2p1p1/2p5/r1P1P3/7P/5PP1/R5K1,1,-1
4b3/1pr1kp1N/1R2p1p1/2p5/R1P1P3/7P/5PP1/6K1,0,-1
8/1pr1kp1N/1R2p1p1/2p5/b1P1P3/7P/5PP1/6K1,1,-1
8/1pr1kp2/1R2p1p1/2p3N1/b1P1P3/7P/5PP1/6K1,0,-1
8/1pr1kp2/1Rb1p1p1/2p3N1/2P1P3/7P/5PP1/6K1,1,-1
8/1pr1kp2/1Rb1p1p1/2p1P1N1/2P5/7P/5PP1/6K1,0,-1
8/1p1rkp2/1Rb1p1p1/2p1P1N1/2P5/7P/5PP1/6K1,1,-1
8/1p1rkp2/1Rb1p1p1/2p1P1N1/2P3P1/7P/5P2/6K1,0,-1
8/1p2kp2/1Rb1p1p1/2p1P1N1/2Pr2P1/7P/5P2/6K1,1,-1
8/1p2kp2/1Rb1p1p1/2p1P1N1/2Pr2P1/7P/5P1K/8,0,-1
8/1p2kp2/1Rb1p1p1/2p1P1N1/2r3P1/7P/5P1K/8,1,-1
8/1p2kp2/1Rb1p1p1/2p1P1N1/2r3P1/6KP/5P2/8,0,-1
8/1p2kp2/1Rb1p1p1/2p1P1N1/1r4P1/6KP/5P2/8,1,-1
8/1p2kp2/2b1p1p1/2p1P1N1/1R4P1/6KP/5P2/8,0,-1
8/1p2kp2/2b1p1p1/4P1N1/1p4P1/6KP/5P2/8,1,-1
2q1r3/6pk/1pbQ3p/p1p5/2P5/1P3P2/6PP/2R1R1K1,0,-1
2qr4/6pk/1pbQ3p/p1p5/2P5/1P3P2/6PP/2R1R1K1,1,-1
2qr4/6pk/1pb1Q2p/p1p5/2P5/1P3P2/6PP/2R1R1K1,0,-1
3r4/2q3pk/1pb1Q2p/p1p5/2P5/1P3P2/6PP/2R1R1K1,1,-1
3r4/2q3pk/1pb4p/p1p2Q2/2P5/1P3P2/6PP/2R1R1K1,0,-1
3r3k/2q3p1/1pb4p/p1p2Q2/2P5/1P3P2/6PP/2R1R1K1,1,-1
3r3k/2q3p1/1pb4p/p1p2Q2/2P5/1P3P2/6PP/3RR1K1,0,-1
r6k/2q3p1/1pb4p/p1p2Q2/2P5/1P3P2/6PP/3RR1K1,1,-1
r6k/2q3p1/1pb1R2p/p1p2Q2/2P5/1P3P2/6PP/3R2K1,0,-1
r6k/2q3p1/1pb1R2p/2p2Q2/p1P5/1P3P2/6PP/3R2K1,1,-1
r6k/2q3p1/1pb1R2p/2p2Q2/p1P5/1P3P2/6PP/4R1K1,0,-1
r6k/2q3p1/1pb1R2p/2p2Q2/2P5/1p3P2/6PP/4R1K1,1,-1
r6k/2q1R1p1/1pb4p/2p2Q2/2P5/1p3P2/6PP/4R1K1,0,-1
r6k/4R1p1/1pbq3p/2p2Q2/2P5/1p3P2/6PP/4R1K1,1,-1
r6k/4R1p1/1pbq3p/2p5/2P3Q1/1p3P2/6PP/4R1K1,0,-1
r6k/4R1p1/1pb2q1p/2p5/2P3Q1/1p3P2/6PP/4R1K1,1,-1
r6k/4R1p1/1pb2q1p/2p5/2P3Q1/1p3P2/6PP/4R2K,0,-1
r6k/4R1p1/1pb2q1p/2p5/2P3Q1/5P2/1p4PP/4R2K,1,-1
r6k/4R1p1/1pb2q1p/2p4Q/2P5/5P2/1p4PP/4R2K,0,-1
r6k/4q1p1/1pb4p/2p4Q/2P5/5P2/1p4PP/4R2K,1,-1
8/1B6/8/pK6/1p3P2/6k1/P1b5/8,0,0
8/1B6/8/pK6/1p3k2/8/P1b5/8,1,0
8/8/8/pK1B4/1p3k2/8/P1b5/8,0,0
8/8/8/pK1Bk3/1p6/8/P1b5/8,1,0
6B1/8/8/pK2k3/1p6/8/P1b5/8,0,0
6B1/8/8/pK6/1p1k4/8/P1b5/8,1,0
6B1/8/8/K7/1p1k4/8/P1b5/8,0,0
6B1/8/8/K7/1p6/2k5/P1b5/8,1,0
8/5B2/8/K7/1p6/2k5/P1b5/8,0,0
8/5B2/8/K7/1p6/2kb4/P7/8,1,0
8/8/4B3/K7/1p6/2kb4/P7/8,0,0
8/8/4B3/K7/1pb5/2k5/P7/8,1,0
8/8/8/K7/1pB5/2k5/P7/8,0,0
8/8/8/K7/1pk5/8/P7/8,1,0
8/8/8/8/Kpk5/8/P7/8,0,0
8/8/8/8/Kp6/2k5/P7/8,1,0
8/8/8/1K6/1p6/2k5/P7/8,0,0
8/8/8/1K6/1p6/8/Pk6/8,1,0
8/8/8/8/1K6/8/Pk6/8,0,0
8/8/8/8/1K6/8/k7/8,1,0
5k2/5p2/pp1r3p/4b3/P1R2p1P/2PB1K2/1P3P2/8,1,1
2R2k2/5p2/pp1r3p/4b3/P4p1P/2PB1K2/1P3P2/8,0,1
2R5/5pk1/pp1r3p/4b3/P4p1P/2PB1K2/1P3P2/8,1,1
2R5/5pk1/Bp1r3p/4b3/P4p1P/2P2K2/1P3P2/8,0,1
2R5/5pk1/Bp5p/4b3/P4p1P/2P2K2/1P1r1P2/8,1,1
2R5/5pk1/Bp5p/4b3/PP3p1P/2P2K2/3r1P2/8,0,1
2R5/5pk1/Bp5p/4b3/PP3p1P/2P2K2/r4P2/8,1,1
2R5/5pk1/Bp5p/4b3/PP2Kp1P/2P5/r4P2/8,0,1
2R5/5pk1/Bp3b1p/8/PP2Kp1P/2P5/r4P2/8,1,1
8/2R2pk1/Bp3b1p/8/PP2Kp1P/2P5/r4P2/8,0,1
8/2R2pk1/Bp3b1p/8/rP2Kp1P/2P5/5P2/8,1,1
8/2R2pk1/1p3b1p/8/rPB1Kp1P/2P5/5P2/8,0,1
8/2R2pk1/1p5p/8/rPB1Kp1b/2P5/5P2/8,1,1
8/2R2pk1/1p5p/5K2/rPB2p1b/2P5/5P2/8,0,1
8/2R2pk1/1p5p/5K2/1PB2p1b/r1P5/5P2/8,1,1
8/5Rk1/1p5p/5K2/1PB2p1b/r1P5/5P2/8,0,1
7k/5R2/1p5p/5K2/1PB2p1b/r1P5/5P2/8,1,1
7k/5R2/1p4Kp/8/1PB2p1b/r1P5/5P2/8,0,1
r6k/5R2/1p4Kp/8/1PB2p1b/2P5/5P2/8,1,1
r6k/7R/1p4Kp/8/1PB2p1b/2P5/5P2/8,0,1
3R4/1q3pbk/2n1b1pp/Q3N3/4P3/1P2B1PP/P1r2PBK/8,1,1
3R4/1q3pbk/2N1b1pp/Q7/4P3/1P2B1PP/P1r2PBK/8,0,1
3R4/5pbk/2q1b1pp/Q7/4P3/1P2B1PP/P1r2PBK/8,1,1
8/5pbk/2q1b1pp/Q7/4P3/1P2B1PP/P1rR1PBK/8,0,1
8/5pbk/2q1b1pp/Q7/4P3/1Pr1B1PP/P2R1PBK/8,1,1
8/5pbk/1Qq1b1pp/8/4P3/1Pr1B1PP/P2R1PBK/8,0,1
8/5pbk/1q2b1pp/8/4P3/1Pr1B1PP/P2R1PBK/8,1,1
8/5pbk/1B2b1pp/8/4P3/1Pr3PP/P2R1PBK/8,0,1
8/5pbk/1B2b1pp/8/4P3/1P4PP/P2R1PBK/2r5,1,1
8/5pbk/1B2b1pp/8/4PP2/1P4PP/P2R2BK/2r5,0,1
8/5pbk/1B2b1p1/7p/4PP2/1P4PP/P2R2BK/2r5,1,1
8/5pbk/1B2b1p1/4P2p/5P2/1P4PP/P2R2BK/2r5,0,1
8/5pbk/1B2b1p1/4P3/5P1p/1P4PP/P2R2BK/2r5,1,1
8/5pbk/1B2b1p1/4P3/5P1P/1P5P/P2R2BK/2r5,0,1
8/5p1k/1B2b1pb/4P3/5P1P/1P5P/P2R2BK/2r5,1,1
8/5p1k/1B2b1pb/4P3/5P1P/1P4KP/P2R2B1/2r5,0,1
8/5p1k/1B2b1pb/4P3/5P1P/1Pr3KP/P2R2B1/8,1,1
8/5p1k/1B2b1pb/4P3/5P1P/1Pr2BKP/P2R4/8,0,1
8/5p1k/1B4pb/4P3/5P1P/1Pr2BKb/P2R4/8,1,1
8/5p1k/6pb/4P3/3B1P1P/1Pr2BKb/P2R4/8,0,1
6k1/6p1/7p/7P/1PP1r3/1K1r4/2R1p3/4R3,1,1
6k1/6p1/7p/7P/KPP1r3/3r4/2R1p3/4R3,0,1
6k1/6p1/7p/7P/KPP1r3/4r3/2R1p3/4R3,1,1
6k1/6p1/7p/2P4P/KP2r3/4r3/2R1p3/4R3,0,1
8/5kp1/7p/2P4P/KP2r3/4r3/2R1p3/4R3,1,1
8/5kp1/2P4p/7P/KP2r3/4r3/2R1p3/4R3,0,1
4r3/5kp1/2P4p/7P/KP6/4r3/2R1p3/4R3,1,1
4r3/2P2kp1/7p/7P/KP6/4r3/2R1p3/4R3,0,1
2r5/2P2kp1/7p/7P/KP6/4r3/2R1p3/4R3,1,1
2r5/2P2kp1/7p/1P5P/K7/4r3/2R1p3/4R3,0,1
r7/2P2kp1/7p/1P5P/K7/4r3/2R1p3/4R3,1,1
r7/2P2kp1/7p/1P5P/1K6/4r3/2R1p3/4R3,0,1
r7/2P2kp1/7p/1P5P/1K2r3/8/2R1p3/4R3,1,1
r7/2P2kp1/7p/1PK4P/4r3/8/2R1p3/4R3,0,1
r7/2P1k1p1/7p/1PK4P/4r3/8/2R1p3/4R3,1,1
r7/2P1k1p1/7p/1PK4P/4r3/8/2R1R3/8,0,1
r7/2P1k1p1/7p/1PK4P/8/8/2R1r3/8,1,1
r7/2P1k1p1/7p/1PK4P/8/8/4R3/8,0,1
r7/2Pk2p1/7p/1PK4P/8/8/4R3/8,1,1
r7/2Pk2p1/1K5p/1P5P/8/8/4R3/8,0,1
rr4q1/4kp2/2bp1p1b/4pP2/p1B1P2P/1p4NR/PPP1Q1P1/1K1R4,1,1
rr4q1/4kp2/2bp1p1b/4pP2/p1B1P2P/1P4NR/PP2Q1P1/1K1R4,0,1
rr4q1/4kp2/2bp1p1b/4pP2/2B1P2P/1p4NR/PP2Q1P1/1K1R4,1,1
rr4q1/4kp2/2bp1p1b/4pP2/2B1P2P/1P4NR/1P2Q1P1/1K1R4,0,1
r5q1/4kp2/1rbp1p1b/4pP2/2B1P2P/1P4NR/1P2Q1P1/1K1R4,1,1
r5q1/4kp2/1rbp1p1b/4pP1N/2B1P2P/1P5R/1P2Q1P1/1K1R4,0,1
6q1/4kp2/1rbp1p1b/r3pP1N/2B1P2P/1P5R/1P2Q1P1/1K1R4,1,1
6q1/4kp2/1rbp1N1b/r3pP2/2B1P2P/1P5R/1P2Q1P1/1K1R4,0,1
6q1/5p2/1rbp1k1b/r3pP2/2B1P2P/1P5R/1P2Q1P1/1K1R4,1,1
6q1/5p2/1rbR1k1b/r3pP2/2B1P2P/1P5R/1P2Q1P1/1K6,0,1
6q1/4kp2/1rbR3b/r3pP2/2B1P2P/1P5R/1P2Q1P1/1K6,1,1
6q1/4kp2/1rb4R/r3pP2/2B1P2P/1P5R/1P2Q1P1/1K6,0,1
q7/4kp2/1rb4R/r3pP2/2B1P2P/1P5R/1P2Q1P1/1K6,1,1
q7/4kp2/1rb4R/r3pP2/2B1P2P/1P1R4/1P2Q1P1/1K6,0,1
q7/4kp2/1rb4R/4pP2/2B1P2P/1P1R4/1P2Q1P1/rK6,1,1
q7/4kp2/1rb4R/4pP2/2B1P2P/1P1R4/1PK1Q1P1/r7,0,1
q7/4kp2/1r5R/4pP2/2B1b2P/1P1R4/1PK1Q1P1/r7,1,1
q7/4kp2/1R6/4pP2/2B1b2P/1P1R4/1PK1Q1P1/r7,0,1
8/4kp2/1R6/4pP2/2B1b2P/1P1R4/qPK1Q1P1/r7,1,1
8/4kp2/1R3P2/4p3/2B1b2P/1P1R4/qPK1Q1P1/r7,0,1
3r4/5p1k/pr1p1npp/2q1pN2/2P1P3/5P1P/P1R3PK/3RQ3,1,1
3r4/5p1k/pr1p1npp/2q1pN2/2P1P2Q/5P1P/P1R3PK/3R4,0,1
3r4/5p1k/pr1p1n1p/2q1pp2/2P1P2Q/5P1P/P1R3PK/3R4,1,1
3r4/5p1k/pr1p1Q1p/2q1pp2/2P1P3/5P1P/P1R3PK/3R4,0,1
3r4/2q2p1k/pr1p1Q1p/4pp2/2P1P3/5P1P/P1R3PK/3R4,1,1
3r4/2q2p1k/pr1p1Q1p/2P1pp2/4P3/5P1P/P1R3PK/3R4,0,1
6r1/2q2p1k/pr1p1Q1p/2P1pp2/4P3/5P1P/P1R3PK/3R4,1,1
6r1/2q2p1k/pr1p3p/2P1pQ2/4P3/5P1P/P1R3PK/3R4,0,1
8/2q2p1k/pr1p2rp/2P1pQ2/4P3/5P1P/P1R3PK/3R4,1,1
8/2q2p1k/pr1p2rp/2P1pQ2/4P3/5P1P/P1R3PK/2R5,0,1
8/2q2p1k/p1rp2rp/2P1pQ2/4P3/5P1P/P1R3PK/2R5,1,1
8/2q2p1k/p1rP2rp/4pQ2/4P3/5P1P/P1R3PK/2R5,0,1
8/2q2p1k/p2P2rp/4pQ2/4P3/5P1P/P1r3PK/2R5,1,1
8/2P2p1k/p5rp/4pQ2/4P3/5P1P/P1r3PK/2R5,0,1
8/2P2p1k/p5rp/4pQ2/4P3/5P1P/P5PK/2r5,1,1
8/2P2Q1k/p5rp/4p3/4P3/5P1P/P5PK/2r5,0,1
8/2P2Qrk/p6p/4p3/4P3/5P1P/P5PK/2r5,1,1
8/2P3rk/p6p/4pQ2/4P3/5P1P/P5PK/2r5,0,1
8/2P4k/p5rp/4pQ2/4P3/5P1P/P5PK/2r5,1,1
2Q5/7k/p5rp/4pQ2/4P3/5P1P/P5PK/2r5,0,1
5r2/5pkp/3p1pp1/3P4/2B3P1/7P/1QP1KP2/2b4R,0,0
5r2/5pkp/3p1pp1/3P4/2B3P1/7P/1bP1KP2/7R,1,0
5r2/5pkp/3p1pp1/3P4/2B3P1/7P/1bP1KP2/1R6,0,0
5r2/5pkp/3p1pp1/3P4/2Bb2P1/7P/2P1KP2/1R6,1,0
5r2/1R3pkp/3p1pp1/3P4/2Bb2P1/7P/2P1KP2/8,0,0
5r2/1R3p1p/3p1ppk/3P4/2Bb2P1/7P/2P1KP2/8,1,0
5r2/1R3p1p/3p1ppk/1B1P4/3b2P1/7P/2P1KP2/8,0,0
5r2/1R3p1p/3p1pp1/1B1P2k1/3b2P1/7P/2P1KP2/8,1,0
5r2/1R3p1p/3p1pp1/1B1P2k1/3b2P1/5K1P/2P2P2/8,0,0
5r2/1R3p1p/3p1ppk/1B1P4/3b2P1/5K1P/2P2P2/8,1,0
5r2/1R3p1p/2Bp1ppk/3P4/3b2P1/5K1P/2P2P2/8,0,0
5r2/1R3pkp/2Bp1pp1/3P4/3b2P1/5K1P/2P2P2/8,1,0
5r2/1R3pkp/2Bp1pp1/3P4/3b2P1/6KP/2P2P2/8,0,0
5r2/1R3pkp/2Bp1pp1/2bP4/6P1/6KP/2P2P2/8,1,0
5r2/1R3pkp/2Bp1pp1/2bP4/6P1/5K1P/2P2P2/8,0,0
5r2/1R3p1p/2Bp1ppk/2bP4/6P1/5K1P/2P2P2/8,1,0
5r2/4Rp1p/2Bp1ppk/2bP4/6P1/5K1P/2P2P2/8,0,0
5r2/4Rpkp/2Bp1pp1/2bP4/6P1/5K1P/2P2P2/8,1,0
5r2/4Rpkp/2Bp1pp1/2bP4/6P1/7P/2P1KP2/8,0,0
5r2/4Rpkp/2Bp1pp1/3P4/3b2P1/7P/2P1KP2/8,1,0
2r5/1p3pp1/pBkp1r2/P3p3/1nP4p/1PN2P2/8/3R1R1K,1,1
2r5/1p3pp1/pBkp1r2/P3p3/1nP4p/1PN2P2/3R4/5R1K,0,1
4r3/1p3pp1/pBkp1r2/P3p3/1nP4p/1PN2P2/3R4/5R1K,1,1
4r3/1p3pp1/pBkp1r2/P3p3/1nP4p/1PN2P2/3R4/3R3K,0,1
4r3/1p3pp1/pBkp2r1/P3p3/1nP4p/1PN2P2/3R4/3R3K,1,1
4r3/1p3pp1/pBkp2r1/P3p3/1nP4p/1PN2P2/3R4/R6K,0,1
4r3/1p1k1pp1/pB1p2r1/P3p3/1nP4p/1PN2P2/3R4/R6K,1,1
4r3/1p1k1pp1/p2p2r1/P1B1p3/1nP4p/1PN2P2/3R4/R6K,0,1
4r3/1p1k1pp1/p1np2r1/P1B1p3/2P4p/1PN2P2/3R4/R6K,1,1
4r3/1p1k1pp1/p1np2r1/P1B1p3/2P1N2p/1P3P2/3R4/R6K,0,1
8/1p1k1pp1/p1npr1r1/P1B1p3/2P1N2p/1P3P2/3R4/R6K,1,1
8/1p1k1pp1/p1npr1r1/P1B1p3/2P1N2p/1P3P2/3R4/3R3K,0,1
8/1p1k1pp1/p2pr1r1/n1B1p3/2P1N2p/1P3P2/3R4/3R3K,1,1
8/1p1k1pp1/p2Br1r1/n3p3/2P1N2p/1P3P2/3R4/3R3K,0,1
8/1p3pp1/p1kBr1r1/n3p3/2P1N2p/1P3P2/3R4/3R3K,1,1
1B6/1p3pp1/p1k1r1r1/n3p3/2P1N2p/1P3P2/3R4/3R3K,0,1
1B6/1p3pp1/p1k1r1r1/4p3/2P1N2p/1n3P2/3R4/3R3K,1,1
1B6/1p1R1pp1/p1k1r1r1/4p3/2P1N2p/1n3P2/8/3R3K,0,1
1B2r3/1p1R1pp1/p1k3r1/4p3/2P1N2p/1n3P2/8/3R3K,1,1
1B2r3/1p3pp1/p1kR2r1/4p3/2P1N2p/1n3P2/8/3R3K,0,1
6k1/5p2/3p2pp/p1q5/5P2/7P/1Q4PK/8,0,-1
6k1/5p2/3p2pp/2q5/p4P2/7P/1Q4PK/8,1,-1
1Q4k1/5p2/3p2pp/2q5/p4P2/7P/6PK/8,0,-1
1Q6/5p1k/3p2pp/2q5/p4P2/7P/6PK/8,1,-1
Q7/5p1k/3p2pp/2q5/p4P2/7P/6PK/8,0,-1
Q7/5p1k/3p2pp/8/p1q2P2/7P/6PK/8,1,-1
Q7/5p1k/3p2pp/8/p1q2P2/6PP/7K/8,0,-1
Q7/5p1k/3p2pp/8/p4P2/6PP/q6K/8,1,-1
Q7/5p1k/3p2pp/8/p4P2/6PP/q7/6K1,0,-1
Q7/5p1k/3p2pp/8/5P2/p5PP/q7/6K1,1,-1
8/Q4p1k/3p2pp/8/5P2/p5PP/q7/6K1,0,-1
8/Q4p1k/3p2pp/8/5P2/p5PP/8/1q4K1,1,-1
8/Q4p1k/3p2pp/8/5P2/p5PP/6K1/1q6,0,-1
8/Q4p1k/3p2pp/8/5P2/pq4PP/6K1/8,1,-1
8/5p1k/Q2p2pp/8/5P2/pq4PP/6K1/8,0,-1
8/5p1k/Q2p2pp/8/5P2/1q4PP/p5K1/8,1,-1
8/5p1k/Q2p2pp/8/5P1P/1q4P1/p5K1/8,0,-1
8/5p1k/Q2p2pp/8/5P1P/6P1/pq4K1/8,1,-1
8/5p1k/Q2p2pp/8/5P1P/6PK/pq6/8,0,-1
8/5p1k/Q2p2pp/8/5P1P/6PK/1q6/q7,1,-1
qr3rk1/4ppb1/p5p1/B3Pb1p/1Q2N2P/1P6/P1P3P1/1K2RR2,1,-1
qr3rk1/4ppb1/p5p1/B3Pb1p/Q3N2P/1P6/P1P3P1/1K2RR2,0,-1
qr3rk1/4pp2/p5p1/B3bb1p/Q3N2P/1P6/P1P3P1/1K2RR2,1,-1
qr3rk1/4pp2/p5p1/B3bR1p/Q3N2P/1P6/P1P3P1/1K2R3,0,-1
qr3rk1/4pp2/p7/B3bp1p/Q3N2P/1P6/P1P3P1/1K2R3,1,-1
qr3rk1/4pp2/p7/B1N1bp1p/Q6P/1P6/P1P3P1/1K2R3,0,-1
qr3rk1/4pp2/p7/B1N2p1p/Q6P/1P4b1/P1P3P1/1K2R3,1,-1
qr3rk1/4pp2/p7/B1N2p1p/Q6P/1P4b1/P1P3P1/1K3R2,0,-1
1r3rk1/4pp2/p7/B1Nq1p1p/Q6P/1P4b1/P1P3P1/1K3R2,1,-1
1r3rk1/3Npp2/p7/B2q1p1p/Q6P/1P4b1/P1P3P1/1K3R2,0,-1
1r3rk1/3Npp2/p7/Bq3p1p/Q6P/1P4b1/P1P3P1/1K3R2,1,-1
1r3rk1/3Npp2/p7/Bq3p1p/Q4R1P/1P4b1/P1P3P1/1K6,0,-1
1r3rk1/3Npp2/p7/Bq3p1p/Q4b1P/1P6/P1P3P1/1K6,1,-1
1r3rk1/3Npp2/p7/Bq3p1p/5Q1P/1P6/P1P3P1/1K6,0,-1
1r3rk1/3Np3/p4p2/Bq3p1p/5Q1P/1P6/P1P3P1/1K6,1,-1
1N3rk1/4p3/p4p2/Bq3p1p/5Q1P/1P6/P1P3P1/1K6,0,-1
1r4k1/4p3/p4p2/Bq3p1p/5Q1P/1P6/P1P3P1/1K6,1,-1
1r4k1/4p3/p4p2/Bq3p1p/P4Q1P/1P6/2P3P1/1K6,0,-1
1r4k1/4p3/p4p2/B3qp1p/P4Q1P/1P6/2P3P1/1K6,1,-1
1r4k1/4p3/p4p2/B3qp1p/P6P/1P6/2PQ2P1/1K6,0,-1
8/6r1/3k4/5Kp1/1b6/p5RP/B5P1/8,1,0
8/6r1/3k1K2/6p1/1b6/p5RP/B5P1/8,0,0
8/4r3/3k1K2/6p1/1b6/p5RP/B5P1/8,1,0
8/4r3/3k1K2/6p1/1b6/p2R3P/B5P1/8,0,0
8/4r3/2k2K2/6p1/1b6/p2R3P/B5P1/8,1,0
8/4r3/2k5/6K1/1b6/p2R3P/B5P1/8,0,0
8/8/2k5/6K1/1b6/p2R3P/B3r1P1/8,1,0
8/8/2k5/3B2K1/1b6/p2R3P/4r1P1/8,0,0
8/8/8/2kB2K1/1b6/p2R3P/4r1P1/8,1,0
8/8/8/2kB1K2/1b6/p2R3P/4r1P1/8,0,0
8/8/8/2kB1K2/1b6/p2R3P/6r1/8,1,0
8/8/8/2k2K2/1b6/p2R3P/6B1/8,0,0
8/8/8/2k2K2/1b6/3R3P/p5B1/8,1,0
8/8/8/2kR1K2/1b6/7P/p5B1/8,0,0
8/8/1k6/3R1K2/1b6/7P/p5B1/8,1,0
8/8/1k6/5K2/1b6/7P/p5B1/3R4,0,0
8/8/1k6/5K2/8/2b4P/p5B1/3R4,1,0
8/8/1k6/5K2/8/2b4P/p5B1/R7,0,0
8/8/1k6/5K2/8/7P/p5B1/b7,1,0
8/8/1k6/3B1K2/8/7P/p7/b7,0,0
2r3k1/5ppp/p2b4/1p1N1b2/3B4/1P4P1/P1P1B2P/2K5,1,-1
2r3k1/5ppp/p2b4/1p1N1b2/3B4/1PP3P1/P3B2P/2K5,0,-1
4r1k1/5ppp/p2b4/1p1N1b2/3B4/1PP3P1/P3B2P/2K5,1,-1
4r1k1/5ppp/p2b4/1p1N1b2/3B4/1PP3P1/P2KB2P/8,0,-1
4r1k1/6pp/p2b1p2/1p1N1b2/3B4/1PP3P1/P2KB2P/8,1,-1
4r1k1/6pp/p2b1p2/1p1N1b2/P2B4/1PP3P1/3KB2P/8,0,-1
4r1k1/6pp/p2b1p2/3N1b2/p2B4/1PP3P1/3KB2P/8,1,-1
4r1k1/6pp/p2b1p2/3N1b2/P2B4/2P3P1/3KB2P/8,0,-1
4r1k1/6pp/3b1p2/p2N1b2/P2B4/2P3P1/3KB2P/8,1,-1
4r1k1/6pp/3b1p2/pB1N1b2/P2B4/2P3P1/3K3P/8,0,-1
r5k1/6pp/3b1p2/pB1N1b2/P2B4/2P3P1/3K3P/8,1,-1
r5k1/6pp/3b1p2/pB1N1b2/P1PB4/6P1/3K3P/8,0,-1
r5k1/6pp/3bbp2/pB1N4/P1PB4/6P1/3K3P/8,1,-1
r5k1/6pp/1N1bbp2/pB6/P1PB4/6P1/3K3P/8,0,-1
3r2k1/6pp/1N1bbp2/pB6/P1PB4/6P1/3K3P/8,1,-1
3r2k1/6pp/1N1bbp2/pB6/P1PB4/4K1P1/7P/8,0,-1
3r2k1/2b3pp/1N2bp2/pB6/P1PB4/4K1P1/7P/8,1,-1
3r2k1/2b3pp/1N2bp2/pBP5/P2B4/4K1P1/7P/8,0,-1
3r4/2b2kpp/1N2bp2/pBP5/P2B4/4K1P1/7P/8,1,-1
3r4/2b2kpp/4bp2/pBP5/P1NB4/4K1P1/7P/8,0,-1
2r2k2/8/p5p1/3Q1pB1/7P/P3p1P1/1P2qn1K/5R2,1,1
2r2k2/8/p2Q2p1/5pB1/7P/P3p1P1/1P2qn1K/5R2,0,1
2r5/6k1/p2Q2p1/5pB1/7P/P3p1P1/1P2qn1K/5R2,1,1
2r5/3Q2k1/p5p1/5pB1/7P/P3p1P1/1P2qn1K/5R2,0,1
2r3k1/3Q4/p5p1/5pB1/7P/P3p1P1/1P2qn1K/5R2,1,1
2Q3k1/8/p5p1/5pB1/7P/P3p1P1/1P2qn1K/5R2,0,1
2Q5/5k2/p5p1/5pB1/7P/P3p1P1/1P2qn1K/5R2,1,1
8/3Q1k2/p5p1/5pB1/7P/P3p1P1/1P2qn1K/5R2,0,1
5k2/3Q4/p5p1/5pB1/7P/P3p1P1/1P2qn1K/5R2,1,1
3Q1k2/8/p5p1/5pB1/7P/P3p1P1/1P2qn1K/5R2,0,1
3Q4/5k2/p5p1/5pB1/7P/P3p1P1/1P2qn1K/5R2,1,1
8/5k2/p4Qp1/5pB1/7P/P3p1P1/1P2qn1K/5R2,0,1
6k1/8/p4Qp1/5pB1/7P/P3p1P1/1P2qn1K/5R2,1,1
6k1/8/p5Q1/5pB1/7P/P3p1P1/1P2qn1K/5R2,0,1
5k2/8/p5Q1/5pB1/7P/P3p1P1/1P2qn1K/5R2,1,1
5k2/8/p7/5QB1/7P/P3p1P1/1P2qn1K/5R2,0,1
4k3/8/p7/5QB1/7P/P3p1P1/1P2qn1K/5R2,1,1
4k3/8/p3Q3/6B1/7P/P3p1P1/1P2qn1K/5R2,0,1
5k2/8/p3Q3/6B1/7P/P3p1P1/1P2qn1K/5R2,1,1
5k2/8/p3Q2B/8/7P/P3p1P1/1P2qn1K/5R2,0,1
3R4/2r5/8/8/3n4/3k4/8/4K3,0,0
3R4/5r2/8/8/3n4/3k4/8/4K3,1,0
8/5r2/8/3R4/3n4/3k4/8/4K3,0,0
5r2/8/8/3R4/3n4/3k4/8/4K3,1,0
5r2/3R4/8/8/3n4/3k4/8/4K3,0,0
5r2/3R4/8/8/3n4/4k3/8/4K3,1,0
5r2/4R3/8/8/3n4/4k3/8/4K3,0,0
5r2/4R3/8/8/3n4/3k4/8/4K3,1,0
5r2/3R4/8/8/3n4/3k4/8/4K3,0,0
8/3R4/5r2/8/3n4/3k4/8/4K3,1,0
3R4/8/5r2/8/3n4/3k4/8/4K3,0,0
3R4/8/5r2/8/3n4/4k3/8/4K3,1,0
4R3/8/5r2/8/3n4/4k3/8/4K3,0,0
4R3/8/4nr2/8/8/4k3/8/4K3,1,0
4R3/8/4nr2/8/8/4k3/8/3K4,0,0
4R3/8/4nr2/8/8/3k4/8/3K4,1,0
4R3/8/4nr2/8/8/3k4/8/4K3,0,0
4R3/8/5r2/8/3n4/3k4/8/4K3,1,0
8/4R3/5r2/8/3n4/3k4/8/4K3,0,0
8/4R3/5r2/8/8/3k4/2n5/4K3,1,0
6bk/6qp/5p2/5P2/4PQ1P/r7/6B1/2R4K,0,-1
6bk/6qp/5p2/5P2/4PQ1P/6r1/6B1/2R4K,1,-1
6bk/6qp/5p2/5P2/4PQ1P/6r1/6B1/6RK,0,-1
6bk/6qp/5p2/5P2/4PQrP/8/6B1/6RK,1,-1
6bk/6qp/5p2/5P2/4P1rP/8/5QB1/6RK,0,-1
6bk/7p/5p1q/5P2/4P1rP/8/5QB1/6RK,1,-1
6bk/7p/5p1q/5P2/4P1rP/7B/5Q2/6RK,0,-1
6bk/7p/5p1q/5P2/4P2r/7B/5Q2/6RK,1,-1
6Rk/7p/5p1q/5P2/4P2r/7B/5Q2/7K,0,-1
6k1/7p/5p1q/5P2/4P2r/7B/5Q2/7K,1,-1
6k1/7p/5p1q/5P2/4P2r/6QB/8/7K,0,-1
7k/7p/5p1q/5P2/4P2r/6QB/8/7K,1,-1
1Q5k/7p/5p1q/5P2/4P2r/7B/8/7K,0,-1
1Q6/6kp/5p1q/5P2/4P2r/7B/8/7K,1,-1
8/2Q3kp/5p1q/5P2/4P2r/7B/8/7K,0,-1
6k1/2Q4p/5p1q/5P2/4P2r/7B/8/7K,1,-1
6k1/7p/5p1q/5P2/4P2r/6QB/8/7K,0,-1
6k1/7p/5p2/5Pq1/4P2r/6QB/8/7K,1,-1
6k1/7p/5p2/5PQ1/4P2r/7B/8/7K,0,-1
6k1/7p/8/5Pp1/4P2r/7B/8/7K,1,-1
8/1q5k/6p1/5p2/7p/3QNK1P/5PP1/8,1,1
8/1q5k/6p1/3Q1p2/7p/4NK1P/5PP1/8,0,1
8/7k/6p1/3Q1p2/1q5p/4NK1P/5PP1/8,1,1
8/5Q1k/6p1/5p2/1q5p/4NK1P/5PP1/8,0,1
8/5Q2/6pk/5p2/1q5p/4NK1P/5PP1/8,1,1
8/8/6pk/3Q1p2/1q5p/4NK1P/5PP1/8,0,1
8/7k/6p1/3Q1p2/1q5p/4NK1P/5PP1/8,1,1
8/7k/6p1/3Q1p2/1q5p/4NKPP/5P2/8,0,1
8/7k/6p1/3Q1p2/1q6/4NKpP/5P2/8,1,1
8/7k/6p1/3Q1p2/1q6/4NKPP/8/8,0,1
8/7k/6p1/3Q1p2/8/4NKPP/1q6/8,1,1
8/7k/6p1/3Q1p2/7P/4NKP1/1q6/8,0,1
8/7k/6p1/3Q1p2/7P/4NKP1/8/2q5,1,1
8/3Q3k/6p1/5p2/7P/4NKP1/8/2q5,0,1
8/3Q4/6pk/5p2/7P/4NKP1/8/2q5,1,1
8/8/6pk/5p2/3Q3P/4NKP1/8/2q5,0,1
8/8/6pk/5p2/3Q3P/4NKP1/8/7q,1,1
8/8/6pk/5p2/3Q3P/4N1P1/5K2/7q,0,1
8/8/6pk/5p2/3Q3P/4N1P1/5K2/1q6,1,1
7Q/8/6pk/5p2/7P/4N1P1/5K2/1q6,0,1
b1qrrbk1/5p1p/p3pPp1/2ppn1PP/2P1P3/1PN1B3/P3Q1B1/3R1R1K,1,1
b1qrrbk1/5p1p/p3pPp1/2ppn1PP/2P1PB2/1PN5/P3Q1B1/3R1R1K,0,1
b1qrrbk1/5p1p/p1n1pPp1/2pp2PP/2P1PB2/1PN5/P3Q1B1/3R1R1K,1,1
b1qrrbk1/5p1p/p1n1pPP1/2pp2P1/2P1PB2/1PN5/P3Q1B1/3R1R1K,0,1
b1qrrbk1/5p2/p1n1pPp1/2pp2P1/2P1PB2/1PN5/P3Q1B1/3R1R1K,1,1
b1qrrbk1/5p2/p1n1pPp1/2pp2P1/2P1PB2/1PNR4/P3Q1B1/5R1K,0,1
b1qrrbk1/5p2/p1n1pPp1/2p3P1/2p1PB2/1PNR4/P3Q1B1/5R1K,1,1
b1qrrbk1/5p2/p1n1pPp1/2p3P1/2p1PB2/1PN4R/P3Q1B1/5R1K,0,1
b1q1rbk1/5p2/p1n1pPp1/2p3P1/2p1PB2/1PNr3R/P3Q1B1/5R1K,1,1
b1q1rbk1/5p2/p1n1pPp1/2p3P1/2p1P3/1PNrB2R/P3Q1B1/5R1K,0,1
b1q1rbk1/5p2/p1n1pPp1/2p3P1/2p1P3/1Pr1B2R/P3Q1B1/5R1K,1,1
b1q1rbk1/5p2/p1n1pPp1/2p3P1/2p1PR2/1Pr1B2R/P3Q1B1/7K,0,1
b1q1rbk1/5p2/p1n2Pp1/2p1p1P1/2p1PR2/1Pr1B2R/P3Q1B1/7K,1,1
b1q1rbk1/5p2/p1n2Pp1/2p1p1P1/2p1P2R/1Pr1B2R/P3Q1B1/7K,0,1
b1q1r1k1/5pb1/p1n2Pp1/2p1p1P1/2p1P2R/1Pr1B2R/P3Q1B1/7K,1,1
b1q1r1k1/5pP1/p1n3p1/2p1p1P1/2p1P2R/1Pr1B2R/P3Q1B1/7K,0,1
b1q1r3/5pk1/p1n3p1/2p1p1P1/2p1P2R/1Pr1B2R/P3Q1B1/7K,1,1
b1q1r3/5pkR/p1n3p1/2p1p1P1/2p1P3/1Pr1B2R/P3Q1B1/7K,0,1
b1q1rk2/5p1R/p1n3p1/2p1p1P1/2p1P3/1Pr1B2R/P3Q1B1/7K,1,1
b1q1rk2/5p1R/p1n3p1/2B1p1P1/2p1P3/1Pr4R/P3Q1B1/7K,0,1
1r3r1k/p5pp/2pq1p2/4p3/2Q5/2P1PN2/P3B1PP/5RK1,0,-1
1r1r3k/p5pp/2pq1p2/4p3/2Q5/2P1PN2/P3B1PP/5RK1,1,-1
1r1r3k/p5pp/2pq1p2/4p3/2Q5/2P1PN2/P3B1PP/3R2K1,0,-1
1r1r3k/p1q3pp/2p2p2/4p3/2Q5/2P1PN2/P3B1PP/3R2K1,1,-1
1r1R3k/p1q3pp/2p2p2/4p3/2Q5/2P1PN2/P3B1PP/6K1,0,-1
3r3k/p1q3pp/2p2p2/4p3/2Q5/2P1PN2/P3B1PP/6K1,1,-1
3r3k/p1q3pp/2p2p2/2Q1p3/8/2P1PN2/P3B1PP/6K1,0,-1
3r3k/p5pp/1qp2p2/2Q1p3/8/2P1PN2/P3B1PP/6K1,1,-1
3r3k/p5pp/1Qp2p2/4p3/8/2P1PN2/P3B1PP/6K1,0,-1
3r3k/6pp/1pp2p2/4p3/8/2P1PN2/P3B1PP/6K1,1,-1
3r3k/6pp/1pp2p2/4p3/P7/2P1PN2/4B1PP/6K1,0,-1
r6k/6pp/1pp2p2/4p3/P7/2P1PN2/4B1PP/6K1,1,-1
r6k/6pp/1pp2p2/4p3/P7/2P1P3/3NB1PP/6K1,0,-1
7k/6pp/1pp2p2/4p3/r7/2P1P3/3NB1PP/6K1,1,-1
7k/6pp/1pp2p2/4p3/r7/2P1PB2/3N2PP/6K1,0,-1
7k/6pp/1pp2p2/4p3/8/r1P1PB2/3N2PP/6K1,1,-1
7k/6pp/1pp2p2/4p3/2P5/r3PB2/3N2PP/6K1,0,-1
7k/6pp/1pp2p2/4p3/2P5/4PB2/r2N2PP/6K1,1,-1
7k/6pp/1pp2p2/4p3/2P5/4PB2/r5PP/5NK1,0,-1
7k/6pp/2p2p2/1p2p3/2P5/4PB2/r5PP/5NK1,1,-1
6k1/1q2bpp1/p2p1n1p/Q2P4/P3p2r/1P2BP2/2P3PP/1R1R2K1,1,1
6k1/1q2bpp1/p2p1n1p/Q2P4/P2Rp2r/1P2BP2/2P3PP/1R4K1,0,1
2q3k1/4bpp1/p2p1n1p/Q2P4/P2Rp2r/1P2BP2/2P3PP/1R4K1,1,1
2q3k1/4bpp1/p2p1n1p/3P4/P2Rp2r/1P2BP2/2P3PP/1R2Q1K1,0,1
6k1/4bpp1/p2p1n1p/3P4/P2Rp2r/1P2BP2/2q3PP/1R2Q1K1,1,1
6k1/4bpp1/p2p1n1p/3P4/P2Rp2r/1P2BP2/2q3PP/2R1Q1K1,0,1
6k1/4bpp1/p2p1n1p/3P4/P2Rp2r/1q2BP2/6PP/2R1Q1K1,1,1
6k1/4bpp1/p2p1n1p/3P4/P2Rp2r/1qR1BP2/6PP/4Q1K1,0,1
6k1/4bpp1/p2p1n1p/3P4/P2Rp2r/2R1BP2/1q4PP/4Q1K1,1,1
2R3k1/4bpp1/p2p1n1p/3P4/P2Rp2r/4BP2/1q4PP/4Q1K1,0,1
2R5/4bppk/p2p1n1p/3P4/P2Rp2r/4BP2/1q4PP/4Q1K1,1,1
2R5/4bppk/p2p1n1p/3P4/P2Rp2Q/4BP2/1q4PP/6K1,0,1
2R5/4bppk/p2p1n1p/3P4/P2Rp2Q/1q2BP2/6PP/6K1,1,1
2R5/4bppk/p2p1n1p/3P4/P2Rp3/1q2BP2/5QPP/6K1,0,1
2R5/4bppk/p2p3p/3n4/P2Rp3/1q2BP2/5QPP/6K1,1,1
2R5/4bppk/p2p3p/3R4/P3p3/1q2BP2/5QPP/6K1,0,1
2R5/4bppk/p2p3p/3q4/P3p3/4BP2/5QPP/6K1,1,1
2R5/4bppk/p2p3p/3q4/P3P3/4B3/5QPP/6K1,0,1
2R5/4bppk/p2p3p/8/P3q3/4B3/5QPP/6K1,1,1
2R5/4bppk/p2p3p/8/P3q3/4B3/2Q3PP/6K1,0,1
4r1k1/5qp1/pBPQ4/P5n1/1P3p1p/7P/5PP1/R5K1,0,-1
4r1k1/5qp1/pBPQ4/P5n1/1P5p/5p1P/5PP1/R5K1,1,-1
4r1k1/3Q1qp1/pBP5/P5n1/1P5p/5p1P/5PP1/R5K1,0,-1
4r1k1/3Q2p1/pBP3q1/P5n1/1P5p/5p1P/5PP1/R5K1,1,-1
4r1k1/2PQ2p1/pB4q1/P5n1/1P5p/5p1P/5PP1/R5K1,0,-1
4r1k1/2PQ2p1/pB2n1q1/P7/1P5p/5p1P/5PP1/R5K1,1,-1
4r1k1/2PQ2p1/pB2n1q1/P7/1P4Pp/5p1P/5P2/R5K1,0,-1
4r1k1/2PQ2p1/pB2n1q1/P7/1P6/5ppP/5P2/R5K1,1,-1
4r1k1/2PQ2p1/pB2n1q1/P7/1P6/5ppP/5P2/R4K2,0,-1
4r1k1/2PQ2p1/pB2n1q1/P7/1P6/5p1P/5p2/R4K2,1,-1
4r1k1/2PQ2p1/p3n1q1/P7/1P6/5p1P/5B2/R4K2,0,-1
4r1k1/2PQ2p1/p3n3/P7/1P6/5p1P/5Bq1/R4K2,1,-1
4r1k1/2PQ2p1/p3n3/P7/1P6/5p1P/5Bq1/R3K3,0,-1
4r1k1/2nQ2p1/p7/P7/1P6/5p1P/5Bq1/R3K3,1,-1
4Q1k1/2n3p1/p7/P7/1P6/5p1P/5Bq1/R3K3,0,-1
4n1k1/6p1/p7/P7/1P6/5p1P/5Bq1/R3K3,1,-1
4n1k1/6p1/p7/P7/1P6/5p1P/5Bq1/2R1K3,0,-1
6k1/6p1/p2n4/P7/1P6/5p1P/5Bq1/2R1K3,1,-1
6k1/6p1/p1Rn4/P7/1P6/5p1P/5Bq1/4K3,0,-1
6k1/6p1/p1R5/P7/1P2n3/5p1P/5Bq1/4K3,1,-1
8/7p/p1b1kbp1/1p2pp2/5P2/P1P1B1PP/1P3K2/3N4,0,-1
8/7p/p1b2bp1/1p1kpp2/5P2/P1P1B1PP/1P3K2/3N4,1,-1
8/7p/p1b2bp1/1p1kpp2/5P2/P1P1B1PP/1P2K3/3N4,0,-1
8/7p/p1b2bp1/1p2pp2/2k2P2/P1P1B1PP/1P2K3/3N4,1,-1
8/7p/p1b2bp1/1p2pp2/2k2P2/P1P1B1PP/1P2KN2/8,0,-1
8/7p/p1b2bp1/1p2pp2/5P2/PkP1B1PP/1P2KN2/8,1,-1
8/7p/p1b2bp1/1p2pp2/5P2/PkPNB1PP/1P2K3/8,0,-1
8/7p/p1b2bp1/1p3p2/4pP2/PkPNB1PP/1P2K3/8,1,-1
8/7p/p1b2bp1/1pN2p2/4pP2/PkP1B1PP/1P2K3/8,0,-1
8/7p/p1b2bp1/1pN2p2/4pP2/P1P1B1PP/1k2K3/8,1,-1
8/7p/N1b2bp1/1p3p2/4pP2/P1P1B1PP/1k2K3/8,0,-1
8/7p/N1b2bp1/1p3p2/4pP2/k1P1B1PP/4K3/8,1,-1
8/7p/2b2bp1/1p3p2/1N2pP2/k1P1B1PP/4K3/8,0,-1
8/1b5p/5bp1/1p3p2/1N2pP2/k1P1B1PP/4K3/8,1,-1
8/1b5p/5bp1/1p3p2/4pP2/k1P1B1PP/2N1K3/8,0,-1
8/1b5p/5bp1/1p3p2/4pP2/1kP1B1PP/2N1K3/8,1,-1
8/1b5p/5bp1/1p3p2/3NpP2/1kP1B1PP/4K3/8,0,-1
8/1b5p/5bp1/1p3p2/2kNpP2/2P1B1PP/4K3/8,1,-1
8/1b5p/5bp1/1p3p2/2kNpP2/2P1B1PP/3K4/8,0,-1
8/1b5p/5bp1/5p2/1pkNpP2/2P1B1PP/3K4/8,1,-1
2rq1rk1/5pbp/6p1/1N1p4/1Q6/8/P1BB1PPP/5RK1,0,-1
3q1rk1/5pbp/6p1/1N1p4/1Q6/8/P1rB1PPP/5RK1,1,-1
3q1rk1/5pbp/6p1/1N1p4/PQ6/8/2rB1PPP/5RK1,0,-1
3q1rk1/5pbp/6p1/1N1p4/PQ6/8/1r1B1PPP/5RK1,1,-1
3q1rk1/5pbp/6p1/1N1p4/P4Q2/8/1r1B1PPP/5RK1,0,-1
1q3rk1/5pbp/6p1/1N1p4/P4Q2/8/1r1B1PPP/5RK1,1,-1
1q3rk1/5pbp/6p1/1N1p4/P7/4Q3/1r1B1PPP/5RK1,0,-1
q4rk1/5pbp/6p1/1N1p4/P7/4Q3/1r1B1PPP/5RK1,1,-1
q4rk1/5pbp/6p1/1N1p4/P7/2B1Q3/1r3PPP/5RK1,0,-1
q4rk1/5pbp/6p1/1N1p4/P7/1rB1Q3/5PPP/5RK1,1,-1
q4rk1/5pbp/6p1/1N1p4/P7/1rB5/3Q1PPP/5RK1,0,-1
5rk1/5pbp/6p1/1N1p4/q7/1rB5/3Q1PPP/5RK1,1,-1
5rk1/5pBp/6p1/1N1p4/q7/1r6/3Q1PPP/5RK1,0,-1
5r2/5pkp/6p1/1N1p4/q7/1r6/3Q1PPP/5RK1,1,-1
5r2/2N2pkp/6p1/3p4/q7/1r6/3Q1PPP/5RK1,0,-1
5r2/2N2pkp/6p1/8/q2p4/1r6/3Q1PPP/5RK1,1,-1
5r2/2N2pkp/6p1/6Q1/q2p4/1r6/5PPP/5RK1,0,-1
5r2/2Nq1pkp/6p1/6Q1/3p4/1r6/5PPP/5RK1,1,-1
5r2/3q1pkp/6p1/3N2Q1/3p4/1r6/5PPP/5RK1,0,-1
5r2/3q2kp/5pp1/3N2Q1/3p4/1r6/5PPP/5RK1,1,-1
3b1rk1/1R3p1p/p2q2P1/2pB2P1/2P1p1Q1/4P3/P7/6K1,0,-1
3b1rk1/1R3p2/p2q2p1/2pB2P1/2P1p1Q1/4P3/P7/6K1,1,-1
3b1rk1/1R3p2/p2q2p1/2pB2P1/2P1Q3/4P3/P7/6K1,0,-1
3b1rk1/1R3p2/p5p1/2pB2P1/2P1Q3/4P1q1/P7/6K1,1,-1
3b1rk1/1R3p2/p5p1/2pB2P1/2P1Q3/4P1q1/P7/5K2,0,-1
3b1rk1/1R3p2/p5p1/2pB2q1/2P1Q3/4P3/P7/5K2,1,-1
3b1rk1/1R3p2/p5p1/2pB2q1/2P1Q3/4P3/P3K3/8,0,-1
3b1rk1/1R3p2/p4qp1/2pB4/2P1Q3/4P3/P3K3/8,1,-1
3b1rk1/1R3p2/p4qp1/2pB4/2P1Q3/3KP3/P7/8,0,-1
3b1r2/1R3pk1/p4qp1/2pB4/2P1Q3/3KP3/P7/8,1,-1
3b1r2/R4pk1/p4qp1/2pB4/2P1Q3/3KP3/P7/8,0,-1
5r2/R4pk1/p4qp1/b1pB4/2P1Q3/3KP3/P7/8,1,-1
5r2/R3Qpk1/p4qp1/b1pB4/2P5/3KP3/P7/8,0,-1
5r2/R3Qpk1/p5p1/b1pB4/2P5/2qKP3/P7/8,1,-1
5r2/R3Qpk1/p5p1/b1pB4/2P5/2q1P3/P3K3/8,0,-1
5r2/R3Qpk1/p5p1/b1pB4/2P5/4P3/P3K3/4q3,1,-1
5r2/R3Qpk1/p5p1/b1pB4/2P5/4PK2/P7/4q3,0,-1
5r2/R3Qpk1/p5p1/b1pB4/2P5/4PK2/P7/5q2,1,-1
5r2/R3Qpk1/p5p1/b1pB4/2P1K3/4P3/P7/5q2,0,-1
5r2/R3Qpk1/p5p1/b1pB1q2/2P1K3/4P3/P7/8,1,-1
8/5rk1/5n2/3p1B2/3B4/7R/7K/8,1,1
8/5rk1/4Bn2/3p4/3B4/7R/7K/8,0,1
8/4r1k1/4Bn2/3p4/3B4/7R/7K/8,1,1
8/4r1k1/4Bn2/3p4/3B4/6R1/7K/8,0,1
8/4r3/4Bn1k/3p4/3B4/6R1/7K/8,1,1
8/4r3/5n1k/3p1B2/3B4/6R1/7K/8,0,1
8/4r3/7k/3p1B2/3Bn3/6R1/7K/8,1,1
8/4r3/6Rk/3p1B2/3Bn3/8/7K/8,0,1
8/4r3/6R1/3p1B1k/3Bn3/8/7K/8,1,1
6R1/4r3/8/3p1B1k/3Bn3/8/7K/8,0,1
6R1/2r5/8/3p1B1k/3Bn3/8/7K/8,1,1
6R1/2r5/8/3p1B1k/4n3/4B3/7K/8,0,1
6R1/8/8/3p1B1k/4n3/4B3/2r4K/8,1,1
6R1/8/8/3p1B1k/4n3/4B2K/2r5/8,0,1
6R1/8/8/3p1B1k/8/4B2K/2r2n2/8,1,1
6R1/8/8/3p1B1k/8/4B1K1/2r2n2/8,0,1
6R1/8/8/3p1B1k/4n3/4B1K1/2r5/8,1,1
6R1/8/8/3p3k/4B3/4B1K1/2r5/8,0,1
6R1/8/8/7k/4p3/4B1K1/2r5/8,1,1
8/8/8/6Rk/4p3/4B1K1/2r5/8,0,1
5rk1/1Q3p2/4p1p1/P1N1n2p/1PPq3P/5RP1/5PK1/8,1,1
5rk1/1Q3p2/4p1p1/P1N1n2p/1PPq1R1P/6P1/5PK1/8,0,1
5rk1/1Q3p2/4p1p1/P1N1n2p/1PP2R1P/6P1/5PK1/q7,1,1
5rk1/1Q1N1p2/4p1p1/P3n2p/1PP2R1P/6P1/5PK1/q7,0,1
5rk1/1Q1N1p2/4p1p1/P6p/1PP2R1P/3n2P1/5PK1/q7,1,1
5Nk1/1Q3p2/4p1p1/P6p/1PP2R1P/3n2P1/5PK1/q7,0,1
5Nk1/1Q3p2/4p1p1/P6p/1PP2n1P/6P1/5PK1/q7,1,1
5Nk1/1Q3p2/4p1p1/P6p/1PP2P1P/8/5PK1/q7,0,1
5k2/1Q3p2/4p1p1/P6p/1PP2P1P/8/5PK1/q7,1,1
5k2/1Q3p2/P3p1p1/7p/1PP2P1P/8/5PK1/q7,0,1
5k2/1Q3p2/P3p1p1/7p/1PP2P1P/8/5PK1/3q4,1,1
5k2/5p2/P3p1p1/7p/1PP2P1P/5Q2/5PK1/3q4,0,1
5k2/5p2/P3p1p1/7p/qPP2P1P/5Q2/5PK1/8,1,1
5k2/5p2/P3p1p1/1P5p/q1P2P1P/5Q2/5PK1/8,0,1
5k2/5p2/P3p1p1/1P5p/2P2P1P/5Q2/5PK1/q7,1,1
Q4k2/5p2/P3p1p1/1P5p/2P2P1P/8/5PK1/q7,0,1
Q7/5pk1/P3p1p1/1P5p/2P2P1P/8/5PK1/q7,1,1
Q7/P4pk1/4p1p1/1P5p/2P2P1P/8/5PK1/q7,0,1
Q7/P4pk1/4p1p1/1P5p/q1P2P1P/8/5PK1/8,1,1
8/PQ3pk1/4p1p1/1P5p/q1P2P1P/8/5PK1/8,0,1
5rk1/p3p1r1/3pP3/2p3q1/1pP1R2N/1P1Q4/P4PP1/6K1,1,1
5rk1/p3p1r1/3pP3/2p3q1/1pP1R2N/1P1Q2P1/P4P2/6K1,0,1
6k1/p3p1r1/3pP3/2p3q1/1pP1Rr1N/1P1Q2P1/P4P2/6K1,1,1
6k1/p3p1r1/3pP3/2p3q1/1pP2R1N/1P1Q2P1/P4P2/6K1,0,1
6k1/p3p1r1/3pP3/2p5/1pP2q1N/1P1Q2P1/P4P2/6K1,1,1
6k1/p3p1r1/3pP3/2p2N2/1pP2q2/1P1Q2P1/P4P2/6K1,0,1
6k1/p3p1r1/3pP3/2p2N2/1pP5/1P1Q2P1/P4P2/2q3K1,1,1
6k1/p3p1r1/3pP3/2p2N2/1pP5/1P1Q2P1/P4PK1/2q5,0,1
6k1/p3p2r/3pP3/2p2N2/1pP5/1P1Q2P1/P4PK1/2q5,1,1
6k1/p3N2r/3pP3/2p5/1pP5/1P1Q2P1/P4PK1/2q5,0,1
7k/p3N2r/3pP3/2p5/1pP5/1P1Q2P1/P4PK1/2q5,1,1
7k/p6r/3pP1N1/2p5/1pP5/1P1Q2P1/P4PK1/2q5,0,1
8/p5kr/3pP1N1/2p5/1pP5/1P1Q2P1/P4PK1/2q5,1,1
8/p5kr/3pP3/2p5/1pP4N/1P1Q2P1/P4PK1/2q5,0,1
8/p5kr/3pP3/2p5/1pP4N/1P1Q2P1/P4PK1/4q3,1,1
8/p5kr/3pP1Q1/2p5/1pP4N/1P4P1/P4PK1/4q3,0,1
7k/p6r/3pP1Q1/2p5/1pP4N/1P4P1/P4PK1/4q3,1,1
4Q2k/p6r/3pP3/2p5/1pP4N/1P4P1/P4PK1/4q3,0,1
4Q3/p5kr/3pP3/2p5/1pP4N/1P4P1/P4PK1/4q3,1,1
8/p4Qkr/3pP3/2p5/1pP4N/1P4P1/P4PK1/4q3,0,1
Q4b2/6kp/6p1/2p1p3/P2qP1PP/5P2/6K1/8,1,0
Q4b2/6kp/6p1/P1p1p3/3qP1PP/5P2/6K1/8,0,0
Q4b2/6kp/6p1/P3p3/2pqP1PP/5P2/6K1/8,1,0
Q4b2/6kp/P5p1/4p3/2pqP1PP/5P2/6K1/8,0,0
Q4b2/6kp/P5p1/4p3/3qP1PP/2p2P2/6K1/8,1,0
5b2/1Q4kp/P5p1/4p3/3qP1PP/2p2P2/6K1/8,0,0
5bk1/1Q5p/P5p1/4p3/3qP1PP/2p2P2/6K1/8,1,0
5bk1/PQ5p/6p1/4p3/3qP1PP/2p2P2/6K1/8,0,0
5bk1/PQ5p/6p1/4p3/3qP1PP/5P2/2p3K1/8,1,0
5bk1/P6p/6p1/4p3/3qP1PP/1Q3P2/2p3K1/8,0,0
5b2/P5kp/6p1/4p3/3qP1PP/1Q3P2/2p3K1/8,1,0
5b2/PQ4kp/6p1/4p3/3qP1PP/5P2/2p3K1/8,0,0
5bk1/PQ5p/6p1/4p3/3qP1PP/5P2/2p3K1/8,1,0
5bk1/P6p/6p1/4p3/3qP1PP/1Q3P2/2p3K1/8,0,0
5b2/P5kp/6p1/4p3/3qP1PP/1Q3P2/2p3K1/8,1,0
5b2/PQ4kp/6p1/4p3/3qP1PP/5P2/2p3K1/8,0,0
5bk1/PQ5p/6p1/4p3/3qP1PP/5P2/2p3K1/8,1,0
5bk1/P6p/6p1/4p3/3qP1PP/1Q3P2/2p3K1/8,0,0
5b2/P5kp/6p1/4p3/3qP1PP/1Q3P2/2p3K1/8,1,0
5b2/PQ4kp/6p1/4p3/3qP1PP/5P2/2p3K1/8,0,0
5r1k/pp2q1pp/3pb3/4p3/2P2r2/1P2Q3/P2R1PPP/R3N1K1,0,-1
7k/pp2q1pp/3pbr2/4p3/2P2r2/1P2Q3/P2R1PPP/R3N1K1,1,-1
7k/pp2q1pp/3pbr2/4p3/2P2r2/1P2Q3/P2R1PPP/3RN1K1,0,-1
7k/pp2q1pp/3p1r2/4p3/2P2rb1/1P2Q3/P2R1PPP/3RN1K1,1,-1
7k/pp2q1pp/3p1r2/4p3/2P2rb1/1P2QP2/P2R2PP/3RN1K1,0,-1
7k/pp2q1pp/3p1r2/4p2b/2P2r2/1P2QP2/P2R2PP/3RN1K1,1,-1
7k/Qp2q1pp/3p1r2/4p2b/2P2r2/1P3P2/P2R2PP/3RN1K1,0,-1
7k/Qp2q1pp/3p2r1/4p2b/2P2r2/1P3P2/P2R2PP/3RN1K1,1,-1
7k/Qp2q1pp/3R2r1/4p2b/2P2r2/1P3P2/P5PP/3RN1K1,0,-1
7k/Qp2q1pp/3R2r1/7b/2P1pr2/1P3P2/P5PP/3RN1K1,1,-1
3R3k/Qp2q1pp/6r1/7b/2P1pr2/1P3P2/P5PP/3RN1K1,0,-1
3R1r1k/Qp2q1pp/6r1/7b/2P1p3/1P3P2/P5PP/3RN1K1,1,-1
5R1k/Qp2q1pp/6r1/7b/2P1p3/1P3P2/P5PP/3RN1K1,0,-1
5q1k/Qp4pp/6r1/7b/2P1p3/1P3P2/P5PP/3RN1K1,1,-1
5q1k/1p4pp/6r1/Q6b/2P1p3/1P3P2/P5PP/3RN1K1,0,-1
5q1k/1p4pp/6r1/Q6b/2P5/1P3p2/P5PP/3RN1K1,1,-1
5q1k/1p4pp/6r1/Q6b/2P5/1P3N2/P5PP/3R2K1,0,-1
5q1k/1p4pp/8/Q6b/2P5/1P3N2/P5rP/3R2K1,1,-1
5q1k/1p4pp/8/Q6b/2P5/1P3N2/P5rP/3R3K,0,-1
5q1k/1p4pp/8/Q7/2P5/1P3b2/P5rP/3R3K,1,-1
8/6pp/4k3/4p3/1P6/1K2r3/P5PP/7R,1,1
8/6pp/4k3/4p3/KP6/4r3/P5PP/7R,0,1
8/6pp/4k3/4p3/KP6/8/P3r1PP/7R,1,1
8/6pp/4k3/4p3/KP6/P7/4r1PP/7R,0,1
8/6pp/4k3/8/KP2p3/P7/4r1PP/7R,1,1
8/6pp/4k3/1P6/K3p3/P7/4r1PP/7R,0,1
8/6pp/4k3/1P6/K3p3/P7/1r4PP/7R,1,1
8/6pp/4k3/KP6/4p3/P7/1r4PP/7R,0,1
8/6pp/4k3/KP6/8/P3p3/1r4PP/7R,1,1
8/6pp/1P2k3/K7/8/P3p3/1r4PP/7R,0,1
8/6pp/1P1k4/K7/8/P3p3/1r4PP/7R,1,1
8/6pp/KP1k4/8/8/P3p3/1r4PP/7R,0,1
8/6pp/KP1k4/8/8/P7/1r2p1PP/7R,1,1
8/1P4pp/K2k4/8/8/P7/1r2p1PP/7R,0,1
8/1P4pp/K2k4/8/8/Pr6/4p1PP/7R,1,1
8/1P4pp/K2k4/8/P7/1r6/4p1PP/7R,0,1
8/1P1k2pp/K7/8/P7/1r6/4p1PP/7R,1,1
8/KP1k2pp/8/8/P7/1r6/4p1PP/7R,0,1
8/KPk3pp/8/8/P7/1r6/4p1PP/7R,1,1
8/KPk3pp/8/8/P7/1r6/4p1PP/R7,0,1
7k/5p1p/p4pr1/Pp1Nb3/4P2P/2P2P2/1P3B2/7K,0,-1
7k/5p1p/p5r1/Pp1Nbp2/4P2P/2P2P2/1P3B2/7K,1,-1
7k/4Np1p/p5r1/Pp2bp2/4P2P/2P2P2/1P3B2/7K,0,-1
7k/4Np1p/p2r4/Pp2bp2/4P2P/2P2P2/1P3B2/7K,1,-1
7k/5p1p/p2r4/Pp2bN2/4P2P/2P2P2/1P3B2/7K,0,-1
7k/5p1p/p7/Pp2bN2/4P2P/2P2P2/1P1r1B2/7K,1,-1
7k/5p1p/p7/PpB1bN2/4P2P/2P2P2/1P1r4/7K,0,-1
7k/5p1p/p7/PpB1bN2/4P2P/2P2P2/1r6/7K,1,-1
7k/5p1p/p7/Pp2bN2/1B2P2P/2P2P2/1r6/7K,0,-1
7k/5p1p/p7/Pp2bN2/1B2P2P/1rP2P2/8/7K,1,-1
7k/5p1p/p7/Pp2bN2/1B2P2P/1rP2P2/6K1/8,0,-1
7k/5p1p/p7/Pp3N2/1B2P2P/1rb2P2/6K1/8,1,-1
7k/4Bp1p/p7/Pp3N2/4P2P/1rb2P2/6K1/8,0,-1
7k/4Bp1p/p7/P4N2/1p2P2P/1rb2P2/6K1/8,1,-1
7k/4Bp1p/p2N4/P7/1p2P2P/1rb2P2/6K1/8,0,-1
6k1/4Bp1p/p2N4/P7/1p2P2P/1rb2P2/6K1/8,1,-1
6k1/4Bp1p/p2N4/P7/1p2PP1P/1rb5/6K1/8,0,-1
6k1/4Bp1p/p2N4/P7/1p2PP1P/2b5/6K1/1r6,1,-1
6k1/4Bp1p/p2N4/P3P3/1p3P1P/2b5/6K1/1r6,0,-1
6k1/4Bp1p/p2N4/P3P3/5P1P/1pb5/6K1/1r6,1,-1
r1b1k2r/4bppp/p2pp3/5PPP/1qnBP3/RNN3Q1/1PP5/4K2R,1,1
r1b1k2r/4bppp/p2pp3/5PPP/RqnBP3/1NN3Q1/1PP5/4K2R,0,1
r1b1k2r/1q2bppp/p2pp3/5PPP/R1nBP3/1NN3Q1/1PP5/4K2R,1,1
r1b1k2r/1q2bppp/p2pp3/5PPP/2RBP3/1NN3Q1/1PP5/4K2R,0,1
r1b1k2r/1q2bppp/p2p4/5pPP/2RBP3/1NN3Q1/1PP5/4K2R,1,1
r1b1k2r/1q2bppp/p2p4/3N1pPP/2RBP3/1N4Q1/1PP5/4K2R,0,1
r1b2rk1/1q2bppp/p2p4/3N1pPP/2RBP3/1N4Q1/1PP5/4K2R,1,1
r1b2rk1/1q2bppp/p2p2P1/3N1p1P/2RBP3/1N4Q1/1PP5/4K2R,0,1
r1b2rk1/1q2bpp1/p2p2Pp/3N1p1P/2RBP3/1N4Q1/1PP5/4K2R,1,1
r1b2rk1/1qR1bpp1/p2p2Pp/3N1p1P/3BP3/1N4Q1/1PP5/4K2R,0,1
r1b2rk1/2q1bpp1/p2p2Pp/3N1p1P/3BP3/1N4Q1/1PP5/4K2R,1,1
r1b2rk1/2N1bpp1/p2p2Pp/5p1P/3BP3/1N4Q1/1PP5/4K2R,0,1
1rb2rk1/2N1bpp1/p2p2Pp/5p1P/3BP3/1N4Q1/1PP5/4K2R,1,1
1rb2rk1/4bpp1/p2p2Pp/3N1p1P/3BP3/1N4Q1/1PP5/4K2R,0,1
1rb2rk1/5pp1/p2p2Pp/3N1pbP/3BP3/1N4Q1/1PP5/4K2R,1,1
1rb2rk1/5pp1/p2Q2Pp/3N1pbP/3BP3/1N6/1PP5/4K2R,0,1
1r3rk1/1b3pp1/p2Q2Pp/3N1pbP/3BP3/1N6/1PP5/4K2R,1,1
1r3rk1/1b3Pp1/p2Q3p/3N1pbP/3BP3/1N6/1PP5/4K2R,0,1
1r3r1k/1b3Pp1/p2Q3p/3N1pbP/3BP3/1N6/1PP5/4K2R,1,1
1r3r1k/1b3Pp1/p5Qp/3N1pbP/3BP3/1N6/1PP5/4K2R,0,1
5rk1/1p3pp1/3r3b/2q1p3/1nP1P3/p1Q2PP1/P5K1/1B1R1R2,0,-1
3r2k1/1p3pp1/3r3b/2q1p3/1nP1P3/p1Q2PP1/P5K1/1B1R1R2,1,-1
3r2k1/1p3pp1/3R3b/2q1p3/1nP1P3/p1Q2PP1/P5K1/1B3R2,0,-1
6k1/1p3pp1/3r3b/2q1p3/1nP1P3/p1Q2PP1/P5K1/1B3R2,1,-1
6k1/1p3pp1/3r3b/2q1p3/1nP1PP2/p1Q3P1/P5K1/1B3R2,0,-1
6k1/1p3pp1/2nr3b/2q1p3/2P1PP2/p1Q3P1/P5K1/1B3R2,1,-1
6k1/1p3pp1/2nr3b/2q1p3/2P1PP2/p1Q3P1/P4RK1/1B6,0,-1
6k1/5pp1/2nr3b/1pq1p3/2P1PP2/p1Q3P1/P4RK1/1B6,1,-1
6k1/5pp1/2nr3b/1pq1p3/2P1PP2/p4QP1/P4RK1/1B6,0,-1
6k1/5pp1/2nr3b/2q1p3/2p1PP2/p4QP1/P4RK1/1B6,1,-1
6k1/5pp1/2nr3b/2q1p2Q/2p1PP2/p5P1/P4RK1/1B6,0,-1
6k1/5pp1/2nr3b/2q1p2Q/4PP2/p1p3P1/P4RK1/1B6,1,-1
6k1/5pp1/2nr3b/2q1p2Q/4PP2/p1p3P1/P1B2RK1/8,0,-1
6k1/5pp1/2n4b/2q1p2Q/4PP2/p1p3P1/P1Br1RK1/8,1,-1
6k1/5pp1/2n4b/2q1p2Q/4PP2/p1p3P1/P1BR2K1/8,0,-1
6k1/5pp1/2n4b/2q1p2Q/4PP2/p5P1/P1Bp2K1/8,1,-1
6k1/5pp1/2n4b/2q1p2Q/4PP2/pB4P1/P2p2K1/8,0,-1
6k1/4qpp1/2n4b/4p2Q/4PP2/pB4P1/P2p2K1/8,1,-1
6k1/4qpp1/2n4b/4p3/4PP2/pB4P1/P2p2K1/3Q4,0,-1
6k1/4qpp1/2n4b/8/4Pp2/pB4P1/P2p2K1/3Q4,1,-1
3r1k2/5p1p/p3R3/4n1p1/8/B2n4/P5PP/5BK1,0,-1
3r4/5pkp/p3R3/4n1p1/8/B2n4/P5PP/5BK1,1,-1
3r4/5pkp/R7/4n1p1/8/B2n4/P5PP/5BK1,0,-1
1r6/5pkp/R7/4n1p1/8/B2n4/P5PP/5BK1,1,-1
1r6/5pkp/R2B4/4n1p1/8/3n4/P5PP/5BK1,0,-1
8/5pkp/R2B4/4n1p1/8/3n4/P5PP/1r3BK1,1,-1
8/5pkp/3B4/4n1p1/8/R2n4/P5PP/1r3BK1,0,-1
8/6kp/3B1p2/4n1p1/8/R2n4/P5PP/1r3BK1,1,-1
8/6kp/3B1p2/4n1p1/8/R2n3P/P5P1/1r3BK1,0,-1
8/6kp/3B1p2/4n1p1/5n2/R6P/P5P1/1r3BK1,1,-1
8/6kp/3B1p2/4n1p1/5n2/4R2P/P5P1/1r3BK1,0,-1
8/6kp/3B1p2/6p1/2n2n2/4R2P/P5P1/1r3BK1,1,-1
8/4R1kp/3B1p2/6p1/2n2n2/7P/P5P1/1r3BK1,0,-1
8/4R2p/3B1pk1/6p1/2n2n2/7P/P5P1/1r3BK1,1,-1
8/4R2p/5pk1/2B3p1/2n2n2/7P/P5P1/1r3BK1,0,-1
8/4R2p/5pk1/2B3p1/5n2/7P/P2n2P1/1r3BK1,1,-1
8/4R2p/5pk1/2B3p1/P4n2/7P/3n2P1/1r3BK1,0,-1
8/4R2p/5pk1/2B3p1/P4n2/7P/3n2P1/5rK1,1,-1
8/4R2p/5pk1/2B3p1/P4n2/7P/3n2PK/5r2,0,-1
8/4R2p/5pk1/2B3p1/P4n2/7P/3n2PK/r7,1,-1
2r2rk1/1p3p1p/p4Pp1/2bNp1q1/P1p1P3/7Q/1PP3PP/R4R1K,0,0
2r2rk1/1p3p2/p4Pp1/2bNp1qp/P1p1P3/7Q/1PP3PP/R4R1K,1,0
2r2rk1/1p3p2/p4Pp1/2bNp1qp/P1p1P3/7Q/1PP3PP/3R1R1K,0,0
3r1rk1/1p3p2/p4Pp1/2bNp1qp/P1p1P3/7Q/1PP3PP/3R1R1K,1,0
3r1rk1/1p3p2/p4Pp1/2bNp1qp/P1p1P3/5R1Q/1PP3PP/3R3K,0,0
3r1r1k/1p3p2/p4Pp1/2bNp1qp/P1p1P3/5R1Q/1PP3PP/3R3K,1,0
3r1r1k/1p3p2/p4Pp1/2bNp1qp/P1p1P3/7Q/1PP3PP/3R1R1K,0,0
3r1r1k/5p2/p4Pp1/1pbNp1qp/P1p1P3/7Q/1PP3PP/3R1R1K,1,0
3r1r1k/5p2/p4Pp1/1PbNp1qp/2p1P3/7Q/1PP3PP/3R1R1K,0,0
3r1r1k/5p2/5Pp1/1pbNp1qp/2p1P3/7Q/1PP3PP/3R1R1K,1,0
3r1r1k/5p2/5Pp1/1pbNp1qp/2p1P3/7Q/1PP3PP/R4R1K,0,0
3r1r1k/5p2/5Pp1/1pbNp2p/2p1P3/7Q/1PPq2PP/R4R1K,1,0
3r1r1k/5p2/5Pp1/1pbNpR1p/2p1P3/7Q/1PPq2PP/R6K,0,0
3r1r1k/5p2/5Ppq/1pbNpR1p/2p1P3/7Q/1PP3PP/R6K,1,0
3r1r1k/5p2/5Ppq/1pbNp2p/2p1P3/7Q/1PP3PP/R4R1K,0,0
3r1r1k/5p2/5Pp1/1pbNp2p/2p1P3/7Q/1PPq2PP/R4R1K,1,0
3r1r1k/5p2/5Pp1/1pbNpR1p/2p1P3/7Q/1PPq2PP/R6K,0,0
3r1r1k/5p2/5Ppq/1pbNpR1p/2p1P3/7Q/1PP3PP/R6K,1,0
3r1r1k/5p2/5Ppq/1pbNp2p/2p1P3/7Q/1PP3PP/R4R1K,0,0
3r1r1k/5p2/5Pp1/1pbNp2p/2p1P3/7Q/1PPq2PP/R4R1K,1,0
1k6/5R2/1P6/2B5/3nr3/1K6/1P6/8,1,1
1k6/5R2/1P6/2B5/3nr3/8/KP6/8,0,1
1k6/5R2/1P6/1nB5/4r3/8/KP6/8,1,1
1k6/5R2/1P6/1n6/4r3/8/KP3B2/8,0,1
1k6/5R2/1P6/1n6/r7/8/KP3B2/8,1,1
1k6/5R2/1P6/1n6/r7/1K6/1P3B2/8,0,1
1k6/5R2/1P6/1n6/6r1/1K6/1P3B2/8,1,1
1k6/5R2/1P6/1nB5/6r1/1K6/1P6/8,0,1
1k6/5R2/1P6/2B5/3n2r1/1K6/1P6/8,1,1
1k6/5R2/1P6/2B5/3n2r1/2K5/1P6/8,0,1
1k6/5R2/1P6/1nB5/6r1/2K5/1P6/8,1,1
1k6/5R2/1P6/1nB5/6r1/3K4/1P6/8,0,1
1k6/5R2/1P6/1nB3r1/8/3K4/1P6/8,1,1
1k6/5R2/1P6/1nB3r1/1P6/3K4/8/8,0,1
1k6/5R2/1P6/1nB5/1P4r1/3K4/8/8,1,1
1k6/5R2/1P6/1n6/1P4r1/3KB3/8/8,0,1
2k5/5R2/1P6/1n6/1P4r1/3KB3/8/8,1,1
2k5/1P3R2/8/1n6/1P4r1/3KB3/8/8,0,1
1k6/1P3R2/8/1n6/1P4r1/3KB3/8/8,1,1
1k6/1P3R2/8/1n6/1P3Br1/3K4/8/8,0,1
3r2k1/5ppp/pprPq3/2n5/2P1pB2/1P5P/P2Q1PP1/3RR1K1,0,-1
3r2k1/5ppp/pprP4/2n2q2/2P1pB2/1P5P/P2Q1PP1/3RR1K1,1,-1
3r2k1/5ppp/pprP4/2n2q2/2P1p3/1P4BP/P2Q1PP1/3RR1K1,0,-1
3r2k1/5ppp/pprP4/5q2/2P1p3/1P1n2BP/P2Q1PP1/3RR1K1,1,-1
3r2k1/5ppp/pprP4/5q2/2P1p3/1P1nR1BP/P2Q1PP1/3R2K1,0,-1
3r2k1/5ppp/pprP2q1/8/2P1p3/1P1nR1BP/P2Q1PP1/3R2K1,1,-1
3r2k1/5ppp/pprP2q1/8/2P1p3/1P1nR1BP/P3QPP1/3R2K1,0,-1
3r2k1/6pp/pprP2q1/5p2/2P1p3/1P1nR1BP/P3QPP1/3R2K1,1,-1
3r2k1/6pp/pprP2q1/5p2/2P1p3/1P1nRPBP/P3Q1P1/3R2K1,0,-1
3r2k1/6pp/pprP4/5p2/2P1p3/1P1nRPqP/P3Q1P1/3R2K1,1,-1
3r2k1/6pp/pprP4/5p2/2P1P3/1P1nR1qP/P3Q1P1/3R2K1,0,-1
3r2k1/6pp/pprP4/5p2/2P1Pn2/1P2R1qP/P3Q1P1/3R2K1,1,-1
3r2k1/6pp/pprP4/5p2/2P1Pn2/1P2R1qP/P2Q2P1/3R2K1,0,-1
3r2k1/6pp/pprP4/5pq1/2P1Pn2/1P2R2P/P2Q2P1/3R2K1,1,-1
3r2k1/6pp/pprP4/5pq1/2P1Pn2/1P3R1P/P2Q2P1/3R2K1,0,-1
3r2k1/6pp/pp1r4/5pq1/2P1Pn2/1P3R1P/P2Q2P1/3R2K1,1,-1
3r2k1/6pp/pp1r4/5pq1/2P1PQ2/1P3R1P/P5P1/3R2K1,0,-1
3r2k1/6pp/pp6/5pq1/2P1PQ2/1P3R1P/P5P1/3r2K1,1,-1
3r2k1/6pp/pp6/5pq1/2P1PQ2/1P3R1P/P5PK/3r4,0,-1
3r2k1/6pp/pp6/5p2/2P1Pq2/1P3R1P/P5PK/3r4,1,-1
2rr3k/RR6/5b1p/3n1bp1/3P4/1N2B2P/3N1PP1/6K1,1,1
2rr3k/RR6/5b1p/2Nn1bp1/3P4/4B2P/3N1PP1/6K1,0,1
2rr3k/RR6/5b1p/2N2bp1/3P4/4n2P/3N1PP1/6K1,1,1
2rr3k/RR6/5b1p/2N2bp1/3P4/4P2P/3N2P1/6K1,0,1
2r4k/RR6/5b1p/2N2bp1/3r4/4P2P/3N2P1/6K1,1,1
2r4k/RR6/5b1p/2N2bp1/3P4/7P/3N2P1/6K1,0,1
2r4k/RR6/7p/2N2bp1/3b4/7P/3N2P1/6K1,1,1
2r4k/RR6/7p/2N2bp1/3b4/7P/3N2P1/7K,0,1
2r4k/RR6/7p/2b2bp1/8/7P/3N2P1/7K,1,1
2r4k/1R6/7p/R1b2bp1/8/7P/3N2P1/7K,0,1
2r4k/1R6/7p/R1b3p1/8/3b3P/3N2P1/7K,1,1
2r4k/8/7p/R1b3p1/8/1R1b3P/3N2P1/7K,0,1
2r4k/8/6bp/R1b3p1/8/1R5P/3N2P1/7K,1,1
2r4k/8/6bp/R1b3p1/8/2R4P/3N2P1/7K,0,1
3r3k/8/6bp/R1b3p1/8/2R4P/3N2P1/7K,1,1
3r3k/8/6bp/R1R3p1/8/7P/3N2P1/7K,0,1
7k/8/6bp/R1R3p1/8/7P/3r2P1/7K,1,1
7k/8/2R3bp/R5p1/8/7P/3r2P1/7K,0,1
7k/8/2R4p/R5p1/4b3/7P/3r2P1/7K,1,1
R6k/8/2R4p/6p1/4b3/7P/3r2P1/7K,0,1
8/1R2k2p/p2rb1p1/1p2ppN1/1P6/P6P/2r2PP1/4R1K1,0,-1
8/1R1bk2p/p2r2p1/1p2ppN1/1P6/P6P/2r2PP1/4R1K1,1,-1
8/1R1bk2p/p2r2p1/1p2RpN1/1P6/P6P/2r2PP1/6K1,0,-1
8/1R1b3p/p2r1kp1/1p2RpN1/1P6/P6P/2r2PP1/6K1,1,-1
8/1R1b3p/p2r1kp1/1p2RpN1/1P3P2/P6P/2r3P1/6K1,0,-1
8/1R1b4/p2r1kpp/1p2RpN1/1P3P2/P6P/2r3P1/6K1,1,-1
8/1R1b4/p2r1kpp/1p2Rp2/1P3P2/P4N1P/2r3P1/6K1,0,-1
8/1R6/p1br1kpp/1p2Rp2/1P3P2/P4N1P/2r3P1/6K1,1,-1
8/8/pRbr1kpp/1p2Rp2/1P3P2/P4N1P/2r3P1/6K1,0,-1
8/8/pRbr1kpp/1p2Rp2/1P3P2/P4N1P/6r1/6K1,1,-1
8/8/pRbr1kpp/1p2Rp2/1P3P2/P4N1P/6r1/5K2,0,-1
8/8/pRbr1kpp/1p2Rp2/1P3P2/P4NrP/8/5K2,1,-1
8/8/pRbr1kpp/1p3p2/1P3P2/P3RNrP/8/5K2,0,-1
8/8/pRbr1k1p/1p3pp1/1P3P2/P3RNrP/8/5K2,1,-1
8/8/pRbr1k1p/1p3pP1/1P6/P3RNrP/8/5K2,0,-1
8/8/pRbr1k2/1p3pp1/1P6/P3RNrP/8/5K2,1,-1
8/8/pRbr1k2/1p3pp1/1P6/P1R2NrP/8/5K2,0,-1
8/4k3/pRbr4/1p3pp1/1P6/P1R2NrP/8/5K2,1,-1
8/4k3/pRbr4/1p3pp1/1P6/P3RNrP/8/5K2,0,-1
8/4k3/pR1r4/1p3pp1/1P2b3/P3RNrP/8/5K2,1,-1
8/1P6/1K6/2Pk4/8/1r6/5N1p/8,1,0
8/1PK5/8/2Pk4/8/1r6/5N1p/8,0,0
8/1PK5/8/2k5/8/1r6/5N1p/8,1,0
1Q6/2K5/8/2k5/8/1r6/5N1p/8,0,0
1r6/2K5/8/2k5/8/8/5N1p/8,1,0
1K6/8/8/2k5/8/8/5N1p/8,0,0
1K6/8/8/8/3k4/8/5N1p/8,1,0
8/2K5/8/8/3k4/8/5N1p/8,0,0
8/2K5/8/8/8/2k5/5N1p/8,1,0
8/8/3K4/8/8/2k5/5N1p/8,0,0
8/8/3K4/8/8/8/3k1N1p/8,1,0
8/8/8/4K3/8/8/3k1N1p/8,0,0
8/8/8/4K3/8/8/4kN1p/8,1,0
8/8/8/4K3/8/8/4k2p/7N,0,0
8/8/8/4K3/8/5k2/7p/7N,1,0
8/8/8/8/3K4/5k2/7p/7N,0,0
8/8/8/8/3K4/8/6kp/7N,1,0
8/8/8/8/8/4K3/6kp/7N,0,0
8/8/8/8/8/4K3/7p/7k,1,0
8/8/8/8/8/8/5K1p/7k,0,0
1rq1r1k1/5pp1/5P1P/3Nb3/pP5P/3Q4/KP6/3R3R,0,-1
1r2r1k1/5pp1/4qP1P/3Nb3/pP5P/3Q4/KP6/3R3R,1,-1
1r2r1k1/5pP1/4q2P/3Nb3/pP5P/3Q4/KP6/3R3R,0,-1
4r1k1/5pP1/4q2P/3Nb3/pr5P/3Q4/KP6/3R3R,1,-1
4r1k1/5pP1/4q2P/3Nb3/pr5P/3Q4/KP1R4/7R,0,-1
1r4k1/5pP1/4q2P/3Nb3/pr5P/3Q4/KP1R4/7R,1,-1
1r4k1/5pP1/4q2P/3Nb3/pr5P/3Q4/KP1R4/1R6,0,-1
1r4k1/5pP1/4q2P/3Nb3/p2r3P/3Q4/KP1R4/1R6,1,-1
1r4k1/5pPP/4q3/3Nb3/p2r3P/3Q4/KP1R4/1R6,0,-1
1r6/5pkP/4q3/3Nb3/p2r3P/3Q4/KP1R4/1R6,1,-1
1r6/5pkP/4q3/3Nb3/p2r3P/3Q4/KP4R1/1R6,0,-1
1r5k/5p1P/4q3/3Nb3/p2r3P/3Q4/KP4R1/1R6,1,-1
1r4Rk/5p1P/4q3/3Nb3/p2r3P/3Q4/KP6/1R6,0,-1
6rk/5p1P/4q3/3Nb3/p2r3P/3Q4/KP6/1R6,1,-1
6Qk/5p2/4q3/3Nb3/p2r3P/3Q4/KP6/1R6,0,-1
6k1/5p2/4q3/3Nb3/p2r3P/3Q4/KP6/1R6,1,-1
6k1/5p2/4q3/3Nb3/p2r3P/3Q4/KP6/6R1,0,-1
7k/5p2/4q3/3Nb3/p2r3P/3Q4/KP6/6R1,1,-1
7k/5p2/4q3/3Nb3/p2r3P/8/KP6/5QR1,0,-1
7k/5p2/8/3qb3/p2r3P/8/KP6/5QR1,1,-1
2r2rk1/2q1bppp/p1bp4/2n1p3/2P1P3/N2QNP2/P2B2PP/R1R3K1,1,1
2r2rk1/2q1bppp/p1bp4/2n1p3/2P1P3/N3NP2/P2BQ1PP/R1R3K1,0,1
2r2rk1/2q2ppp/p1bp4/2n1p1b1/2P1P3/N3NP2/P2BQ1PP/R1R3K1,1,1
2r2rk1/2q2ppp/p1bp4/2n1pNb1/2P1P3/N4P2/P2BQ1PP/R1R3K1,0,1
2r2rk1/2q2ppp/p1bp4/2n1pN2/2P1P3/N4P2/P2bQ1PP/R1R3K1,1,1
2r2rk1/2q2ppp/p1bp4/2n1pN2/2P1P3/N4P2/P2Q2PP/R1R3K1,0,1
2rr2k1/2q2ppp/p1bp4/2n1pN2/2P1P3/N4P2/P2Q2PP/R1R3K1,1,1
2rr2k1/2q2ppp/p1bp4/2n1pN2/2P1P3/5P2/P1NQ2PP/R1R3K1,0,1
2rr2k1/2q2ppp/2bp4/p1n1pN2/2P1P3/5P2/P1NQ2PP/R1R3K1,1,1
2rr2k1/2q2ppp/2bp4/p1n1pN2/2P1P3/4NP2/P2Q2PP/R1R3K1,0,1
2rr2k1/q4ppp/2bp4/p1n1pN2/2P1P3/4NP2/P2Q2PP/R1R3K1,1,1
2rr2k1/q4ppp/2bp4/p1n1pN2/2P1P3/4NP2/P2Q2PP/R1R4K,0,1
2rr2k1/q4ppp/2bpn3/p3pN2/2P1P3/4NP2/P2Q2PP/R1R4K,1,1
2rr2k1/q4ppp/2bpn3/p3pN2/2P1P3/4NP2/P2Q2PP/R2R3K,0,1
2rr2k1/q4p1p/2bpn1p1/p3pN2/2P1P3/4NP2/P2Q2PP/R2R3K,1,1
2rr2k1/q4p1p/2bpn1pN/p3p3/2P1P3/4NP2/P2Q2PP/R2R3K,0,1
2rr4/q4pkp/2bpn1pN/p3p3/2P1P3/4NP2/P2Q2PP/R2R3K,1,1
2rr4/q4pkp/2bpn1p1/p3p3/2P1P1N1/4NP2/P2Q2PP/R2R3K,0,1
2rr4/q4pk1/2bpn1p1/p3p2p/2P1P1N1/4NP2/P2Q2PP/R2R3K,1,1
2rr4/q4pk1/2bpn1p1/p3pN1p/2P1P1N1/5P2/P2Q2PP/R2R3K,0,1
7k/p4q2/4Rnpp/3p4/3N1N1P/2P3P1/P4PK1/8,1,1
7k/p3Rq2/5npp/3p4/3N1N1P/2P3P1/P4PK1/8,0,1
6qk/p3R3/5npp/3p4/3N1N1P/2P3P1/P4PK1/8,1,1
6qk/R7/5npp/3p4/3N1N1P/2P3P1/P4PK1/8,0,1
6qk/R7/5n1p/3p2p1/3N1N1P/2P3P1/P4PK1/8,1,1
6qk/R7/5n1p/3p2P1/3N1N2/2P3P1/P4PK1/8,0,1
6qk/R7/5n2/3p2p1/3N1N2/2P3P1/P4PK1/8,1,1
6qk/R7/4Nn2/3p2p1/3N4/2P3P1/P4PK1/8,0,1
7k/R7/4Nnq1/3p2p1/3N4/2P3P1/P4PK1/8,1,1
R6k/8/4Nnq1/3p2p1/3N4/2P3P1/P4PK1/8,0,1
R5nk/8/4N1q1/3p2p1/3N4/2P3P1/P4PK1/8,1,1
5Rnk/8/4N1q1/3p2p1/3N4/2P3P1/P4PK1/8,0,1
5Rnk/8/4N1q1/3p4/3N2p1/2P3P1/P4PK1/8,1,1
6nk/8/4N1q1/3p1R2/3N2p1/2P3P1/P4PK1/8,0,1
7k/4n3/4N1q1/3p1R2/3N2p1/2P3P1/P4PK1/8,1,1
7k/4n3/6q1/3p1R2/3N1Np1/2P3P1/P4PK1/8,0,1
7k/4n3/q7/3p1R2/3N1Np1/2P3P1/P4PK1/8,1,1
7k/4nR2/q7/3p4/3N1Np1/2P3P1/P4PK1/8,0,1
7k/4nR2/7q/3p4/3N1Np1/2P3P1/P4PK1/8,1,1
7k/4R3/7q/3p4/3N1Np1/2P3P1/P4PK1/8,0,1
3b4/8/k7/P4Kp1/6P1/8/3B4/8,1,1
3b4/8/k7/P4KB1/6P1/8/8/8,0,1
8/8/k7/b4KB1/6P1/8/8/8,1,1
8/8/k7/b4K2/5BP1/8/8/8,0,1
3b4/8/k7/5K2/5BP1/8/8/8,1,1
3b4/8/k7/4BK2/6P1/8/8/8,0,1
3b4/8/8/1k2BK2/6P1/8/8/8,1,1
3b4/8/5B2/1k3K2/6P1/8/8/8,0,1
8/8/1b3B2/1k3K2/6P1/8/8/8,1,1
8/8/1b3B2/1k3KP1/8/8/8/8,0,1
8/8/5B2/1k3KP1/8/4b3/8/8,1,1
8/8/5BP1/1k3K2/8/4b3/8/8,0,1
8/8/5BPb/1k3K2/8/8/8/8,1,1
8/8/6Pb/1k3KB1/8/8/8/8,0,1
8/6b1/6P1/1k3KB1/8/8/8/8,1,1
8/6b1/4K1P1/1k4B1/8/8/8/8,0,1
8/6b1/4K1P1/6B1/2k5/8/8/8,1,1
8/5Kb1/6P1/6B1/2k5/8/8/8,0,1
8/5K2/6P1/6B1/2kb4/8/8/8,1,1
8/5K2/5BP1/8/2kb4/8/8/8,0,1
2kr3r/Qpqbb3/p3pp2/4p1p1/4P1B1/2N4P/PPP3P1/1K1R1R2,0,-1
2kr3r/Qpqb4/p3pp2/2b1p1p1/4P1B1/2N4P/PPP3P1/1K1R1R2,1,-1
Q1kr3r/1pqb4/p3pp2/2b1p1p1/4P1B1/2N4P/PPP3P1/1K1R1R2,0,-1
Qqkr3r/1p1b4/p3pp2/2b1p1p1/4P1B1/2N4P/PPP3P1/1K1R1R2,1,-1
1Qkr3r/1p1b4/p3pp2/2b1p1p1/4P1B1/2N4P/PPP3P1/1K1R1R2,0,-1
1k1r3r/1p1b4/p3pp2/2b1p1p1/4P1B1/2N4P/PPP3P1/1K1R1R2,1,-1
1k1r3r/1p1b4/p3pR2/2b1p1p1/4P1B1/2N4P/PPP3P1/1K1R4,0,-1
1k1rr3/1p1b4/p3pR2/2b1p1p1/4P1B1/2N4P/PPP3P1/1K1R4,1,-1
1k1rr3/1p1b4/p3pR2/2b1p1p1/4P1B1/7P/PPP1N1P1/1K1R4,0,-1
1k1rr3/1p6/p1b1pR2/2b1p1p1/4P1B1/7P/PPP1N1P1/1K1R4,1,-1
1k1rr3/1p6/p1b1pR2/2b1p1p1/4P1B1/6NP/PPP3P1/1K1R4,0,-1
1k1rr3/1p6/p1b1pR2/4p1p1/4P1B1/4b1NP/PPP3P1/1K1R4,1,-1
1k1rr3/1p6/p1b1p3/4p1p1/4P1B1/4b1NP/PPP3P1/1K1R1R2,0,-1
1k1rr3/1p6/p1b1p3/4p1p1/4PbB1/6NP/PPP3P1/1K1R1R2,1,-1
1k1rr3/1p6/p1b1p3/4p1pN/4PbB1/7P/PPP3P1/1K1R1R2,0,-1
1k1rr3/1p6/p3p3/4p1pN/4bbB1/7P/PPP3P1/1K1R1R2,1,-1
1k1rr3/1p6/p3B3/4p1pN/4bb2/7P/PPP3P1/1K1R1R2,0,-1
1k2r3/1p6/p3B3/4p1pN/4bb2/7P/PPP3P1/1K1r1R2,1,-1
1k2r3/1p6/p3B3/4p1pN/4bb2/7P/PPP3P1/1K1R4,0,-1
1k6/1p6/p3r3/4p1pN/4bb2/7P/PPP3P1/1K1R4,1,-1
r7/8/8/8/3pk3/8/p1K5/4R3,0,-1
r7/8/8/3k4/3p4/8/p1K5/4R3,1,-1
r7/8/8/3k4/3p4/8/p1K5/R7,0,-1
r7/8/8/8/2kp4/8/p1K5/R7,1,-1
r7/8/8/8/2kp4/8/pK6/R7,0,-1
r7/8/8/8/2k5/3p4/pK6/R7,1,-1
r7/8/8/8/2k5/3p4/pK6/2R5,0,-1
r7/8/8/8/3k4/3p4/pK6/2R5,1,-1
r7/8/8/8/3k4/3p4/p7/K1R5,0,-1
r7/8/8/8/3k4/8/p2p4/K1R5,1,-1
r7/8/8/8/3k4/8/p2p4/K6R,0,-1
4r3/8/8/8/3k4/8/p2p4/K6R,1,-1
4r3/8/8/8/3k4/8/K2p4/7R,0,-1
8/8/8/8/3k4/8/K2p4/4r2R,1,-1
8/8/8/8/3k3R/8/K2p4/4r3,0,-1
8/8/8/4k3/7R/8/K2p4/4r3,1,-1
8/8/8/4k2R/8/8/K2p4/4r3,0,-1
8/8/5k2/7R/8/8/K2p4/4r3,1,-1
8/8/5k2/3R4/8/8/K2p4/4r3,0,-1
8/8/5k2/3R4/8/8/K7/3qr3,1,-1
8/1R2pkbp/1Nr1p1p1/pnP5/4P3/3K1P1P/5BP1/8,1,1
8/1R2pkbp/2r1p1p1/pnP5/2N1P3/3K1P1P/5BP1/8,0,1
8/1R2pkbp/2r1p1p1/p1P5/2N1P3/2nK1P1P/5BP1/8,1,1
8/1R2pkbp/2r1p1p1/N1P5/4P3/2nK1P1P/5BP1/8,0,1
8/1R2pkbp/r3p1p1/N1P5/4P3/2nK1P1P/5BP1/8,1,1
8/1R2pkbp/r3p1p1/2P5/2N1P3/2nK1P1P/5BP1/8,0,1
8/1R2pkbp/4p1p1/2P5/2N1P3/2nK1P1P/r4BP1/8,1,1
8/1R2pkbp/4p1p1/2P5/2N1P2B/2nK1P1P/r5P1/8,0,1
8/1R2pkbp/4p1p1/2P5/n1N1P2B/3K1P1P/r5P1/8,1,1
8/1R2Bkbp/4p1p1/2P5/n1N1P3/3K1P1P/r5P1/8,0,1
6k1/1R2B1bp/4p1p1/2P5/n1N1P3/3K1P1P/r5P1/8,1,1
1R4k1/4B1bp/4p1p1/2P5/n1N1P3/3K1P1P/r5P1/8,0,1
1R6/4Bkbp/4p1p1/2P5/n1N1P3/3K1P1P/r5P1/8,1,1
8/1R2Bkbp/4p1p1/2P5/n1N1P3/3K1P1P/r5P1/8,0,1
6k1/1R2B1bp/4p1p1/2P5/n1N1P3/3K1P1P/r5P1/8,1,1
6k1/1R2B1bp/2P1p1p1/8/n1N1P3/3K1P1P/r5P1/8,0,1
5bk1/1R2B2p/2P1p1p1/8/n1N1P3/3K1P1P/r5P1/8,1,1
1R3bk1/4B2p/2P1p1p1/8/n1N1P3/3K1P1P/r5P1/8,0,1
1R3b2/4Bk1p/2P1p1p1/8/n1N1P3/3K1P1P/r5P1/8,1,1
1R3B2/5k1p/2P1p1p1/8/n1N1P3/3K1P1P/r5P1/8,0,1
8/1Nk4p/Pn3p2/1Pp2P2/1b6/1P1K3P/8/8,1,1
8/1Nk4p/Pn3p2/1Pp2P2/1b2K3/1P5P/8/8,0,1
8/1Nk4p/Pn3p2/1Pp2P2/4K3/bP5P/8/8,1,1
8/2k4p/Pn3p2/NPp2P2/4K3/bP5P/8/8,0,1
8/2k4p/Pn3p2/NPp2P2/1b2K3/1P5P/8/8,1,1
8/2k4p/Pn3p2/1Pp2P2/1bN1K3/1P5P/8/8,0,1
2n5/2k4p/P4p2/1Pp2P2/1bN1K3/1P5P/8/8,1,1
2n5/2k4p/P4p2/1PpK1P2/1bN5/1P5P/8/8,0,1
2n5/2k4p/P4p2/1PpK1P2/2N5/1P5P/8/4b3,1,1
2n5/2k4p/P3Kp2/1Pp2P2/2N5/1P5P/8/4b3,0,1
2n5/2k4p/P3Kp2/1Pp2P2/2N5/1Pb4P/8/8,1,1
2n5/P1k4p/4Kp2/1Pp2P2/2N5/1Pb4P/8/8,0,1
2n5/Pk5p/4Kp2/1Pp2P2/2N5/1Pb4P/8/8,1,1
2n5/Pk5p/1P2Kp2/2p2P2/2N5/1Pb4P/8/8,0,1
2n5/Pk5p/1P2Kp2/2p2P2/2Nb4/1P5P/8/8,1,1
2n5/Pk1K3p/1P3p2/2p2P2/2Nb4/1P5P/8/8,0,1
2n5/Pk1K3p/1P3p2/2p2P2/2N5/1P5P/8/6b1,1,1
Q1n5/1k1K3p/1P3p2/2p2P2/2N5/1P5P/8/6b1,0,1
k1n5/3K3p/1P3p2/2p2P2/2N5/1P5P/8/6b1,1,1
k1K5/7p/1P3p2/2p2P2/2N5/1P5P/8/6b1,0,1
8/3nkb1p/B1rpp3/6p1/4P1P1/R3K3/3R3P/8,1,1
8/3nkb1p/2rpp3/1B4p1/4P1P1/R3K3/3R3P/8,0,1
8/2rnkb1p/3pp3/1B4p1/4P1P1/R3K3/3R3P/8,1,1
8/2rBkb1p/3pp3/6p1/4P1P1/R3K3/3R3P/8,0,1
8/3rkb1p/3pp3/6p1/4P1P1/R3K3/3R3P/8,1,1
8/3rkb1p/3pp3/4P1p1/6P1/R3K3/3R3P/8,0,1
8/3rkb1p/4p3/3pP1p1/6P1/R3K3/3R3P/8,1,1
8/3rkb1p/4p3/3pP1p1/6P1/R3K3/R6P/8,0,1
8/3rkb1p/4p3/4P1p1/3p2P1/R3K3/R6P/8,1,1
8/3rkb1p/4p3/4P1p1/3p2P1/R7/R2K3P/8,0,1
8/4kb1p/4p3/3rP1p1/3p2P1/R7/R2K3P/8,1,1
8/R3kb1p/4p3/3rP1p1/3p2P1/8/R2K3P/8,0,1
5k2/R4b1p/4p3/3rP1p1/3p2P1/8/R2K3P/8,1,1
5k2/2R2b1p/4p3/3rP1p1/3p2P1/8/R2K3P/8,0,1
5k2/2R2b1p/4p3/4r1p1/3p2P1/8/R2K3P/8,1,1
R4k2/2R2b1p/4p3/4r1p1/3p2P1/8/3K3P/8,0,1
R3bk2/2R4p/4p3/4r1p1/3p2P1/8/3K3P/8,1,1
R3bk2/7R/4p3/4r1p1/3p2P1/8/3K3P/8,0,1
R3bk2/7R/4p3/2r3p1/3p2P1/8/3K3P/8,1,1
R3bk1R/8/4p3/2r3p1/3p2P1/8/3K3P/8,0,1
8/7p/p1P3pk/2RRK3/7P/6P1/1q6/8,1,1
8/7p/p1P1K1pk/2RR4/7P/6P1/1q6/8,0,1
8/7p/p1P1K1pk/2RR4/7P/6P1/4q3/8,1,1
8/3K3p/p1P3pk/2RR4/7P/6P1/4q3/8,0,1
8/3K3p/p1P3pk/2RR4/6qP/6P1/8/8,1,1
3K4/7p/p1P3pk/2RR4/6qP/6P1/8/8,0,1
3K4/7p/p1P3pk/2RR4/7P/6q1/8/8,1,1
3K4/2P4p/p5pk/2RR4/7P/6q1/8/8,0,1
3K4/2P4p/p5pk/2RR4/7q/8/8/8,1,1
2K5/2P4p/p5pk/2RR4/7q/8/8/8,0,1
2K5/2P4p/6pk/p1RR4/7q/8/8/8,1,1
1K6/2P4p/6pk/p1RR4/7q/8/8/8,0,1
1K6/2P4p/6pk/p1RR4/5q2/8/8/8,1,1
K7/2P4p/6pk/p1RR4/5q2/8/8/8,0,1
K7/2P4p/6pk/2RR4/p4q2/8/8/8,1,1
K1Q5/7p/6pk/2RR4/p4q2/8/8/8,0,1
K1Q5/7p/6pk/2RR4/p7/5q2/8/8,1,1
K7/7p/2Q3pk/2RR4/p7/5q2/8/8,0,1
K7/7p/2Q3pk/2RR4/p4q2/8/8/8,1,1
K7/7p/2Q3pk/2R4R/p4q2/8/8/8,0,1
2krr3/1pq4p/pR4p1/P1p1pp2/2P5/2PB1Q2/2P3P1/1R4K1,1,1
2krr3/1Rq4p/p5p1/P1p1pp2/2P5/2PB1Q2/2P3P1/1R4K1,0,1
2krr3/1R5p/p2q2p1/P1p1pp2/2P5/2PB1Q2/2P3P1/1R4K1,1,1
2krr3/7p/pR1q2p1/P1p1pp2/2P5/2PB1Q2/2P3P1/1R4K1,0,1
2krr3/7p/pR1q2p1/P1p2p2/2P1p3/2PB1Q2/2P3P1/1R4K1,1,1
2krr3/7p/p2R2p1/P1p2p2/2P1p3/2PB1Q2/2P3P1/1R4K1,0,1
2krr3/7p/p2R2p1/P1p2p2/2P5/2PB1p2/2P3P1/1R4K1,1,1
2kRr3/7p/p5p1/P1p2p2/2P5/2PB1p2/2P3P1/1R4K1,0,1
2kr4/7p/p5p1/P1p2p2/2P5/2PB1p2/2P3P1/1R4K1,1,1
2kr4/7p/p5p1/P1p2p2/2P5/2PB1P2/2P5/1R4K1,0,1
3r4/2k4p/p5p1/P1p2p2/2P5/2PB1P2/2P5/1R4K1,1,1
3r4/2k4p/p5p1/P1p2p2/2P5/2PB1P2/2P2K2/1R6,0,1
8/2k4p/p2r2p1/P1p2p2/2P5/2PB1P2/2P2K2/1R6,1,1
8/2k4p/p2r2p1/P1p2p2/2P5/2PB1P2/2P2K2/7R,0,1
8/2kr3p/p5p1/P1p2p2/2P5/2PB1P2/2P2K2/7R,1,1
8/2kr3p/p5p1/P1p2p2/2P5/2PBKP2/2P5/7R,0,1
8/3r3p/p2k2p1/P1p2p2/2P5/2PBKP2/2P5/7R,1,1
8/3r3p/p2k2p1/P1p2p2/2P2K2/2PB1P2/2P5/7R,0,1
8/1r5p/p2k2p1/P1p2p2/2P2K2/2PB1P2/2P5/7R,1,1
8/1r5p/p2k2p1/P1p2pK1/2P5/2PB1P2/2P5/7R,0,1
5n1R/1r1kbp2/p1b3p1/2p1p1P1/P1p1P3/2N1BP2/1PPN4/1K6,1,1
5n1R/1r1kbp2/p1b3p1/2p1p1P1/P1N1P3/2N1BP2/1PP5/1K6,0,1
7R/1r1kbp2/p1b1n1p1/2p1p1P1/P1N1P3/2N1BP2/1PP5/1K6,1,1
7R/1r1kbp2/p1b1n1p1/2p1N1P1/P3P3/2N1BP2/1PP5/1K6,0,1
7R/1rk1bp2/p1b1n1p1/2p1N1P1/P3P3/2N1BP2/1PP5/1K6,1,1
7R/1rk1bN2/p1b1n1p1/2p3P1/P3P3/2N1BP2/1PP5/1K6,0,1
7R/1rk1bN2/p1b3p1/2p3P1/P2nP3/2N1BP2/1PP5/1K6,1,1
7R/1rk1bN2/p1b3p1/P1p3P1/3nP3/2N1BP2/1PP5/1K6,0,1
7R/1rk1bN2/p1b3p1/P1p3P1/4P3/2N1Bn2/1PP5/1K6,1,1
7R/1rk1bN2/p1b3p1/P1p3P1/4PB2/2N2n2/1PP5/1K6,0,1
7R/1r1kbN2/p1b3p1/P1p3P1/4PB2/2N2n2/1PP5/1K6,1,1
8/1r1kbN2/p1b3p1/P1p3P1/4PB2/2N2n1R/1PP5/1K6,0,1
8/1r1kbN2/p1b3p1/P1p3P1/3nPB2/2N4R/1PP5/1K6,1,1
8/1r1kb3/p1b3p1/P1p1N1P1/3nPB2/2N4R/1PP5/1K6,0,1
8/1r2b3/p1bk2p1/P1p1N1P1/3nPB2/2N4R/1PP5/1K6,1,1
8/1r2b3/p1bk2N1/P1p3P1/3nPB2/2N4R/1PP5/1K6,0,1
8/1r2b3/p1b1k1N1/P1p3P1/3nPB2/2N4R/1PP5/1K6,1,1
8/1r2b3/p1b1k1NR/P1p3P1/3nPB2/2N5/1PP5/1K6,0,1
8/1r1kb3/p1b3NR/P1p3P1/3nPB2/2N5/1PP5/1K6,1,1
8/1r1kb3/p1b4R/P1p1N1P1/3nPB2/2N5/1PP5/1K6,0,1
1r4k1/1n1R1r2/p1p3pQ/4qp1p/P3N3/1P6/2P3PP/5RK1,1,1
1r4k1/1n3R2/p1p3pQ/4qp1p/P3N3/1P6/2P3PP/5RK1,0,1
1r6/1n3k2/p1p3pQ/4qp1p/P3N3/1P6/2P3PP/5RK1,1,1
1r6/1n3k2/p1p3pQ/4qpNp/P7/1P6/2P3PP/5RK1,0,1
1r6/1n6/p1p2kpQ/4qpNp/P7/1P6/2P3PP/5RK1,1,1
1r6/1n5N/p1p2kpQ/4qp1p/P7/1P6/2P3PP/5RK1,0,1
1r6/1n3k1N/p1p3pQ/4qp1p/P7/1P6/2P3PP/5RK1,1,1
1r6/1n3k2/p1p3pQ/4qpNp/P7/1P6/2P3PP/5RK1,0,1
1r6/1n6/p1p2kpQ/4qpNp/P7/1P6/2P3PP/5RK1,1,1
1r6/1n6/p1p2kpQ/4qpNp/P6P/1P6/2P3P1/5RK1,0,1
1r6/1n6/p1p2kpQ/5pNp/P2q3P/1P6/2P3P1/5RK1,1,1
1r6/1n6/p1p2kpQ/5pNp/P2q3P/1P6/2P2RP1/6K1,0,1
1r6/1n6/p1p2kpQ/5pNp/P6q/1P6/2P2RP1/6K1,1,1
1r6/1n5N/p1p2kpQ/5p1p/P6q/1P6/2P2RP1/6K1,0,1
1r6/1n3k1N/p1p3pQ/5p1p/P6q/1P6/2P2RP1/6K1,1,1
1r6/1n3k1N/p1p3p1/5p1p/P6q/1P6/2PQ1RP1/6K1,0,1
1r6/1n3k1N/p1p3p1/5p1p/P3q3/1P6/2PQ1RP1/6K1,1,1
1r6/1n3k2/p1p3p1/5pNp/P3q3/1P6/2PQ1RP1/6K1,0,1
1r6/1n4k1/p1p3p1/5pNp/P3q3/1P6/2PQ1RP1/6K1,1,1
1r6/1n4k1/p1p3p1/5p1p/P3N3/1P6/2PQ1RP1/6K1,0,1
8/3kb3/4p3/4P1Np/4KB1P/1r4P1/8/8,1,-1
8/3kb3/4p3/4P2p/4KB1P/1r3NP1/8/8,0,-1
8/3k4/4p3/2b1P2p/4KB1P/1r3NP1/8/8,1,-1
8/3k4/4p3/2b1P2p/4KB1P/1r4P1/3N4/8,0,-1
8/3k4/4p3/2b1P2p/4KB1P/r5P1/3N4/8,1,-1
8/3k4/4p3/2b1P2p/4KB1P/r5P1/8/5N2,0,-1
8/3k4/4p3/4P2p/4KB1P/r5P1/5b2/5N2,1,-1
8/3k4/4p3/4P2p/4KB1P/r5P1/3N1b2/8,0,-1
8/3k4/4p3/4P2p/4KB1P/r5b1/3N4/8,1,-1
8/3k4/4p3/4P2p/2N1KB1P/r5b1/8/8,0,-1
8/3k4/4p3/4P2p/r1N1KB1P/6b1/8/8,1,-1
8/3k4/4p3/4P2p/r1N1K2P/6B1/8/8,0,-1
8/3k4/4p3/4P2p/2r1K2P/6B1/8/8,1,-1
8/3k4/4p3/4P2p/2r4P/5KB1/8/8,0,-1
8/3k4/4p3/4P2p/6rP/5KB1/8/8,1,-1
8/3k4/4p3/4P2p/6rP/6B1/5K2/8,0,-1
8/8/2k1p3/4P2p/6rP/6B1/5K2/8,1,-1
8/8/2k1p3/4P2p/6rP/5KB1/8/8,0,-1
8/8/4p3/3kP2p/6rP/5KB1/8/8,1,-1
8/8/4p3/3kP2p/6rP/6B1/5K2/8,0,-1
8/1p3pk1/3p2pp/1r1Pp3/3b4/6P1/3R1P1P/5NK1,1,-1
8/1p3pk1/3p2pp/1r1Pp3/3b4/6P1/3R1PKP/5N2,0,-1
8/1p4k1/3p2pp/1r1Ppp2/3b4/6P1/3R1PKP/5N2,1,-1
8/1p4k1/3p2pp/1r1Ppp2/3b4/4N1P1/3R1PKP/8,0,-1
8/1p4k1/3p2pp/1r1Ppp2/8/4b1P1/3R1PKP/8,1,-1
8/1p4k1/3p2pp/1r1Ppp2/8/4P1P1/3R2KP/8,0,-1
8/1p4k1/3p2pp/1r1P1p2/4p3/4P1P1/3R2KP/8,1,-1
8/1p4k1/3p2pp/1r1P1p2/4p3/4P1P1/2R3KP/8,0,-1
8/1p6/3p1kpp/1r1P1p2/4p3/4P1P1/2R3KP/8,1,-1
8/1pR5/3p1kpp/1r1P1p2/4p3/4P1P1/6KP/8,0,-1
8/1pR5/3p1kpp/3r1p2/4p3/4P1P1/6KP/8,1,-1
8/1R6/3p1kpp/3r1p2/4p3/4P1P1/6KP/8,0,-1
8/1R6/3p1kpp/5p2/4p3/4P1P1/3r2KP/8,1,-1
8/1R6/3p1kpp/5p2/4p3/4P1PK/3r3P/8,0,-1
8/1R6/3p1kpp/5p2/4p3/4P1PK/4r2P/8,1,-1
8/8/3p1kpp/5p2/4p3/1R2P1PK/4r2P/8,0,-1
8/8/3p1k1p/5pp1/4p3/1R2P1PK/4r2P/8,1,-1
8/8/3p1k1p/5pp1/4p1P1/1R2P2K/4r2P/8,0,-1
8/8/3p1k1p/6p1/4ppP1/1R2P2K/4r2P/8,1,-1
8/8/3p1k1p/6p1/4pPP1/1R5K/4r2P/8,0,-1
8/5B2/2R5/PK1pkP2/4pb1P/1P6/r7/8,0,0
8/5B2/2R5/PK1pkP2/4p2P/1P6/r2b4/8,1,0
8/5B2/4R3/PK1pkP2/4p2P/1P6/r2b4/8,0,0
8/5B2/4R3/PK1p1k2/4p2P/1P6/r2b4/8,1,0
8/5B2/4R3/PK1p1k2/1P2p2P/8/r2b4/8,0,0
8/5B2/4R3/PK1p1k2/1P2p2P/8/1r1b4/8,1,0
8/5B2/P3R3/1K1p1k2/1P2p2P/8/1r1b4/8,0,0
8/5B2/P3R3/1K1p1k2/1r2p2P/8/3b4/8,1,0
8/5B2/P3R3/2Kp1k2/1r2p2P/8/3b4/8,0,0
8/5B2/P3R3/2Kp1k2/r3p2P/8/3b4/8,1,0
8/5B2/P3R3/3K1k2/r3p2P/8/3b4/8,0,0
8/5B2/P3R3/r2K1k2/4p2P/8/3b4/8,1,0
8/5B2/P3R3/r4k2/3Kp2P/8/3b4/8,0,0
8/5B2/P3R3/5k2/r2Kp2P/8/3b4/8,1,0
8/5B2/P3R3/3K1k2/r3p2P/8/3b4/8,0,0
8/5B2/P3R3/r2K1k2/4p2P/8/3b4/8,1,0
8/5B2/P3R3/r4k2/3Kp2P/8/3b4/8,0,0
8/5B2/P3R3/5k2/r2Kp2P/8/3b4/8,1,0
8/5B2/P3R3/3K1k2/r3p2P/8/3b4/8,0,0
8/5B2/P3R3/r2K1k2/4p2P/8/3b4/8,1,0
b7/2q3k1/6p1/p3br2/2PpN3/PP4P1/3QR3/4R2K,1,-1
b7/2q3k1/6p1/p3br2/2PpN3/PP4P1/3QR3/4R1K1,0,-1
b7/q5k1/6p1/p3br2/2PpN3/PP4P1/3QR3/4R1K1,1,-1
b7/q5k1/6p1/p3br2/2PpN3/PP1Q2P1/4R3/4R1K1,0,-1
b7/2q3k1/6p1/p3br2/2PpN3/PP1Q2P1/4R3/4R1K1,1,-1
b7/2q3k1/6p1/p3br2/2PpN3/PP1Q2P1/5R2/4R1K1,0,-1
b7/3q2k1/6p1/p3br2/2PpN3/PP1Q2P1/5R2/4R1K1,1,-1
b7/3q2k1/6p1/p3bR2/2PpN3/PP1Q2P1/8/4R1K1,0,-1
b7/6k1/6p1/p3bq2/2PpN3/PP1Q2P1/8/4R1K1,1,-1
b7/6k1/6p1/p3bq2/2PpN3/PP1Q2P1/6K1/4R3,0,-1
b7/6k1/6p1/p3b3/2PpN1q1/PP1Q2P1/6K1/4R3,1,-1
b7/6k1/6p1/p3b3/2PpN1q1/PP4P1/4Q1K1/4R3,0,-1
b7/6k1/6p1/p3bq2/2PpN3/PP4P1/4Q1K1/4R3,1,-1
b7/6k1/6p1/p3bq2/2PpN3/PP3QP1/6K1/4R3,0,-1
b7/3q2k1/6p1/p3b3/2PpN3/PP3QP1/6K1/4R3,1,-1
b7/3q2k1/6p1/p3b3/2PpN3/PP3QP1/4R1K1/8,0,-1
b7/3q2k1/6p1/p3b3/2P1N3/PP1p1QP1/4R1K1/8,1,-1
b7/3q2k1/6p1/p3b3/2P1N3/PP1p1QP1/3R2K1/8,0,-1
b7/6k1/6p1/p3b3/2PqN3/PP1p1QP1/3R2K1/8,1,-1
b7/6k1/6p1/p3b3/2PqN3/PP1R1QP1/6K1/8,0,-1
rq5k/4R1pp/p5r1/5N2/1p3n2/5QP1/1PP4P/2K5,0,-1
rq5k/4R1pp/p5r1/5N2/1p6/5QPn/1PP4P/2K5,1,-1
rq5k/4R1pp/p5r1/5N2/1p6/6Pn/1PP3QP/2K5,0,-1
rq5k/4R1pp/p5r1/5Nn1/1p6/6P1/1PP3QP/2K5,1,-1
rq5k/4R1pp/p5r1/5Nn1/1p5P/6P1/1PP3Q1/2K5,0,-1
1q5k/r3R1pp/p5r1/5Nn1/1p5P/6P1/1PP3Q1/2K5,1,-1
1q5k/r5pp/p5r1/5Nn1/1p5P/6P1/1PP1R1Q1/2K5,0,-1
1q5k/5rpp/p5r1/5Nn1/1p5P/6P1/1PP1R1Q1/2K5,1,-1
1q5k/4Nrpp/p5r1/6n1/1p5P/6P1/1PP1R1Q1/2K5,0,-1
1q5k/4Nrpp/p4r2/6n1/1p5P/6P1/1PP1R1Q1/2K5,1,-1
1q5k/4Nrpp/p4r2/6P1/1p6/6P1/1PP1R1Q1/2K5,0,-1
1q5k/4Nrpp/p7/6P1/1p6/6P1/1PP1R1Q1/2K2r2,1,-1
1q5k/4Nrpp/p7/6P1/1p6/6P1/1PPKR1Q1/5r2,0,-1
1q5k/4N1pp/p7/6P1/1p6/5rP1/1PPKR1Q1/5r2,1,-1
1q5k/6pp/p7/3N2P1/1p6/5rP1/1PPKR1Q1/5r2,0,-1
3q3k/6pp/p7/3N2P1/1p6/5rP1/1PPKR1Q1/5r2,1,-1
3q3k/6pp/p7/3N2P1/1pP5/5rP1/1P1KR1Q1/5r2,0,-1
3q3k/6pp/p7/3N2P1/8/2p2rP1/1P1KR1Q1/5r2,1,-1
3q3k/6pp/p7/3N2P1/8/2p2rP1/1PK1R1Q1/5r2,0,-1
3q3k/6pp/p7/3N2P1/8/5rP1/1pK1R1Q1/5r2,1,-1
r1bq2k1/1p2p1bp/p1npn1p1/5r2/2P5/2N1QN1P/PP2BPP1/R2RB1K1,1,-1
r1bq2k1/1p2p1bp/p1npn1p1/3N1r2/2P5/4QN1P/PP2BPP1/R2RB1K1,0,-1
r1bq2k1/1p2p2p/p1npn1p1/3N1r2/2P5/4QN1P/Pb2BPP1/R2RB1K1,1,-1
r1bq2k1/1p2p2p/p1npn1p1/3N1r2/2P5/4QN1P/Pb2BPP1/1R1RB1K1,0,-1
r1bq2k1/1p2p1bp/p1npn1p1/3N1r2/2P5/4QN1P/P3BPP1/1R1RB1K1,1,-1
r1bq2k1/1p2p1bp/p1npn1p1/3N1r2/2P5/3BQN1P/P4PP1/1R1RB1K1,0,-1
r1bq2k1/1p2prbp/p1npn1p1/3N4/2P5/3BQN1P/P4PP1/1R1RB1K1,1,-1
r1bq2k1/1p2prbp/p1npn1p1/2PN4/8/3BQN1P/P4PP1/1R1RB1K1,0,-1
r1bq2k1/1p2prbp/p1np2p1/2nN4/8/3BQN1P/P4PP1/1R1RB1K1,1,-1
r1bq2k1/1p2prbp/p1np2p1/2nN4/2B5/4QN1P/P4PP1/1R1RB1K1,0,-1
r1bq2k1/4prbp/p1np2p1/1pnN4/2B5/4QN1P/P4PP1/1R1RB1K1,1,-1
r1bq2k1/4prbp/p1np2p1/1pnN2N1/2B5/4Q2P/P4PP1/1R1RB1K1,0,-1
r1bq2k1/4prbp/p1np2p1/2nN2N1/2p5/4Q2P/P4PP1/1R1RB1K1,1,-1
r1bq2k1/4pNbp/p1np2p1/2nN4/2p5/4Q2P/P4PP1/1R1RB1K1,0,-1
r1bq4/4pkbp/p1np2p1/2nN4/2p5/4Q2P/P4PP1/1R1RB1K1,1,-1
r1bq4/4pkbp/pNnp2p1/2n5/2p5/4Q2P/P4PP1/1R1RB1K1,0,-1
1rbq4/4pkbp/pNnp2p1/2n5/2p5/4Q2P/P4PP1/1R1RB1K1,1,-1
1rbq4/4pkbp/pNnp2p1/2n5/2p5/5Q1P/P4PP1/1R1RB1K1,0,-1
1r1q4/4pkbp/pNnp2p1/2n2b2/2p5/5Q1P/P4PP1/1R1RB1K1,1,-1
1r1q4/4pkbp/pNnp2p1/2n2b2/1Rp5/5Q1P/P4PP1/3RB1K1,0,-1
8/8/pp1q1pkp/8/P1P1pRP1/1P2Q2P/6K1/8,1,1
8/8/pp1q1pkp/8/P1P1QRP1/1P5P/6K1/8,0,1
8/6k1/pp1q1p1p/8/P1P1QRP1/1P5P/6K1/8,1,1
8/6k1/pp1q1p1p/8/P1PQ1RP1/1P5P/6K1/8,0,1
8/6k1/pp2qp1p/8/P1PQ1RP1/1P5P/6K1/8,1,1
8/6k1/pp2qp1p/8/P1PQ2P1/1P5P/5RK1/8,0,1
8/6k1/ppq2p1p/8/P1PQ2P1/1P5P/5RK1/8,1,1
8/6k1/ppq2p1p/3Q4/P1P3P1/1P5P/5RK1/8,0,1
4q3/6k1/pp3p1p/3Q4/P1P3P1/1P5P/5RK1/8,1,1
4q3/1Q4k1/pp3p1p/8/P1P3P1/1P5P/5RK1/8,0,1
4q3/1Q6/pp3pkp/8/P1P3P1/1P5P/5RK1/8,1,1
4q3/8/pp3pkp/3Q4/P1P3P1/1P5P/5RK1/8,0,1
8/4q3/pp3pkp/3Q4/P1P3P1/1P5P/5RK1/8,1,1
8/4q3/pp3pkp/5Q2/P1P3P1/1P5P/5RK1/8,0,1
8/4q1k1/pp3p1p/5Q2/P1P3P1/1P5P/5RK1/8,1,1
8/4q1k1/pp3Q1p/8/P1P3P1/1P5P/5RK1/8,0,1
8/6k1/pp3q1p/8/P1P3P1/1P5P/5RK1/8,1,1
8/6k1/pp3R1p/8/P1P3P1/1P5P/6K1/8,0,1
8/8/pp3k1p/8/P1P3P1/1P5P/6K1/8,1,1
8/8/pp3k1p/8/P1P3P1/1P3K1P/8/8,0,1
2r3k1/1bq2p1p/p5p1/1P1p4/3R4/1NnQ1P2/2P4P/4R1K1,0,-1
2r3k1/1bq2p1p/p5p1/1n1p4/3R4/1N1Q1P2/2P4P/4R1K1,1,-1
2r3k1/1bq2p1p/p5p1/1n1p4/1R6/1N1Q1P2/2P4P/4R1K1,0,-1
2r3k1/1b3p1p/p2q2p1/1n1p4/1R6/1N1Q1P2/2P4P/4R1K1,1,-1
2r3k1/1b3p1p/p2q2p1/1n1p4/6R1/1N1Q1P2/2P4P/4R1K1,0,-1
6k1/1b3p1p/p2q2p1/1n1p4/6R1/1NrQ1P2/2P4P/4R1K1,1,-1
4R1k1/1b3p1p/p2q2p1/1n1p4/6R1/1NrQ1P2/2P4P/6K1,0,-1
4R3/1b3pkp/p2q2p1/1n1p4/6R1/1NrQ1P2/2P4P/6K1,1,-1
4R3/1b3pkp/p2q2p1/1n1p4/6R1/1Nr2P2/2P1Q2P/6K1,0,-1
4R3/1b3pkp/p2q2p1/1n6/3p2R1/1Nr2P2/2P1Q2P/6K1,1,-1
4R3/1b3pkp/p2q2p1/1n2Q3/3p2R1/1Nr2P2/2P4P/6K1,0,-1
4R3/1b3pkp/p5p1/1n2q3/3p2R1/1Nr2P2/2P4P/6K1,1,-1
8/1b3pkp/p5p1/1n2R3/3p2R1/1Nr2P2/2P4P/6K1,0,-1
8/1b3pkp/p5p1/1n2R3/6R1/1Nrp1P2/2P4P/6K1,1,-1
8/1b2Rpkp/p5p1/1n6/6R1/1Nrp1P2/2P4P/6K1,0,-1
8/4Rpkp/p5p1/1n6/6R1/1Nrp1b2/2P4P/6K1,1,-1
8/4Rpkp/p5p1/1n6/5R2/1Nrp1b2/2P4P/6K1,0,-1
8/4Rpkp/p5p1/1n1b4/5R2/1Nrp4/2P4P/6K1,1,-1
8/4Rpkp/p5p1/1n1b4/5R2/2rp4/2P4P/2N3K1,0,-1
8/4Rpkp/p5p1/1n1b4/5R2/2r5/2Pp3P/2N3K1,1,-1
8/1R3k2/p3p1p1/2q1Bp2/5P2/3n3P/P5PK/8,0,-1
4k3/1R6/p3p1p1/2q1Bp2/5P2/3n3P/P5PK/8,1,-1
1R2k3/8/p3p1p1/2q1Bp2/5P2/3n3P/P5PK/8,0,-1
1R6/3k4/p3p1p1/2q1Bp2/5P2/3n3P/P5PK/8,1,-1
8/1R1k4/p3p1p1/2q1Bp2/5P2/3n3P/P5PK/8,0,-1
8/1R6/p1k1p1p1/2q1Bp2/5P2/3n3P/P5PK/8,1,-1
8/2R5/p1k1p1p1/2q1Bp2/5P2/3n3P/P5PK/8,0,-1
8/2R5/p3p1p1/2qkBp2/5P2/3n3P/P5PK/8,1,-1
8/8/p3p1p1/2RkBp2/5P2/3n3P/P5PK/8,0,-1
8/8/p3p1p1/2k1Bp2/5P2/3n3P/P5PK/8,1,-1
8/8/p3p1p1/2k1Bp2/5P2/3n2KP/P5P1/8,0,-1
8/8/p3p1p1/2k1np2/5P2/6KP/P5P1/8,1,-1
8/8/p3p1p1/2k1Pp2/8/6KP/P5P1/8,0,-1
8/8/p3p3/2k1Ppp1/8/6KP/P5P1/8,1,-1
8/8/p3p3/2k1Ppp1/8/5K1P/P5P1/8,0,-1
8/8/p3p3/3kPpp1/8/5K1P/P5P1/8,1,-1
8/8/p3p3/3kPpp1/8/5KPP/P7/8,0,-1
8/8/p3p3/4kpp1/8/5KPP/P7/8,1,-1
8/8/p3p3/4kpp1/7P/5KP1/P7/8,0,-1
8/8/p3pk2/5pp1/7P/5KP1/P7/8,1,-1
8/3kpp2/p2p4/8/PP2PP2/1KN3P1/8/6r1,1,-1
8/3kpp2/p2p4/1P6/P3PP2/1KN3P1/8/6r1,0,-1
8/3kpp2/3p4/1p6/P3PP2/1KN3P1/8/6r1,1,-1
8/3kpp2/3p4/1P6/4PP2/1KN3P1/8/6r1,0,-1
8/3kpp2/3p4/1P6/4PP2/1KN3r1/8/8,1,-1
8/3kpp2/3p4/1P6/2K1PP2/2N3r1/8/8,0,-1
8/3k1p2/3pp3/1P6/2K1PP2/2N3r1/8/8,1,-1
8/3k1p2/3pp3/1P3P2/2K1P3/2N3r1/8/8,0,-1
8/2k2p2/3pp3/1P3P2/2K1P3/2N3r1/8/8,1,-1
8/2k2p2/3pP3/1P6/2K1P3/2N3r1/8/8,0,-1
8/2k5/3pp3/1P6/2K1P3/2N3r1/8/8,1,-1
8/2k5/3pp3/1P6/2K1P3/6r1/4N3/8,0,-1
8/2k5/3pp3/1P6/2K1P3/4r3/4N3/8,1,-1
8/2k5/3pp3/1P6/2K1P3/2N1r3/8/8,0,-1
8/8/1k1pp3/1P6/2K1P3/2N1r3/8/8,1,-1
8/8/1k1pp3/1P6/N1K1P3/4r3/8/8,0,-1
8/8/3pp3/kP6/N1K1P3/4r3/8/8,1,-1
8/8/1P1pp3/k7/N1K1P3/4r3/8/8,0,-1
8/8/1P1pp3/8/k1K1P3/4r3/8/8,1,-1
8/8/1P1pp3/8/k2KP3/4r3/8/8,0,-1
8/8/PK1B1k2/3B4/2P3pp/5b2/r6P/8,0,0
8/8/PK1B1k2/3b4/2P3pp/8/r6P/8,1,0
8/8/PK1B1k2/3P4/6pp/8/r6P/8,0,0
8/8/PK1B1k2/3P4/7p/6p1/r6P/8,1,0
8/8/PK1B1k2/3P4/7p/6P1/r7/8,0,0
8/8/PK1B1k2/3P4/8/6Pp/r7/8,1,0
8/8/PK1B1k2/3P4/6P1/7p/r7/8,0,0
8/8/PK1B1k2/3P4/6P1/8/r6p/8,1,0
8/8/PK3k2/3P4/6P1/8/r6B/8,0,0
8/8/PK3k2/3P4/6P1/8/7r/8,1,0
8/P7/1K3k2/3P4/6P1/8/7r/8,0,0
8/P7/1K3k2/3P4/6P1/8/1r6/8,1,0
8/P1K5/5k2/3P4/6P1/8/1r6/8,0,0
8/P1K5/5k2/3P4/6P1/8/r7/8,1,0
8/PK6/5k2/3P4/6P1/8/r7/8,0,0
8/PK6/8/3Pk3/6P1/8/r7/8,1,0
Q7/1K6/8/3Pk3/6P1/8/r7/8,0,0
r7/1K6/8/3Pk3/6P1/8/8/8,1,0
K7/8/8/3Pk3/6P1/8/8/8,0,0
K7/8/8/3k4/6P1/8/8/8,1,0
6R1/6kp/2N1B3/2nP4/4pb1P/8/3r1PK1/8,0,0
6R1/7p/2N1B2k/2nP4/4pb1P/8/3r1PK1/8,1,0
5R2/7p/2N1B2k/2nP4/4pb1P/8/3r1PK1/8,0,0
5R2/7p/2N1B2k/3P4/4pb1P/3n4/3r1PK1/8,1,0
5R2/7p/2N1B2k/3P4/4pb1P/3n3K/3r1P2/8,0,0
5R2/7p/2N1B2k/3P4/4pb1P/7K/3r1n2/8,1,0
5R2/7p/2N1B2k/3P4/4pb1P/8/3r1nK1/8,0,0
5R2/7p/2N1B2k/3P4/4pb1P/3n4/3r2K1/8,1,0
5R2/7p/2N1B2k/3P4/4pb1P/3n3K/3r4/8,0,0
5R2/7p/2N1B2k/3P4/4pb1P/7K/3r1n2/8,1,0
5R2/7p/2N1B2k/3P4/4pb1P/8/3r1nK1/8,0,0
5R2/7p/2N1B2k/3P4/4pb1P/3n4/3r2K1/8,1,0
5R2/7p/2N1B2k/3P4/4pb1P/3n3K/3r4/8,0,0
5R2/7p/2N1B2k/3P4/4pb1P/7K/3r1n2/8,1,0
5R2/7p/2N1B2k/3P4/4pb1P/8/3r1nK1/8,0,0
5R2/7p/2N1B2k/3P4/4pb1P/3n4/3r2K1/8,1,0
5R2/7p/2N1B2k/3P4/4pb1P/3n3K/3r4/8,0,0
5R2/7p/2N1B2k/3P4/4pb1P/7K/3r1n2/8,1,0
5R2/7p/2N1B2k/3P4/4pb1P/8/3r1nK1/8,0,0
5R2/7p/2N1B2k/3P4/4pb1P/3n4/3r2K1/8,1,0
1r3rk1/3q2b1/np1p1np1/pN1Pp2p/P1P2p2/4BP2/1PBQ2PP/4RR1K,1,1
1r3rk1/3q2b1/np1p1np1/pN1Pp2p/P1P2p2/5P2/1PBQ1BPP/4RR1K,0,1
1r3rk1/3q2b1/np1p1n2/pN1Pp1pp/P1P2p2/5P2/1PBQ1BPP/4RR1K,1,1
1r3rk1/3q2b1/np1p1n2/pN1Pp1pp/P1P2p2/5PP1/1PBQ1B1P/4RR1K,0,1
1r3rk1/3q2b1/1p1p1n2/pNnPp1pp/P1P2p2/5PP1/1PBQ1B1P/4RR1K,1,1
1r3rk1/3q2b1/1p1p1n2/pNnPp1pp/P1P2P2/5P2/1PBQ1B1P/4RR1K,0,1
1r3rk1/3q2b1/1p1p1n2/pNnPp2p/P1P2p2/5P2/1PBQ1B1P/4RR1K,1,1
1r3rk1/3q2b1/1p1p1n2/pNnPp2p/P1P2p2/5P2/1PBQ1B1P/4R1RK,0,1
1r3r1k/3q2b1/1p1p1n2/pNnPp2p/P1P2p2/5P2/1PBQ1B1P/4R1RK,1,1
1r3r1k/3q2b1/1p1p1nR1/pNnPp2p/P1P2p2/5P2/1PBQ1B1P/4R2K,0,1
1r5k/3q1rb1/1p1p1nR1/pNnPp2p/P1P2p2/5P2/1PBQ1B1P/4R2K,1,1
1r5k/3q1rb1/1p1p1nR1/pNnPp2p/P1P2p2/5P2/1PBQ1B1P/6RK,0,1
1r5k/3q1rb1/1p1p1nR1/pNnP3p/P1P1pp2/5P2/1PBQ1B1P/6RK,1,1
1r5k/3q1rb1/1p1p1nR1/pNnP3p/P1PBpp2/5P2/1PBQ3P/6RK,0,1
1r5k/3q1rb1/1p1p1nR1/pNnP3p/P1PB1p2/4pP2/1PBQ3P/6RK,1,1
1r5k/3q1rb1/1p1p1nR1/pNnP3p/P1PB1p2/4pP2/1PB3QP/6RK,0,1
1r5k/3q1rb1/1p1p2R1/pNnP3p/P1PB1pn1/4pP2/1PB3QP/6RK,1,1
1r5k/3q1rb1/1p1p2R1/pNnP3p/P1PB1pP1/4p3/1PB3QP/6RK,0,1
1r5k/3q1r2/1p1p2R1/pNnP3p/P1Pb1pP1/4p3/1PB3QP/6RK,1,1
1r5k/3q1r2/1p1p2R1/p1nP3p/P1PN1pP1/4p3/1PB3QP/6RK,0,1
r6k/7p/3pb1p1/1P1Np3/2p1p3/2P3Pq/5P1P/3QR1K1,0,1
7k/7p/3pb1p1/1P1Np3/2p1p3/2P3Pq/r4P1P/3QR1K1,1,1
7k/7p/3pb1p1/1P2p3/1Np1p3/2P3Pq/r4P1P/3QR1K1,0,1
7k/7p/3pb1p1/1P2p3/1Np5/2P1p1Pq/r4P1P/3QR1K1,1,1
7k/7p/3pb1p1/1P2p3/2p5/2P1p1Pq/N4P1P/3QR1K1,0,1
7k/7p/3pb1p1/1P2p3/2p5/2P3Pq/N4p1P/3QR1K1,1,1
7k/7p/3pb1p1/1P2p3/2p5/2P3Pq/N4K1P/3QR3,0,1
7k/7p/3pb1p1/1P2p3/2p5/2P3P1/N4K1q/3QR3,1,1
7k/7p/3pb1p1/1P2p3/2p5/2P1K1P1/N6q/3QR3,0,1
7k/7p/3pb1pq/1P2p3/2p5/2P1K1P1/N7/3QR3,1,1
7k/7p/3pb1pq/1P2p3/2p5/2P3P1/N4K2/3QR3,0,1
7k/7p/3pb1p1/1P2p3/2p5/2P3P1/N4K1q/3QR3,1,1
7k/7p/3pb1p1/1P2p3/2p5/2P1K1P1/N6q/3QR3,0,1
7k/7p/3pb1pq/1P2p3/2p5/2P1K1P1/N7/3QR3,1,1
7k/7p/3pb1pq/1P2p3/2p1K3/2P3P1/N7/3QR3,0,1
7k/7p/3pb1p1/1P2p1q1/2p1K3/2P3P1/N7/3QR3,1,1
7k/7p/3Qb1p1/1P2p1q1/2p1K3/2P3P1/N7/4R3,0,1
7k/7p/3Q2p1/1P2pbq1/2p1K3/2P3P1/N7/4R3,1,1
7k/7p/3Q2p1/1P1Kpbq1/2p5/2P3P1/N7/4R3,0,1
7k/7p/3Q2p1/1P1Kpb2/2p5/2P3P1/N2q4/4R3,1,1
5Q2/8/8/5K2/6pk/4n3/8/8,1,1
5Q2/8/8/8/4K1pk/4n3/8/8,0,1
5Q2/8/8/8/4K1pk/8/6n1/8,1,1
8/8/8/8/4K1pk/8/5Qn1/8,0,1
8/8/8/8/4K1p1/7k/5Qn1/8,1,1
8/8/8/5K2/6p1/7k/5Qn1/8,0,1
8/8/8/5K2/8/6pk/5Qn1/8,1,1
8/8/8/5K2/8/6pk/6n1/6Q1,0,1
8/8/8/5K2/7n/6pk/8/6Q1,1,1
8/8/8/8/5K1n/6pk/8/6Q1,0,1
8/8/8/8/5K1n/7k/6p1/6Q1,1,1
8/8/8/8/5K1n/7k/6p1/4Q3,0,1
8/8/6n1/8/5K2/7k/6p1/4Q3,1,1
8/8/6n1/8/8/5K1k/6p1/4Q3,0,1
8/8/8/8/7n/5K1k/6p1/4Q3,1,1
8/8/8/8/7n/7k/5Kp1/4Q3,0,1
8/8/8/8/7n/8/5Kpk/4Q3,1,1
8/8/8/8/7n/8/5Kpk/2Q5,0,1
8/8/8/5n2/8/8/5Kpk/2Q5,1,1
8/8/8/5n2/8/8/5Kpk/6Q1,0,1
5R1k/7p/p3p1pq/2p1P3/7r/1P4bN/P3Q1K1/8,0,-1
5q1k/7p/p3p1p1/2p1P3/7r/1P4bN/P3Q1K1/8,1,-1
5q1k/7p/p3p1p1/2p1P3/7r/1P4KN/P3Q3/8,0,-1
5q1k/7p/p3p1p1/2p1P3/3r4/1P4KN/P3Q3/8,1,-1
5q1k/7p/Q3p1p1/2p1P3/3r4/1P4KN/P7/8,0,-1
7k/7p/Q3p1p1/2p1Pq2/3r4/1P4KN/P7/8,1,-1
2Q4k/7p/4p1p1/2p1Pq2/3r4/1P4KN/P7/8,0,-1
2Q5/6kp/4p1p1/2p1Pq2/3r4/1P4KN/P7/8,1,-1
8/2Q3kp/4p1p1/2p1Pq2/3r4/1P4KN/P7/8,0,-1
8/2Q4p/4p1pk/2p1Pq2/3r4/1P4KN/P7/8,1,-1
8/2Q4p/4p1pk/2p1Pq2/3r4/1P4K1/P4N2/8,0,-1
8/2Q4p/4p1pk/2p1Pq2/5r2/1P4K1/P4N2/8,1,-1
8/7p/4p1pk/2Q1Pq2/5r2/1P4K1/P4N2/8,0,-1
8/7p/4p1pk/2Q1P1q1/5r2/1P4K1/P4N2/8,1,-1
8/7p/4p1pk/2Q1P1q1/5r2/1P6/P4N1K/8,0,-1
8/7p/4p1pk/2Q1P1q1/8/1P3r2/P4N1K/8,1,-1
8/7p/4p1pk/2Q1P1q1/4N3/1P3r2/P6K/8,0,-1
8/7p/4p1pk/2Q1P3/4Nq2/1P3r2/P6K/8,1,-1
8/7p/4p1pk/2Q1P3/4Nq2/1P3r2/P5K1/8,0,-1
8/7p/4p1pk/2Q1P3/4N1q1/1P3r2/P5K1/8,1,-1
6r1/2KP4/8/8/8/7p/5k2/5N2,1,0
6r1/2KP4/8/8/8/7p/5k1N/8,0,0
6r1/2KP4/8/8/8/7p/6kN/8,1,0
6r1/2KP4/8/8/6N1/7p/6k1/8,0,0
6r1/2KP4/8/8/6N1/6kp/8/8,1,0
6r1/2KP4/8/8/8/4N1kp/8/8,0,0
6r1/2KP4/8/8/8/4Nk1p/8/8,1,0
6r1/2KP4/8/8/8/5k1p/8/5N2,0,0
6r1/2KP4/8/8/8/7p/5k2/5N2,1,0
6r1/2KP4/8/8/8/7p/5k1N/8,0,0
6r1/2KP4/8/8/8/7p/6kN/8,1,0
6r1/2KP4/8/8/6N1/7p/6k1/8,0,0
6r1/2KP4/8/8/6N1/6kp/8/8,1,0
6r1/2KP4/8/8/8/4N1kp/8/8,0,0
6r1/2KP4/8/8/8/4N1k1/7p/8,1,0
6r1/2KP4/8/8/8/6k1/7p/5N2,0,0
6r1/2KP4/8/8/8/8/6kp/5N2,1,0
6r1/2KP4/8/8/8/8/6kN/8,0,0
6r1/2KP4/8/8/8/8/7k/8,1,0
3Q2r1/2K5/8/8/8/8/7k/8,0,0
2r2rk1/2q2pb1/1p1p2p1/p2Pn2p/P1P5/1P2B2P/5QP1/1B2RR1K,0,-1
2r2rk1/2qn1pb1/1p1p2p1/p2P3p/P1P5/1P2B2P/5QP1/1B2RR1K,1,-1
2r2rk1/2qn1pb1/1p1p2p1/p2P3p/P1P5/1P2B1QP/6P1/1B2RR1K,0,-1
2r2rk1/2q2pb1/1p1p2p1/p1nP3p/P1P5/1P2B1QP/6P1/1B2RR1K,1,-1
2r2rk1/2q2pb1/1p1p2p1/p1nP3p/P1P5/1P2B1QP/2B3P1/4RR1K,0,-1
4rrk1/2q2pb1/1p1p2p1/p1nP3p/P1P5/1P2B1QP/2B3P1/4RR1K,1,-1
4rrk1/2q2pb1/1p1p2p1/p1nP3p/P1P2B2/1P4QP/2B3P1/4RR1K,0,-1
4rrk1/2q2p2/1p1p2p1/p1nPb2p/P1P2B2/1P4QP/2B3P1/4RR1K,1,-1
4rrk1/2q2p2/1p1p2p1/p1nPR2p/P1P2B2/1P4QP/2B3P1/5R1K,0,-1
4rrk1/2q2p2/1p4p1/p1nPp2p/P1P2B2/1P4QP/2B3P1/5R1K,1,-1
4rrk1/2q2p2/1p4pB/p1nPp2p/P1P5/1P4QP/2B3P1/5R1K,0,-1
4rr2/2q2p1k/1p4pB/p1nPp2p/P1P5/1P4QP/2B3P1/5R1K,1,-1
4rr2/2q2p1k/1p4pB/p1nPp1Qp/P1P5/1P5P/2B3P1/5R1K,0,-1
4rr2/2q2p1k/1p4pB/p1nP2Qp/P1P1p3/1P5P/2B3P1/5R1K,1,-1
4rB2/2q2p1k/1p4p1/p1nP2Qp/P1P1p3/1P5P/2B3P1/5R1K,0,-1
5r2/2q2p1k/1p4p1/p1nP2Qp/P1P1p3/1P5P/2B3P1/5R1K,1,-1
5r2/2q2p1k/1p3Rp1/p1nP2Qp/P1P1p3/1P5P/2B3P1/7K,0,-1
5r2/2q2pk1/1p3Rp1/p1nP2Qp/P1P1p3/1P5P/2B3P1/7K,1,-1
5r2/2q2pk1/1p1P1Rp1/p1n3Qp/P1P1p3/1P5P/2B3P1/7K,0,-1
3q1r2/5pk1/1p1P1Rp1/p1n3Qp/P1P1p3/1P5P/2B3P1/7K,1,-1
r4Q2/2R1P1pk/2K2b1p/4q3/1R6/6P1/2P4P/8,1,1
Q7/2R1P1pk/2K2b1p/4q3/1R6/6P1/2P4P/8,0,1
Q7/2R1P1pk/2K1qb1p/8/1R6/6P1/2P4P/8,1,1
Q7/1KR1P1pk/4qb1p/8/1R6/6P1/2P4P/8,0,1
Q7/1KR1P1pk/5b1p/3q4/1R6/6P1/2P4P/8,1,1
QK6/2R1P1pk/5b1p/3q4/1R6/6P1/2P4P/8,0,1
QK4q1/2R1P1pk/5b1p/8/1R6/6P1/2P4P/8,1,1
QKR3q1/4P1pk/5b1p/8/1R6/6P1/2P4P/8,0,1
QKR3q1/4P1pk/7p/4b3/1R6/6P1/2P4P/8,1,1
Q1R3q1/K3P1pk/7p/4b3/1R6/6P1/2P4P/8,0,1
Q1R5/K3P1pk/7p/4b3/1R6/6P1/q1P4P/8,1,1
Q1R5/1K2P1pk/7p/4b3/1R6/6P1/q1P4P/8,0,1
Q1R5/1K2P1pk/7p/3qb3/1R6/6P1/2P4P/8,1,1
Q1R5/4P1pk/K6p/3qb3/1R6/6P1/2P4P/8,0,1
Q1R5/4P1pk/K6p/4b3/1R6/6P1/q1P4P/8,1,1
Q1R5/4P1pk/7p/1K2b3/1R6/6P1/q1P4P/8,0,1
Q1R5/4P1pk/4q2p/1K2b3/1R6/6P1/2P4P/8,1,1
2R5/4P1pk/4q2p/1K2b3/1R2Q3/6P1/2P4P/8,0,1
2R5/4P2k/4q1pp/1K2b3/1R2Q3/6P1/2P4P/8,1,1
2R1Q3/7k/4q1pp/1K2b3/1R2Q3/6P1/2P4P/8,0,1
8/6pk/4Qp2/8/4PPK1/6P1/4q3/8,1,1
8/6pk/4Qp2/8/4PP1K/6P1/4q3/8,0,1
8/6pk/4Qp2/8/4PP1K/6P1/7q/8,1,1
8/6pk/5p2/8/4PP1K/6PQ/7q/8,0,1
8/6pk/5p2/8/4PP1K/6PQ/4q3/8,1,1
8/6pk/5p2/4P3/5P1K/6PQ/4q3/8,0,1
8/6pk/8/4p3/5P1K/6PQ/4q3/8,1,1
8/6pk/8/4pQ2/5P1K/6P1/4q3/8,0,1
7k/6p1/8/4pQ2/5P1K/6P1/4q3/8,1,1
7k/6p1/8/4PQ2/7K/6P1/4q3/8,0,1
7k/6p1/8/4PQ2/7K/6P1/7q/8,1,1
7k/6p1/8/4PQ2/6K1/6P1/7q/8,0,1
7k/6p1/8/4PQ2/6K1/6P1/4q3/8,1,1
7k/6p1/8/4PQK1/8/6P1/4q3/8,0,1
7k/6p1/8/4PQK1/8/6P1/3q4/8,1,1
7k/6p1/6K1/4PQ2/8/6P1/3q4/8,0,1
7k/6p1/6Kq/4PQ2/8/6P1/8/8,1,1
7k/5Kp1/7q/4PQ2/8/6P1/8/8,0,1
7k/5Kp1/2q5/4PQ2/8/6P1/8/8,1,1
7k/5Kp1/2q5/4P3/8/6PQ/8/8,0,1
1rn5/1q2p2k/p2p1bp1/1rpP3p/2N1P3/2P3BP/RP2Q1P1/5RK1,1,1
1rn5/1q2p2k/p2p1bp1/1rpPP2p/2N5/2P3BP/RP2Q1P1/5RK1,0,1
1rn5/1q2p2k/p4bp1/1rpPp2p/2N5/2P3BP/RP2Q1P1/5RK1,1,1
1rn5/1q2p2k/p4bp1/1rpPB2p/2N5/2P4P/RP2Q1P1/5RK1,0,1
r1n5/1q2p2k/p4bp1/1rpPB2p/2N5/2P4P/RP2Q1P1/5RK1,1,1
r1n5/1q2p2k/p4Bp1/1rpP3p/2N5/2P4P/RP2Q1P1/5RK1,0,1
r1n5/1q5k/p4pp1/1rpP3p/2N5/2P4P/RP2Q1P1/5RK1,1,1
r1n5/1q5k/p3Qpp1/1rpP3p/2N5/2P4P/RP4P1/5RK1,0,1
r1n5/4q2k/p3Qpp1/1rpP3p/2N5/2P4P/RP4P1/5RK1,1,1
r1n5/4q2k/p3QRp1/1rpP3p/2N5/2P4P/RP4P1/6K1,0,1
r1n5/7k/p3qRp1/1rpP3p/2N5/2P4P/RP4P1/6K1,1,1
r1n5/7k/p3R1p1/1rpP3p/2N5/2P4P/RP4P1/6K1,0,1
r1n5/7k/4R1p1/prpP3p/2N5/2P4P/RP4P1/6K1,1,1
r1n5/7k/4R1p1/prpP3p/2N5/2P4P/1P4P1/R5K1,0,1
r1n5/1r5k/4R1p1/p1pP3p/2N5/2P4P/1P4P1/R5K1,1,1
r1n5/1r5k/4R1p1/p1pP3p/2N5/2P4P/1P4P1/5RK1,0,1
r1n5/3r3k/4R1p1/p1pP3p/2N5/2P4P/1P4P1/5RK1,1,1
r1n2R2/3r3k/4R1p1/p1pP3p/2N5/2P4P/1P4P1/6K1,0,1
r4R2/3r3k/1n2R1p1/p1pP3p/2N5/2P4P/1P4P1/6K1,1,1
r4R2/3r3k/1N2R1p1/p1pP3p/8/2P4P/1P4P1/6K1,0,1
8/6R1/8/6p1/6P1/2rk1PK1/8/8,1,1
8/8/8/6R1/6P1/2rk1PK1/8/8,0,1
8/8/8/6R1/6P1/2r2PK1/4k3/8,1,1
8/8/8/5R2/6P1/2r2PK1/4k3/8,0,1
8/8/8/5R2/6P1/5PK1/4k3/2r5,1,1
8/8/8/5RP1/8/5PK1/4k3/2r5,0,1
8/8/8/5RP1/8/5PK1/4k3/6r1,1,1
8/8/8/5RP1/5K2/5P2/4k3/6r1,0,1
8/8/8/5RP1/5K2/5P2/5k2/6r1,1,1
8/8/8/4KRP1/8/5P2/5k2/6r1,0,1
8/8/8/4KRP1/8/4kP2/8/6r1,1,1
8/8/5K2/5RP1/8/4kP2/8/6r1,0,1
8/8/5K2/5RP1/8/4kP2/8/r7,1,1
8/8/5KP1/5R2/8/4kP2/8/r7,0,1
8/8/r4KP1/5R2/8/4kP2/8/8,1,1
8/8/r5P1/5RK1/8/4kP2/8/8,0,1
8/8/6P1/5RK1/8/4kP2/8/r7,1,1
8/6P1/8/5RK1/8/4kP2/8/r7,0,1
8/6P1/8/5RK1/8/4kP2/8/6r1,1,1
8/6P1/5K2/5R2/8/4kP2/8/6r1,0,1
r6r/1q2kpp1/1p2p2p/p2pP3/3P1P2/7P/PP1Q2P1/R4R1K,1,1
r6r/1q2kpp1/1p2p2p/p2pPP2/3P4/7P/PP1Q2P1/R4R1K,0,1
2r4r/1q2kpp1/1p2p2p/p2pPP2/3P4/7P/PP1Q2P1/R4R1K,1,1
2r4r/1q2kpp1/1p2pP1p/p2pP3/3P4/7P/PP1Q2P1/R4R1K,0,1
2r4r/1q2kp2/1p2pp1p/p2pP3/3P4/7P/PP1Q2P1/R4R1K,1,1
2r4r/1q2kp2/1p2pR1p/p2pP3/3P4/7P/PP1Q2P1/R6K,0,1
6rr/1q2kp2/1p2pR1p/p2pP3/3P4/7P/PP1Q2P1/R6K,1,1
6rr/1q2kp2/1p2pR1p/p2pP3/3P4/7P/PP1Q2P1/5R1K,0,1
7r/1q2kpr1/1p2pR1p/p2pP3/3P4/7P/PP1Q2P1/5R1K,1,1
7r/1q2kpr1/1p2p2R/p2pP3/3P4/7P/PP1Q2P1/5R1K,0,1
6r1/1q2kpr1/1p2p2R/p2pP3/3P4/7P/PP1Q2P1/5R1K,1,1
6r1/1q2kpr1/1p2p2R/p2pP3/3P1Q2/7P/PP4P1/5R1K,0,1
2q3r1/4kpr1/1p2p2R/p2pP3/3P1Q2/7P/PP4P1/5R1K,1,1
2q3r1/4kpr1/1p2pR2/p2pP3/3P1Q2/7P/PP4P1/5R1K,0,1
4q1r1/4kpr1/1p2pR2/p2pP3/3P1Q2/7P/PP4P1/5R1K,1,1
4q1r1/4kpr1/1p2pR2/p2pP3/3P1Q2/7P/PP3RP1/7K,0,1
4q2r/4kpr1/1p2pR2/p2pP3/3P1Q2/7P/PP3RP1/7K,1,1
4q2r/4kpr1/1p2R3/p2pP3/3P1Q2/7P/PP3RP1/7K,0,1
4q2r/5pr1/1p2k3/p2pP3/3P1Q2/7P/PP3RP1/7K,1,1
4q2r/5pr1/1p2kQ2/p2pP3/3P4/7P/PP3RP1/7K,0,1
4r1k1/1p1q1ppp/p5b1/P2pP3/3P1B2/2rP3P/4Q1P1/R2R3K,0,-1
4r1k1/1p1q1pp1/p5bp/P2pP3/3P1B2/2rP3P/4Q1P1/R2R3K,1,-1
4r1k1/1p1q1pp1/p5bp/P2pP3/3P1B2/2rP3P/4Q1P1/1R1R3K,0,-1
2r3k1/1p1q1pp1/p5bp/P2pP3/3P1B2/2rP3P/4Q1P1/1R1R3K,1,-1
2r3k1/1p1q1pp1/p5bp/P2pP3/3P1B2/2rP3P/1Q4P1/1R1R3K,0,-1
2r3k1/1p1q1pp1/p6p/P2pP3/3P1B2/2rb3P/1Q4P1/1R1R3K,1,-1
2r3k1/1p1q1pp1/p6p/P2pP3/3P1B2/2rb3P/1Q4P1/2RR3K,0,-1
2r3k1/1p1q1pp1/p6p/P2pP3/3P1B2/3b3P/1Qr3P1/2RR3K,1,-1
2r3k1/1p1q1pp1/p6p/P2pP3/3P1B2/1Q1b3P/2r3P1/2RR3K,0,-1
2r3k1/1p1q1pp1/p6p/P2pP3/3PbB2/1Q5P/2r3P1/2RR3K,1,-1
2r3k1/1p1q1pp1/p6p/P2pP3/3PbB2/1Q5P/2R3P1/3R3K,0,-1
2r3k1/1p1q1pp1/p6p/P2pP3/3P1B2/1Q5P/2b3P1/3R3K,1,-1
2r3k1/1p1q1pp1/p6p/P2pP3/3P1B2/5Q1P/2b3P1/3R3K,0,-1
2r3k1/1p1q1pp1/p6p/P2pP3/3P1B2/5Q1P/6P1/3b3K,1,-1
2r3k1/1p1q1pp1/p6p/P2pP3/3P1B2/7P/6P1/3Q3K,0,-1
2r3k1/1p3pp1/p6p/P2pPq2/3P1B2/7P/6P1/3Q3K,1,-1
2r3k1/1p3pp1/p6p/P2pPq2/3P4/6BP/6P1/3Q3K,0,-1
6k1/1p3pp1/p6p/P2pPq2/3P4/6BP/2r3P1/3Q3K,1,-1
6k1/1p3pp1/p3P2p/P2p1q2/3P4/6BP/2r3P1/3Q3K,0,-1
6k1/1p4p1/p3p2p/P2p1q2/3P4/6BP/2r3P1/3Q3K,1,-1
5R2/1bqrk1p1/p5p1/4p1N1/1p1pP3/5Q2/PPP2P2/1KB5,0,1
5R2/1bqr2p1/p2k2p1/4p1N1/1p1pP3/5Q2/PPP2P2/1KB5,1,1
4R3/1bqr2p1/p2k2p1/4p1N1/1p1pP3/5Q2/PPP2P2/1KB5,0,1
4R3/1bqr2p1/p1k3p1/4p1N1/1p1pP3/5Q2/PPP2P2/1KB5,1,1
4R3/1bqr2p1/p1k3p1/4p1N1/1p1pP3/1Q6/PPP2P2/1KB5,0,1
4R3/1bqr2p1/2k3p1/p3p1N1/1p1pP3/1Q6/PPP2P2/1KB5,1,1
8/1bqr2p1/2k1R1p1/p3p1N1/1p1pP3/1Q6/PPP2P2/1KB5,0,1
8/1bqr2p1/4R1p1/p1k1p1N1/1p1pP3/1Q6/PPP2P2/1KB5,1,1
8/1bqr2p1/6R1/p1k1p1N1/1p1pP3/1Q6/PPP2P2/1KB5,0,1
2q5/1b1r2p1/6R1/p1k1p1N1/1p1pP3/1Q6/PPP2P2/1KB5,1,1
2q5/1b1r2p1/6R1/p1k1p1N1/Qp1pP3/8/PPP2P2/1KB5,0,1
2q5/3r2p1/2b3R1/p1k1p1N1/Qp1pP3/8/PPP2P2/1KB5,1,1
2q5/3r2p1/2b3R1/Q1k1p1N1/1p1pP3/8/PPP2P2/1KB5,0,1
2q5/3r2p1/6R1/Qbk1p1N1/1p1pP3/8/PPP2P2/1KB5,1,1
2q5/3r2p1/1Q4R1/1bk1p1N1/1p1pP3/8/PPP2P2/1KB5,0,1
2q5/3r2p1/1Q4R1/1b2p1N1/1pkpP3/8/PPP2P2/1KB5,1,1
2q5/3r2p1/1Q4R1/1b2p1N1/1pkpP3/1P6/P1P2P2/1KB5,0,1
2q5/3r2p1/1Q4R1/1b2p1N1/1p1pP3/1Pk5/P1P2P2/1KB5,1,1
2q5/3r2p1/1Q4R1/1b2p3/1p1pP3/1Pk2N2/P1P2P2/1KB5,0,1
3q4/3r2p1/1Q4R1/1b2p3/1p1pP3/1Pk2N2/P1P2P2/1KB5,1,1
6R1/8/8/3p4/4p2p/r3P2k/3K4/8,0,-1
6R1/8/8/3p4/4p2p/r3P3/3K3k/8,1,-1
8/8/8/3p2R1/4p2p/r3P3/3K3k/8,0,-1
8/8/8/3p2R1/4p2p/3rP3/3K3k/8,1,-1
8/8/8/3p2R1/4p2p/3rP3/4K2k/8,0,-1
8/8/8/3p2R1/4p3/3rP2p/4K2k/8,1,-1
6R1/8/8/3p4/4p3/3rP2p/4K2k/8,0,-1
6R1/8/8/3p4/4p3/r3P2p/4K2k/8,1,-1
8/8/8/3p2R1/4p3/r3P2p/4K2k/8,0,-1
8/8/8/3p2R1/4p3/4P2p/r3K2k/8,1,-1
8/8/8/3p2R1/4p3/4P2p/r6k/5K2,0,-1
8/8/8/3p2R1/4p3/4P2p/3r3k/5K2,1,-1
8/8/8/3p4/4p1R1/4P2p/3r3k/5K2,0,-1
8/8/8/3p4/4p1R1/4P2p/6rk/5K2,1,-1
8/8/8/3p4/4p2R/4P2p/6rk/5K2,0,-1
8/8/8/3p4/4p2R/4P1kp/6r1/5K2,1,-1
7R/8/8/3p4/4p3/4P1kp/6r1/5K2,0,-1
7R/8/8/3p4/4p3/4P1kp/5r2/5K2,1,-1
7R/8/8/3p4/4p3/4P1kp/5r2/6K1,0,-1
7R/8/8/3p4/4p3/4P1k1/5r1p/6K1,1,-1
2r1r3/5pk1/R3b1p1/ppq1p2p/4P2P/NpP2P2/1P4PK/3RQ3,0,-1
r3r3/5pk1/R3b1p1/ppq1p2p/4P2P/NpP2P2/1P4PK/3RQ3,1,-1
r3r3/5pk1/3Rb1p1/ppq1p2p/4P2P/NpP2P2/1P4PK/3RQ3,0,-1
r3r3/5pk1/3Rb1p1/p1q1p2p/1p2P2P/NpP2P2/1P4PK/3RQ3,1,-1
r3r3/5pk1/3Rb1p1/p1q1p2p/1P2P2P/Np3P2/1P4PK/3RQ3,0,-1
r3r3/5pk1/3Rb1p1/2q1p2p/1p2P2P/Np3P2/1P4PK/3RQ3,1,-1
r3r3/5pk1/3Rb1p1/2q1p2p/1p2P2P/1p3P2/1P4PK/1N1RQ3,0,-1
4r3/5pk1/3Rb1p1/2q1p2p/1p2P2P/1p3P2/rP4PK/1N1RQ3,1,-1
4r3/5pk1/4b1p1/2q1p2p/1p2P2P/1p3P2/rP1R2PK/1N1RQ3,0,-1
2r5/5pk1/4b1p1/2q1p2p/1p2P2P/1p3P2/rP1R2PK/1N1RQ3,1,-1
2r5/5pk1/4b1p1/2q1p2p/1p2P2P/1p3PQ1/rP1R2PK/1N1R4,0,-1
2r5/5pk1/4b1p1/q3p2p/1p2P2P/1p3PQ1/rP1R2PK/1N1R4,1,-1
2r5/5pk1/4b1p1/q3p1Qp/1p2P2P/1p3P2/rP1R2PK/1N1R4,0,-1
8/5pk1/4b1p1/q3p1Qp/1p2P2P/1p3P2/rPrR2PK/1N1R4,1,-1
3R4/5pk1/4b1p1/q3p1Qp/1p2P2P/1p3P2/rPr3PK/1N1R4,0,-1
3R4/5pk1/4b1p1/q3p1Qp/1p2P2P/1p3P2/1rr3PK/1N1R4,1,-1
3R4/5pk1/4b1p1/q3p1Qp/1p2P2P/1p3P2/1rrN2PK/3R4,0,-1
3R4/6k1/4bpp1/q3p1Qp/1p2P2P/1p3P2/1rrN2PK/3R4,1,-1
3R4/6k1/4bpp1/q3p1Qp/1p2P2P/1N3P2/1rr3PK/3R4,0,-1
3q4/6k1/4bpp1/4p1Qp/1p2P2P/1N3P2/1rr3PK/3R4,1,-1
rr4k1/1q3pp1/2bPpn1p/p2p4/8/P2BB1Q1/1PP3PP/2KR3R,1,1
rr4k1/1q3pp1/2bPpn1p/p2p4/3B4/P2B2Q1/1PP3PP/2KR3R,0,1
rr2n1k1/1q3pp1/2bPp2p/p2p4/3B4/P2B2Q1/1PP3PP/2KR3R,1,1
rr2n1k1/1q3pp1/2bPp2p/p2pB3/8/P2B2Q1/1PP3PP/2KR3R,0,1
r1r1n1k1/1q3pp1/2bPp2p/p2pB3/8/P2B2Q1/1PP3PP/2KR3R,1,1
r1r1n1k1/1q3pp1/2bPp2p/p2pB3/8/P2B2Q1/1PP3PP/2KR1R2,0,1
1rr1n1k1/1q3pp1/2bPp2p/p2pB3/8/P2B2Q1/1PP3PP/2KR1R2,1,1
1rr1n1k1/1q1P1pp1/2b1p2p/p2pB3/8/P2B2Q1/1PP3PP/2KR1R2,0,1
1rr1n1k1/1q1b1pp1/4p2p/p2pB3/8/P2B2Q1/1PP3PP/2KR1R2,1,1
1rr1n1k1/1q1b1Rp1/4p2p/p2pB3/8/P2B2Q1/1PP3PP/2KR4,0,1
1rr1n3/1q1b1kp1/4p2p/p2pB3/8/P2B2Q1/1PP3PP/2KR4,1,1
1rr1n3/1q1b1kp1/4p2p/p2pB3/8/P2B2Q1/1PP3PP/2K2R2,0,1
1rr1n3/1q1bk1p1/4p2p/p2pB3/8/P2B2Q1/1PP3PP/2K2R2,1,1
1rr1n3/1q1bk1p1/4p2p/p2pB3/7Q/P2B4/1PP3PP/2K2R2,0,1
1rr1n3/1q1bk3/4p2p/p2pB1p1/7Q/P2B4/1PP3PP/2K2R2,1,1
1rr1n3/1q1bk3/4p2Q/p2pB1p1/8/P2B4/1PP3PP/2K2R2,0,1
1r2n3/1q1bk3/4p2Q/p2pB1p1/8/P2B4/1Pr3PP/2K2R2,1,1
1r2n3/1q1bk3/4p2Q/p2pB1p1/8/P7/1PB3PP/2K2R2,0,1
1r1kn3/1q1b4/4p2Q/p2pB1p1/8/P7/1PB3PP/2K2R2,1,1
1r1kn3/1q1b4/4p2Q/p2pB1p1/8/P4R2/1PB3PP/2K5,0,1
4Q3/2q2pkp/p5p1/2pB4/P1P2bP1/7P/5PK1/8,0,0
4Q3/2q2pk1/p5pp/2pB4/P1P2bP1/7P/5PK1/8,1,0
4Q3/2q2pk1/p5pp/2pB4/P1P2bP1/5K1P/5P2/8,0,0
4Q3/2q2pk1/p5pp/2pB4/P1P3P1/5K1P/3b1P2/8,1,0
4Q3/2q2pk1/p5pp/2pB4/P1P3P1/7P/3b1PK1/8,0,0
4Q3/2q2pk1/6pp/p1pB4/P1P3P1/7P/3b1PK1/8,1,0
8/2q2pk1/6pp/p1pB4/P1P3P1/7P/3bQPK1/8,0,0
8/2q2pk1/6pp/p1pB4/P1P3P1/2b4P/4QPK1/8,1,0
8/2q2pk1/6pp/p1pB4/P1P3P1/2b2Q1P/5PK1/8,0,0
8/2q2pk1/6pp/p1pB4/P1Pb2P1/5Q1P/5PK1/8,1,0
8/2q2pk1/6pp/p1pB4/P1PbQ1P1/7P/5PK1/8,0,0
3q4/5pk1/6pp/p1pB4/P1PbQ1P1/7P/5PK1/8,1,0
3q4/5pk1/6pp/p1pB4/P1Pb2P1/5Q1P/5PK1/8,0,0
8/3q1pk1/6pp/p1pB4/P1Pb2P1/5Q1P/5PK1/8,1,0
8/3q1pk1/2B3pp/p1p5/P1Pb2P1/5Q1P/5PK1/8,0,0
8/4qpk1/2B3pp/p1p5/P1Pb2P1/5Q1P/5PK1/8,1,0
8/4qpk1/6pp/p1pB4/P1Pb2P1/5Q1P/5PK1/8,0,0
8/3q1pk1/6pp/p1pB4/P1Pb2P1/5Q1P/5PK1/8,1,0
8/3q1pk1/2B3pp/p1p5/P1Pb2P1/5Q1P/5PK1/8,0,0
8/4qpk1/2B3pp/p1p5/P1Pb2P1/5Q1P/5PK1/8,1,0
r2r4/1p2Rpk1/3p1np1/1NbP2Bp/p1P4P/3n1PKB/PP6/1R6,1,1
r2r4/1pN1Rpk1/3p1np1/2bP2Bp/p1P4P/3n1PKB/PP6/1R6,0,1
r2r2n1/1pN1Rpk1/3p2p1/2bP2Bp/p1P4P/3n1PKB/PP6/1R6,1,1
r2r2n1/1p2Rpk1/3pN1p1/2bP2Bp/p1P4P/3n1PKB/PP6/1R6,0,1
r2r2nk/1p2Rp2/3pN1p1/2bP2Bp/p1P4P/3n1PKB/PP6/1R6,1,1
r2N2nk/1p2Rp2/3p2p1/2bP2Bp/p1P4P/3n1PKB/PP6/1R6,0,1
r2N3k/1p2np2/3p2p1/2bP2Bp/p1P4P/3n1PKB/PP6/1R6,1,1
r2N3k/1p2Bp2/3p2p1/2bP3p/p1P4P/3n1PKB/PP6/1R6,0,1
r2N2k1/1p2Bp2/3p2p1/2bP3p/p1P4P/3n1PKB/PP6/1R6,1,1
r5k1/1N2Bp2/3p2p1/2bP3p/p1P4P/3n1PKB/PP6/1R6,0,1
r5k1/1N2Bp2/3p2p1/3P3p/p1P4P/3n1PKB/PP3b2/1R6,1,1
r5k1/1N2Bp2/3p2p1/3P3p/p1P4P/3n1P1B/PP3bK1/1R6,0,1
4r1k1/1N2Bp2/3p2p1/3P3p/p1P4P/3n1P1B/PP3bK1/1R6,1,1
4r1k1/1N3p2/3B2p1/3P3p/p1P4P/3n1P1B/PP3bK1/1R6,0,1
4r1k1/1N3p2/3B2p1/3P3p/p1P4b/3n1P1B/PP4K1/1R6,1,1
4r1k1/1N3p2/3B2p1/3P3p/p1P4b/3n1P1B/PP6/1R3K2,0,1
6k1/1N3p2/3B2p1/3P3p/p1P4b/3nrP1B/PP6/1R3K2,1,1
6k1/1N3p2/3B2p1/3P3p/p1P4b/3nrP2/PP4B1/1R3K2,0,1
6k1/1N3p2/3B4/3P2pp/p1P4b/3nrP2/PP4B1/1R3K2,1,1
6k1/1N3p2/3B4/2PP2pp/p6b/3nrP2/PP4B1/1R3K2,0,1
5r2/5p2/p4Pk1/8/5R2/7P/KP6/8,0,-1
5r2/5p2/p4P2/6k1/5R2/7P/KP6/8,1,-1
5r2/5p2/p4P2/6k1/8/5R1P/KP6/8,0,-1
1r6/5p2/p4P2/6k1/8/5R1P/KP6/8,1,-1
1r6/5p2/p4P2/6k1/8/K4R1P/1P6/8,0,-1
8/5p2/pr3P2/6k1/8/K4R1P/1P6/8,1,-1
8/5p2/pr3P2/6k1/1P6/K4R1P/8/8,0,-1
8/5p2/p4r2/6k1/1P6/K4R1P/8/8,1,-1
8/5p2/p4r2/6k1/1P5P/K4R2/8/8,0,-1
8/5p2/p4rk1/8/1P5P/K4R2/8/8,1,-1
8/5p2/p4rk1/7P/1P6/K4R2/8/8,0,-1
8/5p2/p4r2/6kP/1P6/K4R2/8/8,1,-1
8/5p2/p4r2/6kP/1P6/K6R/8/8,0,-1
8/5p2/p6r/6kP/1P6/K6R/8/8,1,-1
8/5p2/p6r/6kP/KP6/7R/8/8,0,-1
8/8/p6r/5pkP/KP6/7R/8/8,1,-1
8/8/p6r/K4pkP/1P6/7R/8/8,0,-1
8/8/p6r/K5kP/1P3p2/7R/8/8,1,-1
8/8/p6r/K5kP/1P3p2/8/8/7R,0,-1
8/8/p6r/K5kP/1P6/5p2/8/7R,1,-1
rn1qk2r/pp2bpp1/4pn1p/1b1P4/3N2PP/2N5/PPP2P2/R1BQK1R1,1,0
rn1qk2r/pp2bpp1/4pn1p/1N1P4/6PP/2N5/PPP2P2/R1BQK1R1,0,0
rn1qk2r/1p2bpp1/p3pn1p/1N1P4/6PP/2N5/PPP2P2/R1BQK1R1,1,0
rn1qk2r/1p2bpp1/p2Ppn1p/1N6/6PP/2N5/PPP2P2/R1BQK1R1,0,0
rn1qk2r/1p2bpp1/3Ppn1p/1p6/6PP/2N5/PPP2P2/R1BQK1R1,1,0
rn1qk2r/1p2Ppp1/4pn1p/1p6/6PP/2N5/PPP2P2/R1BQK1R1,0,0
rn2k2r/1p2Ppp1/4pn1p/1p6/6PP/2N5/PPP2P2/R1BqK1R1,1,0
rn2k2r/1p2Ppp1/4pn1p/1p6/6PP/2N5/PPP2P2/R1BK2R1,0,0
rn2k2r/1p2Ppp1/4pn1p/8/1p4PP/2N5/PPP2P2/R1BK2R1,1,0
rn2k2r/1p2Ppp1/4pn1p/1N6/1p4PP/8/PPP2P2/R1BK2R1,0,0
rn5r/1p2kpp1/4pn1p/1N6/1p4PP/8/PPP2P2/R1BK2R1,1,0
rn5r/1p2kpp1/4pn1p/1N6/1p4PP/4B3/PPP2P2/R2K2R1,0,0
r6r/1p1nkpp1/4pn1p/1N6/1p4PP/4B3/PPP2P2/R2K2R1,1,0
r6r/1p1nkpp1/4pn1p/1N6/1p4PP/8/PPPB1P2/R2K2R1,0,0
r6r/1p1nkpp1/4p2p/1N1n4/1p4PP/8/PPPB1P2/R2K2R1,1,0
r6r/1p1nkpp1/4p2p/1N1n4/1pP3PP/8/PP1B1P2/R2K2R1,0,0
r6r/1p1nkpp1/4p2p/1N1n4/6PP/2p5/PP1B1P2/R2K2R1,1,0
r6r/1p1nkpp1/4p2p/3n4/6PP/2N5/PP1B1P2/R2K2R1,0,0
r6r/1p2kpp1/1n2p2p/3n4/6PP/2N5/PP1B1P2/R2K2R1,1,0
r6r/1p2kpp1/1n2p2p/3n4/6PP/2N5/PP1BKP2/R5R1,0,0
r1b1k2r/1pq1bppp/p2ppn2/4n1B1/3NP2P/2N2P2/PPPQ2P1/1K1R1B1R,0,0
1rb1k2r/1pq1bppp/p2ppn2/4n1B1/3NP2P/2N2P2/PPPQ2P1/1K1R1B1R,1,0
1rb1k2r/1pq1bppp/p2ppn2/4n1B1/3NP1PP/2N2P2/PPPQ4/1K1R1B1R,0,0
1rb1k2r/2q1bppp/p2ppn2/1p2n1B1/3NP1PP/2N2P2/PPPQ4/1K1R1B1R,1,0
1rb1k2r/2q1bppp/p2ppn2/1p2n1B1/3NP1PP/2N2P2/PPP3Q1/1K1R1B1R,0,0
1rb1k2r/2q1bppp/p2ppn2/4n1B1/1p1NP1PP/2N2P2/PPP3Q1/1K1R1B1R,1,0
1rb1k2r/2q1bppp/p2ppn2/4n1B1/1p1NP1PP/5P2/PPP1N1Q1/1K1R1B1R,0,0
1r2k2r/1bq1bppp/p2ppn2/4n1B1/1p1NP1PP/5P2/PPP1N1Q1/1K1R1B1R,1,0
1r2k2r/1bq1bppp/p2ppn2/4n1B1/1p1NP1PP/5PN1/PPP3Q1/1K1R1B1R,0,0
1r2k2r/1bq1bppp/p3pn2/3pn1B1/1p1NP1PP/5PN1/PPP3Q1/1K1R1B1R,1,0
1r2k2r/1bq1bppp/p3pn2/3pn3/1p1NPBPP/5PN1/PPP3Q1/1K1R1B1R,0,0
1r2k2r/1bq1bppp/p3pn2/4n3/1p1NpBPP/5PN1/PPP3Q1/1K1R1B1R,1,0
1r2k2r/1bq1bppp/p3pn2/4n3/1p1NPBPP/6N1/PPP3Q1/1K1R1B1R,0,0
1r2k2r/1bqnbppp/p3p3/4n3/1p1NPBPP/6N1/PPP3Q1/1K1R1B1R,1,0
1r2k2r/1bqnbppp/p3p3/4n1P1/1p1NPB1P/6N1/PPP3Q1/1K1R1B1R,0,0
2r1k2r/1bqnbppp/p3p3/4n1P1/1p1NPB1P/6N1/PPP3Q1/1K1R1B1R,1,0
2r1k2r/1bqnbppp/p3p3/4n1PP/1p1NPB2/6N1/PPP3Q1/1K1R1B1R,0,0
2r1k2r/1b1nbppp/pq2p3/4n1PP/1p1NPB2/6N1/PPP3Q1/1K1R1B1R,1,0
2r1k2r/1b1nbppp/pq2p3/4n1PP/1p1NPB2/6N1/PPP1B1Q1/1K1R3R,0,0
2r1kr2/1b1nbppp/pq2p3/4n1PP/1p1NPB2/6N1/PPP1B1Q1/1K1R3R,1,0
3r2k1/p4p1p/5rp1/8/2Bb4/1P5P/P2P1PP1/2R2RK1,0,1
3r2k1/p4p1p/1b3rp1/8/2B5/1P5P/P2P1PP1/2R2RK1,1,1
3r2k1/p4p1p/1b3rp1/8/2B5/1P5P/P2P1PP1/3R1RK1,0,1
6k1/p4p1p/1b3rp1/8/2Br4/1P5P/P2P1PP1/3R1RK1,1,1
6k1/p4p1p/1b3rp1/8/2Br4/1P4PP/P2P1P2/3R1RK1,0,1
6k1/p4p2/1b3rp1/7p/2Br4/1P4PP/P2P1P2/3R1RK1,1,1
6k1/p4p2/1b3rp1/7p/2Br4/1P4PP/P2P1PK1/3R1R2,0,1
6k1/p4p2/1b3rp1/8/2Br3p/1P4PP/P2P1PK1/3R1R2,1,1
6k1/p4p2/1b3rp1/8/2Br3p/1P1P2PP/P4PK1/3R1R2,0,1
5k2/p4p2/1b3rp1/8/2Br3p/1P1P2PP/P4PK1/3R1R2,1,1
5k2/p4p2/1b3rp1/8/2Br3p/1P1P2PP/P4PK1/4RR2,0,1
5k2/p4p2/1b1r1rp1/8/2B4p/1P1P2PP/P4PK1/4RR2,1,1
5k2/p4p2/1b1r1rp1/8/2B1R2p/1P1P2PP/P4PK1/5R2,0,1
5k2/p4p2/1b1r1rp1/8/2B1R3/1P1P2pP/P4PK1/5R2,1,1
5k2/p4p2/1b1r1rp1/8/2B1R3/1P1P2PP/P5K1/5R2,0,1
5k2/p4p2/1b1r2p1/8/2B1R3/1P1P2PP/P5K1/5r2,1,1
5k2/p4p2/1b1r2p1/8/2B1R3/1P1P2PP/P7/5K2,0,1
8/p4pk1/1b1r2p1/8/2B1R3/1P1P2PP/P7/5K2,1,1
8/p4pk1/1b1r2p1/8/2B1R3/1P1P2PP/P3K3/8,0,1
5k2/p4p2/1b1r2p1/8/2B1R3/1P1P2PP/P3K3/8,1,1
3q1rk1/3nbppp/2Bp4/r2Pp3/p3Q1PP/1P3P2/PP6/NK1R3R,0,-1
3q1rk1/4bppp/2Bp4/r1nPp3/p3Q1PP/1P3P2/PP6/NK1R3R,1,-1
3q1rk1/4bppp/2Bp4/r1nPp3/p5PP/1P2QP2/PP6/NK1R3R,0,-1
5rk1/4bppp/1qBp4/r1nPp3/p5PP/1P2QP2/PP6/NK1R3R,1,-1
5rk1/4bppp/1qBp4/r1nPp3/p5PP/1PQ2P2/PP6/NK1R3R,0,-1
1r4k1/4bppp/1qBp4/r1nPp3/p5PP/1PQ2P2/PP6/NK1R3R,1,-1
1r4k1/4bppp/1qBp4/r1nPp3/pP4PP/2Q2P2/PP6/NK1R3R,0,-1
1r4k1/4bppp/2Bp4/r1nPp3/pq4PP/2Q2P2/PP6/NK1R3R,1,-1
1r4k1/4bppp/2Bp4/r1nPp3/pQ4PP/5P2/PP6/NK1R3R,0,-1
6k1/4bppp/2Bp4/r1nPp3/pr4PP/5P2/PP6/NK1R3R,1,-1
6k1/4bppp/2Bp4/r1nPp3/pr4PP/5P2/PPN5/1K1R3R,0,-1
6k1/4bppp/2Bp4/r1nPp3/p4rPP/5P2/PPN5/1K1R3R,1,-1
6k1/4bppp/2Bp4/r1nPp3/p4rPP/5P2/PPN5/1K3R1R,0,-1
6k1/4b1pp/2Bp4/r1nPpp2/p4rPP/5P2/PPN5/1K3R1R,1,-1
6k1/4b1pp/2Bp4/r1nPppP1/p4r1P/5P2/PPN5/1K3R1R,0,-1
6k1/4b1p1/2Bp3p/r1nPppP1/p4r1P/5P2/PPN5/1K3R1R,1,-1
6k1/4b1p1/2Bp2Pp/r1nPpp2/p4r1P/5P2/PPN5/1K3R1R,0,-1
6k1/4b1p1/2Bp2Pp/r1nPpp2/p6r/5P2/PPN5/1K3R1R,1,-1
6k1/4b1p1/2Bp2Pp/r1nPpp2/p6R/5P2/PPN5/1K3R2,0,-1
6k1/6p1/2Bp2Pp/r1nPpp2/p6b/5P2/PPN5/1K3R2,1,-1
2r2rk1/3b3p/p2p1np1/1pqP4/4B3/1P3P2/PBPQ3P/1K1RR3,1,1
2r2rk1/3b3p/p2p1np1/1pqP4/3BB3/1P3P2/P1PQ3P/1K1RR3,0,1
2r2rk1/2qb3p/p2p1np1/1p1P4/3BB3/1P3P2/P1PQ3P/1K1RR3,1,1
2r2rk1/2qb3p/p2p1np1/1p1P4/3BB3/1P3P2/P1PQ3P/1K1R2R1,0,1
2r1brk1/2q4p/p2p1np1/1p1P4/3BB3/1P3P2/P1PQ3P/1K1R2R1,1,1
2r1brk1/2q4p/p2p1np1/1p1P1B2/3B4/1P3P2/P1PQ3P/1K1R2R1,0,1
3rbrk1/2q4p/p2p1np1/1p1P1B2/3B4/1P3P2/P1PQ3P/1K1R2R1,1,1
3rbrk1/2q4p/p2pBnp1/1p1P4/3B4/1P3P2/P1PQ3P/1K1R2R1,0,1
3rbr2/2q3kp/p2pBnp1/1p1P4/3B4/1P3P2/P1PQ3P/1K1R2R1,1,1
3rbr2/2q3kp/p2pBnp1/1p1P4/3B1P2/1P6/P1PQ3P/1K1R2R1,0,1
3r1r2/2qb2kp/p2pBnp1/1p1P4/3B1P2/1P6/P1PQ3P/1K1R2R1,1,1
3r1r2/2qb2kp/p2pBnp1/1p1P1P2/3B4/1P6/P1PQ3P/1K1R2R1,0,1
3r1r2/2q3kp/p2pbnp1/1p1P1P2/3B4/1P6/P1PQ3P/1K1R2R1,1,1
3r1r2/2q3kp/p2pPnp1/1p3P2/3B4/1P6/P1PQ3P/1K1R2R1,0,1
3r1r2/4q1kp/p2pPnp1/1p3P2/3B4/1P6/P1PQ3P/1K1R2R1,1,1
3r1r2/4q1kp/p2pPnP1/1p6/3B4/1P6/P1PQ3P/1K1R2R1,0,1
3r1r2/4q1k1/p2pPnPp/1p6/3B4/1P6/P1PQ3P/1K1R2R1,1,1
3r1r2/4q1k1/p2pPnPp/1p6/3B4/1P6/P1PQ3P/1K2R1R1,0,1
4rr2/4q1k1/p2pPnPp/1p6/3B4/1P6/P1PQ3P/1K2R1R1,1,1
4rr2/4q1k1/p2pPnPp/1p6/3B4/1P4R1/P1PQ3P/1K2R3,0,1
1R6/8/8/2r5/8/3p4/P2k4/1K6,0,-1
1R6/8/8/2r5/8/3p4/P7/1K2k3,1,-1
4R3/8/8/2r5/8/3p4/P7/1K2k3,0,-1
4R3/8/8/2r5/8/3p4/P7/1K1k4,1,-1
4R3/8/8/2r5/8/3p4/PK6/3k4,0,-1
4R3/8/8/2r5/8/8/PK1p4/3k4,1,-1
7R/8/8/2r5/8/8/PK1p4/3k4,0,-1
7R/8/8/1r6/8/8/PK1p4/3k4,1,-1
7R/8/8/1r6/8/K7/P2p4/3k4,0,-1
7R/8/8/1r6/8/K7/P2p4/2k5,1,-1
2R5/8/8/1r6/8/K7/P2p4/2k5,0,-1
2R5/8/8/1r6/8/K7/P2p4/1k6,1,-1
3R4/8/8/1r6/8/K7/P2p4/1k6,0,-1
3R4/8/8/8/8/K7/Pr1p4/1k6,1,-1
8/3R4/8/8/8/K7/Pr1p4/1k6,0,-1
8/3R4/8/8/8/K7/r2p4/1k6,1,-1
8/3R4/8/8/8/1K6/r2p4/1k6,0,-1
8/3R4/8/8/8/1K6/2rp4/1k6,1,-1
3R4/8/8/8/8/1K6/2rp4/1k6,0,-1
3R4/8/8/8/8/1K6/2rp4/2k5,1,-1
4rnk1/6pp/ppqpb2n/8/P4P1b/2N1BR1P/1PPQ2P1/R6K,0,-1
4rnk1/6pp/ppqpb3/5n2/P4P1b/2N1BR1P/1PPQ2P1/R6K,1,-1
4rnk1/6pp/ppqpb3/5n2/P4P1b/2N1BR1P/1PPQ2PK/R7,0,-1
4r1k1/6pp/ppqpb1n1/5n2/P4P1b/2N1BR1P/1PPQ2PK/R7,1,-1
4r1k1/6pp/ppqpb1n1/5n2/P4P1b/2N1BR1P/1PPQ2PK/5R2,0,-1
4r1k1/6pp/ppqpbbn1/5n2/P4P2/2N1BR1P/1PPQ2PK/5R2,1,-1
4r1k1/6pp/ppqpbbn1/5n2/P4P2/2N2R1P/1PPQ1BPK/5R2,0,-1
4r1k1/6pp/ppq1bbn1/3p1n2/P4P2/2N2R1P/1PPQ1BPK/5R2,1,-1
4r1k1/6pp/ppq1bbn1/3p1n2/P4P2/2N2R1P/1PPQ1BPK/4R3,0,-1
4r1k1/6pp/ppq1bb2/3p1n2/P4P1n/2N2R1P/1PPQ1BPK/4R3,1,-1
4r1k1/6pp/ppq1bb2/3p1n2/P4P1B/2N2R1P/1PPQ2PK/4R3,0,-1
4r1k1/6pp/ppq1b3/3p1n2/P4P1b/2N2R1P/1PPQ2PK/4R3,1,-1
4r1k1/6pp/ppq1b3/3pRn2/P4P1b/2N2R1P/1PPQ2PK/8,0,-1
4r1k1/6pp/ppq1b3/4Rn2/P2p1P1b/2N2R1P/1PPQ2PK/8,1,-1
4r1k1/6pp/ppq1b3/4Rn2/P2pNP1b/5R1P/1PPQ2PK/8,0,-1
4r1k1/6pp/ppq5/3bRn2/P2pNP1b/5R1P/1PPQ2PK/8,1,-1
4r1k1/6pp/ppq5/3R1n2/P2pNP1b/5R1P/1PPQ2PK/8,0,-1
4r1k1/6pp/pp6/3q1n2/P2pNP1b/5R1P/1PPQ2PK/8,1,-1
4r1k1/6pp/pp6/3q1n2/P2p1P1b/2N2R1P/1PPQ2PK/8,0,-1
4r1k1/6pp/pp6/5n2/P1qp1P1b/2N2R1P/1PPQ2PK/8,1,-1
4r2k/6pp/p4p2/1p2pP2/P3q2P/1QP3P1/KP6/3R4,0,-1
4r2k/6pp/p4p2/1p2pq2/P6P/1QP3P1/KP6/3R4,1,-1
4r2k/6pp/p4p2/Pp2pq2/7P/1QP3P1/KP6/3R4,0,-1
2q1r2k/6pp/p4p2/Pp2p3/7P/1QP3P1/KP6/3R4,1,-1
2q1r2k/5Qpp/p4p2/Pp2p3/7P/2P3P1/KP6/3R4,0,-1
2q2r1k/5Qpp/p4p2/Pp2p3/7P/2P3P1/KP6/3R4,1,-1
2q2r1k/4Q1pp/p4p2/Pp2p3/7P/2P3P1/KP6/3R4,0,-1
2q1r2k/4Q1pp/p4p2/Pp2p3/7P/2P3P1/KP6/3R4,1,-1
2q1r2k/Q5pp/p4p2/Pp2p3/7P/2P3P1/KP6/3R4,0,-1
4r2k/Q5pp/p3qp2/Pp2p3/7P/2P3P1/KP6/3R4,1,-1
4r2k/Q5pp/p3qp2/Pp2p3/7P/2P3P1/1P6/1K1R4,0,-1
4r2k/Q5pp/p3qp2/Pp6/4p2P/2P3P1/1P6/1K1R4,1,-1
4r2k/Q2R2pp/p3qp2/Pp6/4p2P/2P3P1/1P6/1K6,0,-1
4r2k/Q2R2pp/p3qp2/Pp6/7P/2P1p1P1/1P6/1K6,1,-1
4r2k/Q5Rp/p3qp2/Pp6/7P/2P1p1P1/1P6/1K6,0,-1
4r2k/Q5Rp/p4p2/Pp6/4q2P/2P1p1P1/1P6/1K6,1,-1
4r2k/Q5Rp/p4p2/Pp6/4q2P/2P1p1P1/KP6/8,0,-1
4r2k/Q5Rp/p4p2/Pp6/4q2P/2P3P1/KP2p3/8,1,-1
4r2k/Q6p/p4p2/Pp6/4q1RP/2P3P1/KP2p3/8,0,-1
4r2k/Q6p/p4p2/Pp6/6qP/2P3P1/KP2p3/8,1,-1
3r2k1/5pp1/2B1b3/R2N4/4P3/p3P3/1n5P/6K1,0,-1
3r2k1/5pp1/2B1b3/R2N4/2n1P3/p3P3/7P/6K1,1,-1
3r2k1/5pp1/2B1b3/3N4/R1n1P3/p3P3/7P/6K1,0,-1
1r4k1/5pp1/2B1b3/3N4/R1n1P3/p3P3/7P/6K1,1,-1
1r4k1/5pp1/2B1b3/3N4/R1n1P3/p3P3/5K1P/8,0,-1
6k1/5pp1/2B1b3/3N4/R1n1P3/p3P3/1r3K1P/8,1,-1
6k1/5pp1/2B1b3/3N4/R1n1P3/p3P1K1/1r5P/8,0,-1
6k1/5pp1/2B1b3/3N4/R1n1P3/4P1K1/pr5P/8,1,-1
6k1/5pp1/2B1b3/8/R1n1P3/2N1P1K1/pr5P/8,0,-1
6k1/5pp1/2B1b3/8/R3P3/2N1n1K1/pr5P/8,1,-1
6k1/5pp1/2B1b3/8/R3PK2/2N1n3/pr5P/8,0,-1
6k1/5pp1/2B1b3/8/R3PK2/2N5/prn4P/8,1,-1
R5k1/5pp1/2B1b3/8/4PK2/2N5/prn4P/8,0,-1
R7/5ppk/2B1b3/8/4PK2/2N5/prn4P/8,1,-1
R7/5ppk/2B1b3/8/4PK2/8/Nrn4P/8,0,-1
R7/5ppk/2B1b3/8/4PK2/8/r1n4P/8,1,-1
1R6/5ppk/2B1b3/8/4PK2/8/r1n4P/8,0,-1
1R6/5ppk/2B1b3/8/3nPK2/8/r6P/8,1,-1
1R6/5ppk/4b3/3B4/3nPK2/8/r6P/8,0,-1
1R6/5ppk/4b3/3B4/3nPK2/8/7r/8,1,-1
8/1p4pk/1r5p/4pP2/2K3P1/7P/p7/8,0,-1
8/1p4pk/1r5p/4pP2/2K3P1/7P/8/q7,1,-1
8/1p4pk/1r5p/4pP2/6P1/3K3P/8/q7,0,-1
8/1p4pk/1r5p/4pP2/3q2P1/3K3P/8/8,1,-1
8/1p4pk/1r5p/4pP2/3q2P1/7P/4K3/8,0,-1
8/1p4pk/7p/4pP2/3q2P1/7P/1r2K3/8,1,-1
8/1p4pk/7p/4pP2/3q2P1/5K1P/1r6/8,0,-1
8/1p4pk/7p/4pP2/6P1/5K1P/1r3q2/8,1,-1
8/1p4pk/7p/4pP2/4K1P1/7P/1r3q2/8,0,-1
8/1p4pk/7p/4pP2/4KqP1/7P/1r6/8,1,-1
8/1p4pk/7p/3KpP2/5qP1/7P/1r6/8,0,-1
8/1p4pk/7p/3KpP2/5qP1/7P/3r4/8,1,-1
8/1p4pk/4K2p/4pP2/5qP1/7P/3r4/8,0,-1
8/1p4pk/4K2p/4pP2/2q3P1/7P/3r4/8,1,-1
8/1p2K1pk/7p/4pP2/2q3P1/7P/3r4/8,0,-1
8/1p2K1pk/2q4p/4pP2/6P1/7P/3r4/8,1,-1
5K2/1p4pk/2q4p/4pP2/6P1/7P/3r4/8,0,-1
3r1K2/1p4pk/2q4p/4pP2/6P1/7P/8/8,1,-1
3r4/1p2K1pk/2q4p/4pP2/6P1/7P/8/8,0,-1
3r4/1p1qK1pk/7p/4pP2/6P1/7P/8/8,1,-1
5r1k/6p1/p6p/3p4/8/4QB1P/q2r2P1/1RR3K1,1,1
5r1k/6p1/p6p/3p4/8/1Q3B1P/q2r2P1/1RR3K1,0,1
5r1k/6p1/p6p/q2p4/8/1Q3B1P/3r2P1/1RR3K1,1,1
5r1k/6p1/p6p/q2p4/8/2Q2B1P/3r2P1/1RR3K1,0,1
5r1k/6p1/p6p/3p4/8/2q2B1P/3r2P1/1RR3K1,1,1
5r1k/6p1/p6p/3p4/8/2R2B1P/3r2P1/1R4K1,0,1
5r1k/6p1/p6p/8/3p4/2R2B1P/3r2P1/1R4K1,1,1
5r1k/6p1/p6p/8/3p4/R4B1P/3r2P1/1R4K1,0,1
7k/6p1/p4r1p/8/3p4/R4B1P/3r2P1/1R4K1,1,1
7k/6p1/p4r1p/8/3pB3/R6P/3r2P1/1R4K1,0,1
7k/8/p4rpp/8/3pB3/R6P/3r2P1/1R4K1,1,1
7k/8/p4rpp/R7/3pB3/7P/3r2P1/1R4K1,0,1
7k/8/p4rp1/R6p/3pB3/7P/3r2P1/1R4K1,1,1
7k/1R6/p4rp1/R6p/3pB3/7P/3r2P1/6K1,0,1
7k/1R6/p3r1p1/R6p/3pB3/7P/3r2P1/6K1,1,1
7k/1R6/p3r1p1/3R3p/3pB3/7P/3r2P1/6K1,0,1
4r2k/1R6/p5p1/3R3p/3pB3/7P/3r2P1/6K1,1,1
4r2k/1R6/p5B1/3R3p/3p4/7P/3r2P1/6K1,0,1
7k/1R6/p5B1/3R3p/3p4/7P/3rr1P1/6K1,1,1
3R3k/1R6/p5B1/7p/3p4/7P/3rr1P1/6K1,0,1
r4rk1/1p1nppbp/1p1pb1p1/8/1n2P3/P1N4P/1PPBBPP1/R2RN1K1,0,1
r4rk1/1p1nppbp/1pnpb1p1/8/4P3/P1N4P/1PPBBPP1/R2RN1K1,1,1
r4rk1/1p1nppbp/1pnpb1p1/8/4P3/P1N4P/1PPBBPP1/1R1RN1K1,0,1
r4rk1/1p2ppbp/1pnpb1p1/2n5/4P3/P1N4P/1PPBBPP1/1R1RN1K1,1,1
r4rk1/1p2ppbp/1pnpb1p1/2n5/4P3/P1N2P1P/1PPBB1P1/1R1RN1K1,0,1
r1r3k1/1p2ppbp/1pnpb1p1/2n5/4P3/P1N2P1P/1PPBB1P1/1R1RN1K1,1,1
r1r3k1/1p2ppbp/1pnpb1p1/2n5/4P3/P1N2P1P/1PPB2P1/1R1RNBK1,0,1
r1r2k2/1p2ppbp/1pnpb1p1/2n5/4P3/P1N2P1P/1PPB2P1/1R1RNBK1,1,1
r1r2k2/1p2ppbp/1pnpb1p1/2n5/4P3/P1N2P1P/1PPB2P1/1R1RNB1K,0,1
r1r1k3/1p2ppbp/1pnpb1p1/2n5/4P3/P1N2P1P/1PPB2P1/1R1RNB1K,1,1
r1r1k3/1p2ppbp/1pnpb1p1/1Nn5/4P3/P4P1P/1PPB2P1/1R1RNB1K,0,1
r1r1k3/1p2ppbp/1pnp2p1/1Nn5/4P3/P4P1P/bPPB2P1/1R1RNB1K,1,1
r1r1k3/1p2ppbp/1pnp2p1/1Nn5/4P3/P4P1P/bPPB2P1/R2RNB1K,0,1
r1r1k3/1p2ppbp/1pnpb1p1/1Nn5/4P3/P4P1P/1PPB2P1/R2RNB1K,1,1
r1r1k3/1p2ppbp/1pnpb1p1/1Nn5/4P3/P1B2P1P/1PP3P1/R2RNB1K,0,1
r1r1k3/1p2pp1p/1pnpb1p1/1Nn5/4P3/P1b2P1P/1PP3P1/R2RNB1K,1,1
r1r1k3/1p2pp1p/1pnpb1p1/2n5/4P3/P1N2P1P/1PP3P1/R2RNB1K,0,1
r1r1k3/1p2p2p/1pnpbpp1/2n5/4P3/P1N2P1P/1PP3P1/R2RNB1K,1,1
r1r1k3/1p2p2p/1pnpbpp1/2n5/4P2P/P1N2P2/1PP3P1/R2RNB1K,0,1
r1r5/1p2pk1p/1pnpbpp1/2n5/4P2P/P1N2P2/1PP3P1/R2RNB1K,1,1
3r2k1/1p3p2/p1rpqbp1/P1PRn3/4PB1p/1P5P/3QB1P1/3R3K,1,1
3r2k1/1p3p2/p1rPqbp1/P2Rn3/4PB1p/1P5P/3QB1P1/3R3K,0,1
3r2k1/1p1n1p2/p1rPqbp1/P2R4/4PB1p/1P5P/3QB1P1/3R3K,1,1
3r2k1/1p1n1p2/p1rPqbp1/P2R4/2B1PB1p/1P5P/3Q2P1/3R3K,0,1
3r2k1/1p1n1p2/p1rP1bp1/P2R4/2B1qB1p/1P5P/3Q2P1/3R3K,1,1
3r2k1/1p1n1p2/p1rP1bp1/P2R2B1/2B1q2p/1P5P/3Q2P1/3R3K,0,1
3r4/1p1n1pk1/p1rP1bp1/P2R2B1/2B1q2p/1P5P/3Q2P1/3R3K,1,1
3r4/1p1n1pk1/p1rP1bp1/P2R2B1/2B1q2p/1P5P/3Q2P1/5R1K,0,1
4r3/1p1n1pk1/p1rP1bp1/P2R2B1/2B1q2p/1P5P/3Q2P1/5R1K,1,1
4r3/1p1n1pk1/p1rP1Bp1/P2R4/2B1q2p/1P5P/3Q2P1/5R1K,0,1
4r3/1p3pk1/p1rP1np1/P2R4/2B1q2p/1P5P/3Q2P1/5R1K,1,1
4r3/1p1P1pk1/p1r2np1/P2R4/2B1q2p/1P5P/3Q2P1/5R1K,0,1
3r4/1p1P1pk1/p1r2np1/P2R4/2B1q2p/1P5P/3Q2P1/5R1K,1,1
3r4/1p1P1pk1/p1rR1np1/P7/2B1q2p/1P5P/3Q2P1/5R1K,0,1
3r4/1p1P1pk1/p1rR1np1/P3q3/2B4p/1P5P/3Q2P1/5R1K,1,1
3r4/1p1P1pk1/p1rR1Rp1/P3q3/2B4p/1P5P/3Q2P1/7K,0,1
8/1p1r1pk1/p1rR1Rp1/P3q3/2B4p/1P5P/3Q2P1/7K,1,1
8/1p1r1pk1/p1rR2R1/P3q3/2B4p/1P5P/3Q2P1/7K,0,1
8/1p1r2k1/p1rR2p1/P3q3/2B4p/1P5P/3Q2P1/7K,1,1
8/1p1R2k1/p1r3p1/P3q3/2B4p/1P5P/3Q2P1/7K,0,1
3r2k1/p2q1pbp/1p3rp1/3P4/5B2/1P3P2/P2Q2PP/2RR2K1,1,1
3r2k1/p2q1pbp/1p3rp1/3P2B1/8/1P3P2/P2Q2PP/2RR2K1,0,1
3r2k1/p2q1pb1/1p3rp1/3P2Bp/8/1P3P2/P2Q2PP/2RR2K1,1,1
3r2k1/p2q1pb1/1p3Bp1/3P3p/8/1P3P2/P2Q2PP/2RR2K1,0,1
3r2k1/p2q1p2/1p3bp1/3P3p/8/1P3P2/P2Q2PP/2RR2K1,1,1
3r2k1/p2q1p2/1p3bp1/3P3p/5Q2/1P3P2/P5PP/2RR2K1,0,1
3r2k1/p2q1pb1/1p4p1/3P3p/5Q2/1P3P2/P5PP/2RR2K1,1,1
3r2k1/p1Rq1pb1/1p4p1/3P3p/5Q2/1P3P2/P5PP/3R2K1,0,1
3rq1k1/p1R2pb1/1p4p1/3P3p/5Q2/1P3P2/P5PP/3R2K1,1,1
3rq1k1/p1R2pb1/1p1P2p1/7p/5Q2/1P3P2/P5PP/3R2K1,0,1
3rq1k1/2R2pb1/1p1P2p1/p6p/5Q2/1P3P2/P5PP/3R2K1,1,1
3rq1k1/2R2pb1/1p1P2p1/p6p/4Q3/1P3P2/P5PP/3R2K1,0,1
3r1qk1/2R2pb1/1p1P2p1/p6p/4Q3/1P3P2/P5PP/3R2K1,1,1
3r1qk1/2R1Qpb1/1p1P2p1/p6p/8/1P3P2/P5PP/3R2K1,0,1
3r2k1/2R1qpb1/1p1P2p1/p6p/8/1P3P2/P5PP/3R2K1,1,1
3r2k1/2R1Ppb1/1p4p1/p6p/8/1P3P2/P5PP/3R2K1,0,1
6k1/2R1Ppb1/1p4p1/p6p/8/1P3P2/P5PP/3r2K1,1,1
6k1/2R1Ppb1/1p4p1/p6p/8/1P3P2/P4KPP/3r4,0,1
6k1/2R1Ppb1/1p4p1/p6p/8/1P3P2/P2r1KPP/8,1,1
6k1/2R1Ppb1/1p4p1/p6p/8/1P3P2/P2r2PP/4K3,0,1
3r1qk1/p4ppp/bn2p3/6Bn/8/2N3Q1/PPP2P1P/R3K1R1,1,1
3r1qk1/p4ppp/bn2p3/6Bn/7Q/2N5/PPP2P1P/R3K1R1,0,1
3r1qk1/p5pp/bn2pp2/6Bn/7Q/2N5/PPP2P1P/R3K1R1,1,1
3r1qk1/p5pp/bn2pp2/7n/7Q/2N5/PPPB1P1P/R3K1R1,0,1
3r1qk1/p5pp/b3pp2/7n/2n4Q/2N5/PPPB1P1P/R3K1R1,1,1
3r1qk1/p5pp/b3pp2/7n/2n4Q/2N5/PPPB1P1P/2KR2R1,0,1
3r2k1/p5pp/b3pp2/7n/1qn4Q/2N5/PPPB1P1P/2KR2R1,1,1
3r2k1/p5pp/b3pp2/7n/Nqn4Q/8/PPPB1P1P/2KR2R1,0,1
3r2k1/p5pp/b3pp2/7n/q1n4Q/8/PPPB1P1P/2KR2R1,1,1
3r2k1/p5pp/b3pp2/7n/q1n4Q/2B5/PPP2P1P/2KR2R1,0,1
6k1/p5pp/b3pp2/7n/q1n4Q/2B5/PPP2P1P/2Kr2R1,1,1
6k1/p5pp/b3pp2/7n/q1n4Q/2B5/PPP2P1P/2KR4,0,1
4q1k1/p5pp/b3pp2/7n/2n4Q/2B5/PPP2P1P/2KR4,1,1
4q1k1/p5pp/b3pp2/7n/2nQ4/2B5/PPP2P1P/2KR4,0,1
4q1k1/p5pp/b4p2/4p2n/2nQ4/2B5/PPP2P1P/2KR4,1,1
4q1k1/Q5pp/b4p2/4p2n/2n5/2B5/PPP2P1P/2KR4,0,1
4q1k1/Q5pp/5p2/1b2p2n/2n5/2B5/PPP2P1P/2KR4,1,1
4q1k1/2Q3pp/5p2/1b2p2n/2n5/2B5/PPP2P1P/2KR4,0,1
5qk1/2Q3pp/5p2/1b2p2n/2n5/2B5/PPP2P1P/2KR4,1,1
3R1qk1/2Q3pp/5p2/1b2p2n/2n5/2B5/PPP2P1P/2K5,0,1
8/7R/p3kp2/4pn2/8/b1PK4/Pr6/8,1,-1
8/7R/p3kp2/4pn2/2P5/b2K4/Pr6/8,0,-1
8/7R/p3kp2/4p3/2Pn4/b2K4/Pr6/8,1,-1
8/R7/p3kp2/4p3/2Pn4/b2K4/Pr6/8,0,-1
8/R7/pr2kp2/4p3/2Pn4/b2K4/P7/8,1,-1
R7/8/pr2kp2/4p3/2Pn4/b2K4/P7/8,0,-1
R7/8/p1r1kp2/4p3/2Pn4/b2K4/P7/8,1,-1
4R3/8/p1r1kp2/4p3/2Pn4/b2K4/P7/8,0,-1
4R3/5k2/p1r2p2/4p3/2Pn4/b2K4/P7/8,1,-1
3R4/5k2/p1r2p2/4p3/2Pn4/b2K4/P7/8,0,-1
3R4/5k2/p1r5/4pp2/2Pn4/b2K4/P7/8,1,-1
8/5k2/p1r5/3Rpp2/2Pn4/b2K4/P7/8,0,-1
8/8/p1r1k3/3Rpp2/2Pn4/b2K4/P7/8,1,-1
8/8/p1r1k3/R3pp2/2Pn4/b2K4/P7/8,0,-1
8/8/p1r1k3/R1b1pp2/2Pn4/3K4/P7/8,1,-1
8/8/p1r1k3/R1b1pp2/P1Pn4/3K4/8/8,0,-1
8/8/p1r1k3/R1b2p2/P1Pnp3/3K4/8/8,1,-1
8/8/p1r1k3/R1b2p2/P1Pnp3/8/3K4/8,0,-1
8/8/p1r1k3/R1b2p2/P1P1p3/1n6/3K4/8,1,-1
8/8/p1r1k3/R1b2p2/P1P1p3/1nK5/8/8,0,-1
8/2k1b2r/p1rp1p2/1p1RpP2/4N1PP/1PP2K2/P7/3R4,1,1
8/2k1b2r/p1rp1p2/1p1RpP2/4N1PP/1PP2K2/P7/7R,0,1
8/3kb2r/p1rp1p2/1p1RpP2/4N1PP/1PP2K2/P7/7R,1,1
8/3kb2r/p1rp1p2/1p1RpP2/4N1PP/1PP5/P5K1/7R,0,1
4k3/4b2r/p1rp1p2/1p1RpP2/4N1PP/1PP5/P5K1/7R,1,1
4k3/4b2r/p1rp1p2/1p1RpPP1/4N2P/1PP5/P5K1/7R,0,1
4k3/4b2r/p1rp4/1p1RpPp1/4N2P/1PP5/P5K1/7R,1,1
4k3/4b2r/p1rp4/1p1RpPP1/4N3/1PP5/P5K1/7R,0,1
4k3/4b3/p1rp4/1p1RpPP1/4N3/1PP5/P5K1/7r,1,1
4k3/4b3/p1rp4/1p1RpPP1/4N3/1PP5/P7/7K,0,1
8/4bk2/p1rp4/1p1RpPP1/4N3/1PP5/P7/7K,1,1
8/4bk2/p1rp4/1p1RpPP1/4N3/1PP5/P5K1/8,0,1
8/4bk2/p1rp4/3RpPP1/1p2N3/1PP5/P5K1/8,1,1
8/4bk2/p1rp4/3RpPP1/1pP1N3/1P6/P5K1/8,0,1
5b2/5k2/p1rp4/3RpPP1/1pP1N3/1P6/P5K1/8,1,1
5b2/5k2/p1rp4/3RpPP1/1pP1N3/1P3K2/P7/8,0,1
5b2/5k2/pr1p4/3RpPP1/1pP1N3/1P3K2/P7/8,1,1
5b2/5k2/pr1p4/3RpPP1/1pP1N1K1/1P6/P7/8,0,1
8/4bk2/pr1p4/3RpPP1/1pP1N1K1/1P6/P7/8,1,1
8/4bk2/pr1p1P2/3Rp1P1/1pP1N1K1/1P6/P7/8,0,1
2Q5/1n2kp2/pb1p1p2/3qpP2/1p6/1P6/P1P4P/1K3R2,0,0
2Q5/4kp2/pb1p1p2/2nqpP2/1p6/1P6/P1P4P/1K3R2,1,0
2Q5/4kp2/pb1p1p2/2nqpP2/1p6/1P6/P1P4P/1K2R3,0,0
2Q5/4kp2/pb1p1p2/3qpP2/1p2n3/1P6/P1P4P/1K2R3,1,0
8/4kp2/Qb1p1p2/3qpP2/1p2n3/1P6/P1P4P/1K2R3,0,0
8/4kp2/Qb1p1p2/3qpP2/1p6/1Pn5/P1P4P/1K2R3,1,0
8/4kp2/Qb1p1p2/3qpP2/1p6/1Pn5/PKP4P/4R3,0,0
8/4kp2/Q2p1p2/3qpP2/1p1b4/1Pn5/PKP4P/4R3,1,0
2Q5/4kp2/3p1p2/3qpP2/1p1b4/1Pn5/PKP4P/4R3,0,0
2Q5/4kp2/3p1p2/1n1qpP2/1p1b4/1P6/PKP4P/4R3,1,0
2Q5/4kp2/3p1p2/1n1qpP2/1p1b4/1P6/P1P4P/2K1R3,0,0
2Q5/4kp2/3p1p2/1n1qpP2/1p6/1Pb5/P1P4P/2K1R3,1,0
2Q5/4kp2/3p1p2/1n1qpP2/1p6/1Pb5/P1P4P/2KR4,0,0
2Q5/4kp2/3p1p2/3qpP2/1p1n4/1Pb5/P1P4P/2KR4,1,0
8/2Q1kp2/3p1p2/3qpP2/1p1n4/1Pb5/P1P4P/2KR4,0,0
4k3/2Q2p2/3p1p2/3qpP2/1p1n4/1Pb5/P1P4P/2KR4,1,0
2Q1k3/5p2/3p1p2/3qpP2/1p1n4/1Pb5/P1P4P/2KR4,0,0
2Q5/4kp2/3p1p2/3qpP2/1p1n4/1Pb5/P1P4P/2KR4,1,0
8/2Q1kp2/3p1p2/3qpP2/1p1n4/1Pb5/P1P4P/2KR4,0,0
4k3/2Q2p2/3p1p2/3qpP2/1p1n4/1Pb5/P1P4P/2KR4,1,0
r3r1k1/1p3p1p/1qbpp1p1/p5PP/4P3/2N4R/PPP1Q1P1/2KR4,0,-1
r3r1k1/1p3p1p/2bpp1p1/p1q3PP/4P3/2N4R/PPP1Q1P1/2KR4,1,-1
r3r1k1/1p3p1p/2bpp1p1/p1q3PP/4P1Q1/2N4R/PPP3P1/2KR4,0,-1
r3r1k1/1p3p1p/2bpp1p1/p3q1PP/4P1Q1/2N4R/PPP3P1/2KR4,1,-1
r3r1k1/1p3p1p/2bpp1p1/p3q1PP/4P1Q1/2N4R/PPP3P1/2K4R,0,-1
r5k1/1p2rp1p/2bpp1p1/p3q1PP/4P1Q1/2N4R/PPP3P1/2K4R,1,-1
r5k1/1p2rp1p/2bpp1p1/p3q1PP/4P1Q1/2N2R2/PPP3P1/2K4R,0,-1
r5k1/1p2rp1p/2bpp1p1/4q1PP/p3P1Q1/2N2R2/PPP3P1/2K4R,1,-1
r5k1/1p2rp1p/2bpp1P1/4q1P1/p3P1Q1/2N2R2/PPP3P1/2K4R,0,-1
r5k1/1p2r2p/2bpp1p1/4q1P1/p3P1Q1/2N2R2/PPP3P1/2K4R,1,-1
r5k1/1p2r2p/2bpp1p1/4q1P1/p3P1Q1/P1N2R2/1PP3P1/2K4R,0,-1
6k1/1p2r2p/2bpp1p1/r3q1P1/p3P1Q1/P1N2R2/1PP3P1/2K4R,1,-1
6k1/1p2r2p/2bpp1p1/r3q1P1/p3P1Q1/P1N3R1/1PP3P1/2K4R,0,-1
6k1/1p3r1p/2bpp1p1/r3q1P1/p3P1Q1/P1N3R1/1PP3P1/2K4R,1,-1
6k1/1p3r1p/2bpp1p1/r3q1P1/p3P1Q1/P1N3R1/1PP3P1/2KR4,0,-1
6k1/1p3r1p/2bpp1p1/2r1q1P1/p3P1Q1/P1N3R1/1PP3P1/2KR4,1,-1
6k1/1p3r1p/2bpp1p1/2r1q1P1/p3P1Q1/P1N3R1/1PP3P1/1K1R4,0,-1
6k1/1p3r1p/2bpp1p1/4q1P1/p1r1P1Q1/P1N3R1/1PP3P1/1K1R4,1,-1
6k1/1p3r1p/2bpp1p1/4q1P1/p1r1P1Q1/P1N2R2/1PP3P1/1K1R4,0,-1
6k1/1p3r1p/3pp1p1/4q1P1/p1r1b1Q1/P1N2R2/1PP3P1/1K1R4,1,-1
2r3k1/p1r4p/1p4p1/2pPpnB1/2Pb4/P7/1P2N1PP/1R2R2K,0,-1
2r3k1/p1r4p/1p4p1/2pP1nB1/2Pbp3/P7/1P2N1PP/1R2R2K,1,-1
2r3k1/p1r4p/1p4p1/2pP1nB1/2PNp3/P7/1P4PP/1R2R2K,0,-1
2r3k1/p1r4p/1p4p1/3P1nB1/2Ppp3/P7/1P4PP/1R2R2K,1,-1
2r3k1/p1r4p/1p4p1/3P1nB1/2PpR3/P7/1P4PP/1R5K,0,-1
2r3k1/p6p/1p4p1/3P1nB1/2rpR3/P7/1P4PP/1R5K,1,-1
2r3k1/p6p/1p4p1/3P1nB1/2rpR1P1/P7/1P5P/1R5K,0,-1
2r3k1/p6p/1p1n2p1/3P2B1/2rpR1P1/P7/1P5P/1R5K,1,-1
2r3k1/p6p/1p1nR1p1/3P2B1/2rp2P1/P7/1P5P/1R5K,0,-1
2r3k1/p4n1p/1p2R1p1/3P2B1/2rp2P1/P7/1P5P/1R5K,1,-1
2r3k1/p4n1p/1p2R1p1/3P4/2rp1BP1/P7/1P5P/1R5K,0,-1
2r3k1/p4n1p/1p2R1p1/3P4/2r2BP1/P2p4/1P5P/1R5K,1,-1
2r3k1/p4n1p/1p2R1p1/3P4/2r3P1/P2p2B1/1P5P/1R5K,0,-1
2r3k1/p4n1p/1p2R1p1/3P4/6P1/P2p2B1/1P5P/1Rr4K,1,-1
2r3k1/p4n1p/1p2R1p1/3P4/6P1/P2p2B1/1P5P/2R4K,0,-1
6k1/p4n1p/1p2R1p1/3P4/6P1/P2p2B1/1P5P/2r4K,1,-1
6k1/p4n1p/1p2R1p1/3P4/6P1/P2p2B1/1P4KP/2r5,0,-1
6k1/p4n1p/1p2R1p1/3P4/6P1/P5B1/1P1p2KP/2r5,1,-1
4R1k1/p4n1p/1p4p1/3P4/6P1/P5B1/1P1p2KP/2r5,0,-1
4R3/p4nkp/1p4p1/3P4/6P1/P5B1/1P1p2KP/2r5,1,-1
4k3/6R1/4K3/6p1/5b2/8/8/8,0,0
3k4/6R1/4K3/6p1/5b2/8/8/8,1,0
3k4/5R2/4K3/6p1/5b2/8/8/8,0,0
2k5/5R2/4K3/6p1/5b2/8/8/8,1,0
2k5/3R4/4K3/6p1/5b2/8/8/8,0,0
2k5/3R4/4K3/6p1/8/6b1/8/8,1,0
2k5/4R3/4K3/6p1/8/6b1/8/8,0,0
2k5/4R3/4K3/6p1/5b2/8/8/8,1,0
2k5/6R1/4K3/6p1/5b2/8/8/8,0,0
3k4/6R1/4K3/6p1/5b2/8/8/8,1,0
3k4/3R4/4K3/6p1/5b2/8/8/8,0,0
2k5/3R4/4K3/6p1/5b2/8/8/8,1,0
2k5/4R3/4K3/6p1/5b2/8/8/8,0,0
3k4/4R3/4K3/6p1/5b2/8/8/8,1,0
3k4/R7/4K3/6p1/5b2/8/8/8,0,0
2k5/R7/4K3/6p1/5b2/8/8/8,1,0
2k5/3R4/4K3/6p1/5b2/8/8/8,0,0
2k5/3R4/4K3/6p1/8/6b1/8/8,1,0
2k5/8/4K3/6p1/8/3R2b1/8/8,0,0
2k5/8/4K3/6p1/5b2/3R4/8/8,1,0
3k4/8/B2p3p/1p1Pp3/1P6/2P4P/4K2P/2b5,1,0
3k4/8/3p3p/1B1Pp3/1P6/2P4P/4K2P/2b5,0,0
8/2k5/3p3p/1B1Pp3/1P6/2P4P/4K2P/2b5,1,0
8/2k5/3p3p/1B1Pp3/1P6/2PK3P/7P/2b5,0,0
8/2k5/3p3p/1B1Pp3/1P3b2/2PK3P/7P/8,1,0
8/2k5/3p3p/1B1Pp3/1PP2b2/3K3P/7P/8,0,0
8/8/1k1p3p/1B1Pp3/1PP2b2/3K3P/7P/8,1,0
4B3/8/1k1p3p/3Pp3/1PP2b2/3K3P/7P/8,0,0
4B3/8/1k1p3p/3Pp3/1PP5/3K3P/7b/8,1,0
4B3/8/1k1p3p/3Pp3/1PP1K3/7P/7b/8,0,0
4B3/8/1k1p3p/3Pp3/1PP1Kb2/7P/8/8,1,0
8/8/1k1p3p/3Pp2B/1PP1Kb2/7P/8/8,0,0
8/8/1k1p3p/3Pp2B/1PP1K3/7P/3b4/8,1,0
8/8/1k1p3p/2PPp2B/1P2K3/7P/3b4/8,0,0
8/8/1k5p/2pPp2B/1P2K3/7P/3b4/8,1,0
8/8/1k5p/2PPp2B/4K3/7P/3b4/8,0,0
8/8/7p/2kPp2B/4K3/7P/3b4/8,1,0
8/8/7p/2kPK2B/8/7P/3b4/8,0,0
8/8/7p/2kPK2B/8/7P/8/4b3,1,0
8/8/7p/2kP3B/4K3/7P/8/4b3,0,0
3b1rk1/pp1R2p1/8/4R1P1/2p4P/8/1r1B2K1/8,1,0
3b1rk1/pp1R2p1/8/4R1P1/2p4P/7K/1r1B4/8,0,0
3b1rk1/pp1R2p1/8/4R1P1/2p4P/1r5K/3B4/8,1,0
3b1rk1/pp1R2p1/8/4R1P1/2p3KP/1r6/3B4/8,0,0
3b1rk1/pp1R2p1/8/4R1P1/6KP/1rp5/3B4/8,1,0
3b1rk1/pp1R2p1/8/4R1P1/6KP/1rp5/8/2B5,0,0
3b1rk1/pp1R2p1/8/4R1P1/6KP/1r6/2p5/2B5,1,0
3b1rk1/pp1R2p1/8/2R3P1/6KP/1r6/2p5/2B5,0,0
3b1rk1/pp1R4/6p1/2R3P1/6KP/1r6/2p5/2B5,1,0
3b1rk1/pp1R4/6p1/6P1/6KP/1r6/2R5/2B5,0,0
5rk1/pp1R4/1b4p1/6P1/6KP/1r6/2R5/2B5,1,0
5rk1/pp1R4/1b4p1/6P1/6KP/1r6/1BR5/8,0,0
5rk1/pp1R4/1b4p1/6P1/1r4KP/8/1BR5/8,1,0
5rk1/pp1R4/1b4p1/6P1/1r5P/7K/1BR5/8,0,0
5rk1/pp1R4/1b4p1/6P1/7P/1r5K/1BR5/8,1,0
5rk1/pp1R4/1b4p1/6P1/6KP/1r6/1BR5/8,0,0
5rk1/pp1R4/1b4p1/6P1/1r4KP/8/1BR5/8,1,0
5rk1/pp1R4/1b4p1/6P1/1r5P/7K/1BR5/8,0,0
5rk1/pp1R4/1b4p1/6P1/7P/1r5K/1BR5/8,1,0
5rk1/pp1R4/1b4p1/6P1/6KP/1r6/1BR5/8,0,0
4rbk1/8/1R5p/6p1/5p2/5N1P/5PP1/6K1,1,0
4rbk1/8/1R5p/6p1/5p1P/5N2/5PP1/6K1,0,0
4rbk1/8/1R5p/8/5p1p/5N2/5PP1/6K1,1,0
4rbk1/8/1R5p/8/5p1N/8/5PP1/6K1,0,0
4r1k1/8/1R5p/2b5/5p1N/8/5PP1/6K1,1,0
4r1k1/8/7R/2b5/5p1N/8/5PP1/6K1,0,0
6k1/8/7R/2b5/5p1N/8/5PP1/4r1K1,1,0
6k1/8/7R/2b5/5p1N/8/5PPK/4r3,0,0
6k1/8/7R/8/5p1N/8/5bPK/4r3,1,0
6k1/8/7R/8/5p1N/7K/5bP1/4r3,0,0
8/6k1/7R/8/5p1N/7K/5bP1/4r3,1,0
8/6k1/7R/5N2/5p2/7K/5bP1/4r3,0,0
8/5k2/7R/5N2/5p2/7K/5bP1/4r3,1,0
8/5k2/7R/5N2/5pK1/8/5bP1/4r3,0,0
8/5k2/7R/5N2/5pK1/6b1/6P1/4r3,1,0
8/5k2/7R/8/5pK1/6N1/6P1/4r3,0,0
8/5k2/7R/8/6K1/6p1/6P1/4r3,1,0
8/5k2/7R/8/8/6K1/6P1/4r3,0,0
8/5k2/7R/8/4r3/6K1/6P1/8,1,0
8/5k2/7R/8/4r3/8/6PK/8,0,0
8/4b3/1k4pp/1p1npp2/6P1/7P/KP1NB3/8,1,-1
8/4b3/1k4pp/1p1npP2/8/7P/KP1NB3/8,0,-1
8/4b3/1k5p/1p1npp2/8/7P/KP1NB3/8,1,-1
8/4b3/1k5p/1p1npp2/8/5B1P/KP1N4/8,0,-1
8/4b3/1k5p/1p1n1p2/4p3/5B1P/KP1N4/8,1,-1
8/4b3/1k5p/1p1n1p2/4B3/7P/KP1N4/8,0,-1
8/4b3/1k5p/1p1n4/4p3/7P/KP1N4/8,1,-1
8/4b3/1k5p/1p1n4/4N3/7P/KP6/8,0,-1
8/4b3/1k5p/1p6/4Nn2/7P/KP6/8,1,-1
8/4b3/1k5p/1p6/5n2/7P/KP3N2/8,0,-1
8/8/1k5p/1p6/5n1b/7P/KP3N2/8,1,-1
8/8/1k5p/1p6/5nNb/7P/KP6/8,0,-1
8/8/1k6/1p5p/5nNb/7P/KP6/8,1,-1
8/8/1k6/1p5p/5n1b/4N2P/KP6/8,0,-1
8/8/1k6/1p5p/7b/4N2n/KP6/8,1,-1
8/8/1k6/1p3N1p/7b/7n/KP6/8,0,-1
8/8/1k6/1p3N1p/8/7n/KP3b2/8,1,-1
8/8/1k6/1p3N1p/8/1K5n/1P3b2/8,0,-1
8/8/1k6/1p3N1p/5n2/1K6/1P3b2/8,1,-1
8/4N3/1k6/1p5p/5n2/1K6/1P3b2/8,0,-1
8/3KN1pk/1q4b1/4Q3/8/7p/8/8,0,-1
8/3KN1pk/6b1/4Q3/8/7p/8/6q1,1,-1
8/3KN1pk/6b1/8/5Q2/7p/8/6q1,0,-1
8/q2KN1pk/6b1/8/5Q2/7p/8/8,1,-1
3K4/q3N1pk/6b1/8/5Q2/7p/8/8,0,-1
3K4/4N1pk/1q4b1/8/5Q2/7p/8/8,1,-1
8/3KN1pk/1q4b1/8/5Q2/7p/8/8,0,-1
8/3KN1pk/5qb1/8/5Q2/7p/8/8,1,-1
8/3KN1pk/5qb1/8/8/6Qp/8/8,0,-1
8/3KN1pk/5q2/5b2/8/6Qp/8/8,1,-1
4K3/4N1pk/5q2/5b2/8/6Qp/8/8,0,-1
4K3/4N1pk/5qb1/8/8/6Qp/8/8,1,-1
8/3KN1pk/5qb1/8/8/6Qp/8/8,0,-1
8/3KN1pk/6b1/8/3q4/6Qp/8/8,1,-1
8/4N1pk/4K1b1/8/3q4/6Qp/8/8,0,-1
8/4N1pk/4K1b1/8/4q3/6Qp/8/8,1,-1
8/3KN1pk/6b1/8/4q3/6Qp/8/8,0,-1
8/3KN1pk/6b1/8/8/3q2Qp/8/8,1,-1
8/3KN1pk/6b1/8/8/3Q3p/8/8,0,-1
8/3KN1pk/8/8/8/3b3p/8/8,1,-1
3kb3/2r1b3/4p1Q1/3pp1P1/2q5/pB5R/Pp4P1/1K1R4,1,1
3kb3/2r1b3/4p3/3pp1P1/2q5/pB5R/PpQ3P1/1K1R4,0,1
3kb3/2r1b3/4p3/3pp1P1/1q6/pB5R/PpQ3P1/1K1R4,1,1
3kb3/2r1b3/4p3/3pp1P1/1q6/pB1Q3R/Pp4P1/1K1R4,0,1
3kb3/2r5/4p3/3pp1b1/1q6/pB1Q3R/Pp4P1/1K1R4,1,1
3kb3/2r5/4p3/3pp1b1/1q6/p2Q3R/PpB3P1/1K1R4,0,1
3kb3/2r5/4p3/3p2b1/1q2p3/p2Q3R/PpB3P1/1K1R4,1,1
3kb3/2r5/4p3/3p2b1/1q2p3/p5QR/PpB3P1/1K1R4,0,1
3kb3/2r5/4p3/3p2b1/2q1p3/p5QR/PpB3P1/1K1R4,1,1
3kb3/2r5/3Qp3/3p2b1/2q1p3/p6R/PpB3P1/1K1R4,0,1
3kb3/3r4/3Qp3/3p2b1/2q1p3/p6R/PpB3P1/1K1R4,1,1
3kb3/3r4/4p3/3pQ1b1/2q1p3/p6R/PpB3P1/1K1R4,0,1
3kb3/3r4/4p3/3pQ3/2q1p3/p6R/PpB3P1/1KbR4,1,1
3kb3/3r4/4pQ2/3p4/2q1p3/p6R/PpB3P1/1KbR4,0,1
3kb3/4r3/4pQ2/3p4/2q1p3/p6R/PpB3P1/1KbR4,1,1
3kb3/4r3/4pQ2/3p4/2q1p3/R7/PpB3P1/1KbR4,0,1
3kb3/4r3/4pQ2/2qp4/4p3/R7/PpB3P1/1KbR4,1,1
R2kb3/4r3/4pQ2/2qp4/4p3/8/PpB3P1/1KbR4,0,1
R3b3/2k1r3/4pQ2/2qp4/4p3/8/PpB3P1/1KbR4,1,1
R3b3/2k1r3/4p3/2qpQ3/4p3/8/PpB3P1/1KbR4,0,1
1b1r2k1/5pp1/p1Q5/5N1p/8/6P1/Pq3P1P/5RK1,1,-1
1b1r2k1/4Npp1/p1Q5/7p/8/6P1/Pq3P1P/5RK1,0,-1
1b1r3k/4Npp1/p1Q5/7p/8/6P1/Pq3P1P/5RK1,1,-1
1b1r3k/5pp1/p1Q5/5N1p/8/6P1/Pq3P1P/5RK1,0,-1
1b1r3k/5p2/p1Q3p1/5N1p/8/6P1/Pq3P1P/5RK1,1,-1
1b1r3k/5p2/p1Q3p1/7p/7N/6P1/Pq3P1P/5RK1,0,-1
1b1r4/5pk1/p1Q3p1/7p/7N/6P1/Pq3P1P/5RK1,1,-1
1b1r4/5pk1/Q5p1/7p/7N/6P1/Pq3P1P/5RK1,0,-1
1b1r4/5pk1/Q5p1/4q2p/7N/6P1/P4P1P/5RK1,1,-1
1b1r4/1Q3pk1/6p1/4q2p/7N/6P1/P4P1P/5RK1,0,-1
1b1r4/1Q3pk1/5qp1/7p/7N/6P1/P4P1P/5RK1,1,-1
1b1r4/5pk1/5qp1/7p/7N/6P1/P4PQP/5RK1,0,-1
1b6/5pk1/5qp1/7p/7N/6P1/P2r1PQP/5RK1,1,-1
1b6/5pk1/5qp1/7p/P6N/6P1/3r1PQP/5RK1,0,-1
1b6/5pk1/5qp1/7p/P6N/6P1/r4PQP/5RK1,1,-1
1b6/5pk1/5qp1/7p/P3Q2N/6P1/r4P1P/5RK1,0,-1
8/b4pk1/5qp1/7p/P3Q2N/6P1/r4P1P/5RK1,1,-1
8/b4pk1/5qp1/7p/P6N/6P1/r4PQP/5RK1,0,-1
8/b4pk1/5qp1/7p/r6N/6P1/5PQP/5RK1,1,-1
8/b4pk1/5qp1/7p/r6N/5QP1/5P1P/5RK1,0,-1
2r1k2r/2qb1pp1/p3p2p/1p2pP2/4P1PP/1P2B3/P1PQ4/1K1R3R,1,1
2r1k2r/2qb1pp1/pB2p2p/1p2pP2/4P1PP/1P6/P1PQ4/1K1R3R,0,1
2r1k2r/3b1pp1/pBq1p2p/1p2pP2/4P1PP/1P6/P1PQ4/1K1R3R,1,1
2r1k2r/3b1pp1/p1q1p2p/Bp2pP2/4P1PP/1P6/P1PQ4/1K1R3R,0,1
r3k2r/3b1pp1/p1q1p2p/Bp2pP2/4P1PP/1P6/P1PQ4/1K1R3R,1,1
r3k2r/3b1pp1/p1q1p2p/Bp2pP2/4P1PP/1P5R/P1PQ4/1K1R4,0,1
r3k2r/3b1pp1/p1q1p2p/B3pP2/1p2P1PP/1P5R/P1PQ4/1K1R4,1,1
r3k2r/3b1pp1/p1q1p2p/B3pP2/1p2P1PP/1P1R4/P1PQ4/1K1R4,0,1
4k2r/r2b1pp1/p1q1p2p/B3pP2/1p2P1PP/1P1R4/P1PQ4/1K1R4,1,1
4k2r/r2b1pp1/p1qRp2p/B3pP2/1p2P1PP/1P6/P1PQ4/1K1R4,0,1
4k2r/r2b1pp1/p2Rp2p/Bq2pP2/1p2P1PP/1P6/P1PQ4/1K1R4,1,1
4k2r/r2b1pp1/pR2p2p/Bq2pP2/1p2P1PP/1P6/P1PQ4/1K1R4,0,1
4k2r/r2b1pp1/pR2p2p/q3pP2/1p2P1PP/1P6/P1PQ4/1K1R4,1,1
1R2k2r/r2b1pp1/p3p2p/q3pP2/1p2P1PP/1P6/P1PQ4/1K1R4,0,1
1R1qk2r/r2b1pp1/p3p2p/4pP2/1p2P1PP/1P6/P1PQ4/1K1R4,1,1
3Rk2r/r2b1pp1/p3p2p/4pP2/1p2P1PP/1P6/P1PQ4/1K1R4,0,1
3k3r/r2b1pp1/p3p2p/4pP2/1p2P1PP/1P6/P1PQ4/1K1R4,1,1
3k3r/r2b1pp1/p3p2p/4pP2/1Q2P1PP/1P6/P1P5/1K1R4,0,1
r2k3r/3b1pp1/p3p2p/4pP2/1Q2P1PP/1P6/P1P5/1K1R4,1,1
r2k3r/1Q1b1pp1/p3p2p/4pP2/4P1PP/1P6/P1P5/1K1R4,0,1
2q2k2/5pp1/8/1Q1pP1P1/1p6/1P6/2P4r/1K1R4,1,1
2q2k2/5pp1/8/3pP1P1/1Q6/1P6/2P4r/1K1R4,0,1
2q3k1/5pp1/8/3pP1P1/1Q6/1P6/2P4r/1K1R4,1,1
2q3k1/5pp1/8/3pP1P1/1Q6/1P6/2P4r/1KR5,0,1
2q3k1/5pp1/8/3pP1P1/1Q6/1P6/2P1r3/1KR5,1,1
2q3k1/5pp1/6P1/3pP3/1Q6/1P6/2P1r3/1KR5,0,1
2q3k1/5pp1/6P1/3pr3/1Q6/1P6/2P5/1KR5,1,1
2q3k1/5Pp1/8/3pr3/1Q6/1P6/2P5/1KR5,0,1
2q5/5kp1/8/3pr3/1Q6/1P6/2P5/1KR5,1,1
2q5/5kp1/3Q4/3pr3/8/1P6/2P5/1KR5,0,1
2q5/5kp1/3Q4/3p1r2/8/1P6/2P5/1KR5,1,1
2q5/5kp1/3Q4/3p1r2/8/1P6/2P5/1K4R1,0,1
2q3k1/6p1/3Q4/3p1r2/8/1P6/2P5/1K4R1,1,1
2q3k1/6p1/3Q4/3p1r2/8/1P6/2P5/1K2R3,0,1
5qk1/6p1/3Q4/3p1r2/8/1P6/2P5/1K2R3,1,1
5qk1/3Q2p1/8/3p1r2/8/1P6/2P5/1K2R3,0,1
6k1/3Q2p1/5q2/3p1r2/8/1P6/2P5/1K2R3,1,1
2Q3k1/6p1/5q2/3p1r2/8/1P6/2P5/1K2R3,0,1
2Q2qk1/6p1/8/3p1r2/8/1P6/2P5/1K2R3,1,1
2Q1Rqk1/6p1/8/3p1r2/8/1P6/2P5/1K6,0,1
1r6/5pkp/8/3N4/8/R4B1P/P4PP1/6K1,1,1
1r6/5pkp/8/3N4/8/R4B1P/P4PPK/8,0,1
8/5pkp/8/1r1N4/8/R4B1P/P4PPK/8,1,1
8/R4pkp/8/1r1N4/8/5B1P/P4PPK/8,0,1
8/R4pkp/8/3N4/8/5B1P/Pr3PPK/8,1,1
8/R4pkp/8/3N4/8/5BKP/Pr3PP1/8,0,1
8/R4p1p/6k1/3N4/8/5BKP/Pr3PP1/8,1,1
8/R4p1p/6k1/3N4/P7/5BKP/1r3PP1/8,0,1
8/R4p1p/6k1/3N4/P7/5BKP/r4PP1/8,1,1
8/R4p1p/6k1/P2N4/8/5BKP/r4PP1/8,0,1
8/R4p1p/6k1/P2N4/8/r4BKP/5PP1/8,1,1
8/R4p1p/P5k1/3N4/8/r4BKP/5PP1/8,0,1
8/R6p/P5k1/3N1p2/8/r4BKP/5PP1/8,1,1
8/R6p/P5k1/5p2/5N2/r4BKP/5PP1/8,0,1
8/R6p/P4k2/5p2/5N2/r4BKP/5PP1/8,1,1
R7/7p/P4k2/5p2/5N2/r4BKP/5PP1/8,0,1
R7/8/P4k2/5p1p/5N2/r4BKP/5PP1/8,1,1
R7/8/P4k2/5p1p/5N1P/r4BK1/5PP1/8,0,1
R7/8/P7/4kp1p/5N1P/r4BK1/5PP1/8,1,1
R7/P7/8/4kp1p/5N1P/r4BK1/5PP1/8,0,1
8/1pK5/4n3/P3k3/2P5/1N6/2P3b1/8,1,0
8/1p6/1K2n3/P3k3/2P5/1N6/2P3b1/8,0,0
8/1p6/1K6/P3k3/2Pn4/1N6/2P3b1/8,1,0
8/1p6/1K6/P3k3/2PN4/8/2P3b1/8,0,0
8/1p6/1K6/P7/2Pk4/8/2P3b1/8,1,0
8/1p6/1K6/P1P5/3k4/8/2P3b1/8,0,0
8/1p6/1K6/P1Pb4/3k4/8/2P5/8,1,0
8/1p6/PK6/2Pb4/3k4/8/2P5/8,0,0
8/8/pK6/2Pb4/3k4/8/2P5/8,1,0
8/8/pK6/2Pb4/3k4/2P5/8/8,0,0
8/8/pK6/2Pb4/8/2k5/8/8,1,0
8/8/K7/2Pb4/8/2k5/8/8,0,0
8/8/K7/2Pb4/3k4/8/8/8,1,0
8/8/1K6/2Pb4/3k4/8/8/8,0,0
8/8/1K6/2Pbk3/8/8/8/8,1,0
8/8/1KP5/3bk3/8/8/8/8,0,0
8/8/1KPk4/3b4/8/8/8/8,1,0
8/2P5/1K1k4/3b4/8/8/8/8,0,0
8/2P5/1K1kb3/8/8/8/8/8,1,0
8/1KP5/3kb3/8/8/8/8/8,0,0
2r5/p7/4k1p1/2R4p/2Ppp3/P5P1/1R2KP1P/8,0,-1
8/p7/4k1p1/2r4p/2Ppp3/P5P1/1R2KP1P/8,1,-1
8/p7/4k1p1/2r4p/1RPpp3/P5P1/4KP1P/8,0,-1
8/p7/6p1/2r1k2p/1RPpp3/P5P1/4KP1P/8,1,-1
8/p7/6p1/2r1k2p/1RPpp3/P5P1/3K1P1P/8,0,-1
8/p7/8/2r1k1pp/1RPpp3/P5P1/3K1P1P/8,1,-1
8/p7/8/2r1k1pp/1RPpp3/P5PP/3K1P2/8,0,-1
8/8/8/p1r1k1pp/1RPpp3/P5PP/3K1P2/8,1,-1
8/8/8/pRr1k1pp/2Ppp3/P5PP/3K1P2/8,0,-1
8/8/8/pr2k1pp/2Ppp3/P5PP/3K1P2/8,1,-1
8/8/8/pP2k1pp/3pp3/P5PP/3K1P2/8,0,-1
8/8/8/1P2k1pp/p2pp3/P5PP/3K1P2/8,1,-1
8/8/8/1P2k1pp/p2ppP2/P5PP/3K4/8,0,-1
8/8/8/1P2k1pp/p2p4/P4pPP/3K4/8,1,-1
8/8/8/1P2k1pp/p2p2P1/P4p1P/3K4/8,0,-1
8/8/8/1P2k1p1/p2p2p1/P4p1P/3K4/8,1,-1
8/8/8/1P2k1p1/p2p2P1/P4p2/3K4/8,0,-1
8/8/8/1P1k2p1/p2p2P1/P4p2/3K4/8,1,-1
8/8/8/1P1k2p1/p2p2P1/P4p2/8/4K3,0,-1
8/8/8/1P1k2p1/p5P1/P2p1p2/8/4K3,1,-1
5k2/8/6p1/1P2R3/P3RK2/2r2P2/6r1/8,1,1
5k2/8/1P4p1/4R3/P3RK2/2r2P2/6r1/8,0,1
5k2/8/1P4p1/4R3/P3RK2/1r3P2/6r1/8,1,1
5k2/8/1P4p1/1R6/P3RK2/1r3P2/6r1/8,0,1
5k2/8/1P6/1R4p1/P3RK2/1r3P2/6r1/8,1,1
5k2/8/1P6/1R2K1p1/P3R3/1r3P2/6r1/8,0,1
5k2/8/1P6/1r2K1p1/P3R3/5P2/6r1/8,1,1
5k2/8/1P6/1P2K1p1/4R3/5P2/6r1/8,0,1
5k2/8/1P6/1P2K1p1/4R3/5P2/1r6/8,1,1
5k2/8/1P1K4/1P4p1/4R3/5P2/1r6/8,0,1
5k2/8/1P1K4/1r4p1/4R3/5P2/8/8,1,1
5k2/8/1PK5/1r4p1/4R3/5P2/8/8,0,1
5k2/8/1PK5/6p1/4R3/1r3P2/8/8,1,1
5k2/1P6/2K5/6p1/4R3/1r3P2/8/8,0,1
8/1P3k2/2K5/6p1/4R3/1r3P2/8/8,1,1
8/1P3k2/2K5/4R1p1/8/1r3P2/8/8,0,1
8/1P6/2K2k2/4R1p1/8/1r3P2/8/8,1,1
8/1P6/2K2k2/1R4p1/8/1r3P2/8/8,0,1
8/1P6/2K2k2/1R4p1/8/2r2P2/8/8,1,1
8/1P6/5k2/1R1K2p1/8/2r2P2/8/8,0,1
8/R7/8/8/5p2/8/5k1K/2r5,1,0
8/8/8/8/5p2/8/R4k1K/2r5,0,0
8/8/8/8/5p2/4k3/R6K/2r5,1,0
8/8/8/8/5p2/R3k3/7K/2r5,0,0
8/8/8/8/5p2/R7/4k2K/2r5,1,0
8/8/8/8/5p2/8/R3k2K/2r5,0,0
8/8/8/8/5p2/4k3/R6K/2r5,1,0
8/8/8/8/5p2/R3k3/7K/2r5,0,0
8/8/8/8/5p2/R7/5k1K/2r5,1,0
8/8/8/8/5p2/8/R4k1K/2r5,0,0
8/8/8/8/5p2/8/R6K/2r2k2,1,0
8/8/8/8/5p2/R7/7K/2r2k2,0,0
8/8/8/8/5p2/R7/2r4K/5k2,1,0
8/8/8/8/5p2/R6K/2r5/5k2,0,0
8/8/8/8/5p2/R6K/2r2k2/8,1,0
8/8/8/8/5pK1/R7/2r2k2/8,0,0
8/8/8/8/2r2pK1/R7/5k2/8,1,0
8/8/8/8/2r2pK1/5R2/5k2/8,0,0
8/8/8/8/2r2pK1/5R2/4k3/8,1,0
8/8/8/8/2r2RK1/8/4k3/8,0,0
r4rk1/1q1bppbp/pp1p1np1/3P1P2/P1PN4/R7/1P2B1PP/2BQ1R1K,1,1
r4rk1/1q1bppbp/pp1p1np1/3P1PB1/P1PN4/R7/1P2B1PP/3Q1R1K,0,1
r4rk1/1q1bppbp/p2p1np1/1p1P1PB1/P1PN4/R7/1P2B1PP/3Q1R1K,1,1
r4rk1/1q1bppbp/p2p1np1/1P1P1PB1/2PN4/R7/1P2B1PP/3Q1R1K,0,1
r4rk1/1q1bppbp/3p1np1/1p1P1PB1/2PN4/R7/1P2B1PP/3Q1R1K,1,1
r4rk1/1q1bppbp/3p1np1/1p1P1PB1/2PN4/1R6/1P2B1PP/3Q1R1K,0,1
r4rk1/1q1bppbp/3p1np1/3P1PB1/1pPN4/1R6/1P2B1PP/3Q1R1K,1,1
r4rk1/1q1bppbp/3p1np1/3P1PB1/1pPN4/1R6/1P2B1PP/4QR1K,0,1
r4rk1/1q1bppbp/3p2p1/3P1PB1/1pPNn3/1R6/1P2B1PP/4QR1K,1,1
r4rk1/1q1bppbp/3p2p1/3P1P2/1pPNn3/1R2B3/1P2B1PP/4QR1K,0,1
5rk1/1q1bppbp/3p2p1/3P1P2/rpPNn3/1R2B3/1P2B1PP/4QR1K,1,1
5rk1/1q1bppbp/3p2P1/3P4/rpPNn3/1R2B3/1P2B1PP/4QR1K,0,1
5rk1/1q1bppb1/3p2p1/3P4/rpPNn3/1R2B3/1P2B1PP/4QR1K,1,1
5rk1/1q1bppb1/3p2p1/3P4/rpPNn3/1R6/1P2B1PP/4QRBK,0,1
5rk1/1q1bppb1/3p2p1/2nP4/rpPN4/1R6/1P2B1PP/4QRBK,1,1
5rk1/1q1bppb1/3p2p1/2nP4/rpPN4/6R1/1P2B1PP/4QRBK,0,1
5rk1/1q1bppb1/3p2p1/2nP4/1pPN4/6R1/rP2B1PP/4QRBK,1,1
5rk1/1q1bppb1/3p2p1/2nP4/1pPN4/6R1/rP2B1PP/1Q3RBK,0,1
r5k1/1q1bppb1/3p2p1/2nP4/1pPN4/6R1/rP2B1PP/1Q3RBK,1,1
r5k1/1q1bpRb1/3p2p1/2nP4/1pPN4/6R1/rP2B1PP/1Q4BK,0,1
2r3k1/5ppp/3p1q2/2nQ4/Pr1N4/5P2/2P3PP/R2R2K1,1,1
2r3k1/5ppp/3p1q2/P1nQ4/1r1N4/5P2/2P3PP/R2R2K1,0,1
2r3k1/5pp1/3p1q1p/P1nQ4/1r1N4/5P2/2P3PP/R2R2K1,1,1
2r3k1/5pp1/P2p1q1p/2nQ4/1r1N4/5P2/2P3PP/R2R2K1,0,1
1rr3k1/5pp1/P2p1q1p/2nQ4/3N4/5P2/2P3PP/R2R2K1,1,1
1rr3k1/P4pp1/3p1q1p/2nQ4/3N4/5P2/2P3PP/R2R2K1,0,1
r1r3k1/P4pp1/3p1q1p/2nQ4/3N4/5P2/2P3PP/R2R2K1,1,1
r1r3k1/P4pp1/3p1q1p/1NnQ4/8/5P2/2P3PP/R2R2K1,0,1
r1r3k1/P4pp1/3p3p/1NnQ4/8/5P2/1qP3PP/R2R2K1,1,1
r1r3k1/P1N2pp1/3p3p/2nQ4/8/5P2/1qP3PP/R2R2K1,0,1
r5k1/P1r2pp1/3p3p/2nQ4/8/5P2/1qP3PP/R2R2K1,1,1
Q5k1/P1r2pp1/3p3p/2n5/8/5P2/1qP3PP/R2R2K1,0,1
Q7/P1r2ppk/3p3p/2n5/8/5P2/1qP3PP/R2R2K1,1,1
8/P1r2ppk/3p3p/2nQ4/8/5P2/1qP3PP/R2R2K1,0,1
8/r4ppk/3p3p/2nQ4/8/5P2/1qP3PP/R2R2K1,1,1
8/R4ppk/3p3p/2nQ4/8/5P2/1qP3PP/3R2K1,0,1
8/R4ppk/3p3p/2nQ4/8/5P2/2q3PP/3R2K1,1,1
8/5ppk/3p3p/2nQ4/8/5P2/2q3PP/R2R2K1,0,1
8/5ppk/3pn2p/3Q4/8/5P2/2q3PP/R2R2K1,1,1
8/5ppk/3pn2p/8/8/3Q1P2/2q3PP/R2R2K1,0,1
8/p4r2/6p1/1p1np1RP/2p1k3/2P5/P1PBK3/8,1,0
8/p4r2/6R1/1p1np2P/2p1k3/2P5/P1PBK3/8,0,0
8/p4r2/6R1/1p2p2P/2p1kn2/2P5/P1PBK3/8,1,0
8/p4r2/6R1/1p2p2P/2p1kB2/2P5/P1P1K3/8,0,0
8/p7/6R1/1p2p2P/2p1kr2/2P5/P1P1K3/8,1,0
8/p7/6R1/1p2p2P/P1p1kr2/2P5/2P1K3/8,0,0
8/p7/6R1/1p2p2P/P1p1k2r/2P5/2P1K3/8,1,0
8/p7/6R1/1P2p2P/2p1k2r/2P5/2P1K3/8,0,0
8/p7/6R1/1P2p2r/2p1k3/2P5/2P1K3/8,1,0
8/p7/8/1P2p2r/2p1k1R1/2P5/2P1K3/8,0,0
8/p7/8/1P1kp2r/2p3R1/2P5/2P1K3/8,1,0
8/p5R1/8/1P1kp2r/2p5/2P5/2P1K3/8,0,0
8/p5R1/8/1P1kp3/2p5/2P5/2P1K2r/8,1,0
8/p5R1/8/1P1kp3/2p5/2P5/2P4r/3K4,0,0
8/p5R1/8/1Pk1p3/2p5/2P5/2P4r/3K4,1,0
8/R7/8/1Pk1p3/2p5/2P5/2P4r/3K4,0,0
8/R7/8/1k2p3/2p5/2P5/2P4r/3K4,1,0
8/4R3/8/1k2p3/2p5/2P5/2P4r/3K4,0,0
8/4R3/8/1k2p2r/2p5/2P5/2P5/3K4,1,0
8/4R3/8/1k2p2r/2p5/2P5/2P1K3/8,0,0
5r1k/6p1/pp2p2p/3Q4/2p1Nn2/7P/PP3PP1/5RK1,0,-1
5r1k/6p1/pp5p/3p4/2p1Nn2/7P/PP3PP1/5RK1,1,-1
5r1k/6p1/pp1N3p/3p4/2p2n2/7P/PP3PP1/5RK1,0,-1
5rk1/6p1/pp1N3p/3p4/2p2n2/7P/PP3PP1/5RK1,1,-1
5rk1/6p1/pp1N3p/3p4/2p2n1P/8/PP3PP1/5RK1,0,-1
3r2k1/6p1/pp1N3p/3p4/2p2n1P/8/PP3PP1/5RK1,1,-1
3r2k1/6p1/pp5p/3p1N2/2p2n1P/8/PP3PP1/5RK1,0,-1
3r2k1/6p1/pp5p/5N2/2pp1n1P/8/PP3PP1/5RK1,1,-1
3r2k1/6p1/pp5p/5N2/2pp1n1P/6P1/PP3P2/5RK1,0,-1
3r2k1/6p1/pp2n2p/5N2/2pp3P/6P1/PP3P2/5RK1,1,-1
3r2k1/6p1/pp2n2p/5N2/2pp3P/6P1/PP3P2/2R3K1,0,-1
3r2k1/6p1/p3n2p/1p3N2/2pp3P/6P1/PP3P2/2R3K1,1,-1
3r2k1/6p1/p3n2p/1p3N2/2pp3P/6P1/PP3PK1/2R5,0,-1
3r2k1/6p1/p3n3/1p3N1p/2pp3P/6P1/PP3PK1/2R5,1,-1
3r2k1/6p1/p3n3/1p3N1p/P1pp3P/6P1/1P3PK1/2R5,0,-1
3r4/5kp1/p3n3/1p3N1p/P1pp3P/6P1/1P3PK1/2R5,1,-1
3r4/5kp1/p3n3/1P3N1p/2pp3P/6P1/1P3PK1/2R5,0,-1
3r4/5kp1/4n3/1p3N1p/2pp3P/6P1/1P3PK1/2R5,1,-1
3r4/5kp1/4n3/1p3N1p/2pp3P/5PP1/1P4K1/2R5,0,-1
3r4/5k2/4n1p1/1p3N1p/2pp3P/5PP1/1P4K1/2R5,1,-1
5rk1/3nbppp/p1rp4/1q2pP2/Np2P3/1P1QN1P1/P1P4P/1K1R3R,0,0
2r3k1/3nbppp/p1rp4/1q2pP2/Np2P3/1P1QN1P1/P1P4P/1K1R3R,1,0
2r3k1/3nbppp/p1rp4/1q1NpP2/Np2P3/1P1Q2P1/P1P4P/1K1R3R,0,0
2r2k2/3nbppp/p1rp4/1q1NpP2/Np2P3/1P1Q2P1/P1P4P/1K1R3R,1,0
2r2k2/3nbppp/p1rp4/1q1NpP2/1p2P3/1P1Q2P1/PNP4P/1K1R3R,0,0
2r2k2/4bppp/p1rp1n2/1q1NpP2/1p2P3/1P1Q2P1/PNP4P/1K1R3R,1,0
2r2k2/4bppp/p1rp1N2/1q2pP2/1p2P3/1P1Q2P1/PNP4P/1K1R3R,0,0
2r2k2/5ppp/p1rp1b2/1q2pP2/1p2P3/1P1Q2P1/PNP4P/1K1R3R,1,0
2r2k2/5ppp/p1rp1b2/1Q2pP2/1p2P3/1P4P1/PNP4P/1K1R3R,0,0
2r2k2/5ppp/2rp1b2/1p2pP2/1p2P3/1P4P1/PNP4P/1K1R3R,1,0
2r2k2/5ppp/2rp1b2/1p2pP2/1p2P3/1P4P1/PNPR3P/1K5R,0,0
2r2k2/5ppp/2r2b2/1p1ppP2/1p2P3/1P4P1/PNPR3P/1K5R,1,0
2r2k2/5ppp/2r2b2/1p1PpP2/1p6/1P4P1/PNPR3P/1K5R,0,0
2r2k2/5ppp/3r1b2/1p1PpP2/1p6/1P4P1/PNPR3P/1K5R,1,0
2r2k2/5ppp/3r1b2/1p1PpP2/1p6/1P4P1/PNPR3P/1K2R3,0,0
r4k2/5ppp/3r1b2/1p1PpP2/1p6/1P4P1/PNPR3P/1K2R3,1,0
r4k2/5ppp/3r1b2/1p1PpP2/1p2R3/1P4P1/PNPR3P/1K6,0,0
r4k2/5ppp/3r4/1p1PpPb1/1p2R3/1P4P1/PNPR3P/1K6,1,0
r4k2/5ppp/3r4/1p1PpPb1/1p2R3/1P4P1/PNP4P/1K1R4,0,0
3r1k2/5ppp/3r4/1p1PpPb1/1p2R3/1P4P1/PNP4P/1K1R4,1,0
2rq1rk1/3npp1p/p2pb1p1/np6/4PPP1/PNP1B2P/2P2QB1/R4RK1,1,0
2rq1rk1/3npp1p/p2pb1p1/np6/3NPPP1/P1P1B2P/2P2QB1/R4RK1,0,0
2rq1rk1/3npp1p/p2p2p1/np6/2bNPPP1/P1P1B2P/2P2QB1/R4RK1,1,0
2rq1rk1/3npp1p/p2p2p1/np6/2bNPPP1/P1P1B2P/2P2QB1/R2R2K1,0,0
2rq1rk1/3n1p1p/p2p2p1/np2p3/2bNPPP1/P1P1B2P/2P2QB1/R2R2K1,1,0
2rq1rk1/3n1p1p/p2p2p1/np2p3/2b1PPP1/P1P1BN1P/2P2QB1/R2R2K1,0,0
2r2rk1/3nqp1p/p2p2p1/np2p3/2b1PPP1/P1P1BN1P/2P2QB1/R2R2K1,1,0
2r2rk1/3nqp1p/p2p2p1/np2p3/2b1PPP1/P1P1BN1P/2PQ2B1/R2R2K1,0,0
2r2rk1/3nqp1p/p2pb1p1/np2p3/4PPP1/P1P1BN1P/2PQ2B1/R2R2K1,1,0
2r2rk1/3nqp1p/p2pb1p1/np2p3/4PPP1/P1P1BN1P/2PQ4/R2R1BK1,0,0
2r2rk1/4qp1p/p2pb1p1/npn1p3/4PPP1/P1P1BN1P/2PQ4/R2R1BK1,1,0
2r2rk1/4qp1p/p2Qb1p1/npn1p3/4PPP1/P1P1BN1P/2P5/R2R1BK1,0,0
2r2rk1/5p1p/p2qb1p1/npn1p3/4PPP1/P1P1BN1P/2P5/R2R1BK1,1,0
2r2rk1/5p1p/p2Rb1p1/npn1p3/4PPP1/P1P1BN1P/2P5/R4BK1,0,0
2r2rk1/5p1p/p2Rb1p1/np2p3/4nPP1/P1P1BN1P/2P5/R4BK1,1,0
2r2rk1/5p1p/R3b1p1/np2p3/4nPP1/P1P1BN1P/2P5/R4BK1,0,0
2r2rk1/5p1p/R3b1p1/1p2p3/2n1nPP1/P1P1BN1P/2P5/R4BK1,1,0
2r2rk1/5p1p/R3b1p1/1p2p3/2B1nPP1/P1P1BN1P/2P5/R5K1,0,0
5rk1/5p1p/R3b1p1/1p2p3/2r1nPP1/P1P1BN1P/2P5/R5K1,1,0
5rk1/5p1p/R3b1p1/1p2P3/2r1n1P1/P1P1BN1P/2P5/R5K1,0,0
4r1k1/3R1p2/8/2p3p1/2P5/1PB1b1K1/r6P/4R3,1,1
4r1k1/3R1p2/8/2p3p1/2P5/1PB1b1K1/r6P/5R2,0,1
4r1k1/3R1p2/8/2p3p1/2P2b2/1PB3K1/r6P/5R2,1,1
4r1k1/3R1p2/8/2p3p1/2P2b2/1PB2K2/r6P/5R2,0,1
4r3/3R1p1k/8/2p3p1/2P2b2/1PB2K2/r6P/5R2,1,1
4r3/5p1k/8/2p3p1/2P2b2/1PBR1K2/r6P/5R2,0,1
4r3/5p2/6k1/2p3p1/2P2b2/1PBR1K2/r6P/5R2,1,1
4r3/5p2/6k1/2p3p1/2P2b1P/1PBR1K2/r7/5R2,0,1
4r3/5p2/6k1/2p3p1/2P2b1P/1PBR1K2/7r/5R2,1,1
4r3/5p2/6k1/2p3P1/2P2b2/1PBR1K2/7r/5R2,0,1
4r3/5p2/6k1/2p3P1/2P2b2/1PBR1K1r/8/5R2,1,1
4r3/5p2/6k1/2p3P1/2P2K2/1PBR3r/8/5R2,0,1
4r3/5p2/6k1/2p3P1/2P2K2/1PBr4/8/5R2,1,1
4r3/5p2/5Bk1/2p3P1/2P2K2/1P1r4/8/5R2,0,1
4r3/5p2/5Bk1/2p3P1/2P2K2/1r6/8/5R2,1,1
4r3/5p2/5Bk1/2p3P1/2P2K2/1r6/8/7R,0,1
8/5p2/5Bk1/2p3P1/2P1rK2/1r6/8/7R,1,1
8/5p2/5Bk1/2p3P1/2P1K3/1r6/8/7R,0,1
8/5p2/5Bk1/2p3P1/2P1K3/4r3/8/7R,1,1
8/5p2/5Bk1/2p3P1/2P5/4K3/8/7R,0,1
8/2r1kpp1/p1PNb2p/8/5p1P/P7/5PPK/2R5,1,1
8/2r1kpp1/p1P1b2p/8/4Np1P/P7/5PPK/2R5,0,1
8/2r1kpp1/p1P4p/3b4/4Np1P/P7/5PPK/2R5,1,1
8/2r1kpp1/p1P4p/3b4/5p1P/P1N5/5PPK/2R5,0,1
8/2r1kpp1/p1b4p/8/5p1P/P1N5/5PPK/2R5,1,1
8/2r1kpp1/p1b4p/3N4/5p1P/P7/5PPK/2R5,0,1
8/2r2pp1/p1bk3p/3N4/5p1P/P7/5PPK/2R5,1,1
8/2N2pp1/p1bk3p/8/5p1P/P7/5PPK/2R5,0,1
8/2k2pp1/p1b4p/8/5p1P/P7/5PPK/2R5,1,1
8/2k2pp1/p1b4p/7P/5p2/P7/5PPK/2R5,0,1
8/5pp1/p1bk3p/7P/5p2/P7/5PPK/2R5,1,1
8/5pp1/p1bk3p/7P/5pP1/P7/5P1K/2R5,0,1
8/5pp1/p1bk3p/7P/6P1/P4p2/5P1K/2R5,1,1
8/5pp1/p1bk3p/7P/6P1/P4pK1/5P2/2R5,0,1
8/5pp1/p2k3p/7P/4b1P1/P4pK1/5P2/2R5,1,1
8/2R2pp1/p2k3p/7P/4b1P1/P4pK1/5P2/8,0,1
8/2R2pp1/p2k3p/3b3P/6P1/P4pK1/5P2/8,1,1
8/R4pp1/p2k3p/3b3P/6P1/P4pK1/5P2/8,0,1
8/R4pp1/p2k3p/7P/2b3P1/P4pK1/5P2/8,1,1
8/R4pp1/p2k3p/7P/2b3P1/P4K2/5P2/8,0,1
6r1/1q1P1pk1/1b3p2/4pP2/1P2P2p/1QN5/K2R2PP/8,1,1
6r1/1q1P1pk1/1b3p2/3QpP2/1P2P2p/2N5/K2R2PP/8,0,1
6r1/q2P1pk1/1b3p2/3QpP2/1P2P2p/2N5/K2R2PP/8,1,1
6r1/q2P1pk1/1b3p2/3QpP2/1P2P2p/1KN5/3R2PP/8,0,1
6r1/q2P1pk1/5p2/3QpP2/1P1bP2p/1KN5/3R2PP/8,1,1
6r1/q2P1pk1/5p2/1N1QpP2/1P1bP2p/1K6/3R2PP/8,0,1
6r1/3P1pk1/5p2/1N1QpP2/1P1bP2p/1K6/3R2PP/q7,1,1
6r1/3P1pk1/5p2/3QpP2/1P1NP2p/1K6/3R2PP/q7,0,1
6r1/3P1pk1/5p2/3Q1P2/1P1pP2p/1K6/3R2PP/q7,1,1
6r1/3P1pk1/5p2/5P2/1P1QP2p/1K6/3R2PP/q7,0,1
q5r1/3P1pk1/5p2/5P2/1P1QP2p/1K6/3R2PP/8,1,1
q5r1/3P1pk1/5p2/4PP2/1P1Q3p/1K6/3R2PP/8,0,1
q5r1/3P1pk1/8/4pP2/1P1Q3p/1K6/3R2PP/8,1,1
q5r1/3P1pk1/8/4QP2/1P5p/1K6/3R2PP/8,0,1
q5r1/3P1p1k/8/4QP2/1P5p/1K6/3R2PP/8,1,1
q5r1/3P1p1k/8/3Q1P2/1P5p/1K6/3R2PP/8,0,1
3q2r1/3P1p1k/8/3Q1P2/1P5p/1K6/3R2PP/8,1,1
3q2r1/3P1Q1k/8/5P2/1P5p/1K6/3R2PP/8,0,1
3q4/3P1Qrk/8/5P2/1P5p/1K6/3R2PP/8,1,1
3q4/3P2rk/8/5P1Q/1P5p/1K6/3R2PP/8,0,1
5rk1/p3rpbp/1pBR2p1/2p1P3/2b2B2/2P4P/PP4P1/4R1K1,1,0
5rk1/p3rpbp/1pBR2p1/2p1P3/2b2B2/1PP4P/P5P1/4R1K1,0,0
5rk1/p3rpbp/bpBR2p1/2p1P3/5B2/1PP4P/P5P1/4R1K1,1,0
5rk1/p3rpbp/bpBR2p1/2p1P3/2P2B2/1P5P/P5P1/4R1K1,0,0
5rk1/p3rpb1/bpBR2pp/2p1P3/2P2B2/1P5P/P5P1/4R1K1,1,0
5rk1/p3rpb1/bpBR2pp/2p1P3/2P2B1P/1P6/P5P1/4R1K1,0,0
2b2rk1/p3rpb1/1pBR2pp/2p1P3/2P2B1P/1P6/P5P1/4R1K1,1,0
2b2rk1/p3rpb1/1pBR2pp/2p1P3/2P2B1P/1P6/P4KP1/4R3,0,0
2b2r2/p3rpbk/1pBR2pp/2p1P3/2P2B1P/1P6/P4KP1/4R3,1,0
2b2r2/p3rpbk/1pBR2pp/2p1P3/2P2B1P/1P4P1/P4K2/4R3,0,0
5r2/p3rpbk/1pBR2pp/2p1P3/2P2BbP/1P4P1/P4K2/4R3,1,0
5r2/p3rpbk/1p1R2pp/2pBP3/2P2BbP/1P4P1/P4K2/4R3,0,0
4r3/p3rpbk/1p1R2pp/2pBP3/2P2BbP/1P4P1/P4K2/4R3,1,0
4r3/p3rpbk/1pBR2pp/2p1P3/2P2BbP/1P4P1/P4K2/4R3,0,0
2r5/p3rpbk/1pBR2pp/2p1P3/2P2BbP/1P4P1/P4K2/4R3,1,0
2r5/p3rpbk/1p1R2pp/2pBP3/2P2BbP/1P4P1/P4K2/4R3,0,0
4r3/p3rpbk/1p1R2pp/2pBP3/2P2BbP/1P4P1/P4K2/4R3,1,0
4r3/p3rpbk/1pBR2pp/2p1P3/2P2BbP/1P4P1/P4K2/4R3,0,0
2r5/p3rpbk/1pBR2pp/2p1P3/2P2BbP/1P4P1/P4K2/4R3,1,0
2r5/p3rpbk/1p1R2pp/2pBP3/2P2BbP/1P4P1/P4K2/4R3,0,0
2r1k2q/1p3p2/p2p4/P2Np3/1PP1Pp1b/1Q3P2/7P/6RK,1,1
2r1k2q/1p3p2/p2p4/P2Np3/1PP1PpRb/1Q3P2/7P/7K,0,1
2r2k1q/1p3p2/p2p4/P2Np3/1PP1PpRb/1Q3P2/7P/7K,1,1
2r2k1q/1p3p2/p2p4/P2Np3/1PP1PpRb/1Q3P2/6KP/8,0,1
4rk1q/1p3p2/p2p4/P2Np3/1PP1PpRb/1Q3P2/6KP/8,1,1
4rk1q/1p3p2/p2p4/P2Np3/1PP1PpRb/2Q2P2/6KP/8,0,1
4rk2/1p3p2/p2p4/P2Np2q/1PP1PpRb/2Q2P2/6KP/8,1,1
4rk2/1p3p2/p2p4/P1PNp2q/1P2PpRb/2Q2P2/6KP/8,0,1
2r2k2/1p3p2/p2p4/P1PNp2q/1P2PpRb/2Q2P2/6KP/8,1,1
2r2k2/1p3p2/pN1p4/P1P1p2q/1P2PpRb/2Q2P2/6KP/8,0,1
5k2/1p3p2/pNrp4/P1P1p2q/1P2PpRb/2Q2P2/6KP/8,1,1
5k2/1p3p2/pNrp4/P1P1p2q/1P2PpRb/3Q1P2/6KP/8,0,1
5k2/1p3p2/pNrp3q/P1P1p3/1P2PpRb/3Q1P2/6KP/8,1,1
5k2/1p3p2/pNrp3q/P1PQp3/1P2PpRb/5P2/6KP/8,0,1
3b1k2/1p3p2/pNrp3q/P1PQp3/1P2PpR1/5P2/6KP/8,1,1
3b1k2/1p1N1p2/p1rp3q/P1PQp3/1P2PpR1/5P2/6KP/8,0,1
3b4/1p1Nkp2/p1rp3q/P1PQp3/1P2PpR1/5P2/6KP/8,1,1
1N1b4/1p2kp2/p1rp3q/P1PQp3/1P2PpR1/5P2/6KP/8,0,1
1N1b4/1pr1kp2/p2p3q/P1PQp3/1P2PpR1/5P2/6KP/8,1,1
1N1b2R1/1pr1kp2/p2p3q/P1PQp3/1P2Pp2/5P2/6KP/8,0,1
2r3kr/3b1p1p/p1np1b1Q/2qBp2p/1p2P3/5N2/PPP3PP/1K1R3R,1,1
2r3kr/3b1p1p/p1np1Q2/2qBp2p/1p2P3/5N2/PPP3PP/1K1R3R,0,1
2rn2kr/3b1p1p/p2p1Q2/2qBp2p/1p2P3/5N2/PPP3PP/1K1R3R,1,1
2rn2kr/3b1p1p/p2p1Q2/2qBp2p/1p2P3/5N2/PPPR2PP/1K5R,0,1
2rn2kr/3b1p2/p2p1Q1p/2qBp2p/1p2P3/5N2/PPPR2PP/1K5R,1,1
2rn2kr/3b1p2/p2p1Q1p/2qBp2p/1p2P2N/8/PPPR2PP/1K5R,0,1
2rn2k1/3b1p1r/p2p1Q1p/2qBp2p/1p2P2N/8/PPPR2PP/1K5R,1,1
2rn2k1/3b1p1r/p2p1Q1p/2qBp2p/1p2P2N/8/PPPR2PP/1K3R2,0,1
2rn2k1/5p1r/p2pbQ1p/2qBp2p/1p2P2N/8/PPPR2PP/1K3R2,1,1
2rn2k1/5p1r/p2pbQNp/2qBp2p/1p2P3/8/PPPR2PP/1K3R2,0,1
2rn2k1/5p1r/p2p1QNp/2qbp2p/1p2P3/8/PPPR2PP/1K3R2,1,1
2rn2k1/4Np1r/p2p1Q1p/2qbp2p/1p2P3/8/PPPR2PP/1K3R2,0,1
2rn1k2/4Np1r/p2p1Q1p/2qbp2p/1p2P3/8/PPPR2PP/1K3R2,1,1
2Nn1k2/5p1r/p2p1Q1p/2qbp2p/1p2P3/8/PPPR2PP/1K3R2,0,1
2N2k2/1n3p1r/p2p1Q1p/2qbp2p/1p2P3/8/PPPR2PP/1K3R2,1,1
5k2/1n3p1r/p2N1Q1p/2qbp2p/1p2P3/8/PPPR2PP/1K3R2,0,1
5k2/1n3p1r/p2q1Q1p/3bp2p/1p2P3/8/PPPR2PP/1K3R2,1,1
5k2/1n3p1r/p2q1Q1p/3Rp2p/1p2P3/8/PPP3PP/1K3R2,0,1
5k2/1n3p1r/p4q1p/3Rp2p/1p2P3/8/PPP3PP/1K3R2,1,1
5k2/1n3p1r/p4R1p/3Rp2p/1p2P3/8/PPP3PP/1K6,0,1
3r1rk1/3b1ppp/pq1p1b2/1p1BpP2/4P3/P1NQ1R2/1PP3PP/3R3K,1,1
3r1rk1/3b1ppp/pq1p1b2/1p2pP2/4P3/PBNQ1R2/1PP3PP/3R3K,0,1
3r1rk1/5ppp/pqbp1b2/1p2pP2/4P3/PBNQ1R2/1PP3PP/3R3K,1,1
3r1rk1/5ppp/pqbp1b2/1p1BpP2/4P3/P1NQ1R2/1PP3PP/3R3K,0,1
3r1rk1/3b1ppp/pq1p1b2/1p1BpP2/4P3/P1NQ1R2/1PP3PP/3R3K,1,1
3r1rk1/3b1ppp/pq1p1b2/1p1BpP2/4P3/P1N2R2/1PP1Q1PP/3R3K,0,1
3r1rk1/3b1ppp/pq1p1b2/3BpP2/1p2P3/P1N2R2/1PP1Q1PP/3R3K,1,1
3r1rk1/3b1ppp/pq1p1b2/3BpP2/1P2P3/2N2R2/1PP1Q1PP/3R3K,0,1
3r1rk1/3b1ppp/p2p1b2/3BpP2/1q2P3/2N2R2/1PP1Q1PP/3R3K,1,1
3r1rk1/3b1ppp/Q2p1b2/3BpP2/1q2P3/2N2R2/1PP3PP/3R3K,0,1
3r1rk1/3b1ppp/Q2p1b2/3BpP2/4P3/2N2R2/1qP3PP/3R3K,1,1
3r1rk1/3b1ppp/Q2p1b2/4pP2/4P3/1BN2R2/1qP3PP/3R3K,0,1
r4rk1/3b1ppp/Q2p1b2/4pP2/4P3/1BN2R2/1qP3PP/3R3K,1,1
r4rk1/3b1ppp/3Q1b2/4pP2/4P3/1BN2R2/1qP3PP/3R3K,0,1
5rk1/3b1ppp/3Q1b2/4pP2/4P3/1BN2R2/1qP3PP/r2R3K,1,1
5rk1/3Q1ppp/5b2/4pP2/4P3/1BN2R2/1qP3PP/r2R3K,0,1
3r2k1/3Q1ppp/5b2/4pP2/4P3/1BN2R2/1qP3PP/r2R3K,1,1
3r2k1/5Qpp/5b2/4pP2/4P3/1BN2R2/1qP3PP/r2R3K,0,1
3r3k/5Qpp/5b2/4pP2/4P3/1BN2R2/1qP3PP/r2R3K,1,1
3r3k/5Qpp/5b2/4pP2/4P3/1BN5/1qP3PP/r2R1R1K,0,1
1q4b1/4k1b1/r2r2P1/p1BP4/4BQ2/1N6/1PP5/4K3,1,-1
1q4b1/4k1b1/r2r2P1/p1BP4/5Q2/1N1B4/1PP5/4K3,0,-1
1q4b1/4k1b1/1r1r2P1/p1BP4/5Q2/1N1B4/1PP5/4K3,1,-1
1q4b1/4k1b1/1r1r2P1/N1BP4/5Q2/3B4/1PP5/4K3,0,-1
1q6/4k1b1/1r1r2P1/N1Bb4/5Q2/3B4/1PP5/4K3,1,-1
1q6/4k1b1/1r1r2P1/N1Bb4/1P3Q2/3B4/2P5/4K3,0,-1
1q1k4/6b1/1r1r2P1/N1Bb4/1P3Q2/3B4/2P5/4K3,1,-1
1q1k4/6b1/1r1r2P1/N1Bb4/1P3Q2/3B4/2P5/3K4,0,-1
3k4/2q3b1/1r1r2P1/N1Bb4/1P3Q2/3B4/2P5/3K4,1,-1
3k4/2q3b1/1r1r2P1/N1Bb4/1PP2Q2/3B4/8/3K4,0,-1
b2k4/2q3b1/1r1r2P1/N1B5/1PP2Q2/3B4/8/3K4,1,-1
b2k4/2q3b1/1r1r2P1/N1B5/1PP2Q2/3B4/2K5/8,0,-1
b2k4/4q1b1/1r1r2P1/N1B5/1PP2Q2/3B4/2K5/8,1,-1
b2k4/4q1b1/1r1r2P1/N1B5/1PP5/3B4/2K2Q2/8,0,-1
b2k4/6b1/1r1r1qP1/N1B5/1PP5/3B4/2K2Q2/8,1,-1
b2k4/6b1/1B1r1qP1/N7/1PP5/3B4/2K2Q2/8,0,-1
b2k4/6b1/1r3qP1/N7/1PP5/3B4/2K2Q2/8,1,-1
b2k4/6b1/1r3qP1/N7/1PP5/3B2Q1/2K5/8,0,-1
b2k4/6b1/5qP1/N7/1rP5/3B2Q1/2K5/8,1,-1
b2k4/6b1/5qP1/N7/1rP5/3BQ3/2K5/8,0,-1
8/5k2/R4p2/4p3/1p2P2P/1P6/P1r3P1/7K,1,0
8/5k2/5p2/4p3/Rp2P2P/1P6/P1r3P1/7K,0,0
8/8/5pk1/4p3/Rp2P2P/1P6/P1r3P1/7K,1,0
8/8/5pk1/4p3/Rp2P2P/1P6/P1r3PK/8,0,0
8/8/5pk1/4p3/Rp2P2P/1P6/P3r1PK/8,1,0
8/8/5pk1/4p3/1R2P2P/1P6/P3r1PK/8,0,0
8/8/5pk1/4p3/1R2P2P/1P6/r5PK/8,1,0
8/8/5pk1/4p3/1R2P2P/1P5K/r5P1/8,0,0
8/8/5pk1/4p3/1R2P2P/1P5K/4r1P1/8,1,0
8/8/5pk1/4p3/2R1P2P/1P5K/4r1P1/8,0,0
8/8/5pk1/4p3/2R1P2P/1P2r2K/6P1/8,1,0
8/8/5pk1/4p3/2R1P1KP/1P2r3/6P1/8,0,0
8/8/5pk1/4p3/2R1P1KP/1r6/6P1/8,1,0
8/8/2R2pk1/4p3/4P1KP/1r6/6P1/8,0,0
8/8/2R2pk1/4p3/4P1KP/8/1r4P1/8,1,0
8/8/2R2pk1/4p3/4P1KP/6P1/1r6/8,0,0
8/8/2R2pk1/4p3/4P1KP/6P1/5r2/8,1,0
8/8/5pk1/4p3/4P1KP/2R3P1/5r2/8,0,0
8/8/5pk1/4p3/4P1KP/2R3P1/4r3/8,1,0
8/8/5pk1/4p3/2R1P1KP/6P1/4r3/8,0,0
1r6/1P6/2B2n2/1P2k3/8/1K4p1/2P5/5R2,1,1
1r6/1P6/2B2n2/1P2k3/1K6/6p1/2P5/5R2,0,1
1r6/1P6/2B5/1P1nk3/1K6/6p1/2P5/5R2,1,1
1r6/1P6/2B5/1PKnk3/8/6p1/2P5/5R2,0,1
1r6/1P6/2B5/1PK1k3/8/4n1p1/2P5/5R2,1,1
1r6/1P6/2B5/1PK1k3/8/4n1p1/2P5/4R3,0,1
1r6/1P6/2B5/1PK5/5k2/4n1p1/2P5/4R3,1,1
1r6/1P6/2B5/1PK5/2P2k2/4n1p1/8/4R3,0,1
7r/1P6/2B5/1PK5/2P2k2/4n1p1/8/4R3,1,1
7r/1P6/2B5/1PK5/2P2k2/4n1p1/4R3/8,0,1
7r/1P6/2B5/1PK2n2/2P2k2/6p1/4R3/8,1,1
7r/1P6/2B5/1PK2n2/2P1Rk2/6p1/8/8,0,1
7r/1P6/2B5/1PK2nk1/2P1R3/6p1/8/8,1,1
7r/1P6/2B5/1PK2nk1/2P5/6p1/4R3/8,0,1
7r/1P6/2B5/1PK2n2/2P2k2/6p1/4R3/8,1,1
7r/1P6/1KB5/1P3n2/2P2k2/6p1/4R3/8,0,1
7r/1P6/1KB5/1P6/2Pn1k2/6p1/4R3/8,1,1
7r/1P6/1KB5/1P6/2PnRk2/6p1/8/8,0,1
7r/1P6/1KB5/1P3k2/2PnR3/6p1/8/8,1,1
7r/1P6/1KB5/1P3k2/2PR4/6p1/8/8,0,1
2r1r3/3QP1pk/p5qp/8/5R2/2p5/P5PP/5R1K,1,1
2r1r3/3QP1pk/p5qp/8/6R1/2p5/P5PP/5R1K,0,1
2r1r3/3QP1pk/p6p/7q/6R1/2p5/P5PP/5R1K,1,1
2r1r3/4P1pk/p6p/7q/6R1/2pQ4/P5PP/5R1K,0,1
2r1r2k/4P1p1/p6p/7q/6R1/2pQ4/P5PP/5R1K,1,1
2r1r2k/4P1p1/p6p/7q/5R2/2pQ4/P5PP/5R1K,0,1
2r3rk/4P1p1/p6p/7q/5R2/2pQ4/P5PP/5R1K,1,1
2r3rk/4P1p1/p6p/7q/5R2/2p5/P1Q3PP/5R1K,0,1
2r3rk/4P1p1/p6p/2q5/5R2/2p5/P1Q3PP/5R1K,1,1
2r3rk/4PRp1/p6p/2q5/8/2p5/P1Q3PP/5R1K,0,1
4r1rk/4PRp1/p6p/2q5/8/2p5/P1Q3PP/5R1K,1,1
4r1rk/4PRp1/p6p/2q5/8/2p5/P1Q3PP/4R2K,0,1
4r1rk/4PRp1/p6p/8/3q4/2p5/P1Q3PP/4R2K,1,1
4r1rk/4P1p1/p6p/8/3q4/2p2R2/P1Q3PP/4R2K,0,1
4r1rk/4P1p1/p2q3p/8/8/2p2R2/P1Q3PP/4R2K,1,1
4r1rk/4P1p1/p2q3p/8/8/2p1R3/P1Q3PP/4R2K,0,1
4r1rk/4P3/p2q2pp/8/8/2p1R3/P1Q3PP/4R2K,1,1
4r1rk/4P3/p2q2pp/8/8/2Q1R3/P5PP/4R2K,0,1
4r2k/4P1r1/p2q2pp/8/8/2Q1R3/P5PP/4R2K,1,1
4r2k/4P1r1/p2qR1pp/8/8/2Q5/P5PP/4R2K,0,1
1r3rk1/4b1pp/3p2q1/3P4/P2Npp2/1p5Q/1PR2PPP/4R1K1,1,1
1r3rk1/4b1pp/3p2q1/3P4/P2Npp2/1pR4Q/1P3PPP/4R1K1,0,1
1r3rk1/6pp/3p1bq1/3P4/P2Npp2/1pR4Q/1P3PPP/4R1K1,1,1
1r3rk1/6pp/3p1bq1/3P4/P1RNpp2/1p5Q/1P3PPP/4R1K1,0,1
1r3rk1/6pp/3p1bq1/3P4/P1RN1p2/1p2p2Q/1P3PPP/4R1K1,1,1
1r3rk1/6pp/3p1bq1/3P4/P1RN1p2/1p2P2Q/1P4PP/4R1K1,0,1
1r3rk1/6pp/3p1b2/3P4/P1RN1p2/1p1qP2Q/1P4PP/4R1K1,1,1
1r3rk1/6pp/3p1b2/3P4/P2N1p2/1pRqP2Q/1P4PP/4R1K1,0,1
1r3rk1/6pp/3p1b2/3P4/P2N1p2/1pR1P2Q/1P1q2PP/4R1K1,1,1
1r3rk1/6pp/3p1b2/3P4/P2N1p2/1p2P2Q/1P1q2PP/2R1R1K1,0,1
1r3rk1/6pp/3p1b2/3P4/P2N4/1p2p2Q/1P1q2PP/2R1R1K1,1,1
1r3rk1/6pp/3pNb2/3P4/P7/1p2p2Q/1P1q2PP/2R1R1K1,0,1
1r2r1k1/6pp/3pNb2/3P4/P7/1p2p2Q/1P1q2PP/2R1R1K1,1,1
1r2r1k1/6pp/3pNb2/3P4/P7/1p2p2Q/1P1q2PP/3RR1K1,0,1
1r2r1k1/6pp/3pNb2/3P4/P7/1p2p2Q/1q4PP/3RR1K1,1,1
1r2r1k1/6pp/3pNb2/3P4/P7/1p2Q3/1q4PP/3RR1K1,0,1
1r2r1k1/6pp/3pNb2/3P4/P7/1p2Q3/q5PP/3RR1K1,1,1
1r2r1k1/6pp/3pNb2/3P4/P7/1p1Q4/q5PP/3RR1K1,0,1
1r2r1k1/6pp/3pNb2/3P4/q7/1p1Q4/6PP/3RR1K1,1,1
1r2r1k1/6pp/3pNb2/3P4/q7/1p1Q4/6PP/3R1RK1,0,1
b2r1rk1/5ppp/p4q2/2QP4/8/5B1P/P4PP1/1R1R2K1,1,1
b2r1rk1/5ppp/pR3q2/2QP4/8/5B1P/P4PP1/3R2K1,0,1
b2r1rk1/5ppp/pR6/2QP4/5q2/5B1P/P4PP1/3R2K1,1,1
b2r1rk1/5ppp/R7/2QP4/5q2/5B1P/P4PP1/3R2K1,0,1
b1r2rk1/5ppp/R7/2QP4/5q2/5B1P/P4PP1/3R2K1,1,1
b1r2rk1/5ppp/R7/3P4/5q2/4QB1P/P4PP1/3R2K1,0,1
b1r2rk1/5ppp/R7/3P4/1q6/4QB1P/P4PP1/3R2K1,1,1
b1r2rk1/5ppp/R2P4/8/1q6/4QB1P/P4PP1/3R2K1,0,1
2r2rk1/5ppp/R2P4/8/1q6/4Qb1P/P4PP1/3R2K1,1,1
2r2rk1/5ppp/R2P4/8/1q6/5Q1P/P4PP1/3R2K1,0,1
2r2rk1/5ppp/R2P4/8/2q5/5Q1P/P4PP1/3R2K1,1,1
2r2rk1/R4ppp/3P4/8/2q5/5Q1P/P4PP1/3R2K1,0,1
2rr2k1/R4ppp/3P4/8/2q5/5Q1P/P4PP1/3R2K1,1,1
2rr2k1/4Rppp/3P4/8/2q5/5Q1P/P4PP1/3R2K1,0,1
2rr2k1/4Rpp1/3P3p/8/2q5/5Q1P/P4PP1/3R2K1,1,1
2rr2k1/3PRpp1/7p/8/2q5/5Q1P/P4PP1/3R2K1,0,1
1r1r2k1/3PRpp1/7p/8/2q5/5Q1P/P4PP1/3R2K1,1,1
1r1r2k1/3PRpp1/7p/8/2q5/5Q1P/P4PP1/4R1K1,0,1
1r1r2k1/3PRpp1/7p/8/8/5Q1P/P1q2PP1/4R1K1,1,1
1r1r2k1/3PRQp1/7p/8/8/7P/P1q2PP1/4R1K1,0,1
8/8/4P3/7r/p4K2/1k6/7p/7R,0,0
7r/8/4P3/8/p4K2/1k6/7p/7R,1,0
7r/8/4P3/5K2/p7/1k6/7p/7R,0,0
5r2/8/4P3/5K2/p7/1k6/7p/7R,1,0
5r2/8/4P3/4K3/p7/1k6/7p/7R,0,0
8/8/4P3/4K3/p7/1k6/5r1p/7R,1,0
8/4P3/8/4K3/p7/1k6/5r1p/7R,0,0
8/4P3/8/4K3/8/pk6/5r1p/7R,1,0
8/4P3/3K4/8/8/pk6/5r1p/7R,0,0
8/4P3/3K4/8/8/pk6/3r3p/7R,1,0
8/4P3/2K5/8/8/pk6/3r3p/7R,0,0
8/4P3/2K5/8/8/pk6/2r4p/7R,1,0
8/3KP3/8/8/8/pk6/2r4p/7R,0,0
8/3KP3/8/8/8/pk6/3r3p/7R,1,0
8/4P3/2K5/8/8/pk6/3r3p/7R,0,0
8/4P3/2K5/8/8/pk6/4r2p/7R,1,0
8/3KP3/8/8/8/pk6/4r2p/7R,0,0
8/3KP3/8/8/8/1k6/p3r2p/7R,1,0
4Q3/3K4/8/8/8/1k6/p3r2p/7R,0,0
4r3/3K4/8/8/8/1k6/p6p/7R,1,0
8/4bk2/P3p3/2p1p2p/2Pq3P/1r3pP1/5P1Q/4RNK1,0,-1
8/4bk2/P3p3/2p1p2p/2Pq3P/r4pP1/5P1Q/4RNK1,1,-1
8/4bk2/P3p3/2p1p2p/2Pq3P/r3NpP1/5P1Q/4R1K1,0,-1
8/4bk2/r3p3/2p1p2p/2Pq3P/4NpP1/5P1Q/4R1K1,1,-1
8/4bk2/r3p3/2p1p2p/2Pq2PP/4Np2/5P1Q/4R1K1,0,-1
8/4bk2/r3p3/2p1p3/2Pq2pP/4Np2/5P1Q/4R1K1,1,-1
8/4bk2/r3p3/2p1p3/2Pq2pP/4NpQ1/5P2/4R1K1,0,-1
8/4bk2/r3p3/2p1p3/2P2qpP/4NpQ1/5P2/4R1K1,1,-1
8/4bk2/r3p3/2p1p3/2P2qQP/4Np2/5P2/4R1K1,0,-1
8/4bk2/r3p3/2p1p3/2P3qP/4Np2/5P2/4R1K1,1,-1
8/4bk2/r3p3/2p1p3/2P3NP/5p2/5P2/4R1K1,0,-1
8/4bk2/4p3/2p1p3/r1P3NP/5p2/5P2/4R1K1,1,-1
8/4bk2/4p3/2p1N3/r1P4P/5p2/5P2/4R1K1,0,-1
8/4b3/4pk2/2p1N3/r1P4P/5p2/5P2/4R1K1,1,-1
8/4b3/4pk2/2p1N3/r1P4P/5p2/5P1K/4R3,0,-1
8/8/3bpk2/2p1N3/r1P4P/5p2/5P1K/4R3,1,-1
8/8/3bpk2/2p1N3/r1P4P/5p1K/5P2/4R3,0,-1
8/8/4pk2/2p1b3/r1P4P/5p1K/5P2/4R3,1,-1
8/8/4pk2/2p1b3/r1P4P/4Rp1K/5P2/8,0,-1
8/8/4pk2/2p1b3/2r4P/4Rp1K/5P2/8,1,-1
8/7r/P7/8/1KP3k1/5n2/7p/7R,0,-1
8/7r/P7/4n3/1KP3k1/8/7p/7R,1,-1
8/7r/P7/1K2n3/2P3k1/8/7p/7R,0,-1
8/7r/P7/1K2n3/2P5/6k1/7p/7R,1,-1
8/7r/P7/1KP1n3/8/6k1/7p/7R,0,-1
8/7r/P7/1KP1n3/8/8/6kp/7R,1,-1
8/7r/P7/1KP1n3/8/8/6kp/4R3,0,-1
8/7r/P7/1KP1n3/8/8/6k1/4R2q,1,-1
8/7r/P7/1KP1n3/8/8/6k1/7R,0,-1
8/8/P7/1KP1n3/8/8/6k1/7r,1,-1
8/P7/8/1KP1n3/8/8/6k1/7r,0,-1
8/P7/8/1KP1n3/8/8/6k1/r7,1,-1
8/P7/1K6/2P1n3/8/8/6k1/r7,0,-1
8/P2n4/1K6/2P5/8/8/6k1/r7,1,-1
8/PK1n4/8/2P5/8/8/6k1/r7,0,-1
8/PK6/8/2n5/8/8/6k1/r7,1,-1
1K6/P7/8/2n5/8/8/6k1/r7,0,-1
1K6/P7/n7/8/8/8/6k1/r7,1,-1
8/PK6/n7/8/8/8/6k1/r7,0,-1
8/PKn5/8/8/8/8/6k1/r7,1,-1
4n3/1q6/3pkrQ1/1prRp2P/p4P2/P1P3B1/1P4P1/3R2K1,1,1
4n3/1q6/3pkrQ1/1prRpP1P/p7/P1P3B1/1P4P1/3R2K1,0,1
4n3/1q2k3/3p1rQ1/1prRpP1P/p7/P1P3B1/1P4P1/3R2K1,1,1
4n3/1q2k2Q/3p1r2/1prRpP1P/p7/P1P3B1/1P4P1/3R2K1,0,1
4n3/1q2kr1Q/3p4/1prRpP1P/p7/P1P3B1/1P4P1/3R2K1,1,1
4n3/1q2kr1Q/3p4/1prRpP1P/p6B/P1P5/1P4P1/3R2K1,0,1
8/1q2kr1Q/3p1n2/1prRpP1P/p6B/P1P5/1P4P1/3R2K1,1,1
8/1q2kr1Q/3p1B2/1prRpP1P/p7/P1P5/1P4P1/3R2K1,0,1
8/1q3r1Q/3p1k2/1prRpP1P/p7/P1P5/1P4P1/3R2K1,1,1
8/1q3r2/3p1kQ1/1prRpP1P/p7/P1P5/1P4P1/3R2K1,0,1
8/1q2kr2/3p2Q1/1prRpP1P/p7/P1P5/1P4P1/3R2K1,1,1
8/1q2kr2/3pQ3/1prRpP1P/p7/P1P5/1P4P1/3R2K1,0,1
5k2/1q3r2/3pQ3/1prRpP1P/p7/P1P5/1P4P1/3R2K1,1,1
5k2/1q3r2/3RQ3/1pr1pP1P/p7/P1P5/1P4P1/3R2K1,0,1
2r2k2/1q3r2/3RQ3/1p2pP1P/p7/P1P5/1P4P1/3R2K1,1,1
2rR1k2/1q3r2/4Q3/1p2pP1P/p7/P1P5/1P4P1/3R2K1,0,1
3r1k2/1q3r2/4Q3/1p2pP1P/p7/P1P5/1P4P1/3R2K1,1,1
3R1k2/1q3r2/4Q3/1p2pP1P/p7/P1P5/1P4P1/6K1,0,1
3R4/1q3rk1/4Q3/1p2pP1P/p7/P1P5/1P4P1/6K1,1,1
3R4/1q3rk1/6Q1/1p2pP1P/p7/P1P5/1P4P1/6K1,0,1
8/3R1k2/6R1/5P1p/4p3/1P4P1/6K1/4q3,0,0
4k3/3R4/6R1/5P1p/4p3/1P4P1/6K1/4q3,1,0
4k3/1R6/6R1/5P1p/4p3/1P4P1/6K1/4q3,0,0
5k2/1R6/6R1/5P1p/4p3/1P4P1/6K1/4q3,1,0
1R3k2/8/6R1/5P1p/4p3/1P4P1/6K1/4q3,0,0
1R6/5k2/6R1/5P1p/4p3/1P4P1/6K1/4q3,1,0
8/1R3k2/6R1/5P1p/4p3/1P4P1/6K1/4q3,0,0
5k2/1R6/6R1/5P1p/4p3/1P4P1/6K1/4q3,1,0
1R3k2/8/6R1/5P1p/4p3/1P4P1/6K1/4q3,0,0
1R6/5k2/6R1/5P1p/4p3/1P4P1/6K1/4q3,1,0
8/1R3k2/6R1/5P1p/4p3/1P4P1/6K1/4q3,0,0
5k2/1R6/6R1/5P1p/4p3/1P4P1/6K1/4q3,1,0
5k2/1R6/5R2/5P1p/4p3/1P4P1/6K1/4q3,0,0
6k1/1R6/5R2/5P1p/4p3/1P4P1/6K1/4q3,1,0
1R4k1/8/5R2/5P1p/4p3/1P4P1/6K1/4q3,0,0
1R6/6k1/5R2/5P1p/4p3/1P4P1/6K1/4q3,1,0
1R6/6k1/6R1/5P1p/4p3/1P4P1/6K1/4q3,0,0
1R6/5k2/6R1/5P1p/4p3/1P4P1/6K1/4q3,1,0
8/1R3k2/6R1/5P1p/4p3/1P4P1/6K1/4q3,0,0
5k2/1R6/6R1/5P1p/4p3/1P4P1/6K1/4q3,1,0
2r2bk1/2r2ppp/1q1p1n2/p3p3/1p2P2P/PBPR1NP1/1P2QPK1/R7,1,1
2r2bk1/2r2ppp/1q1p1n2/p3p3/1P2P2P/PB1R1NP1/1P2QPK1/R7,0,1
2r2bk1/2r2ppp/1q1p1n2/4p3/1p2P2P/PB1R1NP1/1P2QPK1/R7,1,1
2r2bk1/2r2ppp/1q1p1n2/4p3/Pp2P2P/1B1R1NP1/1P2QPK1/R7,0,1
2r2bk1/2rn1ppp/1q1p4/4p3/Pp2P2P/1B1R1NP1/1P2QPK1/R7,1,1
2r2bk1/2rn1ppp/1q1p4/4p1N1/Pp2P2P/1B1R2P1/1P2QPK1/R7,0,1
2r2bk1/2r2ppp/1q1p4/2n1p1N1/Pp2P2P/1B1R2P1/1P2QPK1/R7,1,1
2r2bk1/2r2ppp/1q1p4/2n1p1NQ/Pp2P2P/1B1R2P1/1P3PK1/R7,0,1
2r2bk1/2r2pp1/1q1p3p/2n1p1NQ/Pp2P2P/1B1R2P1/1P3PK1/R7,1,1
2r2bk1/2r2Bp1/1q1p3p/2n1p1NQ/Pp2P2P/3R2P1/1P3PK1/R7,0,1
2r2bk1/5rp1/1q1p3p/2n1p1NQ/Pp2P2P/3R2P1/1P3PK1/R7,1,1
2r2bk1/5Qp1/1q1p3p/2n1p1N1/Pp2P2P/3R2P1/1P3PK1/R7,0,1
2r2b1k/5Qp1/1q1p3p/2n1p1N1/Pp2P2P/3R2P1/1P3PK1/R7,1,1
2r2b1k/6p1/1q1p3p/2n1pQN1/Pp2P2P/3R2P1/1P3PK1/R7,0,1
2r2b1k/6p1/1q1p4/2n1pQp1/Pp2P2P/3R2P1/1P3PK1/R7,1,1
2Q2b1k/6p1/1q1p4/2n1p1p1/Pp2P2P/3R2P1/1P3PK1/R7,0,1
2Q2b1k/6p1/1q1p4/4p1p1/Pp2P2P/3n2P1/1P3PK1/R7,1,1
5Q1k/6p1/1q1p4/4p1p1/Pp2P2P/3n2P1/1P3PK1/R7,0,1
5Q2/6pk/1q1p4/4p1p1/Pp2P2P/3n2P1/1P3PK1/R7,1,1
5Q2/6pk/1q1p4/4p1P1/Pp2P3/3n2P1/1P3PK1/R7,0,1
4R3/2k2p2/p2p1b2/K2P1B2/1PP1p2r/8/8/8,0,0
4R3/2k2p2/p2p1b2/K2P1B2/1PP4r/4p3/8/8,1,0
4R3/2k2p2/p2p1b2/K1PP1B2/1P5r/4p3/8/8,0,0
4R3/2k2p2/p4b2/K1pP1B2/1P5r/4p3/8/8,1,0
4R3/2k2p2/p4b2/K1PP1B2/7r/4p3/8/8,0,0
4R3/2k2p2/p7/K1PP1B2/7r/2b1p3/8/8,1,0
4R3/2k2p2/K7/2PP1B2/7r/2b1p3/8/8,0,0
4R3/2k2p2/K7/2PP1B2/r7/2b1p3/8/8,1,0
4R3/2k2p2/8/1KPP1B2/r7/2b1p3/8/8,0,0
4R3/2k2p2/8/1KPP1B2/1r6/2b1p3/8/8,1,0
4R3/2k2p2/K7/2PP1B2/1r6/2b1p3/8/8,0,0
4R3/2k2p2/K7/2PP1B2/r7/2b1p3/8/8,1,0
4R3/2k2p2/8/1KPP1B2/r7/2b1p3/8/8,0,0
4R3/2k2p2/8/1KPP1B2/1r6/2b1p3/8/8,1,0
4R3/2k2p2/K7/2PP1B2/1r6/2b1p3/8/8,0,0
4R3/2k2p2/K7/2PP1B2/r7/2b1p3/8/8,1,0
4R3/2k2p2/8/1KPP1B2/r7/2b1p3/8/8,0,0
4R3/2k2p2/8/1KPP1B2/1r6/2b1p3/8/8,1,0
4R3/2k2p2/K7/2PP1B2/1r6/2b1p3/8/8,0,0
4R3/2k2p2/K7/2PP1B2/r7/2b1p3/8/8,1,0
r5k1/5p2/p3p1pp/p1r5/5R1P/3P4/5PP1/R5K1,0,-1
3r2k1/5p2/p3p1pp/p1r5/5R1P/3P4/5PP1/R5K1,1,-1
3r2k1/5p2/p3p1pp/p1r5/R6P/3P4/5PP1/R5K1,0,-1
6k1/5p2/p3p1pp/p1r5/R6P/3r4/5PP1/R5K1,1,-1
6k1/5p2/p3p1pp/R1r5/7P/3r4/5PP1/R5K1,0,-1
6k1/5p2/p3p1pp/r7/7P/3r4/5PP1/R5K1,1,-1
6k1/5p2/p3p1pp/R7/7P/3r4/5PP1/6K1,0,-1
6k1/5p2/p2rp1pp/R7/7P/8/5PP1/6K1,1,-1
6k1/5p2/p2rp1pp/R7/7P/6P1/5P2/6K1,0,-1
6k1/5p2/p2rp1p1/R6p/7P/6P1/5P2/6K1,1,-1
6k1/5p2/p2rp1p1/R6p/7P/6P1/5PK1/8,0,-1
5k2/5p2/p2rp1p1/R6p/7P/6P1/5PK1/8,1,-1
5k2/5p2/p2rp1p1/R6p/7P/5KP1/5P2/8,0,-1
8/4kp2/p2rp1p1/R6p/7P/5KP1/5P2/8,1,-1
8/4kp2/p2rp1p1/R6p/5K1P/6P1/5P2/8,0,-1
8/3k1p2/p2rp1p1/R6p/5K1P/6P1/5P2/8,1,-1
8/3k1p2/p2rp1p1/2R4p/5K1P/6P1/5P2/8,0,-1
8/3k1p2/p3p1p1/2R4p/3r1K1P/6P1/5P2/8,1,-1
8/3k1p2/p3p1p1/2R3Kp/3r3P/6P1/5P2/8,0,-1
8/3k1p2/p3p1p1/2Rr2Kp/7P/6P1/5P2/8,1,-1
7r/8/1p6/3Kp3/1P1b1kp1/8/5p1P/5R1R,0,-1
7r/8/1p6/3Kp3/1P1b2p1/5k2/5p1P/5R1R,1,-1
7r/8/1p6/4p3/1PKb2p1/5k2/5p1P/5R1R,0,-1
7r/8/1p6/4p3/1PKb2p1/8/5pkP/5R1R,1,-1
7r/8/1p6/4p3/1P1b2p1/3K4/5pkP/5R1R,0,-1
8/8/1p6/4p3/1P1b2p1/3K3r/5pkP/5R1R,1,-1
8/8/1p6/4p3/1P1b2p1/7r/4KpkP/5R1R,0,-1
8/8/1p6/4p3/1P1b2p1/4r3/4KpkP/5R1R,1,-1
8/8/1p6/4p3/1P1b2p1/4r3/3K1pkP/5R1R,0,-1
8/8/1p6/4p3/1P1b2p1/1r6/3K1pkP/5R1R,1,-1
8/8/1p6/4p3/1P1b2p1/1r6/2K2pkP/5R1R,0,-1
8/8/1p6/4p3/1r1b2p1/8/2K2pkP/5R1R,1,-1
8/8/1p6/4p3/1r1b2p1/3K4/5pkP/5R1R,0,-1
8/8/1p6/4p3/3b2p1/1r1K4/5pkP/5R1R,1,-1
8/8/1p6/4p3/3bK1p1/1r6/5pkP/5R1R,0,-1
8/8/1p6/4p3/3bK1p1/7r/5pkP/5R1R,1,-1
8/8/1p6/4pK2/3b2p1/7r/5pkP/5R1R,0,-1
8/8/1p6/4pK2/3b2p1/8/5pkr/5R1R,1,-1
8/8/1p6/4pK2/3b2p1/8/5pkR/5R2,0,-1
8/8/1p6/4pK2/3b2p1/8/5p1k/5R2,1,-1
3k1r2/1p4p1/p7/2PpPn1p/1P1Pn3/NB5P/1K6/3R4,0,-1
3k1r2/1p4p1/p7/2PpP2p/1P1Pn3/NB2n2P/1K6/3R4,1,-1
3k1r2/1p4p1/p7/2PpP2p/1P1Pn3/NB1Rn2P/1K6/8,0,-1
3k4/1p4p1/p7/2PpP2p/1P1Pn3/NB1Rn2P/1K3r2/8,1,-1
3k4/1p4p1/p7/2PpP2p/1P1Pn3/NB1Rn2P/5r2/K7,0,-1
3k4/1p4p1/p7/2PpP2p/1P1Pn3/NB1Rn2P/4r3/K7,1,-1
3k4/1p4p1/p7/2PpP2p/1P1Pn3/1B1Rn2P/4r3/KN6,0,-1
3k4/1p6/p7/2PpP1pp/1P1Pn3/1B1Rn2P/4r3/KN6,1,-1
3k4/1p6/p7/2PpP1pp/1P1Pn3/1BNRn2P/4r3/K7,0,-1
3k4/1p6/p7/2PpP1pp/1P1P4/1BnRn2P/4r3/K7,1,-1
3k4/1p6/p7/2PpP1pp/1P1P4/1BR1n2P/4r3/K7,0,-1
3k4/1p6/p7/2PpP2p/1P1P2p1/1BR1n2P/4r3/K7,1,-1
3k4/1p6/p7/2PpP2p/1P1P2P1/1BR1n3/4r3/K7,0,-1
3k4/1p6/p7/2PpP3/1P1P2p1/1BR1n3/4r3/K7,1,-1
3k4/1p6/p1P5/3pP3/1P1P2p1/1BR1n3/4r3/K7,0,-1
3k4/8/p1p5/3pP3/1P1P2p1/1BR1n3/4r3/K7,1,-1
3k4/8/p1R5/3pP3/1P1P2p1/1B2n3/4r3/K7,0,-1
3k4/8/p1R5/3pP3/1P1P4/1B2n1p1/4r3/K7,1,-1
3k4/8/p5R1/3pP3/1P1P4/1B2n1p1/4r3/K7,0,-1
3k4/8/p5R1/3pP3/1P1P4/1B2n3/4r1p1/K7,1,-1
1r3r1k/pq2N1bp/2NPbpp1/1p6/3BP3/5Bn1/PPPQ2P1/R3K3,1,1
1r3r1k/pq2N1bp/2NPbpp1/1p6/3BPQ2/5Bn1/PPP3P1/R3K3,0,1
1r3r1k/pq2N1bp/2NPbpp1/1p5n/3BPQ2/5B2/PPP3P1/R3K3,1,1
1r3r1k/pq2N1bp/2NPbpp1/1p5B/3BPQ2/8/PPP3P1/R3K3,0,1
1r3r1k/pq2N1bp/2NPbp2/1p5p/3BPQ2/8/PPP3P1/R3K3,1,1
1r3r1k/pq2N1bp/2NPbp2/1p2P2p/3B1Q2/8/PPP3P1/R3K3,0,1
1r3r1k/pq2N1bp/2NPb3/1p2p2p/3B1Q2/8/PPP3P1/R3K3,1,1
1r3r1k/pq2N1bp/2NPb3/1p2Q2p/3B4/8/PPP3P1/R3K3,0,1
1r5k/pq2Nrbp/2NPb3/1p2Q2p/3B4/8/PPP3P1/R3K3,1,1
1r5k/pq2Nrbp/2NPQ3/1p5p/3B4/8/PPP3P1/R3K3,0,1
1r5k/pq2Nr1p/2NPQ3/1p5p/3b4/8/PPP3P1/R3K3,1,1
1r5k/pq2NQ1p/2NP4/1p5p/3b4/8/PPP3P1/R3K3,0,1
1r5k/pq2NQ1p/2NP4/1p5p/8/8/PbP3P1/R3K3,1,1
1r5k/pq2NQ1p/2NP4/1p5p/8/8/PbP3P1/1R2K3,0,1
1r5k/pq2NQ1p/2NP4/1p5p/8/2b5/P1P3P1/1R2K3,1,1
1r5k/pq2NQ1p/2NP4/1p5p/8/2b5/P1P1K1P1/1R6,0,1
1r5k/pq2NQ1p/2NP4/7p/1p6/2b5/P1P1K1P1/1R6,1,1
1r5k/pq2N2p/2NP4/3Q3p/1p6/2b5/P1P1K1P1/1R6,0,1
5r1k/pq2N2p/2NP4/3Q3p/1p6/2b5/P1P1K1P1/1R6,1,1
5r1k/pq2N2p/2NP4/3Q3p/1p6/2b5/P1P1K1P1/5R2,0,1
4k3/3rb1p1/p4p1p/3Np3/2p1K1P1/1P2P2P/1P6/R7,1,1
4k3/3rb1p1/p4p1p/3Np3/2P1K1P1/4P2P/1P6/R7,0,1
4k3/1r2b1p1/p4p1p/3Np3/2P1K1P1/4P2P/1P6/R7,1,1
4k3/1r2b1p1/R4p1p/3Np3/2P1K1P1/4P2P/1P6/8,0,1
4k3/4b1p1/R4p1p/3Np3/2P1K1P1/4P2P/1r6/8,1,1
4k3/4b1p1/R4p1p/3NpK2/2P3P1/4P2P/1r6/8,0,1
3bk3/6p1/R4p1p/3NpK2/2P3P1/4P2P/1r6/8,1,1
3bk3/6p1/R3Kp1p/3Np3/2P3P1/4P2P/1r6/8,0,1
3bk3/1r4p1/R3Kp1p/3Np3/2P3P1/4P2P/8/8,1,1
3bk3/1r4p1/R3Kp1p/2PNp3/6P1/4P2P/8/8,0,1
1r1bk3/6p1/R3Kp1p/2PNp3/6P1/4P2P/8/8,1,1
1r1bk3/6p1/R1P1Kp1p/3Np3/6P1/4P2P/8/8,0,1
2rbk3/6p1/R1P1Kp1p/3Np3/6P1/4P2P/8/8,1,1
2rbk3/2P3p1/R3Kp1p/3Np3/6P1/4P2P/8/8,0,1
2r1k3/2b3p1/R3Kp1p/3Np3/6P1/4P2P/8/8,1,1
2r1k3/2N3p1/R3Kp1p/4p3/6P1/4P2P/8/8,0,1
2r2k2/2N3p1/R3Kp1p/4p3/6P1/4P2P/8/8,1,1
R1r2k2/2N3p1/4Kp1p/4p3/6P1/4P2P/8/8,0,1
r4k2/2N3p1/4Kp1p/4p3/6P1/4P2P/8/8,1,1
N4k2/6p1/4Kp1p/4p3/6P1/4P2P/8/8,0,1
1kr5/1b2bp2/pq1pp1p1/1p4P1/4PP2/1PN2B2/1PP1Q3/1K1R4,1,1
1kr5/1b2bp2/pq1pp1p1/1p4P1/4PP2/1PN2B2/1PP1Q3/1K5R,0,1
1kr5/4bp2/pqbpp1p1/1p4P1/4PP2/1PN2B2/1PP1Q3/1K5R,1,1
1kr5/4bp1R/pqbpp1p1/1p4P1/4PP2/1PN2B2/1PP1Q3/1K6,0,1
1kr1b3/4bp1R/pq1pp1p1/1p4P1/4PP2/1PN2B2/1PP1Q3/1K6,1,1
1kr1b3/4bp1R/pq1pp1p1/1p4P1/4PPB1/1PN5/1PP1Q3/1K6,0,1
1kr1b3/4bp1R/p2pp1p1/1p4P1/3qPPB1/1PN5/1PP1Q3/1K6,1,1
1kr1b3/4bp1R/p2pB1p1/1p4P1/3qPP2/1PN5/1PP1Q3/1K6,0,1
1k2b3/2r1bp1R/p2pB1p1/1p4P1/3qPP2/1PN5/1PP1Q3/1K6,1,1
1k2b3/2r1bB1R/p2p2p1/1p4P1/3qPP2/1PN5/1PP1Q3/1K6,0,1
1k6/2r1bB1R/p1bp2p1/1p4P1/3qPP2/1PN5/1PP1Q3/1K6,1,1
1k6/2r1b2R/p1bp2B1/1p4P1/3qPP2/1PN5/1PP1Q3/1K6,0,1
1k6/2r1b2R/p1bp2B1/6P1/1p1qPP2/1PN5/1PP1Q3/1K6,1,1
1k6/2r1b2R/p1bp2B1/3N2P1/1p1qPP2/1P6/1PP1Q3/1K6,0,1
1k6/2r1b2R/p2p2B1/3b2P1/1p1qPP2/1P6/1PP1Q3/1K6,1,1
1k6/2r1b2R/p2p2B1/3P2P1/1p1q1P2/1P6/1PP1Q3/1K6,0,1
1k6/2r1b2R/p2p2B1/3P2P1/1p3P2/1P6/1PP1Q3/1K4q1,1,1
1k6/2r1b2R/p2p2B1/3P2P1/1p3P2/1P6/KPP1Q3/6q1,0,1
8/1kr1b2R/p2p2B1/3P2P1/1p3P2/1P6/KPP1Q3/6q1,1,1
8/1kr1R3/p2p2B1/3P2P1/1p3P2/1P6/KPP1Q3/6q1,0,1
1r6/2k2p2/p1p4p/1q2p2P/2p1P3/Q2n1P2/PPR5/1K1R4,1,1
1r6/2k1Qp2/p1p4p/1q2p2P/2p1P3/3n1P2/PPR5/1K1R4,0,1
1r6/4Qp2/pkp4p/1q2p2P/2p1P3/3n1P2/PPR5/1K1R4,1,1
1r6/4Qp2/pkp4p/1q2p2P/2p1P3/1P1n1P2/P1R5/1K1R4,0,1
1r6/4Qp2/pkp4p/1q2p2P/4P3/1p1n1P2/P1R5/1K1R4,1,1
1r6/4Qp2/pkp4p/1q2p2P/4P3/1p1n1P2/P2R4/1K1R4,0,1
1r6/4Qp2/pkp4p/1q2p2P/4P3/3n1P2/p2R4/1K1R4,1,1
1r6/4Qp2/pkp4p/1q2p2P/4P3/3n1P2/p2R4/K2R4,0,1
1r6/4Qp2/pkp4p/1qn1p2P/4P3/5P2/p2R4/K2R4,1,1
1r6/4Qp2/pkp4p/1qn1p2P/4P3/5P2/pR6/K2R4,0,1
1r6/4Qp2/pkp4p/1q2p2P/4P3/1n3P2/pR6/K2R4,1,1
1r6/4Qp2/pkp4p/1q2p2P/4P3/1n3P2/KR6/3R4,0,1
1r6/4Qp2/pkp4p/4p2P/q3P3/1n3P2/KR6/3R4,1,1
1r6/5p2/pkp4p/4p2P/q3P3/Qn3P2/KR6/3R4,0,1
1r6/5p2/p1p4p/k3p2P/q3P3/Qn3P2/KR6/3R4,1,1
1r6/5p2/p1p4p/k3p2P/q3P3/Qn3P2/KR6/1R6,0,1
1r6/5p2/p1p4p/k3p2P/q3P3/Q4P2/KR6/1Rn5,1,1
1r6/5p2/p1p4p/k3p2P/q3P3/Q4P2/KR6/2R5,0,1
8/5p2/p1p4p/k3p2P/q3P3/Q4P2/Kr6/2R5,1,1
8/5p2/p1p4p/k3p2P/q3P3/Q4P2/1K6/2R5,0,1
r5k1/4bpp1/ppq4p/4p3/P7/1P2N3/2P1QPPP/R6K,0,-1
r5k1/5pp1/ppq4p/2b1p3/P7/1P2N3/2P1QPPP/R6K,1,-1
r5k1/5pp1/ppq4p/2b1p3/P1N5/1P6/2P1QPPP/R6K,0,-1
r5k1/6p1/ppq2p1p/2b1p3/P1N5/1P6/2P1QPPP/R6K,1,-1
r5k1/6p1/ppq2p1p/2b1p3/P1N5/1P6/2P1QPPP/3R3K,0,-1
r5k1/6p1/p1q2p1p/1pb1p3/P1N5/1P6/2P1QPPP/3R3K,1,-1
r5k1/6p1/p1q2p1p/1Pb1p3/2N5/1P6/2P1QPPP/3R3K,0,-1
r5k1/6p1/2q2p1p/1pb1p3/2N5/1P6/2P1QPPP/3R3K,1,-1
r5k1/6p1/2q2p1p/1pb1p3/8/1P2N3/2P1QPPP/3R3K,0,-1
r5k1/6p1/2q2p1p/1p2p3/8/1P2b3/2P1QPPP/3R3K,1,-1
r5k1/6p1/2q2p1p/1p2p3/8/1P2P3/2P1Q1PP/3R3K,0,-1
6k1/6p1/2q2p1p/1p2p3/8/1P2P3/r1P1Q1PP/3R3K,1,-1
6k1/6p1/2q2p1p/1p2p3/8/1P2P3/r1P1Q1PP/2R4K,0,-1
6k1/6p1/2q2p1p/4p3/1p6/1P2P3/r1P1Q1PP/2R4K,1,-1
6k1/6p1/2q2p1p/4p3/1p6/1P2P2P/r1P1Q1P1/2R4K,0,-1
8/6pk/2q2p1p/4p3/1p6/1P2P2P/r1P1Q1P1/2R4K,1,-1
8/6pk/2q2p1p/4p3/1p6/1P1QP2P/r1P3P1/2R4K,0,-1
8/7k/2q2ppp/4p3/1p6/1P1QP2P/r1P3P1/2R4K,1,-1
8/7k/2q2ppp/4p3/1pP5/1P1QP2P/r5P1/2R4K,0,-1
8/7k/5ppp/4p3/1pP5/1P1QP2P/r5q1/2R4K,1,-1
6k1/2r3pp/pbN2p2/8/3N4/3npPP1/PP5P/1R3K2,0,-1
6k1/2r3pp/pbN2p2/4n3/3N4/4pPP1/PP5P/1R3K2,1,-1
6k1/2r3pp/pb3p2/4N3/3N4/4pPP1/PP5P/1R3K2,0,-1
6k1/2r3pp/p4p2/4N3/3b4/4pPP1/PP5P/1R3K2,1,-1
6k1/2r3pp/p4p2/8/3b4/3NpPP1/PP5P/1R3K2,0,-1
6k1/6pp/p4p2/8/3b4/3NpPP1/PPr4P/1R3K2,1,-1
6k1/6pp/p4p2/8/3b3P/3NpPP1/PPr5/1R3K2,0,-1
6k1/6pp/p4p2/8/3b3P/3NpPP1/PP1r4/1R3K2,1,-1
6k1/6pp/p4p2/8/3b1N1P/4pPP1/PP1r4/1R3K2,0,-1
6k1/6pp/p4p2/8/3b1N1P/4pPP1/PP5r/1R3K2,1,-1
6k1/6pp/p4p2/8/3b1N1P/4pPP1/PP5r/4RK2,0,-1
6k1/6pp/p4p2/8/3b1N1P/4pPP1/PP3r2/4RK2,1,-1
6k1/6pp/p4p2/8/3b1N1P/4pPP1/PP3r2/4R1K1,0,-1
6k1/6pp/p4p2/8/3b1N1P/5PP1/PP2pr2/4R1K1,1,-1
6k1/6pp/p4p2/8/3b3P/5PP1/PP2prN1/4R1K1,0,-1
6k1/6pp/p4p2/8/3b3P/5PP1/PP2p1N1/4RrK1,1,-1
6k1/6pp/p4p2/8/3b3P/5PP1/PP2p1NK/4Rr2,0,-1
6k1/6pp/p4p2/8/3b3P/5PP1/PP2p1NK/4r3,1,-1
6k1/6pp/p4p2/8/3b3P/5PP1/PP2p2K/4N3,0,-1
6k1/6pp/p4p2/8/7P/5PP1/PP2pb1K/4N3,1,-1
8/3b3p/8/1p3pK1/2k4P/8/4NP2/8,0,-1
8/3b3p/8/5pK1/1pk4P/8/4NP2/8,1,-1
8/3b3p/8/5pK1/1pk4P/8/5P2/2N5,0,-1
8/7p/4b3/5pK1/1pk4P/8/5P2/2N5,1,-1
8/7p/4bK2/5p2/1pk4P/8/5P2/2N5,0,-1
8/7p/5K2/3b1p2/1pk4P/8/5P2/2N5,1,-1
8/7p/8/3b1K2/1pk4P/8/5P2/2N5,0,-1
8/7p/8/3b1K2/1p5P/2k5/5P2/2N5,1,-1
8/7p/8/3b1K2/1p5P/2k5/4NP2/8,0,-1
8/7p/8/3b1K2/1p5P/3k4/4NP2/8,1,-1
8/7p/8/3b1K2/1p3N1P/3k4/5P2/8,0,-1
8/7p/8/3b1K2/1pk2N1P/8/5P2/8,1,-1
8/7p/8/3bK3/1pk2N1P/8/5P2/8,0,-1
8/7p/8/4K3/1pk2N1P/5b2/5P2/8,1,-1
8/7p/4N3/4K3/1pk4P/5b2/5P2/8,0,-1
8/7p/4N3/4K3/2k4P/1p3b2/5P2/8,1,-1
8/7p/8/4K3/2kN3P/1p3b2/5P2/8,0,-1
8/7p/8/4K3/2kN3P/5b2/1p3P2/8,1,-1
8/7p/8/4K3/2k4P/5N2/1p3P2/8,0,-1
8/7p/8/4K3/7P/2k2N2/1p3P2/8,1,-1
8/7p/2b3pP/2P5/p2k4/B5K1/8/8,0,-1
8/7p/2b3pP/2P5/p1k5/B5K1/8/8,1,-1
8/7p/2b3pP/2P5/p1k2K2/B7/8/8,0,-1
8/7p/2b3pP/2P5/p4K2/Bk6/8/8,1,-1
8/7p/2b3pP/2P5/p4K2/1k6/8/2B5,0,-1
8/7p/2b3pP/2P5/5K2/pk6/8/2B5,1,-1
8/7p/2b3pP/2P5/5K2/pk2B3/8/8,0,-1
8/7p/2b3pP/2P5/2k2K2/p3B3/8/8,1,-1
8/7p/2b3pP/2P1K3/2k5/p3B3/8/8,0,-1
8/7p/2b3pP/2P1K3/2k5/4B3/p7/8,1,-1
8/7p/2b3pP/2P1K3/2kB4/8/p7/8,0,-1
8/1b5p/6pP/2P1K3/2kB4/8/p7/8,1,-1
8/1b5p/6pP/2P1K3/2k5/8/p7/B7,0,-1
8/1b5p/6pP/2k1K3/8/8/p7/B7,1,-1
8/1b5p/5KpP/2k5/8/8/p7/B7,0,-1
8/1b5p/5KpP/8/2k5/8/p7/B7,1,-1
8/1b4Kp/6pP/8/2k5/8/p7/B7,0,-1
8/1b4Kp/7P/6p1/2k5/8/p7/B7,1,-1
8/1b5K/7P/6p1/2k5/8/p7/B7,0,-1
8/7K/7P/6p1/2k1b3/8/p7/B7,1,-1
7r/3qppk1/p2p3R/1p1Pn1P1/5Q2/2P5/PP2B3/1K6,0,0
7r/q3ppk1/p2p3R/1p1Pn1P1/5Q2/2P5/PP2B3/1K6,1,0
7r/q3ppk1/p2p3R/1p1Pn1P1/8/2P5/PP2B2Q/1K6,0,0
8/q3ppk1/p2p3r/1p1Pn1P1/8/2P5/PP2B2Q/1K6,1,0
8/q3ppk1/p2p3P/1p1Pn3/8/2P5/PP2B2Q/1K6,0,0
8/q3pp1k/p2p3P/1p1Pn3/8/2P5/PP2B2Q/1K6,1,0
8/q3pp1k/p2p3P/1p1Pn3/8/2P5/PP5Q/1K1B4,0,0
8/4pp1k/p2p3P/1p1Pn3/8/2P1q3/PP5Q/1K1B4,1,0
8/4pp1k/p2p3P/1p1Pn3/8/2P1q3/PPB4Q/1K6,0,0
8/4pp1k/p2p2nP/1p1P4/8/2P1q3/PPB4Q/1K6,1,0
8/4pp1k/p2p2nP/1p1P4/P7/2P1q3/1PB4Q/1K6,0,0
8/4pp1k/p2p2nq/1p1P4/P7/2P5/1PB4Q/1K6,1,0
8/4pp1k/p2p2nq/1p1P4/P7/2P5/1PB5/1K4Q1,0,0
8/4pp1k/p2p2nq/3P4/p7/2P5/1PB5/1K4Q1,1,0
8/4pp1k/p2p2nq/3P4/p7/2P5/1PB5/1K3Q2,0,0
8/4ppk1/p2p2nq/3P4/p7/2P5/1PB5/1K3Q2,1,0
8/4ppk1/p2p2nq/3P4/B7/2P5/1P6/1K3Q2,0,0
8/4ppk1/3p2nq/p2P4/B7/2P5/1P6/1K3Q2,1,0
8/4ppk1/3p2nq/p2P4/8/2P5/1PB5/1K3Q2,0,0
8/4ppk1/3p2n1/p2P2q1/8/2P5/1PB5/1K3Q2,1,0
4r2k/Q5p1/2b3qp/1p1pp3/2r5/2P2P1P/1P4PN/3RR1K1,0,0
r6k/Q5p1/2b3qp/1p1pp3/2r5/2P2P1P/1P4PN/3RR1K1,1,0
r6k/6p1/2b3qp/1p1pp3/2r5/2P1QP1P/1P4PN/3RR1K1,0,0
4r2k/6p1/2b3qp/1p1pp3/2r5/2P1QP1P/1P4PN/3RR1K1,1,0
4r2k/6p1/2b3qp/1p1pp3/2r3N1/2P1QP1P/1P4P1/3RR1K1,0,0
4r2k/6p1/2b4p/1p1pp3/2r3N1/2P1QP1P/1Pq3P1/3RR1K1,1,0
4r2k/Q5p1/2b4p/1p1pp3/2r3N1/2P2P1P/1Pq3P1/3RR1K1,0,0
4r2k/Q5p1/2b4p/1p1pp3/2r3N1/2P2P1P/1q4P1/3RR1K1,1,0
4r2k/5Qp1/2b4p/1p1pp3/2r3N1/2P2P1P/1q4P1/3RR1K1,0,0
4r2k/5Qp1/2b4p/1p1pp3/2r3N1/2q2P1P/6P1/3RR1K1,1,0
4r2k/5Qp1/2b4N/1p1pp3/2r5/2q2P1P/6P1/3RR1K1,0,0
4r2k/5Q2/2b4p/1p1pp3/2r5/2q2P1P/6P1/3RR1K1,1,0
4r2k/8/2b2Q1p/1p1pp3/2r5/2q2P1P/6P1/3RR1K1,0,0
4r3/7k/2b2Q1p/1p1pp3/2r5/2q2P1P/6P1/3RR1K1,1,0
4r3/5Q1k/2b4p/1p1pp3/2r5/2q2P1P/6P1/3RR1K1,0,0
4r2k/5Q2/2b4p/1p1pp3/2r5/2q2P1P/6P1/3RR1K1,1,0
4r2k/8/2b2Q1p/1p1pp3/2r5/2q2P1P/6P1/3RR1K1,0,0
4r3/7k/2b2Q1p/1p1pp3/2r5/2q2P1P/6P1/3RR1K1,1,0
4r3/5Q1k/2b4p/1p1pp3/2r5/2q2P1P/6P1/3RR1K1,0,0
4r2k/5Q2/2b4p/1p1pp3/2r5/2q2P1P/6P1/3RR1K1,1,0
3R4/1p2Np2/p7/4p1k1/P1P5/1r5p/4K1bP/8,0,-1
3R4/1p2N3/p7/4ppk1/P1P5/1r5p/4K1bP/8,1,-1
3R4/1p6/p7/3Nppk1/P1P5/1r5p/4K1bP/8,0,-1
3R4/1p6/p7/3Nppk1/P1P5/7p/1r2K1bP/8,1,-1
3R4/1p6/p7/3Nppk1/P1P5/3K3p/1r4bP/8,0,-1
3R4/1p6/p7/3Np1k1/P1P2p2/3K3p/1r4bP/8,1,-1
6R1/1p6/p7/3Np1k1/P1P2p2/3K3p/1r4bP/8,0,-1
6R1/1p6/p7/3Npk2/P1P2p2/3K3p/1r4bP/8,1,-1
6R1/1p2N3/p7/4pk2/P1P2p2/3K3p/1r4bP/8,0,-1
6R1/1p2N3/p3k3/4p3/P1P2p2/3K3p/1r4bP/8,1,-1
8/1p2N1R1/p3k3/4p3/P1P2p2/3K3p/1r4bP/8,0,-1
8/1p2N1R1/p3k3/8/P1P1pp2/3K3p/1r4bP/8,1,-1
8/1p2N1R1/p3k3/8/P1PKpp2/7p/1r4bP/8,0,-1
8/1p2N1R1/p3k3/8/P1PKpp2/7p/3r2bP/8,1,-1
8/1p2N1R1/p3k3/2K5/P1P1pp2/7p/3r2bP/8,0,-1
8/1p1rN1R1/p3k3/2K5/P1P1pp2/7p/6bP/8,1,-1
8/1p1r2R1/p3k3/2K2N2/P1P1pp2/7p/6bP/8,0,-1
8/1p4r1/p3k3/2K2N2/P1P1pp2/7p/6bP/8,1,-1
8/1p4N1/p3k3/2K5/P1P1pp2/7p/6bP/8,0,-1
8/1p4N1/p7/2K1k3/P1P1pp2/7p/6bP/8,1,-1
2r4r/4bpk1/Pq1p2p1/4p2p/5n2/1N1B1P1P/PP1Q2P1/1KR1R3,0,-1
2r4r/4bpk1/Pq1p2p1/4p2p/8/1N1n1P1P/PP1Q2P1/1KR1R3,1,-1
2r4r/4bpk1/Pq1p2p1/4p2p/8/1N1Q1P1P/PP4P1/1KR1R3,0,-1
r6r/4bpk1/Pq1p2p1/4p2p/8/1N1Q1P1P/PP4P1/1KR1R3,1,-1
r6r/4bpk1/Pq1p2p1/4p2p/8/3Q1P1P/PP1N2P1/1KR1R3,0,-1
rr6/4bpk1/Pq1p2p1/4p2p/8/3Q1P1P/PP1N2P1/1KR1R3,1,-1
rr6/4bpk1/Pq1p2p1/4p2p/8/3Q1P1P/PPRN2P1/1K2R3,0,-1
1r6/4bpk1/rq1p2p1/4p2p/8/3Q1P1P/PPRN2P1/1K2R3,1,-1
1r6/4bpk1/rq1p2p1/4p2p/2N5/3Q1P1P/PPR3P1/1K2R3,0,-1
1r6/q3bpk1/r2p2p1/4p2p/2N5/3Q1P1P/PPR3P1/1K2R3,1,-1
1r6/q3bpk1/r2p2p1/4p2p/2N5/1P1Q1P1P/P1R3P1/1K2R3,0,-1
1r6/q4pk1/r2p1bp1/4p2p/2N5/1P1Q1P1P/P1R3P1/1K2R3,1,-1
1r6/q4pk1/r2p1bp1/4p2p/2N5/1P2QP1P/P1R3P1/1K2R3,0,-1
1r6/1q3pk1/r2p1bp1/4p2p/2N5/1P2QP1P/P1R3P1/1K2R3,1,-1
1r6/1q3pk1/r2p1bp1/4p2p/2N5/1P2QP1P/P1R3P1/1K1R4,0,-1
1r6/1q3pk1/r2p1bp1/7p/2N1p3/1P2QP1P/P1R3P1/1K1R4,1,-1
1r6/1q3pk1/r2p1bp1/7p/2N1p3/1P2QP1P/P2R2P1/1K1R4,0,-1
1r6/5pk1/r2p1bp1/1q5p/2N1p3/1P2QP1P/P2R2P1/1K1R4,1,-1
1r6/5pk1/r2N1bp1/1q5p/4p3/1P2QP1P/P2R2P1/1K1R4,0,-1
1r6/5pk1/r2N1bp1/4q2p/4p3/1P2QP1P/P2R2P1/1K1R4,1,-1
2r2b2/2q5/p2p2kP/1p2r3/7Q/P1N2b2/1PP3BP/5R1K,1,1
2r2b2/2q5/p2p2kP/1p2r3/7Q/P1N2B2/1PP4P/5R1K,0,1
2r2b2/8/p2p2kP/1p2r3/2q4Q/P1N2B2/1PP4P/5R1K,1,1
2r2b2/8/p2p2kP/1p2r3/2q1B2Q/P1N5/1PP4P/5R1K,0,1
2r2b2/8/p2p2kP/1p6/2q1r2Q/P1N5/1PP4P/5R1K,1,1
2r2b2/8/p2p2kP/1p6/2q1r2Q/P1N5/1PP4P/6RK,0,1
2r2b2/8/p2p3P/1p3k2/2q1r2Q/P1N5/1PP4P/6RK,1,1
2r2b2/8/p2p3P/1p3kR1/2q1r2Q/P1N5/1PP4P/7K,0,1
2r2b2/8/p2pk2P/1p4R1/2q1r2Q/P1N5/1PP4P/7K,1,1
2r2b2/8/p2pk1RP/1p6/2q1r2Q/P1N5/1PP4P/7K,0,1
2r2b2/3k4/p2p2RP/1p6/2q1r2Q/P1N5/1PP4P/7K,1,1
2r2b2/3k4/p2p2RP/1p6/2q1Q3/P1N5/1PP4P/7K,0,1
2r2b2/3k1q2/p2p2RP/1p6/4Q3/P1N5/1PP4P/7K,1,1
2r2b2/3k1q1P/p2p2R1/1p6/4Q3/P1N5/1PP4P/7K,0,1
2r5/3kbq1P/p2p2R1/1p6/4Q3/P1N5/1PP4P/7K,1,1
2r5/3kbq1P/p2p2R1/1p6/6Q1/P1N5/1PP4P/7K,0,1
2r5/2k1bq1P/p2p2R1/1p6/6Q1/P1N5/1PP4P/7K,1,1
2Q5/2k1bq1P/p2p2R1/1p6/8/P1N5/1PP4P/7K,0,1
2k5/4bq1P/p2p2R1/1p6/8/P1N5/1PP4P/7K,1,1
2k4Q/4bq2/p2p2R1/1p6/8/P1N5/1PP4P/7K,0,1
6kb/1r1b3p/p4ppP/Q3p1P1/P3P3/2P3N1/8/5BK1,1,1
3Q2kb/1r1b3p/p4ppP/4p1P1/P3P3/2P3N1/8/5BK1,0,1
3Q3b/1r1b1k1p/p4ppP/4p1P1/P3P3/2P3N1/8/5BK1,1,1
7Q/1r1b1k1p/p4ppP/4p1P1/P3P3/2P3N1/8/5BK1,0,1
7Q/1r1b1k1p/p5pP/4p1p1/P3P3/2P3N1/8/5BK1,1,1
7Q/1r1b1k1p/p5pP/4p1p1/P1B1P3/2P3N1/8/6K1,0,1
7Q/1r1bk2p/p5pP/4p1p1/P1B1P3/2P3N1/8/6K1,1,1
8/1r1bk2p/p5pP/4Q1p1/P1B1P3/2P3N1/8/6K1,0,1
3k4/1r1b3p/p5pP/4Q1p1/P1B1P3/2P3N1/8/6K1,1,1
3k4/1r1b3p/p5pP/6Q1/P1B1P3/2P3N1/8/6K1,0,1
2k5/1r1b3p/p5pP/6Q1/P1B1P3/2P3N1/8/6K1,1,1
2k5/1r1b3p/B5pP/6Q1/P3P3/2P3N1/8/6K1,0,1
1k6/1r1b3p/B5pP/6Q1/P3P3/2P3N1/8/6K1,1,1
1k6/1B1b3p/6pP/6Q1/P3P3/2P3N1/8/6K1,0,1
8/1k1b3p/6pP/6Q1/P3P3/2P3N1/8/6K1,1,1
8/1k1bQ2p/6pP/8/P3P3/2P3N1/8/6K1,0,1
8/3bQ2p/2k3pP/8/P3P3/2P3N1/8/6K1,1,1
8/3b3Q/2k3pP/8/P3P3/2P3N1/8/6K1,0,1
8/3b3Q/2k4P/6p1/P3P3/2P3N1/8/6K1,1,1
8/3b3Q/2k4P/5Np1/P3P3/2P5/8/6K1,0,1
2r1r1k1/1p3p1p/p5p1/2bP4/P1P3P1/1P1R2NP/6K1/4R3,1,0
2r1R1k1/1p3p1p/p5p1/2bP4/P1P3P1/1P1R2NP/6K1/8,0,0
4r1k1/1p3p1p/p5p1/2bP4/P1P3P1/1P1R2NP/6K1/8,1,0
4r1k1/1p3p1p/p2P2p1/2b5/P1P3P1/1P1R2NP/6K1/8,0,0
3r2k1/1p3p1p/p2P2p1/2b5/P1P3P1/1P1R2NP/6K1/8,1,0
3r2k1/1p1P1p1p/p5p1/2b5/P1P3P1/1P1R2NP/6K1/8,0,0
3r1k2/1p1P1p1p/p5p1/2b5/P1P3P1/1P1R2NP/6K1/8,1,0
3r1k2/1p1P1p1p/p5p1/2b5/P1P1N1P1/1P1R3P/6K1/8,0,0
3r1k2/1p1Pbp1p/p5p1/8/P1P1N1P1/1P1R3P/6K1/8,1,0
3r1k2/1p1Pbp1p/p5p1/8/P1P1N1P1/1P1R1K1P/8/8,0,0
3r1k2/1p1Pb2p/p4pp1/8/P1P1N1P1/1P1R1K1P/8/8,1,0
3r1k2/1p1Pb2p/p4pp1/8/P1P1NKP1/1P1R3P/8/8,0,0
3r4/1p1Pbk1p/p4pp1/8/P1P1NKP1/1P1R3P/8/8,1,0
3r4/1p1Pbk1p/p4pp1/2P5/P3NKP1/1P1R3P/8/8,0,0
3r4/1p1Pb2p/p3kpp1/2P5/P3NKP1/1P1R3P/8/8,1,0
3r4/1p1Pb2p/p3kpp1/2P5/PP2NKP1/3R3P/8/8,0,0
8/1p1rb2p/p3kpp1/2P5/PP2NKP1/3R3P/8/8,1,0
8/1p1Rb2p/p3kpp1/2P5/PP2NKP1/7P/8/8,0,0
8/1p1kb2p/p4pp1/2P5/PP2NKP1/7P/8/8,1,0
8/1p1kb2p/p4pp1/2P5/PP3KP1/2N4P/8/8,0,0
8/6pk/pB2p2p/P3P3/4bQ1P/8/4q3/6K1,1,-1
8/6pk/pB2p2p/P3P3/4b2P/6Q1/4q3/6K1,0,-1
8/6pk/pB2p2p/P3P3/7P/5bQ1/4q3/6K1,1,-1
8/6pk/pB2p2p/P3P3/7P/5b2/4qQ2/6K1,0,-1
8/6pk/pB2p2p/P3P3/4q2P/5b2/5Q2/6K1,1,-1
8/6pk/p3p2p/P3P3/3Bq2P/5b2/5Q2/6K1,0,-1
8/6p1/p3p1kp/P3P3/3Bq2P/5b2/5Q2/6K1,1,-1
8/6p1/p3p1kp/P3P3/3Bq2P/4Qb2/8/6K1,0,-1
8/6p1/p3p1kp/P3P3/3B2qP/4Qb2/8/6K1,1,-1
8/6p1/p3p1kp/P3P3/3B2qP/4Qb2/8/5K2,0,-1
8/6p1/p3p2p/P3P2k/3B2qP/4Qb2/8/5K2,1,-1
8/6p1/p3p2p/P3P2k/3B2qP/4Qb2/5K2/8,0,-1
8/6p1/p3p2p/P3P2k/3Bb1qP/4Q3/5K2/8,1,-1
8/6p1/p3p2p/P3P2k/3Bb1qP/6Q1/5K2/8,0,-1
8/6p1/p3p2p/P3P2k/3Bb2q/6Q1/5K2/8,1,-1
8/6p1/p3p2p/P3P2k/3Bb2Q/8/5K2/8,0,-1
8/6p1/p3p2p/P3P3/3Bb2k/8/5K2/8,1,-1
8/6p1/p3p2p/P3P3/3Bb2k/4K3/8/8,0,-1
8/6p1/p3p2p/P2bP3/3B3k/4K3/8/8,1,-1
8/6p1/p3p2p/P2bP3/3B3k/8/4K3/8,0,-1
8/4b2p/5k2/p3pP2/Pp4r1/4rB2/1PP4P/1K1R4,1,1
8/4b2p/5k2/p3pP2/Pp4B1/4r3/1PP4P/1K1R4,0,1
8/7p/5k2/p1b1pP2/Pp4B1/4r3/1PP4P/1K1R4,1,1
8/7p/5k2/p1b1pP2/Pp4B1/4r2P/1PP5/1K1R4,0,1
8/7p/5k2/p3pP2/Pp1b2B1/4r2P/1PP5/1K1R4,1,1
8/7p/5k2/p3pP2/Pp1b2B1/3Rr2P/1PP5/1K6,0,1
8/7p/5k2/p3pP2/Pp1b2B1/3R3P/1PP5/1K2r3,1,1
8/7p/5k2/p3pP2/Pp1b2B1/3R3P/KPP5/4r3,0,1
8/7p/8/p3pPk1/Pp1b2B1/3R3P/KPP5/4r3,1,1
8/7p/8/p3pPk1/Pp1b2B1/2PR3P/KP6/4r3,0,1
8/7p/8/p3pPk1/P2b2B1/2pR3P/KP6/4r3,1,1
8/7p/8/p3pPk1/P2b2B1/2PR3P/K7/4r3,0,1
8/7p/8/p3pPk1/P5B1/2PR3P/K4b2/4r3,1,1
3R4/7p/8/p3pPk1/P5B1/2P4P/K4b2/4r3,0,1
3R4/7p/8/p4Pk1/P3p1B1/2P4P/K4b2/4r3,1,1
6R1/7p/8/p4Pk1/P3p1B1/2P4P/K4b2/4r3,0,1
6R1/7p/8/p4P2/P3pkB1/2P4P/K4b2/4r3,1,1
6R1/7p/5P2/p7/P3pkB1/2P4P/K4b2/4r3,0,1
6R1/7p/5P2/p1b5/P3pkB1/2P4P/K7/4r3,1,1
6R1/5P1p/8/p1b5/P3pkB1/2P4P/K7/4r3,0,1
4k3/3npp2/p2p3p/1p6/4PPBB/1P6/P1r3r1/1K2R2R,0,-1
4k3/3npp2/p2p3p/1p6/4PPBB/1P6/Pr4r1/1K2R2R,1,-1
4k3/3npp2/p2p3p/1p6/4PPBB/1P6/Pr4r1/K3R2R,0,-1
4k3/3npp2/p2p3p/1p6/4PPBB/1P6/r5r1/K3R2R,1,-1
4k3/3npp2/p2p3p/1p6/4PPBB/1P6/r5r1/1K2R2R,0,-1
4k3/3npp2/p2p3p/1p6/4PPBB/1P6/1r4r1/1K2R2R,1,-1
4k3/3npp2/p2p3p/1p6/4PPBB/1P6/1r4r1/K3R2R,0,-1
4k3/4pp2/p2p3p/1pn5/4PPBB/1P6/1r4r1/K3R2R,1,-1
4k3/4pp2/p2p3p/1pn5/4PPBB/1P5R/1r4r1/K3R3,0,-1
4k3/4pp2/p2p3p/1pn5/4PPBB/1P5R/r5r1/K3R3,1,-1
4k3/4pp2/p2p3p/1pn5/4PPBB/1P5R/r5r1/1K2R3,0,-1
4k3/4pp2/p2p3p/1pn5/4PPBB/1P5R/rr6/1K2R3,1,-1
4k3/4pp2/p2p3p/1pn5/4PPBB/1P5R/rr6/2K1R3,0,-1
4k3/4pp2/p2p3p/1p6/4PPBB/1n5R/rr6/2K1R3,1,-1
4k3/4pp2/p2p3p/1p6/4PPBB/1R6/rr6/2K1R3,0,-1
4k3/4pp2/p2p3p/1p6/4PPBB/1r6/r7/2K1R3,1,-1
4k3/4pp2/p2p3p/1p6/4PP1B/1r6/r7/2KBR3,0,-1
4k3/4pp2/p2p3p/1p6/4PP1B/7r/r7/2KBR3,1,-1
4k3/4pp2/p2p3p/1p6/4PP1B/7r/r7/1K1BR3,0,-1
4k3/4pp2/p2p3p/1p6/4PP1B/7r/6r1/1K1BR3,1,-1
8/4kp1p/3p1RpP/3P1PP1/1p2PK2/1b6/1P6/r4B2,1,1
8/4kp1p/3p1RpP/1B1P1PP1/1p2PK2/1b6/1P6/r7,0,1
8/4kp1p/3p1RpP/1B1P1PP1/1p2PK2/1b6/1P6/4r3,1,1
8/4kp1p/3p1RPP/1B1P2P1/1p2PK2/1b6/1P6/4r3,0,1
8/4k2p/3p1RpP/1B1P2P1/1p2PK2/1b6/1P6/4r3,1,1
8/4k2p/3pR1pP/1B1P2P1/1p2PK2/1b6/1P6/4r3,0,1
8/5k1p/3pR1pP/1B1P2P1/1p2PK2/1b6/1P6/4r3,1,1
8/5k1p/3R2pP/1B1P2P1/1p2PK2/1b6/1P6/4r3,0,1
8/5k1p/3R2pP/1B1P2P1/1p2PK2/1b6/1P6/1r6,1,1
8/3R1k1p/6pP/1B1P2P1/1p2PK2/1b6/1P6/1r6,0,1
6k1/3R3p/6pP/1B1P2P1/1p2PK2/1b6/1P6/1r6,1,1
6k1/6Rp/6pP/1B1P2P1/1p2PK2/1b6/1P6/1r6,0,1
5k2/6Rp/6pP/1B1P2P1/1p2PK2/1b6/1P6/1r6,1,1
5k2/7R/6pP/1B1P2P1/1p2PK2/1b6/1P6/1r6,0,1
5k2/7R/6pP/1B1P2P1/1p2PK2/1b6/1r6/8,1,1
5k2/1R6/6pP/1B1P2P1/1p2PK2/1b6/1r6/8,0,1
5k2/1R6/6pP/1B1P2P1/1p2PK2/1b6/5r2/8,1,1
5k2/1R6/6pP/1B1PK1P1/1p2P3/1b6/5r2/8,0,1
5k2/1R6/6pP/1B1PK1P1/1p2P3/8/2b2r2/8,1,1
1R3k2/8/6pP/1B1PK1P1/1p2P3/8/2b2r2/8,0,1
3r1rk1/2q1bppp/p1bNp3/1p1nP1N1/5P2/3B4/PPPQ2PP/1K1R3R,0,1
3r1rk1/2q1bpp1/p1bNp2p/1p1nP1N1/5P2/3B4/PPPQ2PP/1K1R3R,1,1
3r1rk1/2q1bppN/p1bNp2p/1p1nP3/5P2/3B4/PPPQ2PP/1K1R3R,0,1
3rr1k1/2q1bppN/p1bNp2p/1p1nP3/5P2/3B4/PPPQ2PP/1K1R3R,1,1
3rN1k1/2q1bppN/p1b1p2p/1p1nP3/5P2/3B4/PPPQ2PP/1K1R3R,0,1
3rb1k1/2q1bppN/p3p2p/1p1nP3/5P2/3B4/PPPQ2PP/1K1R3R,1,1
3rb1k1/2q1bppN/p3p2p/1p1nP3/5PP1/3B4/PPPQ3P/1K1R3R,0,1
3rb1k1/2q1bppN/p3p2p/1p2P3/1n3PP1/3B4/PPPQ3P/1K1R3R,1,1
3rb1k1/2q1bpp1/p3pN1p/1p2P3/1n3PP1/3B4/PPPQ3P/1K1R3R,0,1
3rb1k1/2q1bp2/p3pp1p/1p2P3/1n3PP1/3B4/PPPQ3P/1K1R3R,1,1
3rb1k1/2q1bp2/p3pP1p/1p6/1n3PP1/3B4/PPPQ3P/1K1R3R,0,1
3rb1k1/2q2p2/p3pb1p/1p6/1n3PP1/3B4/PPPQ3P/1K1R3R,1,1
3rb1k1/2q2p2/p3pb1p/1p6/1Q3PP1/3B4/PPP4P/1K1R3R,0,1
4b1k1/2q2p2/p3pb1p/1p6/1Q1r1PP1/3B4/PPP4P/1K1R3R,1,1
4b1k1/2q2p1B/p3pb1p/1p6/1Q1r1PP1/8/PPP4P/1K1R3R,0,1
4b3/2q2p1k/p3pb1p/1p6/1Q1r1PP1/8/PPP4P/1K1R3R,1,1
4b3/2q2p1k/p3pb1p/1p6/1Q1R1PP1/8/PPP4P/1K5R,0,1
4b3/2q2p1k/4pb1p/pp6/1Q1R1PP1/8/PPP4P/1K5R,1,1
4b3/2q2p1k/4pb1p/pp6/3R1PP1/8/PPPQ3P/1K5R,0,1
4b3/2q2p1k/4p2p/pp6/3b1PP1/8/PPPQ3P/1K5R,1,1
3r4/5pk1/2R5/pP5R/8/7P/PKP1r3/8,1,1
3r4/5pk1/1PR5/p6R/8/7P/PKP1r3/8,0,1
3r4/5pk1/1PR5/p6R/4r3/7P/PKP5/8,1,1
3r4/5pk1/1PR5/R7/4r3/7P/PKP5/8,0,1
3r4/5pk1/1PR5/R7/1r6/7P/PKP5/8,1,1
3r4/5pk1/1PR5/R7/1r6/K6P/P1P5/8,0,1
3r4/5pk1/1PR5/R7/8/K6P/P1P5/1r6,1,1
3r4/5pk1/1PR5/6R1/8/K6P/P1P5/1r6,0,1
3r1k2/5p2/1PR5/6R1/8/K6P/P1P5/1r6,1,1
3r1k2/5p2/1PR5/8/6R1/K6P/P1P5/1r6,0,1
3r1k2/8/1PR5/5p2/6R1/K6P/P1P5/1r6,1,1
3r1k2/8/1P3R2/5p2/6R1/K6P/P1P5/1r6,0,1
3r4/4k3/1P3R2/5p2/6R1/K6P/P1P5/1r6,1,1
3r4/4k3/1P6/5R2/6R1/K6P/P1P5/1r6,0,1
3r4/4k3/1r6/5R2/6R1/K6P/P1P5/8,1,1
3r4/4k3/1r6/5R2/4R3/K6P/P1P5/8,0,1
3r4/8/1r1k4/5R2/4R3/K6P/P1P5/8,1,1
3r4/8/1r1k4/5R2/3R4/K6P/P1P5/8,0,1
3r4/2k5/1r6/5R2/3R4/K6P/P1P5/8,1,1
3r4/2k5/1r6/2R5/3R4/K6P/P1P5/8,0,1
3b1rnk/1QR4p/pB1R2p1/4p3/1P2P2q/7P/P4PP1/6K1,1,1
2Rb1rnk/1Q5p/pB1R2p1/4p3/1P2P2q/7P/P4PP1/6K1,0,1
2R2rnk/1Q2b2p/pB1R2p1/4p3/1P2P2q/7P/P4PP1/6K1,1,1
5Rnk/1Q2b2p/pB1R2p1/4p3/1P2P2q/7P/P4PP1/6K1,0,1
5bnk/1Q5p/pB1R2p1/4p3/1P2P2q/7P/P4PP1/6K1,1,1
3R1bnk/1Q5p/pB4p1/4p3/1P2P2q/7P/P4PP1/6K1,0,1
3R1bnk/1Q5p/pB4p1/4p3/1P2Pq2/7P/P4PP1/6K1,1,1
5bnk/1Q1R3p/pB4p1/4p3/1P2Pq2/7P/P4PP1/6K1,0,1
5b1k/1Q1R3p/pB3np1/4p3/1P2Pq2/7P/P4PP1/6K1,1,1
3R1b1k/1Q5p/pB3np1/4p3/1P2Pq2/7P/P4PP1/6K1,0,1
3R1bnk/1Q5p/pB4p1/4p3/1P2Pq2/7P/P4PP1/6K1,1,1
3R1bnk/1Q5p/p5p1/4p3/1P2Pq2/4B2P/P4PP1/6K1,0,1
3R1bnk/1Q5p/p4qp1/4p3/1P2P3/4B2P/P4PP1/6K1,1,1
5bnk/1Q1R3p/p4qp1/4p3/1P2P3/4B2P/P4PP1/6K1,0,1
6nk/1Q1Rb2p/p4qp1/4p3/1P2P3/4B2P/P4PP1/6K1,1,1
6nk/1Q1Rb2p/p4qp1/2B1p3/1P2P3/7P/P4PP1/6K1,0,1
6nk/1Q1Rb2p/p5p1/2B1p1q1/1P2P3/7P/P4PP1/6K1,1,1
6nk/1Q2R2p/p5p1/2B1p1q1/1P2P3/7P/P4PP1/6K1,0,1
7k/1Q2n2p/p5p1/2B1p1q1/1P2P3/7P/P4PP1/6K1,1,1
7k/4Q2p/p5p1/2B1p1q1/1P2P3/7P/P4PP1/6K1,0,1
8/5pk1/6pp/4p3/5q2/5P1P/4Q2K/8,1,0
8/5pk1/6pp/4p3/5q2/5P1P/4Q1K1/8,0,0
8/5pk1/6p1/4p2p/5q2/5P1P/4Q1K1/8,1,0
8/5pk1/6p1/4p2p/5q2/3Q1P1P/6K1/8,0,0
8/5pk1/6p1/4p3/5q1p/3Q1P1P/6K1/8,1,0
8/5pk1/6p1/4p3/5q1p/3Q1P1P/5K2/8,0,0
8/5pk1/6p1/4p3/7p/3Q1PqP/5K2/8,1,0
8/5pk1/6p1/4p3/7p/3QKPqP/8/8,0,0
8/5pk1/6p1/4p3/7p/3QKP1q/8/8,1,0
8/5pk1/6p1/4p3/4Q2p/4KP1q/8/8,0,0
8/5pk1/6p1/4pq2/4Q2p/4KP2/8/8,1,0
8/5pk1/6p1/4pq2/7Q/4KP2/8/8,0,0
8/5pk1/6p1/4p3/5q1Q/4KP2/8/8,1,0
8/5pk1/6p1/4p3/5Q2/4KP2/8/8,0,0
8/5pk1/6p1/8/5p2/4KP2/8/8,1,0
8/5pk1/6p1/8/5K2/5P2/8/8,0,0
8/5p2/5kp1/8/5K2/5P2/8/8,1,0
8/5p2/5kp1/8/6K1/5P2/8/8,0,0
8/5p2/5k2/6p1/6K1/5P2/8/8,1,0
8/5p2/5k2/6p1/5PK1/8/8/8,0,0
3n1rk1/1prbb1pp/pN2p3/3pP3/1P6/PB2B2P/5PP1/3RR1K1,1,1
3n1rk1/1prbb1pp/pN2p3/3BP3/1P6/P3B2P/5PP1/3RR1K1,0,1
3n1rk1/1prbb1pp/pN6/3pP3/1P6/P3B2P/5PP1/3RR1K1,1,1
3n1rk1/1prbb1pp/p7/3NP3/1P6/P3B2P/5PP1/3RR1K1,0,1
3n1rk1/1p1bb1pp/p7/3NP3/1P6/P3B2P/2r2PP1/3RR1K1,1,1
3n1rk1/1p1bN1pp/p7/4P3/1P6/P3B2P/2r2PP1/3RR1K1,0,1
3n1r2/1p1bNkpp/p7/4P3/1P6/P3B2P/2r2PP1/3RR1K1,1,1
3n1r2/1p1RNkpp/p7/4P3/1P6/P3B2P/2r2PP1/4R1K1,0,1
3n1r2/1p1RN1pp/p3k3/4P3/1P6/P3B2P/2r2PP1/4R1K1,1,1
3n1r2/1p1RN1pp/p3k3/4P3/1P6/P3B2P/2r2PP1/3R2K1,0,1
5r2/1p1RNnpp/p3k3/4P3/1P6/P3B2P/2r2PP1/3R2K1,1,1
5r2/1R2Nnpp/p3k3/4P3/1P6/P3B2P/2r2PP1/3R2K1,0,1
5r2/1R2N1pp/p3k3/4n3/1P6/P3B2P/2r2PP1/3R2K1,1,1
5r2/1R4pp/p3k3/3Nn3/1P6/P3B2P/2r2PP1/3R2K1,0,1
5r2/1R4pp/p3k3/3N4/1Pn5/P3B2P/2r2PP1/3R2K1,1,1
5r2/1R4pp/p3k3/8/1Pn2N2/P3B2P/2r2PP1/3R2K1,0,1
5r2/1R4pp/p7/4k3/1Pn2N2/P3B2P/2r2PP1/3R2K1,1,1
5r2/1R4pp/p7/3Rk3/1Pn2N2/P3B2P/2r2PP1/6K1,0,1
5r2/1R4pp/p7/3R4/1Pn1kN2/P3B2P/2r2PP1/6K1,1,1
5r2/4R1pp/p7/3R4/1Pn1kN2/P3B2P/2r2PP1/6K1,0,1
r1bq1rk1/p3bpp1/2p1pn1p/8/3pPB2/2NB4/PPPQ1PPP/1K1R3R,1,1
r1bq1rk1/p3bpp1/2p1pn1p/8/3pPB2/3B4/PPPQNPPP/1K1R3R,0,1
r1bq1rk1/p3bpp1/4pn1p/2p5/3pPB2/3B4/PPPQNPPP/1K1R3R,1,1
r1bq1rk1/p3bpp1/4pn1p/2p1P3/3p1B2/3B4/PPPQNPPP/1K1R3R,0,1
r1bq1rk1/p3bpp1/4p2p/2pnP3/3p1B2/3B4/PPPQNPPP/1K1R3R,1,1
r1bq1rk1/p3bpp1/4p2B/2pnP3/3p4/3B4/PPPQNPPP/1K1R3R,0,1
1rbq1rk1/p3bpp1/4p2B/2pnP3/3p4/3B4/PPPQNPPP/1K1R3R,1,1
1rbq1rk1/p3bpp1/4p2B/2pnP3/3p3P/3B4/PPPQNPP1/1K1R3R,0,1
1rb2rk1/p1q1bpp1/4p2B/2pnP3/3p3P/3B4/PPPQNPP1/1K1R3R,1,1
1rb2rk1/p1q1bpp1/4p2B/2pnP3/3p3P/3B3R/PPPQNPP1/1K1R4,0,1
1rb2rk1/p3bpp1/4p2B/2pnq3/3p3P/3B3R/PPPQNPP1/1K1R4,1,1
1rb2rk1/p3bpB1/4p3/2pnq3/3p3P/3B3R/PPPQNPP1/1K1R4,0,1
1rb2rk1/p3bpq1/4p3/2pn4/3p3P/3B3R/PPPQNPP1/1K1R4,1,1
1rb2rk1/p3bpq1/4p3/2pn4/3p3P/3B2R1/PPPQNPP1/1K1R4,0,1
1rb2rk1/p4pq1/4pb2/2pn4/3p3P/3B2R1/PPPQNPP1/1K1R4,1,1
1rb2rk1/p4pq1/4pb1Q/2pn4/3p3P/3B2R1/PPP1NPP1/1K1R4,0,1
1rbr2k1/p4pq1/4pb1Q/2pn4/3p3P/3B2R1/PPP1NPP1/1K1R4,1,1
1rbr2k1/p4pq1/4pb1Q/2pn4/3p1N1P/3B2R1/PPP2PP1/1K1R4,0,1
1rbr2k1/p4p2/4pb1Q/2pn4/3p1N1P/3B2q1/PPP2PP1/1K1R4,1,1
1rbr2k1/p4p1B/4pb1Q/2pn4/3p1N1P/6q1/PPP2PP1/1K1R4,0,1
1r3b1k/3b1Qpp/3P1p2/2p1pP2/8/q3B1N1/6PP/4R1K1,0,-1
1r3b1k/5Qpp/2bP1p2/2p1pP2/8/q3B1N1/6PP/4R1K1,1,-1
1r3b1k/3P1Qpp/2b2p2/2p1pP2/8/q3B1N1/6PP/4R1K1,0,-1
1r3b1k/3P1Qpp/2b2p2/2p1pP2/8/3qB1N1/6PP/4R1K1,1,-1
1r3b1k/3P2pp/2b2p2/2p1pP1Q/8/3qB1N1/6PP/4R1K1,0,-1
1r3b1k/3q2pp/2b2p2/2p1pP1Q/8/4B1N1/6PP/4R1K1,1,-1
1r3b1k/3q2pp/2b2p2/2p1pP1Q/8/4B1N1/6PP/3R2K1,0,-1
1r3b1k/2q3pp/2b2p2/2p1pP1Q/8/4B1N1/6PP/3R2K1,1,-1
1r3b1k/2q3pp/2b2p2/2p1pP1Q/7P/4B1N1/6P1/3R2K1,0,-1
1r3b1k/2q3pp/2b2p2/4pP1Q/2p4P/4B1N1/6P1/3R2K1,1,-1
1r3b1k/2q3pp/2b2p2/4pP2/2p3QP/4B1N1/6P1/3R2K1,0,-1
br3b1k/2q3pp/5p2/4pP2/2p3QP/4B1N1/6P1/3R2K1,1,-1
br3b1k/2q3pp/5p2/4pP1P/2p3Q1/4B1N1/6P1/3R2K1,0,-1
br3b1k/2q3p1/5p1p/4pP1P/2p3Q1/4B1N1/6P1/3R2K1,1,-1
br3b1k/2q3p1/5p1p/4pP1P/2p3Q1/4B1N1/6P1/2R3K1,0,-1
br3b1k/2q3p1/5p1p/4pP1P/6Q1/2p1B1N1/6P1/2R3K1,1,-1
br3b1k/2q3p1/5p1p/4pP1P/6Q1/2p1B3/4N1P1/2R3K1,0,-1
br3b1k/2q3p1/5p1p/4pP1P/6Q1/4B3/2p1N1P1/2R3K1,1,-1
br3b1k/2q3p1/5p1p/4pP1P/Q7/4B3/2p1N1P1/2R3K1,0,-1
br3b1k/1q4p1/5p1p/4pP1P/Q7/4B3/2p1N1P1/2R3K1,1,-1
r1b1r1k1/1pq1bppp/p3pn2/n3P3/3N4/2N1B3/1PPQB1PP/R4RK1,0,-1
r1b1r1k1/1p2bppp/p3pn2/n3q3/3N4/2N1B3/1PPQB1PP/R4RK1,1,-1
r1b1r1k1/1p2bppp/p3pn2/n3q3/3N1B2/2N5/1PPQB1PP/R4RK1,0,-1
r1b1r1k1/1p2bppp/p3pn2/n1q5/3N1B2/2N5/1PPQB1PP/R4RK1,1,-1
r1b1r1k1/1p2bppp/p3pn2/n1q5/1P1N1B2/2N5/2PQB1PP/R4RK1,0,-1
r1b1r1k1/1p2bppp/p3pn2/n7/1q1N1B2/2N5/2PQB1PP/R4RK1,1,-1
r1b1r1k1/1p2bppp/p3pn2/n7/1q1N1B2/2N5/2PQB1PP/RR4K1,0,-1
r1b1r1k1/1p2bppp/p3pn2/8/1qnN1B2/2N5/2PQB1PP/RR4K1,1,-1
r1b1r1k1/1p2bppp/p3pn2/8/1qnN1B2/2NQ4/2P1B1PP/RR4K1,0,-1
r1b1r1k1/1p2bppp/p3pn2/8/1q1N1B2/2NQ4/1nP1B1PP/RR4K1,1,-1
r1b1r1k1/1p2bppp/p3pn2/8/1q1N1B2/2N1Q3/1nP1B1PP/RR4K1,0,-1
r1b1r1k1/1p3ppp/p3pn2/2b5/1q1N1B2/2N1Q3/1nP1B1PP/RR4K1,1,-1
r1b1r1k1/1p3ppp/p3pn2/2b1B3/1q1N4/2N1Q3/1nP1B1PP/RR4K1,0,-1
r1b1r1k1/1p3ppp/p3p3/2bnB3/1q1N4/2N1Q3/1nP1B1PP/RR4K1,1,-1
r1b1r1k1/1p3ppp/p3p3/2bnB3/1q1N4/2N3Q1/1nP1B1PP/RR4K1,0,-1
r1b1r1k1/1p3ppp/p3p3/3nB3/1q1b4/2N3Q1/1nP1B1PP/RR4K1,1,-1
r1b1r1k1/1p3ppp/p3p3/3nB3/1q1b4/2N3Q1/1nP1B1PP/RR5K,0,-1
r1b1r1k1/1p3ppp/p3p3/3nb3/1q6/2N3Q1/1nP1B1PP/RR5K,1,-1
r1b1r1k1/1p3ppp/p3p3/3nQ3/1q6/2N5/1nP1B1PP/RR5K,0,-1
r1b1r1k1/1p3ppp/p3p3/3nQ3/8/2q5/1nP1B1PP/RR5K,1,-1
1qr1r1k1/1b3ppp/3b4/1p2pP2/4p3/1P4BP/P1NQ2PK/3R1B2,0,-1
1qrr2k1/1b3ppp/3b4/1p2pP2/4p3/1P4BP/P1NQ2PK/3R1B2,1,-1
1qrr2k1/1b3ppp/3b4/1p2pP2/4p3/1P4BP/P1N2QPK/3R1B2,0,-1
1qrr2k1/1b4pp/3b1p2/1p2pP2/4p3/1P4BP/P1N2QPK/3R1B2,1,-1
1qrr2k1/1b4pp/3b1p2/1p2pP2/4p3/1P2N1BP/P4QPK/3R1B2,0,-1
1qrr2k1/1b4pp/5p2/1pb1pP2/4p3/1P2N1BP/P4QPK/3R1B2,1,-1
1qrr2k1/1b4pp/5p2/1pb1pP2/4p3/1P2N1BP/P4QPK/4RB2,0,-1
2rr2k1/qb4pp/5p2/1pb1pP2/4p3/1P2N1BP/P4QPK/4RB2,1,-1
2rr2k1/qb4pp/5p2/1Bb1pP2/4p3/1P2N1BP/P4QPK/4R3,0,-1
2r3k1/qb4pp/3r1p2/1Bb1pP2/4p3/1P2N1BP/P4QPK/4R3,1,-1
2r3k1/qb4pp/3r1p2/2b1pP2/2B1p3/1P2N1BP/P4QPK/4R3,0,-1
2r4k/qb4pp/3r1p2/2b1pP2/2B1p3/1P2N1BP/P4QPK/4R3,1,-1
2r4k/qb4pp/3r1p2/2b1pP2/2B1p3/1P2N1BP/P3Q1PK/4R3,0,-1
3r3k/qb4pp/3r1p2/2b1pP2/2B1p3/1P2N1BP/P3Q1PK/4R3,1,-1
3r3k/qb4pp/3r1p2/2b1pP2/2B1p1N1/1P4BP/P3Q1PK/4R3,0,-1
3r3k/qb4pp/5p2/2b1pP2/2B1p1N1/1P4BP/P2rQ1PK/4R3,1,-1
3r3k/qb4pp/5p2/2b1pP2/2B1p1N1/1P4BP/P2r2PK/4RQ2,0,-1
3r3k/qb4pp/5p2/2b1pP2/2B3N1/1P2p1BP/P2r2PK/4RQ2,1,-1
3r3k/qb4pp/5p2/2b1BP2/2B3N1/1P2p2P/P2r2PK/4RQ2,0,-1
3r3k/qb4pp/5p2/2b1BP2/2B3N1/1P2p2P/P5rK/4RQ2,1,-1
b2q2k1/5p2/6pP/1Q6/4Pb1P/1N3B2/4K3/8,0,-1
b2q2k1/5p2/6pb/1Q6/4P2P/1N3B2/4K3/8,1,-1
b2q2k1/5p2/6pb/1Q5P/4P3/1N3B2/4K3/8,0,-1
b2q2k1/5p2/7b/1Q5p/4P3/1N3B2/4K3/8,1,-1
b2q2k1/5p2/7b/7Q/4P3/1N3B2/4K3/8,0,-1
b2q2k1/5p2/8/6bQ/4P3/1N3B2/4K3/8,1,-1
b2q2k1/5p2/8/6b1/4P1Q1/1N3B2/4K3/8,0,-1
3q2k1/5p2/2b5/6b1/4P1Q1/1N3B2/4K3/8,1,-1
3q2k1/5p2/2b5/5Qb1/4P3/1N3B2/4K3/8,0,-1
3q2k1/3b1p2/8/5Qb1/4P3/1N3B2/4K3/8,1,-1
3q2k1/3b1p2/8/2Q3b1/4P3/1N3B2/4K3/8,0,-1
3q2k1/3bbp2/8/2Q5/4P3/1N3B2/4K3/8,1,-1
3q2k1/3bbp2/8/8/4P3/1N3B2/4K3/6Q1,0,-1
3q1k2/3bbp2/8/8/4P3/1N3B2/4K3/6Q1,1,-1
3q1k2/3bbp2/8/8/3QP3/1N3B2/4K3/8,0,-1
3q1k2/4bp2/8/1b6/3QP3/1N3B2/4K3/8,1,-1
3q1k2/4bp2/8/1b6/3QP3/1N3B2/5K2/8,0,-1
3q1k2/5p2/8/1b6/3QP2b/1N3B2/5K2/8,1,-1
3q1k2/5p2/8/1b6/3QP2b/1N2KB2/8/8,0,-1
5k2/5p2/8/1b4q1/3QP2b/1N2KB2/8/8,1,-1
2r2rk1/4bppn/3p4/p1n1pP2/Pp2P1P1/2qNB3/P1P2RB1/R1Q3K1,1,1
2r2rk1/4bppn/3p4/p1N1pP2/Pp2P1P1/2q1B3/P1P2RB1/R1Q3K1,0,1
2r2rk1/4bppn/8/p1p1pP2/Pp2P1P1/2q1B3/P1P2RB1/R1Q3K1,1,1
2r2rk1/4bppn/8/p1p1pP2/Pp2P1P1/2q1B3/P1P2RB1/1RQ3K1,0,1
2r2rk1/4bppn/8/p1p1pP2/Ppq1P1P1/4B3/P1P2RB1/1RQ3K1,1,1
2r2rk1/4bppn/8/p1p1pPP1/Ppq1P3/4B3/P1P2RB1/1RQ3K1,0,1
2r2rk1/4bppn/8/p1p1pPP1/Pp2P3/4B3/q1P2RB1/1RQ3K1,1,1
2r2rk1/4bppn/5P2/p1p1p1P1/Pp2P3/4B3/q1P2RB1/1RQ3K1,0,1
2rb1rk1/5ppn/5P2/p1p1p1P1/Pp2P3/4B3/q1P2RB1/1RQ3K1,1,1
2rb1rk1/5pPn/8/p1p1p1P1/Pp2P3/4B3/q1P2RB1/1RQ3K1,0,1
2rbr1k1/5pPn/8/p1p1p1P1/Pp2P3/4B3/q1P2RB1/1RQ3K1,1,1
2rbr1k1/5pPn/8/p1p1p1P1/Pp2P3/4B2B/q1P2R2/1RQ3K1,0,1
3br1k1/2r2pPn/8/p1p1p1P1/Pp2P3/4B2B/q1P2R2/1RQ3K1,1,1
3br1k1/2r2pPn/8/p1p1pBP1/Pp2P3/4B3/q1P2R2/1RQ3K1,0,1
3br3/2r2pkn/8/p1p1pBP1/Pp2P3/4B3/q1P2R2/1RQ3K1,1,1
3br3/2r2pkn/8/p1p1pBP1/Pp2P3/4B3/q1P4R/1RQ3K1,0,1
3brn2/2r2pk1/8/p1p1pBP1/Pp2P3/4B3/q1P4R/1RQ3K1,1,1
3brn2/2r2pk1/8/p1p1pBP1/Pp2P3/4B3/q1P4R/1R3QK1,0,1
3brn2/2r2pk1/8/p1p1pBP1/Ppq1P3/4B3/2P4R/1R3QK1,1,1
3brn2/2r2pk1/8/p1p1pBP1/PpQ1P3/4B3/2P4R/1R4K1,0,1
8/8/5k2/6p1/3K2P1/1r3P2/1P1R4/8,0,1
8/8/5k2/6p1/3K2P1/5r2/1P1R4/8,1,1
8/8/5k2/6p1/1P1K2P1/5r2/3R4/8,0,1
8/8/5k2/6p1/1P1K1rP1/8/3R4/8,1,1
8/8/5k2/2K3p1/1P3rP1/8/3R4/8,0,1
8/8/5k2/2K3p1/1P4r1/8/3R4/8,1,1
8/8/5k2/1PK3p1/6r1/8/3R4/8,0,1
8/8/5k2/1PK3p1/8/8/3R4/6r1,1,1
8/8/5k2/1PK3p1/8/8/1R6/6r1,0,1
8/8/5k2/1PK3p1/8/8/1R6/2r5,1,1
8/8/3K1k2/1P4p1/8/8/1R6/2r5,0,1
8/8/3K1k2/1P4p1/8/8/1R6/3r4,1,1
8/2K5/5k2/1P4p1/8/8/1R6/3r4,0,1
8/2K5/5k2/1P4p1/8/8/1R6/2r5,1,1
8/3K4/5k2/1P4p1/8/8/1R6/2r5,0,1
8/3K4/5k2/1P4p1/8/8/1R6/3r4,1,1
8/2K5/5k2/1P4p1/8/8/1R6/3r4,0,1
8/2K5/5k2/1P4p1/8/8/1R6/2r5,1,1
1K6/8/5k2/1P4p1/8/8/1R6/2r5,0,1
1K6/8/5k2/1P6/6p1/8/1R6/2r5,1,1
1R6/1P5k/5K2/5p1p/4p2P/6P1/1r3P2/8,1,1
5R2/1P5k/5K2/5p1p/4p2P/6P1/1r3P2/8,0,1
5R2/1P5k/1r3K2/5p1p/4p2P/6P1/5P2/8,1,1
5R2/1P5k/1r6/5K1p/4p2P/6P1/5P2/8,0,1
5R2/1r5k/8/5K1p/4p2P/6P1/5P2/8,1,1
5R2/1r5k/8/7p/4K2P/6P1/5P2/8,0,1
5R2/1r6/6k1/7p/4K2P/6P1/5P2/8,1,1
6R1/1r6/6k1/7p/4K2P/6P1/5P2/8,0,1
6R1/1r6/7k/7p/4K2P/6P1/5P2/8,1,1
8/1r6/7k/6Rp/4K2P/6P1/5P2/8,0,1
8/5r2/7k/6Rp/4K2P/6P1/5P2/8,1,1
8/5r2/7k/5R1p/4K2P/6P1/5P2/8,0,1
8/4r3/7k/5R1p/4K2P/6P1/5P2/8,1,1
8/4r3/7k/5R1p/5K1P/6P1/5P2/8,0,1
8/8/7k/5R1p/5K1P/6P1/4rP2/8,1,1
8/8/5R1k/7p/5K1P/6P1/4rP2/8,0,1
8/6k1/5R2/7p/5K1P/6P1/4rP2/8,1,1
8/6k1/5R2/6Kp/7P/6P1/4rP2/8,0,1
8/6k1/5R2/4r1Kp/7P/6P1/5P2/8,1,1
8/6k1/8/4rRKp/7P/6P1/5P2/8,0,1
r7/5R2/1r3npk/4p2p/1P1pP2P/P4PP1/B2R2K1/8,1,1
r7/5R2/1r3npk/4p2p/1P1pP2P/P2R1PP1/B5K1/8,0,1
r7/5R2/2r2npk/4p2p/1P1pP2P/P2R1PP1/B5K1/8,1,1
r7/5R2/2r2npk/4p2p/1P1pP2P/P2R1PPK/B7/8,0,1
2r5/5R2/2r2npk/4p2p/1P1pP2P/P2R1PPK/B7/8,1,1
2r5/5R2/2r2npk/1P2p2p/3pP2P/P2R1PPK/B7/8,0,1
2r5/5R2/5npk/1P2p2p/3pP2P/P2R1PPK/B7/2r5,1,1
2r5/5R2/5npk/1P2p2p/3pP2P/PB1R1PPK/8/2r5,0,1
2r1n3/5R2/6pk/1P2p2p/3pP2P/PB1R1PPK/8/2r5,1,1
2r1n3/5R2/1P4pk/4p2p/3pP2P/PB1R1PPK/8/2r5,0,1
2r1n3/5R2/1P4pk/4p2p/3pP2P/PB1R1PPK/8/7r,1,1
2r1n3/5R2/1P4pk/4p2p/3pP2P/PB1R1PP1/6K1/7r,0,1
2r1n3/5R2/1P4pk/4p2p/3pP2P/PB1R1PP1/6K1/1r6,1,1
2r1n3/5R2/1P4pk/4p2p/3pP1PP/PB1R1P2/6K1/1r6,0,1
2r1n3/5R2/1P4pk/4p3/3pP1pP/PB1R1P2/6K1/1r6,1,1
2r1n3/5R2/1P4pk/4p3/3pP1PP/PB1R4/6K1/1r6,0,1
2r1n3/5R2/1P5k/4p1p1/3pP1PP/PB1R4/6K1/1r6,1,1
2r1n3/5R2/1P5k/4p1P1/3pP1P1/PB1R4/6K1/1r6,0,1
2r1n3/5R2/1P4k1/4p1P1/3pP1P1/PB1R4/6K1/1r6,1,1
2r1n3/1P3R2/6k1/4p1P1/3pP1P1/PB1R4/6K1/1r6,0,1
2rqr1k1/4pp1p/3p2p1/3P1b2/1p1Q3P/1B3P2/1PPK2P1/R3R3,1,-1
2rqr1k1/4pp1p/3p2p1/3P1b2/1p1Q2PP/1B3P2/1PPK4/R3R3,0,-1
2rqr1k1/5p1p/3p2p1/3Ppb2/1p1Q2PP/1B3P2/1PPK4/R3R3,1,-1
2rqr1k1/5p1p/3p2p1/3Ppb2/1Q4PP/1B3P2/1PPK4/R3R3,0,-1
2r1r1k1/5p1p/3p2p1/3Ppb2/1Q4Pq/1B3P2/1PPK4/R3R3,1,-1
2r1r1k1/5p1p/3p2p1/3Ppb2/1Q4Pq/1B3P2/1PPKR3/R7,0,-1
2r1r1k1/5p1p/3p2p1/3P1b2/1Q2p1Pq/1B3P2/1PPKR3/R7,1,-1
2r1r1k1/5p1p/3p2p1/1Q1P1b2/4p1Pq/1B3P2/1PPKR3/R7,0,-1
2r1r1k1/5p1p/3p2p1/1Q1P1b2/6Pq/1B2pP2/1PPKR3/R7,1,-1
2r1r1k1/5p1p/3p2p1/1Q1P1b2/6Pq/1B2RP2/1PPK4/R7,0,-1
2r1r1k1/5p1p/3p2p1/1Q1P1b2/6P1/1B2RP2/1PPK1q2/R7,1,-1
2r1r1k1/5p1p/3p2p1/3P1b2/6P1/1B2RP2/1PPKQq2/R7,0,-1
2r1r1k1/5p1p/3p2p1/3P1b2/6P1/1B2RP2/1PPKq3/R7,1,-1
2r1r1k1/5p1p/3p2p1/3P1b2/6P1/1B2RP2/1PP1K3/R7,0,-1
2r1r1k1/5p1p/3p2p1/3P4/6P1/1B2RP2/1Pb1K3/R7,1,-1
2r1r1k1/5p1p/3p2p1/3P4/6P1/1B2RP2/1Pb1K3/2R5,0,-1
2r3k1/5p1p/3p2p1/3P4/6P1/1B2rP2/1Pb1K3/2R5,1,-1
2r3k1/5p1p/3p2p1/3P4/6P1/1B2KP2/1Pb5/2R5,0,-1
4r1k1/5p1p/3p2p1/3P4/6P1/1B2KP2/1Pb5/2R5,1,-1
4r1k1/5p1p/3p2p1/3P4/3K2P1/1B3P2/1Pb5/2R5,0,-1
4n3/3rk1pp/4pp2/2R5/8/1PB2P2/2P3PP/6K1,1,1
4n3/3rk1pp/4pp2/2R5/8/1PB2P2/2P2KPP/8,0,1
8/2nrk1pp/4pp2/2R5/8/1PB2P2/2P2KPP/8,1,1
8/2nrk1pp/4pp2/2R5/8/1PB2P2/2P1K1PP/8,0,1
8/2nrk1pp/5p2/2R1p3/8/1PB2P2/2P1K1PP/8,1,1
8/2nrk1pp/5p2/2R1p3/8/1PB2PP1/2P1K2P/8,0,1
8/2nrk1p1/5p2/2R1p2p/8/1PB2PP1/2P1K2P/8,1,1
8/2nrk1p1/5p2/4p2p/2R5/1PB2PP1/2P1K2P/8,0,1
8/3rk1p1/5p2/3np2p/2R5/1PB2PP1/2P1K2P/8,1,1
8/3rk1p1/5p2/3np2p/2R5/1P3PP1/2PBK2P/8,0,1
8/3r2p1/4kp2/3np2p/2R5/1P3PP1/2PBK2P/8,1,1
8/3r2p1/2R1kp2/3np2p/8/1P3PP1/2PBK2P/8,0,1
8/3r1kp1/2R2p2/3np2p/8/1P3PP1/2PBK2P/8,1,1
8/3r1kp1/2R2p2/3np2p/1P6/5PP1/2PBK2P/8,0,1
8/3rnkp1/2R2p2/4p2p/1P6/5PP1/2PBK2P/8,1,1
8/3rnkp1/R4p2/4p2p/1P6/5PP1/2PBK2P/8,0,1
8/3r1kp1/R4p2/4pn1p/1P6/5PP1/2PBK2P/8,1,1
8/3r1kp1/R4p2/4pn1p/1P6/4BPP1/2P1K2P/8,0,1
8/2r2kp1/R4p2/4pn1p/1P6/4BPP1/2P1K2P/8,1,1
8/R1r2kp1/5p2/4pn1p/1P6/4BPP1/2P1K2P/8,0,1
rn1q1rk1/1b2bp2/6p1/3pp3/PN5p/3Q1B2/1P2NBPP/R2R2K1,0,-1
rn1q1rk1/1b3p2/6p1/3pp3/Pb5p/3Q1B2/1P2NBPP/R2R2K1,1,-1
rn1q1rk1/1b3p2/6p1/1Q1pp3/Pb5p/5B2/1P2NBPP/R2R2K1,0,-1
rn3rk1/1b2qp2/6p1/1Q1pp3/Pb5p/5B2/1P2NBPP/R2R2K1,1,-1
rn3rk1/1b2qp2/6p1/1Q1pp3/Pb5B/5B2/1P2N1PP/R2R2K1,0,-1
rn3rk1/1b3p2/6p1/1Q1pp3/Pb5q/5B2/1P2N1PP/R2R2K1,1,-1
rn3rk1/1Q3p2/6p1/3pp3/Pb5q/5B2/1P2N1PP/R2R2K1,0,-1
r4rk1/1Q3p2/n5p1/3pp3/Pb5q/5B2/1P2N1PP/R2R2K1,1,-1
r4rk1/1Q3p2/n5p1/3Bp3/Pb5q/8/1P2N1PP/R2R2K1,0,-1
r4rk1/1Q3p2/n5p1/2bBp3/P6q/8/1P2N1PP/R2R2K1,1,-1
r4rk1/1Q3p2/n5p1/2bBp3/P6q/8/1P2N1PP/R2R3K,0,-1
5rk1/rQ3p2/n5p1/2bBp3/P6q/8/1P2N1PP/R2R3K,1,-1
5rk1/r4p2/n1Q3p1/2bBp3/P6q/8/1P2N1PP/R2R3K,0,-1
5rk1/r4p2/n1Q3p1/2bBp1q1/P7/8/1P2N1PP/R2R3K,1,-1
5rk1/r4p2/n1Q3p1/2bBp1q1/P7/6N1/1P4PP/R2R3K,0,-1
5r2/r4pk1/n1Q3p1/2bBp1q1/P7/6N1/1P4PP/R2R3K,1,-1
5r2/r4pk1/n1Q3p1/2b1p1q1/P1B5/6N1/1P4PP/R2R3K,0,-1
7r/r4pk1/n1Q3p1/2b1p1q1/P1B5/6N1/1P4PP/R2R3K,1,-1
7r/r4pk1/n5p1/2b1p1q1/P1B5/5QN1/1P4PP/R2R3K,0,-1
8/r4pk1/n5p1/2b1p1q1/P1B5/5QN1/1P4Pr/R2R3K,1,-1
8/8/3kbp2/8/2p1PKP1/2P1R3/6B1/2r5,0,0
8/8/3kbp2/8/2p1PKP1/2P1R3/2r3B1/8,1,0
8/8/3kbp2/8/2p1PKP1/2P3R1/2r3B1/8,0,0
8/8/3kbp2/8/2p1PKP1/2P3R1/5rB1/8,1,0
8/8/3kbp2/8/2p1PKP1/2P2BR1/5r2/8,0,0
8/8/3kbp2/8/2p1PKP1/2P2BR1/2r5/8,1,0
8/8/3kbp2/8/2p1PKP1/2P3R1/2r5/7B,0,0
8/8/3kbp2/8/2p1PKP1/2P3R1/5r2/7B,1,0
8/8/3kbp2/8/2p1PKP1/2P2BR1/5r2/8,0,0
8/8/3kbp2/8/2p1PKP1/2P2BR1/2r5/8,1,0
8/8/3kbp2/8/2p1PKP1/2P3R1/2r5/3B4,0,0
8/8/3kbp2/8/2p1PKP1/2P3R1/3r4/3B4,1,0
8/8/3kbp2/8/2p1PKP1/2P2BR1/3r4/8,0,0
8/8/3kbp2/8/2p1PKP1/2P2BR1/2r5/8,1,0
8/8/3kbp2/8/2p1PKP1/2P3R1/2r3B1/8,0,0
8/8/3kbp2/8/2p1PKP1/2P3R1/5rB1/8,1,0
8/8/3kbp2/8/2p1PKP1/2P2BR1/5r2/8,0,0
8/8/3kbp2/8/2p1PKP1/2P2BR1/2r5/8,1,0
8/8/3kbp2/8/2p1PKP1/2P3R1/2r5/3B4,0,0
8/8/3kbp2/8/2p1PKP1/2P3R1/3r4/3B4,1,0
8/8/8/8/4N3/5K2/7B/3k4,1,1
8/8/8/8/4N3/4K3/7B/3k4,0,1
8/8/8/8/4N3/4K3/2k4B/8,1,1
8/8/8/8/8/4K3/2kN3B/8,0,1
8/8/8/8/8/2k1K3/3N3B/8,1,1
8/8/3B4/8/8/2k1K3/3N4/8,0,1
8/8/3B4/8/8/4K3/2kN4/8,1,1
8/8/8/4B3/8/4K3/2kN4/8,0,1
8/8/8/4B3/8/4K3/3N4/3k4,1,1
8/8/8/4B3/8/3K4/3N4/3k4,0,1
8/8/8/4B3/8/3K4/3N4/4k3,1,1
8/8/8/8/8/3K2B1/3N4/4k3,0,1
8/8/8/8/8/3K2B1/3N4/3k4,1,1
8/8/8/8/8/3K4/3N1B2/3k4,0,1
8/8/8/8/8/3K4/3N1B2/2k5,1,1
8/8/8/8/2N5/3K4/5B2/2k5,0,1
8/8/8/8/2N5/3K4/5B2/3k4,1,1
8/8/8/8/8/3K4/1N3B2/3k4,0,1
8/8/8/8/8/3K4/1N3B2/2k5,1,1
8/8/8/8/8/2K5/1N3B2/2k5,0,1
4r2k/r2nb3/pR1p4/2pPp1p1/2P2p2/P2P4/3B1PPN/4R1K1,1,0
4r2k/r2nb3/p1Rp4/2pPp1p1/2P2p2/P2P4/3B1PPN/4R1K1,0,0
1r5k/r2nb3/p1Rp4/2pPp1p1/2P2p2/P2P4/3B1PPN/4R1K1,1,0
1r5k/r2nb3/p1Rp4/2pPp1p1/2P2p2/P2P4/3B1PPN/2R3K1,0,0
1r5k/r2nb3/2Rp4/p1pPp1p1/2P2p2/P2P4/3B1PPN/2R3K1,1,0
1r5k/r2nb3/2Rp4/p1pPp1p1/2P2pN1/P2P4/3B1PP1/2R3K1,0,0
1r6/r2nb1k1/2Rp4/p1pPp1p1/2P2pN1/P2P4/3B1PP1/2R3K1,1,0
1r6/r2nb1k1/2Rp4/p1pPp1p1/2P2pN1/P2P1P2/3B2P1/2R3K1,0,0
1r6/r2nb1k1/2Rp4/2pPp1p1/p1P2pN1/P2P1P2/3B2P1/2R3K1,1,0
1r6/r2nb1k1/2Rp4/2pPp1p1/p1P2p2/P2P1P2/3B1NP1/2R3K1,0,0
1r6/r3b1k1/2Rp1n2/2pPp1p1/p1P2p2/P2P1P2/3B1NP1/2R3K1,1,0
1r6/r3b1k1/2Rp1n2/2pPp1p1/p1P2p2/P2P1P2/3B1NP1/2R2K2,0,0
8/r3b1k1/2Rp1n2/2pPp1p1/p1P2p2/Pr1P1P2/3B1NP1/2R2K2,1,0
8/r3b1k1/2Rp1n2/2pPp1p1/p1P2p2/Pr1P1P2/3B1NP1/R4K2,0,0
8/r3bk2/2Rp1n2/2pPp1p1/p1P2p2/Pr1P1P2/3B1NP1/R4K2,1,0
8/r3bk2/2Rp1n2/2pPp1p1/p1P2p2/Pr1P1P2/3BKNP1/R7,0,0
4k3/r3b3/2Rp1n2/2pPp1p1/p1P2p2/Pr1P1P2/3BKNP1/R7,1,0
4k3/r3b3/2Rp1n2/2pPp1p1/p1P2p2/Pr1P1P2/3BK1P1/R2N4,0,0
8/r2kb3/2Rp1n2/2pPp1p1/p1P2p2/Pr1P1P2/3BK1P1/R2N4,1,0
8/r2kb3/2Rp1n2/2pPp1p1/p1P2p2/PrNP1P2/3BK1P1/R7,0,0
8/Q4p2/5k2/P2p2pp/4q3/6PP/5P1K/8,1,1
8/Q4p2/P4k2/3p2pp/4q3/6PP/5P1K/8,0,1
8/Q4p2/P4k2/3p2p1/4q2p/6PP/5P1K/8,1,1
1Q6/5p2/P4k2/3p2p1/4q2p/6PP/5P1K/8,0,1
1Q6/5p2/P4k2/3p2p1/7p/5qPP/5P1K/8,1,1
8/5p2/PQ3k2/3p2p1/7p/5qPP/5P1K/8,0,1
8/5pk1/PQ6/3p2p1/7p/5qPP/5P1K/8,1,1
8/5pk1/P7/3p2p1/3Q3p/5qPP/5P1K/8,0,1
8/5p2/P5k1/3p2p1/3Q3p/5qPP/5P1K/8,1,1
8/5p2/P5k1/3p2p1/3Q3P/5q1P/5P1K/8,0,1
8/5p2/P5k1/3p2p1/3Q3P/q6P/5P1K/8,1,1
8/P4p2/6k1/3p2p1/3Q3P/q6P/5P1K/8,0,1
8/P4p2/6k1/3p4/3Q3p/q6P/5P1K/8,1,1
8/P4p2/6k1/3p4/6Qp/q6P/5P1K/8,0,1
8/P4p2/5k2/3p4/6Qp/q6P/5P1K/8,1,1
8/P4p2/5k2/3p4/7Q/q6P/5P1K/8,0,1
8/P4p2/4k3/3p4/7Q/q6P/5P1K/8,1,1
8/P4p2/4k3/3p4/6Q1/q6P/5P1K/8,0,1
8/P3kp2/8/3p4/6Q1/q6P/5P1K/8,1,1
8/P3kp2/8/3p2Q1/8/q6P/5P1K/8,0,1
r2qk2r/1b1nbppp/p2ppn2/1pp5/3PP3/2P2N2/PPBNQPPP/R1B2RK1,0,1
r3k2r/1bqnbppp/p2ppn2/1pp5/3PP3/2P2N2/PPBNQPPP/R1B2RK1,1,1
r3k2r/1bqnbppp/p2ppn2/1pp5/3PP3/2PB1N2/PP1NQPPP/R1B2RK1,0,1
r4rk1/1bqnbppp/p2ppn2/1pp5/3PP3/2PB1N2/PP1NQPPP/R1B2RK1,1,1
r4rk1/1bqnbppp/p2ppn2/1pp5/3PP3/1PPB1N2/P2NQPPP/R1B2RK1,0,1
r4rk1/1bqnbppp/p2p1n2/1pp1p3/3PP3/1PPB1N2/P2NQPPP/R1B2RK1,1,1
r4rk1/1bqnbppp/p2p1n2/1ppPp3/4P3/1PPB1N2/P2NQPPP/R1B2RK1,0,1
r4rk1/1bqnbppp/p2p4/1ppPp2n/4P3/1PPB1N2/P2NQPPP/R1B2RK1,1,1
r4rk1/1bqnbppp/p2p4/1ppPp2n/4P3/1PPB1NP1/P2NQP1P/R1B2RK1,0,1
r4rk1/1bqnb1pp/p2p4/1ppPpp1n/4P3/1PPB1NP1/P2NQP1P/R1B2RK1,1,1
r4rk1/1bqnb1pp/p2p4/1ppPpP1n/8/1PPB1NP1/P2NQP1P/R1B2RK1,0,1
r4rk1/2qnb1pp/p2p4/1ppbpP1n/8/1PPB1NP1/P2NQP1P/R1B2RK1,1,1
r4rk1/2qnb1pp/p2p4/1ppbpP1n/2P5/1P1B1NP1/P2NQP1P/R1B2RK1,0,1
r4rk1/1bqnb1pp/p2p4/1pp1pP1n/2P5/1P1B1NP1/P2NQP1P/R1B2RK1,1,1
r4rk1/1bqnb1pp/p2p4/1pp1pP1n/2P1N3/1P1B1NP1/P3QP1P/R1B2RK1,0,1
r4rk1/1b1nb1pp/p1qp4/1pp1pP1n/2P1N3/1P1B1NP1/P3QP1P/R1B2RK1,1,1
r4rk1/1b1nb1pp/p1qp4/1pp1pPNn/2P1N3/1P1B2P1/P3QP1P/R1B2RK1,0,1
r4rk1/1b1n2pp/p1qp4/1pp1pPbn/2P1N3/1P1B2P1/P3QP1P/R1B2RK1,1,1
r4rk1/1b1n2pp/p1qp4/1pp1pPBn/2P1N3/1P1B2P1/P3QP1P/R4RK1,0,1
r4rk1/1b1n2pp/p1qp1n2/1pp1pPB1/2P1N3/1P1B2P1/P3QP1P/R4RK1,1,1
2r1kb1r/3b3p/p4p2/1p2B3/2q5/6Q1/PPP3PP/1K1RR3,0,-1
2r1kb1r/7p/p3bp2/1p2B3/2q5/6Q1/PPP3PP/1K1RR3,1,-1
2r1kb1r/7p/p3bp2/1p6/2q5/2B3Q1/PPP3PP/1K1RR3,0,-1
2r1kb1r/7p/p3bp2/1p6/8/2B3Q1/qPP3PP/1K1RR3,1,-1
2r1kb1r/7p/p3bp2/1p6/8/2B3Q1/qPP3PP/2KRR3,0,-1
2r1k2r/7p/p3bp1b/1p6/8/2B3Q1/qPP3PP/2KRR3,1,-1
2r1k2r/7p/p3bp1b/1p6/8/2B1R1Q1/qPP3PP/2KR4,0,-1
2r1k2r/7p/p3bp1b/1p6/8/2B1R1Q1/1PP3PP/q1KR4,1,-1
2r1k2r/7p/p3bp1b/1p6/8/2B1R1Q1/1PPK2PP/q2R4,0,-1
3rk2r/7p/p3bp1b/1p6/8/2B1R1Q1/1PPK2PP/q2R4,1,-1
3rk2r/7p/p3bp1b/1p6/3B4/4R1Q1/1PPK2PP/q2R4,0,-1
4k2r/7p/p3bp1b/1p6/3r4/4R1Q1/1PPK2PP/q2R4,1,-1
4k2r/7p/p3bp1b/1p6/3r4/2K1R1Q1/1PP3PP/q2R4,0,-1
4k2r/7p/p3bp1b/1p6/2r5/2K1R1Q1/1PP3PP/q2R4,1,-1
4k2r/7p/p3bp1b/1p6/2r5/4R1Q1/1PPK2PP/q2R4,0,-1
4k2r/7p/p3bp1b/qp6/2r5/4R1Q1/1PPK2PP/3R4,1,-1
4k2r/7p/p3bp1b/qp6/2r5/2P1R1Q1/1P1K2PP/3R4,0,-1
7r/5k1p/p3bp1b/qp6/2r5/2P1R1Q1/1P1K2PP/3R4,1,-1
7r/5k1p/p3bp1b/qp6/2r5/2P1R1Q1/1P4PP/3RK3,0,-1
7r/5k1p/p3bp2/qp6/2r5/2P1b1Q1/1P4PP/3RK3,1,-1
3R1rk1/1N5p/4bpp1/p3p3/P4n2/5Q2/1Pq2P1K/4R3,1,1
5Rk1/1N5p/4bpp1/p3p3/P4n2/5Q2/1Pq2P1K/4R3,0,1
5k2/1N5p/4bpp1/p3p3/P4n2/5Q2/1Pq2P1K/4R3,1,1
5k2/1N5p/4bpp1/p3p3/P4n2/5Q2/1Pq2P1K/3R4,0,1
5k2/1N5p/4bp2/p3p1p1/P4n2/5Q2/1Pq2P1K/3R4,1,1
5k2/1N5p/3Rbp2/p3p1p1/P4n2/5Q2/1Pq2P1K/8,0,1
8/1N2k2p/3Rbp2/p3p1p1/P4n2/5Q2/1Pq2P1K/8,1,1
8/1N2k2p/2R1bp2/p3p1p1/P4n2/5Q2/1Pq2P1K/8,0,1
8/1N2k2p/2R1bp2/p3p1p1/P4n2/5Q2/1q3P1K/8,1,1
8/1NR1k2p/4bp2/p3p1p1/P4n2/5Q2/1q3P1K/8,0,1
5k2/1NR4p/4bp2/p3p1p1/P4n2/5Q2/1q3P1K/8,1,1
5k2/1NR4p/4bp2/p3p1p1/P4n2/4Q3/1q3P1K/8,0,1
6k1/1NR4p/4bp2/p3p1p1/P4n2/4Q3/1q3P1K/8,1,1
6k1/QNR4p/4bp2/p3p1p1/P4n2/8/1q3P1K/8,0,1
6k1/QNR4p/4bpn1/p3p1p1/P7/8/1q3P1K/8,1,1
3N2k1/Q1R4p/4bpn1/p3p1p1/P7/8/1q3P1K/8,0,1
3N2k1/Q1R4p/4bpn1/p3p1p1/P7/1q6/5P1K/8,1,1
3N2k1/Q6R/4bpn1/p3p1p1/P7/1q6/5P1K/8,0,1
3N2k1/Q2b3R/5pn1/p3p1p1/P7/1q6/5P1K/8,1,1
3N2k1/3Q3R/5pn1/p3p1p1/P7/1q6/5P1K/8,0,1
2r5/5pk1/p5pp/1p2P1n1/2r3P1/1KNR3B/7P/3R4,1,1
2r5/5pk1/p5pp/1p1NP1n1/2r3P1/1K1R3B/7P/3R4,0,1
2r5/5pk1/p5pp/1p1NP3/2r3P1/1K1R3n/7P/3R4,1,1
2r5/5pk1/p5pp/1p1NP3/2r3P1/1K5R/7P/3R4,0,1
2r5/5pk1/p5pp/1p1NP3/6r1/1K5R/7P/3R4,1,1
2r5/5pk1/p5pp/1p1NP3/6r1/1K3R2/7P/3R4,0,1
3r4/5pk1/p5pp/1p1NP3/6r1/1K3R2/7P/3R4,1,1
3r4/5pk1/p5pp/1p1NP3/6r1/1K3R2/7P/5R2,0,1
3r4/5pk1/p5p1/1p1NP2p/6r1/1K3R2/7P/5R2,1,1
3r4/5Rk1/p5p1/1p1NP2p/6r1/1K6/7P/5R2,0,1
3r4/5R2/p5pk/1p1NP2p/6r1/1K6/7P/5R2,1,1
3r4/5R2/p5pk/1p2P2p/5Nr1/1K6/7P/5R2,0,1
4r3/5R2/p5pk/1p2P2p/5Nr1/1K6/7P/5R2,1,1
4r3/5R2/p5pk/1p2P2p/5Nr1/1K6/7P/4R3,0,1
4r3/5R2/p5p1/1p2P1kp/5Nr1/1K6/7P/4R3,1,1
4r3/5R2/p5p1/1p2P1kp/4RNr1/1K6/7P/8,0,1
4r3/5R2/6p1/pp2P1kp/4RNr1/1K6/7P/8,1,1
4r3/5R2/4P1p1/pp4kp/4RNr1/1K6/7P/8,0,1
4r3/5R2/4P1p1/pp4kp/4Rr2/1K6/7P/8,1,1
4r3/8/4P1p1/pp4kp/4RR2/1K6/7P/8,0,1
3n4/1p1qk1p1/pP3p1p/P3p3/2P5/2N1PQ1P/6P1/6K1,1,1
3n4/1p1qk1p1/pP3p1p/P2Np3/2P5/4PQ1P/6P1/6K1,0,1
3n4/1p1q1kp1/pP3p1p/P2Np3/2P5/4PQ1P/6P1/6K1,1,1
3n4/1p1q1kp1/pP3p1p/P2Np2Q/2P5/4P2P/6P1/6K1,0,1
3n1k2/1p1q2p1/pP3p1p/P2Np2Q/2P5/4P2P/6P1/6K1,1,1
3n1k2/1p1q2p1/pP3p1p/P2Np2Q/2P1P3/7P/6P1/6K1,0,1
5k2/1p1q2p1/pPn2p1p/P2Np2Q/2P1P3/7P/6P1/6K1,1,1
5k2/1p1q2p1/pPn2p1p/P2Np3/2P1P3/5Q1P/6P1/6K1,0,1
5k2/1p4p1/pPnq1p1p/P2Np3/2P1P3/5Q1P/6P1/6K1,1,1
5k2/1p4p1/pPnq1p1p/P2Np3/2P1P1Q1/7P/6P1/6K1,0,1
5k2/1p4p1/pPn2p1p/P1qNp3/2P1P1Q1/7P/6P1/6K1,1,1
5k2/1p4p1/pPn2p1p/P1qNp3/2P1P1Q1/7P/6PK/8,0,1
5k2/1p4p1/pP3p1p/n1qNp3/2P1P1Q1/7P/6PK/8,1,1
5k2/1p1Q2p1/pP3p1p/n1qNp3/2P1P3/7P/6PK/8,0,1
6k1/1p1Q2p1/pP3p1p/n1qNp3/2P1P3/7P/6PK/8,1,1
6k1/1p1QN1p1/pP3p1p/n1q1p3/2P1P3/7P/6PK/8,0,1
8/1p1QN1pk/pP3p1p/n1q1p3/2P1P3/7P/6PK/8,1,1
8/1p2N1pk/pP3p1p/n1q1pQ2/2P1P3/7P/6PK/8,0,1
7k/1p2N1p1/pP3p1p/n1q1pQ2/2P1P3/7P/6PK/8,1,1
7k/1p2N1p1/pP2Qp1p/n1q1p3/2P1P3/7P/6PK/8,0,1
4rk2/5ppp/2N2b2/3P1b1n/1pB5/4pP2/PP5P/K3R2R,1,1
4rk2/5ppp/5b2/3P1b1n/1NB5/4pP2/PP5P/K3R2R,0,1
4rk2/5ppp/5b2/3P1b2/1NB2n2/4pP2/PP5P/K3R2R,1,1
4rk2/5ppp/5b2/3P1b2/PNB2n2/4pP2/1P5P/K3R2R,0,1
4rk2/5ppp/5b2/3P1b2/PNB2n2/5P2/1P2p2P/K3R2R,1,1
4rk2/5ppp/5b2/1B1P1b2/PN3n2/5P2/1P2p2P/K3R2R,0,1
5k2/5ppp/5b2/1B1P1b2/PN3n2/4rP2/1P2p2P/K3R2R,1,1
5k2/5ppp/5b2/1B1P1b2/PN3n2/4rP2/KP2p2P/4R2R,0,1
5k2/4bppp/8/1B1P1b2/PN3n2/4rP2/KP2p2P/4R2R,1,1
5k2/4bppp/2N5/1B1P1b2/P4n2/4rP2/KP2p2P/4R2R,0,1
5k2/5ppp/2N5/1B1P1b2/P4n1b/4rP2/KP2p2P/4R2R,1,1
5k2/5ppp/8/1B1P1b2/P2N1n1b/4rP2/KP2p2P/4R2R,0,1
5k2/5ppp/8/1B1P4/P2N1n1b/3brP2/KP2p2P/4R2R,1,1
5k2/5ppp/8/3P4/P2N1n1b/3BrP2/KP2p2P/4R2R,0,1
5k2/5ppp/8/3P4/P2N1n2/3BrP2/KP2p2P/4b2R,1,1
5k2/5ppp/8/3P4/P2N1n2/4rP2/KP2B2P/4b2R,0,1
5k2/5ppp/8/3P4/P2N4/4rP2/KP2n2P/4b2R,1,1
5k2/5ppp/8/3P4/P7/4rP2/KPN1n2P/4b2R,0,1
5k2/5ppp/8/3P4/P7/2n1rP2/KPN4P/4b2R,1,1
5k2/5ppp/8/3P4/P7/2P1rP2/K1N4P/4b2R,0,1
8/8/6p1/5pk1/1p5q/1B2p3/PP5p/1KRR4,0,-1
8/8/6p1/5pk1/1p5q/1B6/PP2p2p/1KRR4,1,-1
8/8/6p1/5pk1/1p5q/1B6/PP2p2p/1KR1R3,0,-1
8/8/6p1/5pk1/1p2q3/1B6/PP2p2p/1KR1R3,1,-1
8/8/6p1/5pk1/1p2q3/8/PPB1p2p/1KR1R3,0,-1
8/8/6p1/5pk1/1p6/4q3/PPB1p2p/1KR1R3,1,-1
8/8/6p1/5pk1/Bp6/4q3/PP2p2p/1KR1R3,0,-1
8/8/6p1/6k1/Bp3p2/4q3/PP2p2p/1KR1R3,1,-1
8/8/6p1/1B4k1/1p3p2/4q3/PP2p2p/1KR1R3,0,-1
8/8/6p1/1B4k1/1p6/4qp2/PP2p2p/1KR1R3,1,-1
8/8/6p1/6k1/1p6/4qp2/PP2B2p/1KR1R3,0,-1
8/8/6p1/6k1/1p6/4q3/PP2p2p/1KR1R3,1,-1
8/8/6p1/6k1/1p6/1P2q3/P3p2p/1KR1R3,0,-1
8/8/6p1/5k2/1p6/1P2q3/P3p2p/1KR1R3,1,-1
8/8/6p1/5k2/1p6/1P2q3/PK2p2p/2R1R3,0,-1
8/8/6p1/5k2/1p6/1P6/PK1qp2p/2R1R3,1,-1
8/8/6p1/5k2/1p6/1P6/P2qp2p/1KR1R3,0,-1
8/8/8/5kp1/1p6/1P6/P2qp2p/1KR1R3,1,-1
8/8/8/5kp1/1p6/1P6/P2qp2p/1KR4R,0,-1
8/8/8/5k2/1p4p1/1P6/P2qp2p/1KR4R,1,-1
2rqk2r/1b2pp1p/4n2Q/1p1pPR2/8/2NP4/1P1N2PP/R5K1,0,0
2r1k2r/1b2pp1p/1q2n2Q/1p1pPR2/8/2NP4/1P1N2PP/R5K1,1,0
2r1k2r/1b2pp1p/1q2n2Q/1p1pPR2/8/2NP4/1P1N2PP/R6K,0,0
2r1k2r/1b2pp1p/4n2Q/1p1pPR2/3q4/2NP4/1P1N2PP/R6K,1,0
2r1k2r/1b2pR1p/4n2Q/1p1pP3/3q4/2NP4/1P1N2PP/R6K,0,0
2r4r/1b2pk1p/4n2Q/1p1pP3/3q4/2NP4/1P1N2PP/R6K,1,0
2r4r/1b2pk1p/4n2Q/1p1pP3/3q4/2NP4/1P1N2PP/5R1K,0,0
2r1k2r/1b2p2p/4n2Q/1p1pP3/3q4/2NP4/1P1N2PP/5R1K,1,0
2r1k2r/1b2p2p/4Q3/1p1pP3/3q4/2NP4/1P1N2PP/5R1K,0,0
2r1k2r/1b2p2p/4Q3/1p1pP3/8/2Nq4/1P1N2PP/5R1K,1,0
2r1k2r/1b2p2p/1Q6/1p1pP3/8/2Nq4/1P1N2PP/5R1K,0,0
2r1k2r/4p2p/1Qb5/1p1pP3/8/2Nq4/1P1N2PP/5R1K,1,0
2r1k2r/4p2p/Q1b5/1p1pP3/8/2Nq4/1P1N2PP/5R1K,0,0
2rk3r/4p2p/Q1b5/1p1pP3/8/2Nq4/1P1N2PP/5R1K,1,0
2rk3r/4p2p/1Qb5/1p1pP3/8/2Nq4/1P1N2PP/5R1K,0,0
2r1k2r/4p2p/1Qb5/1p1pP3/8/2Nq4/1P1N2PP/5R1K,1,0
2r1k2r/4p2p/Q1b5/1p1pP3/8/2Nq4/1P1N2PP/5R1K,0,0
2rk3r/4p2p/Q1b5/1p1pP3/8/2Nq4/1P1N2PP/5R1K,1,0
2rk3r/4p2p/1Qb5/1p1pP3/8/2Nq4/1P1N2PP/5R1K,0,0
2r1k2r/4p2p/1Qb5/1p1pP3/8/2Nq4/1P1N2PP/5R1K,1,0
r2r2k1/4ppb1/B5q1/1P1Ppp1p/R7/8/2P2QPP/R5K1,0,-1
r2r2k1/4ppb1/B5q1/1P1P1p1p/R3p3/8/2P2QPP/R5K1,1,-1
r2r2k1/4ppb1/B5q1/1P1P1p1p/R3p3/8/2P2QPP/3R2K1,0,-1
r2r2k1/4pp2/B5q1/1P1Pbp1p/R3p3/8/2P2QPP/3R2K1,1,-1
r2r2k1/4pp2/B5q1/1P1Pbp1p/R3p3/8/2P1Q1PP/3R2K1,0,-1
r2r4/4pp1k/B5q1/1P1Pbp1p/R3p3/8/2P1Q1PP/3R2K1,1,-1
r2r4/4pp1k/B5q1/1P1Pbp1p/2R1p3/8/2P1Q1PP/3R2K1,0,-1
r5r1/4pp1k/B5q1/1P1Pbp1p/2R1p3/8/2P1Q1PP/3R2K1,1,-1
r5r1/4pp1k/B5q1/1P1Pbp1p/2R1p3/8/2P1Q1PP/4R1K1,0,-1
r5r1/4pp1k/B7/1P1Pbpqp/2R1p3/8/2P1Q1PP/4R1K1,1,-1
r5r1/4pp1k/B7/1P1Pbpqp/2R1p3/8/2P2QPP/4R1K1,0,-1
r7/4pp1k/B5r1/1P1Pbpqp/2R1p3/8/2P2QPP/4R1K1,1,-1
r7/4pp1k/B5r1/1P1Pbpqp/2R1p3/8/2P2QPP/4R2K,0,-1
6r1/4pp1k/B5r1/1P1Pbpqp/2R1p3/8/2P2QPP/4R2K,1,-1
2B3r1/4pp1k/6r1/1P1Pbpqp/2R1p3/8/2P2QPP/4R2K,0,-1
2B3r1/4pp1k/6r1/1P1Pbp1p/2R1p3/8/2P2QqP/4R2K,1,-1
2B3r1/4pp1k/6r1/1P1Pbp1p/2R1p3/8/2P3QP/4R2K,0,-1
2B3r1/4pp1k/8/1P1Pbp1p/2R1p3/8/2P3rP/4R2K,1,-1
6r1/4pp1k/8/1P1PbB1p/2R1p3/8/2P3rP/4R2K,0,-1
6rk/4pp2/8/1P1PbB1p/2R1p3/8/2P3rP/4R2K,1,-1
8/6k1/3KP3/3N2p1/2B5/8/8/4r3,1,1
8/4P1k1/3K4/3N2p1/2B5/8/8/4r3,0,1
8/4P1k1/3K4/3N4/2B3p1/8/8/4r3,1,1
8/2N1P1k1/3K4/8/2B3p1/8/8/4r3,0,1
8/2N1P1k1/3K4/8/2B5/6p1/8/4r3,1,1
4Q3/2N3k1/3K4/8/2B5/6p1/8/4r3,0,1
4r3/2N3k1/3K4/8/2B5/6p1/8/8,1,1
4N3/6k1/3K4/8/2B5/6p1/8/8,0,1
4Nk2/8/3K4/8/2B5/6p1/8/8,1,1
5k2/2N5/3K4/8/2B5/6p1/8/8,0,1
5k2/2N5/3K4/8/2B5/8/6p1/8,1,1
5k2/8/3KN3/8/2B5/8/6p1/8,0,1
4k3/8/3KN3/8/2B5/8/6p1/8,1,1
4k3/8/3KN3/1B6/8/8/6p1/8,0,1
8/5k2/3KN3/1B6/8/8/6p1/8,1,1
8/5k2/3K4/1B4N1/8/8/6p1/8,0,1
8/8/3K1k2/1B4N1/8/8/6p1/8,1,1
8/8/3K1k2/1B6/8/5N2/6p1/8,0,1
8/8/3K4/1B3k2/8/5N2/6p1/8,1,1
8/8/3K4/1B3k2/7N/8/6p1/8,0,1
rnbqkbnr/pp3ppp/3pp3/2p5/4P3/2N2N2/PPPP1PPP/R1BQKB1R,1,0
rnbqkbnr/pp3ppp/3pp3/2p5/3PP3/2N2N2/PPP2PPP/R1BQKB1R,0,0
rnbqkbnr/pp3ppp/3pp3/8/3pP3/2N2N2/PPP2PPP/R1BQKB1R,1,0
rnbqkbnr/pp3ppp/3pp3/8/3NP3/2N5/PPP2PPP/R1BQKB1R,0,0
rnbqkbnr/1p3ppp/p2pp3/8/3NP3/2N5/PPP2PPP/R1BQKB1R,1,0
rnbqkbnr/1p3ppp/p2pp3/8/3NP3/2N3P1/PPP2P1P/R1BQKB1R,0,0
rnbqkb1r/1p3ppp/p2ppn2/8/3NP3/2N3P1/PPP2P1P/R1BQKB1R,1,0
rnbqkb1r/1p3ppp/p2ppn2/8/3NP3/2N3P1/PPP2PBP/R1BQK2R,0,0
rnbqk2r/1p2bppp/p2ppn2/8/3NP3/2N3P1/PPP2PBP/R1BQK2R,1,0
rnbqk2r/1p2bppp/p2ppn2/8/3NP3/2N3P1/PPP2PBP/R1BQ1RK1,0,0
rnbq1rk1/1p2bppp/p2ppn2/8/3NP3/2N3P1/PPP2PBP/R1BQ1RK1,1,0
rnbq1rk1/1p2bppp/p2ppn2/8/3NPP2/2N3P1/PPP3BP/R1BQ1RK1,0,0
r1bq1rk1/1p2bppp/p1nppn2/8/3NPP2/2N3P1/PPP3BP/R1BQ1RK1,1,0
r1bq1rk1/1p2bppp/p1nppn2/8/3NPP2/2N1B1P1/PPP3BP/R2Q1RK1,0,0
r1b2rk1/1pq1bppp/p1nppn2/8/3NPP2/2N1B1P1/PPP3BP/R2Q1RK1,1,0
r1b2rk1/1pq1bppp/p1nppn2/8/3NPP2/2N1B1P1/PPP3BP/R2Q1R1K,0,0
1rb2rk1/1pq1bppp/p1nppn2/8/3NPP2/2N1B1P1/PPP3BP/R2Q1R1K,1,0
1rb2rk1/1pq1bppp/p1nppn2/8/4PP2/1NN1B1P1/PPP3BP/R2Q1R1K,0,0
1rb2rk1/2q1bppp/p1nppn2/1p6/4PP2/1NN1B1P1/PPP3BP/R2Q1R1K,1,0
1rb2rk1/2q1bppp/p1nppn2/1p6/4PP2/PNN1B1P1/1PP3BP/R2Q1R1K,0,0
4k3/8/p4ppb/4p3/2R5/P1N2K2/1P1r1P1P/8,1,0
4k3/8/p4ppb/4p3/2R1N3/P4K2/1P1r1P1P/8,0,0
4k3/8/p4ppb/4p3/2R1N3/P4K2/1r3P1P/8,1,0
4k3/8/p4Npb/4p3/2R5/P4K2/1r3P1P/8,0,0
8/5k2/p4Npb/4p3/2R5/P4K2/1r3P1P/8,1,0
8/5k2/p5pb/4p3/2R3N1/P4K2/1r3P1P/8,0,0
8/5k2/p5p1/4p3/2R2bN1/P4K2/1r3P1P/8,1,0
8/2R2k2/p5p1/4p3/5bN1/P4K2/1r3P1P/8,0,0
8/2R5/p3k1p1/4p3/5bN1/P4K2/1r3P1P/8,1,0
8/2R5/p3k1p1/4p3/5bNP/P4K2/1r3P2/8,0,0
8/2R5/p3k1p1/4p3/5bNP/Pr3K2/5P2/8,1,0
8/2R5/p3k1p1/4p3/4KbNP/Pr6/5P2/8,0,0
8/2R5/p3k1p1/4p3/4KbNP/r7/5P2/8,1,0
8/8/p1R1k1p1/4p3/4KbNP/r7/5P2/8,0,0
8/5k2/p1R3p1/4p3/4KbNP/r7/5P2/8,1,0
8/5k2/p1R3p1/4N3/4Kb1P/r7/5P2/8,0,0
8/5k2/p1R3p1/4b3/4K2P/r7/5P2/8,1,0
8/5k2/p1R3p1/4K3/7P/r7/5P2/8,0,0
8/5k2/p1R3p1/r3K3/7P/8/5P2/8,1,0
8/5k2/p1R3p1/r7/5K1P/8/5P2/8,0,0
1n1k3r/1rqbb1p1/3p1p1p/pB1Pp2Q/PpN2P2/1P6/2P3PP/R1B2RK1,1,1
1n1k3r/1rqbb1p1/3p1p1p/pB1Pp2Q/PpN2P2/1P2B3/2P3PP/R4RK1,0,1
1n1kb2r/1rq1b1p1/3p1p1p/pB1Pp2Q/PpN2P2/1P2B3/2P3PP/R4RK1,1,1
1n1kb2r/1rq1b1p1/3p1p1p/pB1Pp3/PpN2PQ1/1P2B3/2P3PP/R4RK1,0,1
1n1kb2r/1rq1b3/3p1p1p/pB1Pp1p1/PpN2PQ1/1P2B3/2P3PP/R4RK1,1,1
1n1kb2r/1rq1b3/3p1p1p/pB1PP1p1/PpN3Q1/1P2B3/2P3PP/R4RK1,0,1
1n1kb2r/1rq1b3/3p3p/pB1Pp1p1/PpN3Q1/1P2B3/2P3PP/R4RK1,1,1
1n1kB2r/1rq1b3/3p3p/p2Pp1p1/PpN3Q1/1P2B3/2P3PP/R4RK1,0,1
1n1kr3/1rq1b3/3p3p/p2Pp1p1/PpN3Q1/1P2B3/2P3PP/R4RK1,1,1
1n1kr3/1rq1bR2/3p3p/p2Pp1p1/PpN3Q1/1P2B3/2P3PP/R5K1,0,1
3kr3/1rqnbR2/3p3p/p2Pp1p1/PpN3Q1/1P2B3/2P3PP/R5K1,1,1
3kr3/1rqnbR2/3p3p/p2Pp1p1/PpN3Q1/1P2B3/2P3PP/5RK1,0,1
1r1kr3/2qnbR2/3p3p/p2Pp1p1/PpN3Q1/1P2B3/2P3PP/5RK1,1,1
1r1kr3/2qnb2R/3p3p/p2Pp1p1/PpN3Q1/1P2B3/2P3PP/5RK1,0,1
1r1kr3/1q1nb2R/3p3p/p2Pp1p1/PpN3Q1/1P2B3/2P3PP/5RK1,1,1
1r1kr3/1q1nb2R/3p3p/p2Pp1p1/PpN5/1P2B3/2P3PP/3Q1RK1,0,1
1r1k1r2/1q1nb2R/3p3p/p2Pp1p1/PpN5/1P2B3/2P3PP/3Q1RK1,1,1
1r1k1R2/1q1nb2R/3p3p/p2Pp1p1/PpN5/1P2B3/2P3PP/3Q2K1,0,1
1r1k1b2/1q1n3R/3p3p/p2Pp1p1/PpN5/1P2B3/2P3PP/3Q2K1,1,1
1r1k1b2/1q1n3R/3p3p/N2Pp1p1/Pp6/1P2B3/2P3PP/3Q2K1,0,1
8/8/4k3/8/4prP1/3R3P/2K5/8,1,0
3R4/8/4k3/8/4prP1/7P/2K5/8,0,0
3R4/8/8/4k3/4prP1/7P/2K5/8,1,0
3R4/8/8/4k3/4prP1/7P/3K4/8,0,0
3R4/8/8/4k3/4p1P1/7P/3K1r2/8,1,0
3R4/8/8/4k3/4p1P1/4K2P/5r2/8,0,0
3R4/8/8/4k3/4p1P1/4Kr1P/8/8,1,0
3R4/8/8/4k3/4p1P1/5r1P/4K3/8,0,0
3R4/5r2/8/4k3/4p1P1/7P/4K3/8,1,0
3R4/5r2/8/4k3/4p1P1/4K2P/8/8,0,0
3R4/8/8/4k3/4p1P1/4Kr1P/8/8,1,0
3R4/8/8/4k3/4p1P1/5r1P/4K3/8,0,0
3R4/8/8/4k3/4p1P1/7r/4K3/8,1,0
4R3/8/8/4k3/4p1P1/7r/4K3/8,0,0
4R3/8/8/8/4pkP1/7r/4K3/8,1,0
5R2/8/8/8/4pkP1/7r/4K3/8,0,0
5R2/8/8/8/4p1k1/7r/4K3/8,1,0
6R1/8/8/8/4p1k1/7r/4K3/8,0,0
6R1/8/8/5k2/4p3/7r/4K3/8,1,0
5R2/8/8/5k2/4p3/7r/4K3/8,0,0
r2q1rk1/1p2bppp/p7/3bN1P1/4P3/3P1Q2/PP5P/1K1R3R,1,1
r2q1rk1/1p2bppp/p7/3PN1P1/8/3P1Q2/PP5P/1K1R3R,0,1
r2q1rk1/1p3ppp/p2b4/3PN1P1/8/3P1Q2/PP5P/1K1R3R,1,1
r2q1rk1/1p3ppp/p2b4/3PN1P1/3P4/5Q2/PP5P/1K1R3R,0,1
r4rk1/1p3ppp/p2b4/3PN1q1/3P4/5Q2/PP5P/1K1R3R,1,1
r4rk1/1p3ppp/p2b4/3PN1q1/3P4/5Q2/PP5P/1K1R2R1,0,1
r4rk1/1p2qppp/p2b4/3PN3/3P4/5Q2/PP5P/1K1R2R1,1,1
r4rk1/1p1Nqppp/p2b4/3P4/3P4/5Q2/PP5P/1K1R2R1,0,1
r4rk1/1p1Nqppp/p7/3P4/3P4/5Q2/PP5b/1K1R2R1,1,1
r4rk1/1p2qppp/p4N2/3P4/3P4/5Q2/PP5b/1K1R2R1,0,1
r4r1k/1p2qppp/p4N2/3P4/3P4/5Q2/PP5b/1K1R2R1,1,1
r4r1k/1p2qpRp/p4N2/3P4/3P4/5Q2/PP5b/1K1R4,0,1
r4r2/1p2qpkp/p4N2/3P4/3P4/5Q2/PP5b/1K1R4,1,1
r4r2/1p2qpkp/p4N2/3P4/3P2Q1/8/PP5b/1K1R4,0,1
r4r2/1p2qp1p/p4N1k/3P4/3P2Q1/8/PP5b/1K1R4,1,1
r4r2/1p2qp1p/p4N1k/3P3Q/3P4/8/PP5b/1K1R4,0,1
r4r2/1p2qpkp/p4N2/3P3Q/3P4/8/PP5b/1K1R4,1,1
r4r2/1p2qpkp/p4N2/3P2Q1/3P4/8/PP5b/1K1R4,0,1
r4r1k/1p2qp1p/p4N2/3P2Q1/3P4/8/PP5b/1K1R4,1,1
r4r1k/1p2qp1p/p4N1Q/3P4/3P4/8/PP5b/1K1R4,0,1
q2r2k1/5ppp/3Npb2/8/r7/3Q4/5PPP/2R1R1K1,1,0
q2r2k1/5ppp/3Npb2/8/r7/6Q1/5PPP/2R1R1K1,0,0
q2r2k1/5ppp/3Npb2/8/8/6Q1/r4PPP/2R1R1K1,1,0
q2r2k1/5ppp/3Npb2/8/8/6Q1/r4PPP/3RR1K1,0,0
3r2k1/5ppp/3Npb2/8/q7/6Q1/r4PPP/3RR1K1,1,0
3r2k1/5ppp/3Npb2/8/q7/5Q2/r4PPP/3RR1K1,0,0
3r2k1/5pp1/3Npb1p/8/q7/5Q2/r4PPP/3RR1K1,1,0
3r2k1/5pp1/3Npb1p/8/q7/5Q1P/r4PP1/3RR1K1,0,0
3r2k1/5pp1/3Npb1p/8/1q6/5Q1P/r4PP1/3RR1K1,1,0
3r2k1/5pp1/2QNpb1p/8/1q6/7P/r4PP1/3RR1K1,0,0
3r2k1/5pp1/2QNp2p/8/1q1b4/7P/r4PP1/3RR1K1,1,0
3r2k1/5Np1/2Q1p2p/8/1q1b4/7P/r4PP1/3RR1K1,0,0
3r2k1/5Np1/2Q1p2p/8/1q1b4/7P/5rP1/3RR1K1,1,0
3N2k1/6p1/2Q1p2p/8/1q1b4/7P/5rP1/3RR1K1,0,0
3N2k1/6p1/2Q1p2p/8/1q1b4/7P/4r1P1/3RR1K1,1,0
3N2k1/6p1/2Q1p2p/8/1q1b4/7P/4r1P1/3RRK2,0,0
3N2k1/6p1/2Q1p2p/8/1q1b4/7P/5rP1/3RRK2,1,0
3N2k1/6p1/2Q1p2p/8/1q1b4/7P/5rP1/3RR1K1,0,0
3N2k1/6p1/2Q1p2p/8/1q1b4/7P/4r1P1/3RR1K1,1,0
3N2k1/6p1/2Q1p2p/8/1q1b4/7P/4r1P1/3RRK2,0,0
6k1/5pp1/5n1p/2Q5/8/2P2pbP/5B2/3qN1K1,0,-1
6k1/5pp1/5n1p/2Q5/8/2P2p1P/5b2/3qN1K1,1,-1
6k1/5pp1/5n1p/8/8/2P2p1P/5Q2/3qN1K1,0,-1
6k1/5pp1/7p/8/4n3/2P2p1P/5Q2/3qN1K1,1,-1
6k1/5pp1/7p/8/4n3/2P2Q1P/8/3qN1K1,0,-1
6k1/5pp1/7p/8/4n3/2P2Q1P/8/4q1K1,1,-1
6k1/5pp1/7p/8/4n3/2P2Q1P/6K1/4q3,0,-1
6k1/5pp1/7p/8/4n3/2P2Q1P/3q2K1/8,1,-1
6k1/5pp1/7p/8/4n3/2P2Q1P/3q4/6K1,0,-1
6k1/5pp1/7p/8/8/2n2Q1P/3q4/6K1,1,-1
Q5k1/5pp1/7p/8/8/2n4P/3q4/6K1,0,-1
Q7/5ppk/7p/8/8/2n4P/3q4/6K1,1,-1
8/5ppk/7p/8/8/2n2Q1P/3q4/6K1,0,-1
8/5ppk/7p/8/8/2n2Q1P/8/4q1K1,1,-1
8/5ppk/7p/8/8/2n2Q1P/6K1/4q3,0,-1
8/5ppk/7p/8/4q3/2n2Q1P/6K1/8,1,-1
8/5ppk/7p/8/4q2P/2n2Q2/6K1/8,0,-1
8/5ppk/7p/8/7P/2n2q2/6K1/8,1,-1
8/5ppk/7p/8/7P/2n2K2/8/8,0,-1
8/5ppk/7p/3n4/7P/5K2/8/8,1,-1
3r2k1/1q2pp2/p5p1/7p/2p1bB2/2P3QP/P4P2/R3R1K1,1,1
3r2k1/1q2pp2/p5p1/7p/2p1bB2/2P3QP/P4P2/3RR1K1,0,1
3r2k1/1q2pp2/p5p1/7p/2p2B2/2Pb2QP/P4P2/3RR1K1,1,1
3r2k1/1q2pp2/p5p1/7p/2p2B2/2PbR1QP/P4P2/3R2K1,0,1
6k1/1q1rpp2/p5p1/7p/2p2B2/2PbR1QP/P4P2/3R2K1,1,1
6k1/1q1rpp2/p5p1/7p/2p2B2/2PbR1QP/P4P2/4R1K1,0,1
8/1q1rppk1/p5p1/7p/2p2B2/2PbR1QP/P4P2/4R1K1,1,1
8/1q1rppk1/p5p1/6Qp/2p2B2/2PbR2P/P4P2/4R1K1,0,1
8/1q1rp1k1/p4pp1/6Qp/2p2B2/2PbR2P/P4P2/4R1K1,1,1
8/1q1rp1k1/p4ppQ/7p/2p2B2/2PbR2P/P4P2/4R1K1,0,1
6k1/1q1rp3/p4ppQ/7p/2p2B2/2PbR2P/P4P2/4R1K1,1,1
6k1/1q1rp3/p4ppQ/7p/2p2B2/2PR3P/P4P2/4R1K1,0,1
6k1/1q1rp3/p4ppQ/7p/5B2/2Pp3P/P4P2/4R1K1,1,1
6k1/1q1rp3/p4pQ1/7p/5B2/2Pp3P/P4P2/4R1K1,0,1
7k/1q1rp3/p4pQ1/7p/5B2/2Pp3P/P4P2/4R1K1,1,1
7k/1q1rp3/p4p2/7Q/5B2/2Pp3P/P4P2/4R1K1,0,1
6k1/1q1rp3/p4p2/7Q/5B2/2Pp3P/P4P2/4R1K1,1,1
6k1/1q1rp3/p4p2/7Q/5B2/2Pp3P/P4P1K/4R3,0,1
6k1/1q1r4/p4p2/4p2Q/5B2/2Pp3P/P4P1K/4R3,1,1
6k1/1q1r4/p4p1B/4p2Q/8/2Pp3P/P4P1K/4R3,0,1
8/8/p2N1k2/3b1p2/R5p1/4b3/8/5K2,0,-1
8/8/p2N1k2/3b4/R4pp1/4b3/8/5K2,1,-1
8/8/R2N1k2/3b4/5pp1/4b3/8/5K2,0,-1
8/8/R2N4/3bk3/5pp1/4b3/8/5K2,1,-1
8/8/R7/1N1bk3/5pp1/4b3/8/5K2,0,-1
8/8/R7/1N1bk3/5p2/4b1p1/8/5K2,1,-1
8/8/6R1/1N1bk3/5p2/4b1p1/8/5K2,0,-1
8/8/6R1/1N1b1k2/5p2/4b1p1/8/5K2,1,-1
8/6R1/8/1N1b1k2/5p2/4b1p1/8/5K2,0,-1
8/6R1/8/1N3k2/2b2p2/4b1p1/8/5K2,1,-1
8/6R1/8/1N3k2/2b2p2/4b1p1/6K1/8,0,-1
8/6R1/8/1b3k2/5p2/4b1p1/6K1/8,1,-1
8/5R2/8/1b3k2/5p2/4b1p1/6K1/8,0,-1
8/5R2/4k3/1b6/5p2/4b1p1/6K1/8,1,-1
8/2R5/4k3/1b6/5p2/4b1p1/6K1/8,0,-1
8/2R5/3k4/1b6/5p2/4b1p1/6K1/8,1,-1
8/8/3k4/1b6/5p2/2R1b1p1/6K1/8,0,-1
8/8/2bk4/8/5p2/2R1b1p1/6K1/8,1,-1
8/8/2bk4/8/5p2/2R1b1pK/8/8,0,-1
8/8/2bk4/8/5p2/2R1b2K/6p1/8,1,-1
2r2k2/4b1p1/5p2/rnpBpPPp/4P2P/pPP1B3/R1K5/R7,1,1
2r2k2/4b1p1/5p2/rnp1pPPp/2B1P2P/pPP1B3/R1K5/R7,0,1
2r2k2/4b1p1/3n1p2/r1p1pPPp/2B1P2P/pPP1B3/R1K5/R7,1,1
2r2k2/4b1p1/3n1p2/r1pBpPPp/4P2P/pPP1B3/R1K5/R7,0,1
2r2k2/4b1p1/5p2/rnpBpPPp/4P2P/pPP1B3/R1K5/R7,1,1
2r2k2/4b1p1/5p2/rnpBpPPp/4P2P/pPP1B3/R1K5/6R1,0,1
2r2k2/4b1p1/3n1p2/r1pBpPPp/4P2P/pPP1B3/R1K5/6R1,1,1
2r2k2/4b1p1/3n1p2/r1pBpPPp/4P2P/pPP1B3/R1K5/3R4,0,1
2r2k2/4b1p1/3n1p2/r2BpPPp/2p1P2P/pPP1B3/R1K5/3R4,1,1
2r2k2/4b1p1/3n1p2/r2BpPPp/1Pp1P2P/p1P1B3/R1K5/3R4,0,1
2r2k2/4b1p1/3n1p2/3BpPPp/rPp1P2P/p1P1B3/R1K5/3R4,1,1
2r2k2/4b1p1/3nBp2/4pPPp/rPp1P2P/p1P1B3/R1K5/3R4,0,1
5k2/2r1b1p1/3nBp2/4pPPp/rPp1P2P/p1P1B3/R1K5/3R4,1,1
5k2/2r1b1p1/3nBP2/4pP1p/rPp1P2P/p1P1B3/R1K5/3R4,0,1
5k2/2r1b3/3nBp2/4pP1p/rPp1P2P/p1P1B3/R1K5/3R4,1,1
5k2/2r1b3/3nBp1B/4pP1p/rPp1P2P/p1P5/R1K5/3R4,0,1
4k3/2r1b3/3nBp1B/4pP1p/rPp1P2P/p1P5/R1K5/3R4,1,1
4k3/2r1b3/3nBp1B/4pP1p/rPp1P2P/p1P5/R1K5/6R1,0,1
3k4/2r1b3/3nBp1B/4pP1p/rPp1P2P/p1P5/R1K5/6R1,1,1
3k2R1/2r1b3/3nBp1B/4pP1p/rPp1P2P/p1P5/R1K5/8,0,1
7k/7p/p4R2/2P5/1P1N2qn/8/P3N3/5K2,1,0
5R1k/7p/p7/2P5/1P1N2qn/8/P3N3/5K2,0,0
5R2/6kp/p7/2P5/1P1N2qn/8/P3N3/5K2,1,0
8/6kp/p7/2P5/1P1N1Rqn/8/P3N3/5K2,0,0
8/6kp/p7/2P5/1P1N1R1n/7q/P3N3/5K2,1,0
8/6kp/p7/2P5/1P1N1R1n/7q/P3NK2/8,0,0
8/6kp/p7/2P5/1P1N1R1n/8/P3NK1q/8,1,0
8/6kp/p7/2P5/1P1N1R1n/8/P3N2q/5K2,0,0
8/6kp/p7/2P5/1P1N1R1n/8/P3N3/5K1q,1,0
8/6kp/p7/2P5/1P1N1R1n/8/P3NK2/7q,0,0
8/6kp/p7/2P5/1P1N1R1n/8/P3NK1q/8,1,0
8/6kp/p7/2P5/1P1N1R1n/8/P3N2q/5K2,0,0
8/6kp/p7/2P5/1P1N1R1n/7q/P3N3/5K2,1,0
8/6kp/p7/2P5/1P1N1R1n/7q/P3NK2/8,0,0
8/6kp/p7/2P5/1P1N1R1n/8/P3NK1q/8,1,0
8/6kp/p7/2P5/1P1N1R1n/8/P3N2q/5K2,0,0
8/6kp/p7/2P5/1P1N1R1n/7q/P3N3/5K2,1,0
8/6kp/p7/2P5/1P1N1R1n/7q/P3NK2/8,0,0
8/6kp/p7/2P5/1P1N1R1n/8/P3NK1q/8,1,0
8/6kp/p7/2P5/1P1N1R1n/8/P3N2q/5K2,0,0
5R2/8/p2r4/1p6/4k3/1P2p2P/P5P1/4K3,0,0
5R2/8/p7/1p6/4k3/1P2p2P/P2r2P1/4K3,1,0
4R3/8/p7/1p6/4k3/1P2p2P/P2r2P1/4K3,0,0
4R3/8/p7/1p6/5k2/1P2p2P/P2r2P1/4K3,1,0
5R2/8/p7/1p6/5k2/1P2p2P/P2r2P1/4K3,0,0
5R2/8/p7/1p6/4k3/1P2p2P/P2r2P1/4K3,1,0
4R3/8/p7/1p6/4k3/1P2p2P/P2r2P1/4K3,0,0
4R3/8/p7/1p6/5k2/1P2p2P/P2r2P1/4K3,1,0
5R2/8/p7/1p6/5k2/1P2p2P/P2r2P1/4K3,0,0
5R2/8/p7/1p6/8/1P2p1kP/P2r2P1/4K3,1,0
8/8/p7/1p6/8/1P2pRkP/P2r2P1/4K3,0,0
8/8/p7/1p6/8/1P2pR1P/P2r2k1/4K3,1,0
8/8/p7/1p6/8/1P2R2P/P2r2k1/4K3,0,0
8/8/p7/1p6/8/1P2R2P/r5k1/4K3,1,0
8/8/p7/1p6/7P/1P2R3/r5k1/4K3,0,0
8/8/p7/1p6/7P/1P2R3/6k1/r3K3,1,0
8/8/p7/1p6/7P/1P2R3/3K2k1/r7,0,0
8/8/p7/1p6/7P/1P2R3/3K2k1/7r,1,0
8/8/p3R3/1p6/7P/1P6/3K2k1/7r,0,0
8/8/4R3/pp6/7P/1P6/3K2k1/7r,1,0
8/5r2/p1r5/1p4pk/7p/P1PN3P/1P2R1K1/8,0,-1
8/5r2/p2r4/1p4pk/7p/P1PN3P/1P2R1K1/8,1,-1
8/5r2/p2r4/1p4pk/7p/P1P4P/1P2RNK1/8,0,-1
5r2/8/p2r4/1p4pk/7p/P1P4P/1P2RNK1/8,1,-1
5r2/8/p2r4/1p4pk/4N2p/P1P4P/1P2R1K1/8,0,-1
5r2/8/p7/1p1r2pk/4N2p/P1P4P/1P2R1K1/8,1,-1
5r2/8/p7/1p1r2pk/7p/P1P4P/1P2RNK1/8,0,-1
5r2/8/p5k1/1p1r2p1/7p/P1P4P/1P2RNK1/8,1,-1
5r2/8/p5k1/1p1r2p1/6Np/P1P4P/1P2R1K1/8,0,-1
5r2/8/p2r2k1/1p4p1/6Np/P1P4P/1P2R1K1/8,1,-1
5r2/8/p2r2k1/1p2N1p1/7p/P1P4P/1P2R1K1/8,0,-1
5r2/8/p2r4/1p2N1pk/7p/P1P4P/1P2R1K1/8,1,-1
5r2/8/p2r4/1p4pk/6Np/P1P4P/1P2R1K1/8,0,-1
3r4/8/p2r4/1p4pk/6Np/P1P4P/1P2R1K1/8,1,-1
3r4/8/p2r4/1p2R1pk/6Np/P1P4P/1P4K1/8,0,-1
3r4/8/p7/1p2R1pk/6Np/P1P4P/1P1r2K1/8,1,-1
3r4/8/p7/1p2R1pk/6Np/P1P2K1P/1P1r4/8,0,-1
5r2/8/p7/1p2R1pk/6Np/P1P2K1P/1P1r4/8,1,-1
5r2/8/p7/1p2R1pk/6Np/P1P1K2P/1P1r4/8,0,-1
5r2/8/p7/1p2R1pk/6Np/P1P1K2P/1P4r1/8,1,-1
1r2r1kb/5p1p/p2pp1p1/4n2P/1q2PB2/NB6/PPP3Q1/1K1R3R,1,1
1r2r1kb/5p1p/p2pp1P1/4n3/1q2PB2/NB6/PPP3Q1/1K1R3R,0,1
1r2r1kb/7p/p2pp1p1/4n3/1q2PB2/NB6/PPP3Q1/1K1R3R,1,1
1r2r1kb/7p/p2pp1p1/4n3/1q2PB2/NB5Q/PPP5/1K1R3R,0,1
1r4kb/4r2p/p2pp1p1/4n3/1q2PB2/NB5Q/PPP5/1K1R3R,1,1
1r4kb/4r2p/p2pB1p1/4n3/1q2PB2/N6Q/PPP5/1K1R3R,0,1
1r4kb/7p/p2pr1p1/4n3/1q2PB2/N6Q/PPP5/1K1R3R,1,1
1r4kb/7Q/p2pr1p1/4n3/1q2PB2/N7/PPP5/1K1R3R,0,1
1r3k1b/7Q/p2pr1p1/4n3/1q2PB2/N7/PPP5/1K1R3R,1,1
1r3k1Q/8/p2pr1p1/4n3/1q2PB2/N7/PPP5/1K1R3R,0,1
1r5Q/4k3/p2pr1p1/4n3/1q2PB2/N7/PPP5/1K1R3R,1,1
1r5Q/4k2R/p2pr1p1/4n3/1q2PB2/N7/PPP5/1K1R4,0,1
1r5Q/4kn1R/p2pr1p1/8/1q2PB2/N7/PPP5/1K1R4,1,1
1r5Q/4kn1R/p2pr1p1/6B1/1q2P3/N7/PPP5/1K1R4,0,1
1r5Q/3k1n1R/p2pr1p1/6B1/1q2P3/N7/PPP5/1K1R4,1,1
1r5Q/3k1R2/p2pr1p1/6B1/1q2P3/N7/PPP5/1K1R4,0,1
1r5Q/5R2/p1kpr1p1/6B1/1q2P3/N7/PPP5/1K1R4,1,1
1r6/5R2/p1kpr1p1/6B1/1q1QP3/N7/PPP5/1K1R4,0,1
1r6/5R2/p1kpr1p1/6B1/3QP3/q7/PPP5/1K1R4,1,1
1r6/5R2/p1kpr1p1/3Q2B1/4P3/q7/PPP5/1K1R4,0,1
8/8/1p6/p1P2k2/5Ppp/1P1r4/P3R2K/8,0,-1
8/8/8/p1p2k2/5Ppp/1P1r4/P3R2K/8,1,-1
8/8/8/p1p2k2/5Ppp/1P1r4/P1R4K/8,0,-1
8/8/8/p1p5/5kpp/1P1r4/P1R4K/8,1,-1
8/8/8/p1R5/5kpp/1P1r4/P6K/8,0,-1
8/8/8/p1R5/5kpp/1P6/P2r3K/8,1,-1
8/8/8/p1R5/5kpp/1P6/P2r4/6K1,0,-1
8/8/8/p1R5/5kpp/1P6/r7/6K1,1,-1
8/8/8/p7/2R2kpp/1P6/r7/6K1,0,-1
8/8/8/p7/2R3pp/1P3k2/r7/6K1,1,-1
8/8/8/p7/6pp/1PR2k2/r7/6K1,0,-1
8/8/8/p7/6pp/1PR5/r3k3/6K1,1,-1
8/8/8/p7/2R3pp/1P6/r3k3/6K1,0,-1
8/8/8/p7/2R4p/1P4p1/r3k3/6K1,1,-1
8/8/8/p7/2R4p/1P4p1/r3k1K1/8,0,-1
8/8/8/p7/2R4p/1P1k2p1/r5K1/8,1,-1
8/8/8/p7/2R4p/1P1k2pK/r7/8,0,-1
8/8/8/p7/2R4p/1P1k2pK/7r/8,1,-1
8/8/8/p7/2R3Kp/1P1k2p1/7r/8,0,-1
8/8/8/p7/2R3Kp/1P1k4/6pr/8,1,-1
r1bq1rk1/1p3pp1/p2p1N1p/2n1p3/3NPP2/5BQ1/PPP3PP/2KR3R,0,0
r1b2rk1/1p3pp1/p2p1q1p/2n1p3/3NPP2/5BQ1/PPP3PP/2KR3R,1,0
r1b2rk1/1p3pp1/p2p1q1p/2n1p3/4PP2/5BQ1/PPP1N1PP/2KR3R,0,0
r1b2rk1/5pp1/pp1p1q1p/2n1p3/4PP2/5BQ1/PPP1N1PP/2KR3R,1,0
r1b2rk1/5pp1/pp1p1q1p/2n1P3/4P3/5BQ1/PPP1N1PP/2KR3R,0,0
r1b2rk1/5pp1/pp3q1p/2n1p3/4P3/5BQ1/PPP1N1PP/2KR3R,1,0
r1b2rk1/5pp1/pp3q1p/2n1p3/4P3/2N2BQ1/PPP3PP/2KR3R,0,0
r4rk1/1b3pp1/pp3q1p/2n1p3/4P3/2N2BQ1/PPP3PP/2KR3R,1,0
r4rk1/1b3pp1/pp3q1p/2nNp3/4P3/5BQ1/PPP3PP/2KR3R,0,0
r4rk1/5pp1/pp3q1p/2nbp3/4P3/5BQ1/PPP3PP/2KR3R,1,0
r4rk1/5pp1/pp3q1p/2nRp3/4P3/5BQ1/PPP3PP/2K4R,0,0
r3r1k1/5pp1/pp3q1p/2nRp3/4P3/5BQ1/PPP3PP/2K4R,1,0
r3r1k1/5pp1/pp3q1p/2nRp3/4P3/5BQ1/PPP3PP/2KR4,0,0
r3r1k1/5pp1/1p3q1p/p1nRp3/4P3/5BQ1/PPP3PP/2KR4,1,0
r3r1k1/5pp1/1p3q1p/p1nRp3/4P3/5BQ1/PPP3PP/1K1R4,0,0
1r2r1k1/5pp1/1p3q1p/p1nRp3/4P3/5BQ1/PPP3PP/1K1R4,1,0
1r2r1k1/5pp1/1p3q1p/p1nRp3/4P3/2P2BQ1/PP4PP/1K1R4,0,0
1r2r1k1/5pp1/1p3q1p/2nRp3/p3P3/2P2BQ1/PP4PP/1K1R4,1,0
1r2r1k1/5pp1/1p3q1p/2nRp3/p3P3/P1P2BQ1/1P4PP/1K1R4,0,0
3rr1k1/5pp1/1p3q1p/2nRp3/p3P3/P1P2BQ1/1P4PP/1K1R4,1,0
8/1pr3p1/3p2kp/P2R4/3np1P1/8/2P2P2/5BK1,0,-1
8/1pr3p1/3p2kp/P2R4/4p1P1/5n2/2P2P2/5BK1,1,-1
8/1pr3p1/3p2kp/P2R4/4p1P1/5n2/2P2PK1/5B2,0,-1
8/1p4p1/3p2kp/P2R4/4p1P1/5n2/2r2PK1/5B2,1,-1
8/1p4p1/3R2kp/P7/4p1P1/5n2/2r2PK1/5B2,0,-1
8/1p4p1/3R3p/P5k1/4p1P1/5n2/2r2PK1/5B2,1,-1
8/1p1R2p1/7p/P5k1/4p1P1/5n2/2r2PK1/5B2,0,-1
8/1p1R2p1/7p/P5k1/4p1P1/8/2r2PK1/4nB2,1,-1
8/1p1R2p1/7p/P5k1/4p1P1/8/2r2P2/4nBK1,0,-1
8/1p1R2p1/7p/P5k1/6P1/4p3/2r2P2/4nBK1,1,-1
8/1p3Rp1/7p/P5k1/6P1/4p3/2r2P2/4nBK1,0,-1
8/1p3Rp1/6kp/P7/6P1/4p3/2r2P2/4nBK1,1,-1
8/1p4p1/6kp/P7/5RP1/4p3/2r2P2/4nBK1,0,-1
8/1p4p1/6kp/P7/5RP1/8/2r1pP2/4nBK1,1,-1
8/1p4p1/6kp/P7/5RP1/8/2r1BP2/4n1K1,0,-1
8/1p4p1/6kp/P7/5RP1/8/4rP2/4n1K1,1,-1
8/1p4p1/6kp/P7/1R4P1/8/4rP2/4n1K1,0,-1
8/1p4p1/6kp/P7/1R4P1/8/r4P2/4n1K1,1,-1
8/1p4p1/1R4kp/P7/6P1/8/r4P2/4n1K1,0,-1
8/1p4pk/1R5p/P7/6P1/8/r4P2/4n1K1,1,-1
r5k1/p1q2pb1/2p1n1pp/2B1p3/4N1PQ/5P2/PPP4P/2KR4,1,1
r5k1/p1q2pb1/2p1n1pp/4p3/4N1PQ/4BP2/PPP4P/2KR4,0,1
r5k1/p1q2pb1/2p3pp/4p3/4NnPQ/4BP2/PPP4P/2KR4,1,1
r5k1/p1q2pb1/2p2Npp/4p3/5nPQ/4BP2/PPP4P/2KR4,0,1
r6k/p1q2pb1/2p2Npp/4p3/5nPQ/4BP2/PPP4P/2KR4,1,1
r6k/p1qR1pb1/2p2Npp/4p3/5nPQ/4BP2/PPP4P/2K5,0,1
r6k/p1qR1pb1/2p2Npp/4p3/6PQ/4BP2/PPP3nP/2K5,1,1
r6k/p1R2pb1/2p2Npp/4p3/6PQ/4BP2/PPP3nP/2K5,0,1
r6k/p1R2pb1/2p2Npp/4p3/6Pn/4BP2/PPP4P/2K5,1,1
r6k/p4Rb1/2p2Npp/4p3/6Pn/4BP2/PPP4P/2K5,0,1
r6k/p4Rb1/2p2Npp/4p3/6P1/4Bn2/PPP4P/2K5,1,1
r6k/p4Rb1/2p2Npp/4p3/6P1/4Bn1P/PPP5/2K5,0,1
r6k/5Rb1/2p2Npp/p3p3/6P1/4Bn1P/PPP5/2K5,1,1
r6k/5Rb1/2p2Npp/p3p3/6P1/2P1Bn1P/PP6/2K5,0,1
r6k/5Rb1/2p2Npp/4p3/p5P1/2P1Bn1P/PP6/2K5,1,1
r6k/5Rb1/2p2Npp/4p3/p5P1/2P1Bn1P/PP6/3K4,0,1
r6k/5Rb1/2p2N1p/4p1p1/p5P1/2P1Bn1P/PP6/3K4,1,1
r6k/5Rb1/2p4p/4p1pN/p5P1/2P1Bn1P/PP6/3K4,0,1
r6k/5Rb1/2p4p/4p1pN/6P1/p1P1Bn1P/PP6/3K4,1,1
r6k/5Rb1/2p4p/4p1pN/6P1/P1P1Bn1P/P7/3K4,0,1
rr4k1/p3bppp/2Q1p3/2p4q/5Bn1/2PP4/PP1R1PPP/RN4K1,0,0
rr4k1/p3bppp/2Q5/2p1p2q/5Bn1/2PP4/PP1R1PPP/RN4K1,1,0
rr4k1/p3bppp/2Q5/2p1p2q/6n1/2PP2B1/PP1R1PPP/RN4K1,0,0
rr4k1/p4ppp/2Q5/2p1p1bq/6n1/2PP2B1/PP1R1PPP/RN4K1,1,0
rr4k1/p4ppp/8/2Q1p1bq/6n1/2PP2B1/PP1R1PPP/RN4K1,0,0
rr4k1/p4ppp/8/2Q1p2q/6n1/2PP2B1/PP1b1PPP/RN4K1,1,0
rr4k1/p4ppp/8/2Q1p2q/6n1/2PP2B1/PP1N1PPP/R5K1,0,0
r5k1/p4ppp/8/2Q1p2q/6n1/2PP2B1/Pr1N1PPP/R5K1,1,0
r5k1/p4ppp/8/2Q1p2q/2N3n1/2PP2B1/Pr3PPP/R5K1,0,0
r5k1/p4ppp/8/2Q1p2q/2N3n1/2PP2B1/P1r2PPP/R5K1,1,0
r5k1/p4ppp/8/2Q1p2q/2N3n1/2PP2BP/P1r2PP1/R5K1,0,0
r5k1/p4ppp/7q/2Q1p3/2N3n1/2PP2BP/P1r2PP1/R5K1,1,0
r5k1/p4ppp/7q/2Q1p3/2N3P1/2PP2B1/P1r2PP1/R5K1,0,0
r5k1/p4ppp/7q/2Q1p3/2N3P1/2PP2B1/P4PP1/R1r3K1,1,0
r5k1/p4ppp/7q/2Q1p3/2N3P1/2PP2B1/P4PP1/2R3K1,0,0
r5k1/p4ppp/8/2Q1p3/2N3P1/2PP2B1/P4PP1/2q3K1,1,0
r5k1/p4ppp/8/2Q1p3/2N3P1/2PP2B1/P4PPK/2q5,0,0
r5k1/p4ppp/7q/2Q1p3/2N3P1/2PP2B1/P4PPK/8,1,0
r5k1/p4ppp/7q/2Q1p3/2N3P1/2PP2B1/P4PP1/6K1,0,0
r5k1/p4ppp/8/2Q1p3/2N3P1/2PP2B1/P4PP1/2q3K1,1,0
r2qkb1r/5ppp/p2pb3/2n5/3N4/2p2Q2/PPP2PPP/R1B1R1K1,1,1
r2qkb1r/5ppp/p1Qpb3/2n5/3N4/2p5/PPP2PPP/R1B1R1K1,0,1
r2qkb1r/3n1ppp/p1Qpb3/8/3N4/2p5/PPP2PPP/R1B1R1K1,1,1
r2qkb1r/3n1ppp/p1QpN3/8/8/2p5/PPP2PPP/R1B1R1K1,0,1
r2qkb1r/3n2pp/p1Qpp3/8/8/2p5/PPP2PPP/R1B1R1K1,1,1
r2qkb1r/3n2pp/p1QpR3/8/8/2p5/PPP2PPP/R1B3K1,0,1
r2q1b1r/3n1kpp/p1QpR3/8/8/2p5/PPP2PPP/R1B3K1,1,1
r2q1b1r/3n1kpp/p2pR3/3Q4/8/2p5/PPP2PPP/R1B3K1,0,1
r2q1b1r/5kpp/p2pRn2/3Q4/8/2p5/PPP2PPP/R1B3K1,1,1
r2q1b1r/5kpp/p2p1R2/3Q4/8/2p5/PPP2PPP/R1B3K1,0,1
r2q1b1r/6pp/p2p1k2/3Q4/8/2p5/PPP2PPP/R1B3K1,1,1
r2q1b1r/6pp/p2p1k2/3Q2B1/8/2p5/PPP2PPP/R5K1,0,1
r2q1b1r/6pp/p2p2k1/3Q2B1/8/2p5/PPP2PPP/R5K1,1,1
r2B1b1r/6pp/p2p2k1/3Q4/8/2p5/PPP2PPP/R5K1,0,1
3r1b1r/6pp/p2p2k1/3Q4/8/2p5/PPP2PPP/R5K1,1,1
3r1b1r/6pp/p2pQ1k1/8/8/2p5/PPP2PPP/R5K1,0,1
3r1b1r/6pp/p2pQ3/6k1/8/2p5/PPP2PPP/R5K1,1,1
3r1b1r/6pp/p2pQ3/6k1/7P/2p5/PPP2PP1/R5K1,0,1
3r1b1r/6pp/p2pQ3/8/7k/2p5/PPP2PP1/R5K1,1,1
3r1b1r/6pp/p2pQ3/8/5P1k/2p5/PPP3P1/R5K1,0,1
1r5k/2R2pp1/3ppb1p/7P/3Pb1Q1/3qBN2/5PPK/8,0,-1
1r5k/2R2pp1/3ppb1p/5b1P/3P2Q1/3qBN2/5PPK/8,1,-1
1r5k/2R2pp1/3ppb1p/5b1P/3P4/3qBNQ1/5PPK/8,0,-1
1r5k/2R2pp1/3ppb1p/5b1P/3P4/4BNQ1/5PPK/3q4,1,-1
1r5k/2R2pp1/3Qpb1p/5b1P/3P4/4BN2/5PPK/3q4,0,-1
7k/2R2pp1/3Qpb1p/5b1P/3P4/4BN2/5PPK/1r1q4,1,-1
7k/2R2pp1/3Qpb1p/5b1P/3P4/4BNK1/5PP1/1r1q4,0,-1
7k/2R2pp1/3Qpb1p/5b1P/3P4/4BNK1/5PP1/1r5q,1,-1
7k/5Rp1/3Qpb1p/5b1P/3P4/4BNK1/5PP1/1r5q,0,-1
7k/5Rp1/3Qpb1p/5b1P/3P4/4BNK1/5PP1/6rq,1,-1
5Q1k/5Rp1/4pb1p/5b1P/3P4/4BNK1/5PP1/6rq,0,-1
5Q2/5Rpk/4pb1p/5b1P/3P4/4BNK1/5PP1/6rq,1,-1
5Q2/5Rpk/4pb1B/5b1P/3P4/5NK1/5PP1/6rq,0,-1
5Q2/5Rpk/4pb1B/5b1P/3P4/5NK1/5Pq1/6r1,1,-1
5Q2/5Rpk/4pb1B/5b1P/3P1K2/5N2/5Pq1/6r1,0,-1
5Q2/5Rpk/4pb1B/5b1P/3P1Kq1/5N2/5P2/6r1,1,-1
5Q2/5Rpk/4pb1B/5b1P/3P2q1/4KN2/5P2/6r1,0,-1
5Q2/5Rpk/4pb1B/5b1P/3Pq3/4KN2/5P2/6r1,1,-1
5Q2/5Rpk/4pb1B/5b1P/3Pq3/5N2/3K1P2/6r1,0,-1
5Q2/5Rpk/4pb1B/5b1P/3P4/3q1N2/3K1P2/6r1,1,-1
6k1/8/R1p4P/6K1/P7/1P6/8/1r6,1,1
6k1/8/R1p3KP/8/P7/1P6/8/1r6,0,1
6k1/8/R1p3KP/8/P7/1P6/8/6r1,1,1
6k1/8/R1p4P/5K2/P7/1P6/8/6r1,0,1
6k1/8/R1p4P/5K2/P7/1P6/8/1r6,1,1
6k1/8/2R4P/5K2/P7/1P6/8/1r6,0,1
6k1/8/2R4P/5K2/P7/1r6/8/8,1,1
6k1/8/2R4P/P4K2/8/1r6/8/8,0,1
6k1/8/2R4P/P4K2/8/8/8/1r6,1,1
6k1/8/P1R4P/5K2/8/8/8/1r6,0,1
8/7k/P1R4P/5K2/8/8/8/1r6,1,1
8/7k/P1R4P/4K3/8/8/8/1r6,0,1
8/7k/P1R4P/4K3/8/8/8/3r4,1,1
8/7k/PR5P/4K3/8/8/8/3r4,0,1
8/7k/PR5P/4K3/8/8/3r4/8,1,1
8/P6k/1R5P/4K3/8/8/3r4/8,0,1
8/P6k/1R5P/4K3/8/8/r7/8,1,1
8/PR5k/7P/4K3/8/8/r7/8,0,1
8/PR6/7k/4K3/8/8/r7/8,1,1
8/PR6/3K3k/8/8/8/r7/8,0,1
5rk1/1p3ppp/p7/Q4R2/4P1nP/1PN1q1P1/1PP5/1K6,1,1
5rk1/1pQ2ppp/p7/5R2/4P1nP/1PN1q1P1/1PP5/1K6,0,1
5rk1/1pQ2ppp/p7/5R2/4P1nP/1PN3P1/1PP5/1K2q3,1,1
5rk1/1pQ2ppp/p7/5R2/4P1nP/1PN3P1/KPP5/4q3,0,1
5rk1/1pQ2ppp/p7/5R2/4P1nP/1PN3P1/KPPq4/8,1,1
5rk1/1pQ2ppp/p7/3N1R2/4P1nP/1P4P1/KPPq4/8,0,1
5rk1/1pQ2pp1/p6p/3N1R2/4P1nP/1P4P1/KPPq4/8,1,1
5rk1/1p3pp1/p6p/2QN1R2/4P1nP/1P4P1/KPPq4/8,0,1
5rk1/1p3pp1/p6p/2QN1R2/4P1nP/1P4P1/KPP5/4q3,1,1
5rk1/1p3pp1/p6p/2QN4/4PRnP/1P4P1/KPP5/4q3,0,1
5rk1/1p3pp1/p6p/2QN4/4PRnP/1P4q1/KPP5/8,1,1
5rk1/1p2Npp1/p6p/2Q5/4PRnP/1P4q1/KPP5/8,0,1
5r1k/1p2Npp1/p6p/2Q5/4PRnP/1P4q1/KPP5/8,1,1
5r1k/1p3pp1/p5Np/2Q5/4PRnP/1P4q1/KPP5/8,0,1
5r1k/1p4p1/p5pp/2Q5/4PRnP/1P4q1/KPP5/8,1,1
5R1k/1p4p1/p5pp/2Q5/4P1nP/1P4q1/KPP5/8,0,1
5R2/1p4pk/p5pp/2Q5/4P1nP/1P4q1/KPP5/8,1,1
2Q2R2/1p4pk/p5pp/8/4P1nP/1P4q1/KPP5/8,0,1
2Q2R2/1p4pk/p6p/6p1/4P1nP/1P4q1/KPP5/8,1,1
2Q2R2/1p4pk/p6p/6pP/4P1n1/1P4q1/KPP5/8,0,1
8/8/p2kp3/5p2/2B1bP1r/8/PP3R1P/2K5,0,0
8/8/3kp3/p4p2/2B1bP1r/8/PP3R1P/2K5,1,0
8/8/3kp3/p4p2/2B1bP1r/1P6/P4R1P/2K5,0,0
8/8/3kp3/p2b1p2/2B2P1r/1P6/P4R1P/2K5,1,0
8/8/3kp3/p2b1p2/5P1r/1P1B4/P4R1P/2K5,0,0
8/8/4p3/p1kb1p2/5P1r/1P1B4/P4R1P/2K5,1,0
8/8/4p3/p1kb1p2/5P1r/1P1B4/P2K1R1P/8,0,0
8/8/4p3/p2b1p2/3k1P1r/1P1B4/P2K1R1P/8,1,0
8/8/4p3/p2b1p2/3k1P1r/1P6/P1BK1R1P/8,0,0
8/8/4p3/p2b1p2/3k1P2/1P5r/P1BK1R1P/8,1,0
8/8/4p3/p2b1p2/3k1P2/1P5r/P2K1R1P/3B4,0,0
8/8/4p3/p2b1p2/3k1P2/1P1r4/P2K1R1P/3B4,1,0
8/8/4p3/p2b1p2/3k1P2/1P1r4/P3KR1P/3B4,0,0
8/8/4p3/p2b1p2/3k1P2/1P5r/P3KR1P/3B4,1,0
8/8/4p3/p2b1p2/3k1P2/1P5r/P2K1R1P/3B4,0,0
8/8/4p3/p2b1p2/3k1P2/1P1r4/P2K1R1P/3B4,1,0
8/8/4p3/p2b1p2/3k1P2/1P1r4/P3KR1P/3B4,0,0
8/8/4p3/p2b1p2/3k1P2/1P5r/P3KR1P/3B4,1,0
8/8/4p3/p2b1p2/3k1P2/1P5r/P2K1R1P/3B4,0,0
8/8/4p3/p2b1p2/3k1P2/1P1r4/P2K1R1P/3B4,1,0
8/8/p6k/1p2P2p/1P1NB1r1/2r1K3/8/7R,1,0
8/8/p6k/1p2P2p/1P1N2r1/2rBK3/8/7R,0,0
8/8/p6k/1p2P2p/1P1N4/2rBK1r1/8/7R,1,0
8/8/p6k/1p2P2p/1P1NK3/2rB2r1/8/7R,0,0
8/8/p6k/1p2P2p/1P1NK1r1/2rB4/8/7R,1,0
8/8/p6k/1p2P2p/1P1N2r1/2rBK3/8/7R,0,0
8/8/p6k/1p2P2p/1P1N4/2rBK1r1/8/7R,1,0
8/8/p6k/1p2P2p/1P1NK3/2rB2r1/8/7R,0,0
8/8/p6k/1p2P2p/1P1NK3/3r2r1/8/7R,1,0
8/8/p6k/1p2PN1p/1P2K3/3r2r1/8/7R,0,0
8/8/p7/1p2PNkp/1P2K3/3r2r1/8/7R,1,0
8/8/p3P3/1p3Nkp/1P2K3/3r2r1/8/7R,0,0
8/8/p3P3/1p3Nkp/1P2K1r1/3r4/8/7R,1,0
8/8/p3P3/1p3Nkp/1P4r1/3K4/8/7R,0,0
8/8/p3P3/1p3k1p/1P4r1/3K4/8/7R,1,0
8/4P3/p7/1p3k1p/1P4r1/3K4/8/7R,0,0
6r1/4P3/p7/1p3k1p/1P6/3K4/8/7R,1,0
6r1/4P3/p7/1p3k1R/1P6/3K4/8/8,0,0
6r1/4P3/p3k3/1p5R/1P6/3K4/8/8,1,0
6r1/4P3/p3k2R/1p6/1P6/3K4/8/8,0,0
2rr2k1/1pq1bppp/p2p1n2/P1nbp3/4P3/4BP2/1PPQB1PP/R1NR2K1,1,1
2rr2k1/1pq1bppp/p2p1n2/P1nPp3/8/4BP2/1PPQB1PP/R1NR2K1,0,1
2rr2k1/1pq1bppp/p2p1n2/P1nP4/4p3/4BP2/1PPQB1PP/R1NR2K1,1,1
2rr2k1/1pq1bppp/p2p1n2/P1nP4/4pP2/4B3/1PPQB1PP/R1NR2K1,0,1
2rr2k1/1pq1bpp1/p2p1n2/P1nP3p/4pP2/4B3/1PPQB1PP/R1NR2K1,1,1
2rr2k1/1pq1bpp1/p2p1n2/P1nP3p/4pP2/4B2P/1PPQB1P1/R1NR2K1,0,1
2r1r1k1/1pq1bpp1/p2p1n2/P1nP3p/4pP2/4B2P/1PPQB1P1/R1NR2K1,1,1
2r1r1k1/1pq1bpp1/p2p1n2/P1nP3p/1P2pP2/4B2P/2PQB1P1/R1NR2K1,0,1
2r1r1k1/1pqnbpp1/p2p1n2/P2P3p/1P2pP2/4B2P/2PQB1P1/R1NR2K1,1,1
2r1r1k1/1pqnbpp1/p2p1n2/P2P3p/1PP1pP2/4B2P/3QB1P1/R1NR2K1,0,1
2r1r1k1/1pqnbpp1/p2p1n2/P2P4/1PP1pP1p/4B2P/3QB1P1/R1NR2K1,1,1
2r1r1k1/1pqnbpp1/p2p1n2/P2P4/1PP1pP1p/1N2B2P/3QB1P1/R2R2K1,0,1
2r1r1k1/1pqnbp2/p2p1np1/P2P4/1PP1pP1p/1N2B2P/3QB1P1/R2R2K1,1,1
2r1r1k1/1pqnbp2/p2p1np1/P2P4/1PP1pP1p/1N2B2P/3QB1P1/2RR2K1,0,1
r3r1k1/1pqnbp2/p2p1np1/P2P4/1PP1pP1p/1N2B2P/3QB1P1/2RR2K1,1,1
r3r1k1/1pqnbp2/p2p1np1/P1PP4/1P2pP1p/1N2B2P/3QB1P1/2RR2K1,0,1
r3r1k1/1pqnbp1n/p2p2p1/P1PP4/1P2pP1p/1N2B2P/3QB1P1/2RR2K1,1,1
r3r1k1/1pqnbp1n/p1Pp2p1/P2P4/1P2pP1p/1N2B2P/3QB1P1/2RR2K1,0,1
rn2r1k1/1pq1bp1n/p1Pp2p1/P2P4/1P2pP1p/1N2B2P/3QB1P1/2RR2K1,1,1
rn2r1k1/1pq1bp1n/pBPp2p1/P2P4/1P2pP1p/1N5P/3QB1P1/2RR2K1,0,1
6k1/1R3p2/p1n1b1p1/4p3/2PnB1P1/6N1/q4P2/2Q3K1,1,1
6k1/5p2/pRn1b1p1/4p3/2PnB1P1/6N1/q4P2/2Q3K1,0,1
6k1/5p2/pRn1b1p1/q3p3/2PnB1P1/6N1/5P2/2Q3K1,1,1
6k1/5p2/pRn1b1p1/q1P1p3/3nB1P1/6N1/5P2/2Q3K1,0,1
8/5pk1/pRn1b1p1/q1P1p3/3nB1P1/6N1/5P2/2Q3K1,1,1
8/5pk1/pRB1b1p1/q1P1p3/3n2P1/6N1/5P2/2Q3K1,0,1
8/5pk1/pRB1b1p1/q1P1p3/6P1/1n4N1/5P2/2Q3K1,1,1
8/5pk1/p1B1b1p1/q1P1p3/6P1/1R4N1/5P2/2Q3K1,0,1
8/5pk1/p1B3p1/q1P1p3/6P1/1b4N1/5P2/2Q3K1,1,1
8/5pk1/p5p1/q1P1p3/6P1/1b3BN1/5P2/2Q3K1,0,1
8/5pk1/p3b1p1/q1P1p3/6P1/5BN1/5P2/2Q3K1,1,1
8/5pk1/p1P1b1p1/q3p3/6P1/5BN1/5P2/2Q3K1,0,1
8/2q2pk1/p1P1b1p1/4p3/6P1/5BN1/5P2/2Q3K1,1,1
8/2q2pk1/p1P1b1p1/4p1P1/8/5BN1/5P2/2Q3K1,0,1
8/2q2pk1/2P1b1p1/p3p1P1/8/5BN1/5P2/2Q3K1,1,1
8/2q2pk1/2P1b1p1/p3p1P1/8/5BN1/2Q2P2/6K1,0,1
8/4qpk1/2P1b1p1/p3p1P1/8/5BN1/2Q2P2/6K1,1,1
8/4qpk1/2P1b1p1/p3p1P1/4N3/5B2/2Q2P2/6K1,0,1
8/4qpk1/2P3p1/p3pbP1/4N3/5B2/2Q2P2/6K1,1,1
8/2P1qpk1/6p1/p3pbP1/4N3/5B2/2Q2P2/6K1,0,1
6k1/6p1/1Bp1q3/P4pbB/2b5/6p1/2N3P1/3K2Q1,0,-1
6k1/6p1/1Bp1q3/P4pbB/8/1b4p1/2N3P1/3K2Q1,1,-1
6k1/6p1/1Bp1q3/P1Q2pbB/8/1b4p1/2N3P1/3K4,0,-1
6k1/6p1/1Bp5/P1Q2pbB/4q3/1b4p1/2N3P1/3K4,1,-1
6k1/6p1/1Bp5/P4pbB/4q3/1bQ3p1/2N3P1/3K4,0,-1
6k1/6p1/1Bp5/P2q1pbB/8/1bQ3p1/2N3P1/3K4,1,-1
6k1/6p1/1Bp5/P2q1pbB/8/1bQ3p1/2N3P1/4K3,0,-1
7k/6p1/1Bp5/P2q1pbB/8/1bQ3p1/2N3P1/4K3,1,-1
7k/6p1/1Bp5/P2q1pb1/8/1bQ3p1/2N1B1P1/4K3,0,-1
7k/6p1/1Bp5/P4pb1/8/1bQ3p1/2N1B1q1/4K3,1,-1
7k/6p1/1Bp5/P4pb1/8/1Q4p1/2N1B1q1/4K3,0,-1
7k/6p1/1Bp5/P4pb1/8/1Q4p1/2N1B3/4K2q,1,-1
7k/6p1/1Bp5/P4pb1/8/1Q4p1/2N5/4KB1q,0,-1
7k/6p1/1Bp5/P4pb1/8/1Q6/2N3p1/4KB1q,1,-1
7k/6p1/1Bp5/P4pb1/8/3Q4/2N3p1/4KB1q,0,-1
7k/6p1/1Bp5/P4p2/7b/3Q4/2N3p1/4KB1q,1,-1
7k/6p1/1Bp5/P4p2/7b/3Q4/2NK2p1/5B1q,0,-1
7k/6p1/1Bp5/P4p2/7b/3Q4/2NK4/5q1q,1,-1
7k/6p1/1Bp5/P4p2/7b/8/2NK4/5Q1q,0,-1
7k/6p1/1Bp5/P4p2/7b/8/2NK4/5q2,1,-1
2r1r1k1/1p3ppp/p2P4/3b2q1/1P1N4/2Q2P2/P6P/3RR2K,0,-1
2r1r1k1/1p3pp1/p2P4/3b2qp/1P1N4/2Q2P2/P6P/3RR2K,1,-1
2r1r1k1/1p1P1pp1/p7/3b2qp/1P1N4/2Q2P2/P6P/3RR2K,0,-1
2r3k1/1p1P1pp1/p7/3b2qp/1P1N4/2Q2P2/P6P/3Rr2K,1,-1
2r3k1/1p1P1pp1/p7/3b2qp/1P1N4/5P2/P6P/3RQ2K,0,-1
3r2k1/1p1P1pp1/p7/3b2qp/1P1N4/5P2/P6P/3RQ2K,1,-1
3rQ1k1/1p1P1pp1/p7/3b2qp/1P1N4/5P2/P6P/3R3K,0,-1
3rQ3/1p1P1ppk/p7/3b2qp/1P1N4/5P2/P6P/3R3K,1,-1
3rQ3/1p1P1ppk/p7/3b2qp/1P1N4/5P2/P6P/4R2K,0,-1
3rQ3/1p1P1ppk/p4q2/3b3p/1P1N4/5P2/P6P/4R2K,1,-1
3rQ3/1p1P1ppk/p4q2/3bR2p/1P1N4/5P2/P6P/7K,0,-1
3rQ3/1p1P1ppk/p4q2/4R2p/1P1N4/5b2/P6P/7K,1,-1
3rQ3/1p1P1ppk/p4q2/4R2p/1P1N4/5b2/P6P/6K1,0,-1
3rQ3/1p1P1ppk/pq6/4R2p/1P1N4/5b2/P6P/6K1,1,-1
3rQ3/1p1P1ppk/pq6/4R2p/1P1N4/5b2/P6P/5K2,0,-1
3rQ3/1p1P1ppk/p7/4R2p/1P1q4/5b2/P6P/5K2,1,-1
3Q4/1p1P1ppk/p7/4R2p/1P1q4/5b2/P6P/5K2,0,-1
3Q4/1p1P1ppk/p7/4q2p/1P6/5b2/P6P/5K2,1,-1
4Q3/1p1P1ppk/p7/4q2p/1P6/5b2/P6P/5K2,0,-1
4Q3/1p1P1ppk/p7/1q5p/1P6/5b2/P6P/5K2,1,-1
8/5pk1/1p3np1/1Pp1q2p/4P3/5PP1/2PQB2P/6K1,1,1
8/5pk1/1p3np1/1Pp1q2p/4P3/5PP1/2PQB1KP/8,0,1
8/5pk1/1p3np1/1Pp1q3/4P2p/5PP1/2PQB1KP/8,1,1
8/5pk1/1p3np1/1Pp1q3/4P2p/3Q1PP1/2P1B1KP/8,0,1
8/5pk1/1p3n2/1Pp1q1p1/4P2p/3Q1PP1/2P1B1KP/8,1,1
8/5pk1/1p3n2/1Pp1q1p1/4P2p/2PQ1PP1/4B1KP/8,0,1
8/5pk1/1p6/1Pp1q1pn/4P2p/2PQ1PP1/4B1KP/8,1,1
8/5pk1/1p6/1PpQq1pn/4P2p/2P2PP1/4B1KP/8,0,1
8/4qpk1/1p6/1PpQ2pn/4P2p/2P2PP1/4B1KP/8,1,1
8/4qpk1/1p6/1PpQ2pn/4PP1p/2P3P1/4B1KP/8,0,1
8/4qpk1/1p3n2/1PpQ2p1/4PP1p/2P3P1/4B1KP/8,1,1
8/4qpk1/1p3n2/1Pp3Q1/4PP1p/2P3P1/4B1KP/8,0,1
5k2/4qp2/1p3n2/1Pp3Q1/4PP1p/2P3P1/4B1KP/8,1,1
5k2/4qp2/1p3n1Q/1Pp5/4PP1p/2P3P1/4B1KP/8,0,1
4k3/4qp2/1p3n1Q/1Pp5/4PP1p/2P3P1/4B1KP/8,1,1
4k2Q/4qp2/1p3n2/1Pp5/4PP1p/2P3P1/4B1KP/8,0,1
7Q/3kqp2/1p3n2/1Pp5/4PP1p/2P3P1/4B1KP/8,1,1
7Q/3kqp2/1p3n2/1Pp1P3/5P1p/2P3P1/4B1KP/8,0,1
7Q/3kqp2/1p6/1PpnP3/5P1p/2P3P1/4B1KP/8,1,1
7Q/3kqp2/1p6/1PpnP3/5PBp/2P3P1/6KP/8,0,1
2r1kb1r/1p3pp1/p3b3/4p2p/8/2P1B2P/PP2BPP1/3RK2R,0,0
2r1k2r/1p3pp1/p3b3/2b1p2p/8/2P1B2P/PP2BPP1/3RK2R,1,0
2r1k2r/1p3pp1/p3b3/2b1p2p/8/2P1BB1P/PP3PP1/3RK2R,0,0
2r1k2r/1p3pp1/p3b3/4p2p/8/2P1bB1P/PP3PP1/3RK2R,1,0
2r1k2r/1p3pp1/p3b3/4p2p/8/2P1PB1P/PP4P1/3RK2R,0,0
2r4r/1p2kpp1/p3b3/4p2p/8/2P1PB1P/PP4P1/3RK2R,1,0
2r4r/1p2kpp1/p3b3/3Bp2p/8/2P1P2P/PP4P1/3RK2R,0,0
2rr4/1p2kpp1/p3b3/3Bp2p/8/2P1P2P/PP4P1/3RK2R,1,0
2rr4/1p2kpp1/p3b3/4p2p/8/1BP1P2P/PP4P1/3RK2R,0,0
2r5/1p2kpp1/p3b3/4p2p/8/1BP1P2P/PP4P1/3rK2R,1,0
2r5/1p2kpp1/p3b3/4p2p/8/1BP1P2P/PP4P1/3K3R,0,0
3r4/1p2kpp1/p3b3/4p2p/8/1BP1P2P/PP4P1/3K3R,1,0
3r4/1p2kpp1/p3b3/4p2p/8/1BP1P2P/PP2K1P1/7R,0,0
3r4/1p2kpp1/p3b3/4p3/7p/1BP1P2P/PP2K1P1/7R,1,0
3r4/1p2kpp1/p3B3/4p3/7p/2P1P2P/PP2K1P1/7R,0,0
3r4/1p3pp1/p3k3/4p3/7p/2P1P2P/PP2K1P1/7R,1,0
3r4/1p3pp1/p3k3/4p3/2P4p/4P2P/PP2K1P1/7R,0,0
3r4/1p3pp1/p3k3/8/2P1p2p/4P2P/PP2K1P1/7R,1,0
3r4/1p3pp1/p3k3/8/2P1p2p/4P2P/PP2K1P1/2R5,0,0
3r4/1p4p1/p3k3/5p2/2P1p2p/4P2P/PP2K1P1/2R5,1,0
6k1/3r2p1/p1qpp2p/4pn2/1BP5/1n3P2/2R2QPP/3R2K1,0,-1
6k1/3r2p1/p1qpp2p/4p3/1BPn4/1n3P2/2R2QPP/3R2K1,1,-1
6k1/3r2p1/p1qpp2p/4p3/1BPn4/1nR2P2/5QPP/3R2K1,0,-1
6k1/3r2p1/p2pp2p/4p3/qBPn4/1nR2P2/5QPP/3R2K1,1,-1
6k1/3r2p1/p2pp2p/4p3/qBPn4/1R3P2/5QPP/3R2K1,0,-1
6k1/3r2p1/p2pp2p/4p3/1BPn4/1q3P2/5QPP/3R2K1,1,-1
6k1/3r2p1/p2pp2p/4p3/1BPn4/1q3P2/3Q2PP/3R2K1,0,-1
6k1/3r2p1/p2pp2p/4p3/1Bqn4/5P2/3Q2PP/3R2K1,1,-1
6k1/3r2p1/p2pp2p/4p3/2qn4/B4P2/3Q2PP/3R2K1,0,-1
6k1/1r4p1/p2pp2p/4p3/2qn4/B4P2/3Q2PP/3R2K1,1,-1
6k1/1r4p1/p2pp2p/Q3p3/2qn4/B4P2/6PP/3R2K1,0,-1
6k1/1r4p1/p2pp2p/Q3p3/3n4/Bq3P2/6PP/3R2K1,1,-1
6k1/1r4p1/p2pp2p/Q3p3/3n4/Bq3P2/6PP/5RK1,0,-1
6k1/1r4p1/p2pp2p/Q3p3/3n4/B3qP2/6PP/5RK1,1,-1
6k1/1r4p1/p2pp2p/Q3p3/3n4/B3qP2/6PP/5R1K,0,-1
6k1/1r4p1/p2pp2p/Q3p3/3n4/B2q1P2/6PP/5R1K,1,-1
6k1/1r4p1/p2pp2p/Q3p3/3n4/B2q1P2/6PP/5RK1,0,-1
6k1/1r4p1/p2pp2p/Q3p3/8/B2q1P2/4n1PP/5RK1,1,-1
6k1/1r4p1/p2pp2p/Q3p3/8/B2q1P2/4nKPP/5R2,0,-1
6k1/1r4p1/p2pp2p/Q3p3/5n2/B2q1P2/5KPP/5R2,1,-1
3r2k1/1p2p2p/p1b3p1/2N1p3/1PP5/4RPP1/P3K2P/8,1,0
3r2k1/1p2p2p/p1b1N1p1/4p3/1PP5/4RPP1/P3K2P/8,0,0
6k1/1p2p2p/p1brN1p1/4p3/1PP5/4RPP1/P3K2P/8,1,0
6k1/1p2p2p/p1brN1p1/4R3/1PP5/5PP1/P3K2P/8,0,0
8/1p2pk1p/p1brN1p1/4R3/1PP5/5PP1/P3K2P/8,1,0
8/1p2pk1p/p1br2p1/4R1N1/1PP5/5PP1/P3K2P/8,0,0
8/1p2p2p/p1br1kp1/4R1N1/1PP5/5PP1/P3K2P/8,1,0
8/1p2p2p/p1br1kp1/4R1N1/1PP2P2/6P1/P3K2P/8,0,0
8/1p2p3/p1br1kpp/4R1N1/1PP2P2/6P1/P3K2P/8,1,0
8/1p2p3/p1br1kpp/2P1R1N1/1P3P2/6P1/P3K2P/8,0,0
8/1p2p3/p1b2kpp/2P1R1N1/1P1r1P2/6P1/P3K2P/8,1,0
8/1p2p3/p1b1Rkpp/2P3N1/1P1r1P2/6P1/P3K2P/8,0,0
8/1p2p3/p1b1R1pp/2P2kN1/1P1r1P2/6P1/P3K2P/8,1,0
8/1p2p3/p1b3pp/2P1RkN1/1P1r1P2/6P1/P3K2P/8,0,0
8/1p2p3/p1b2kpp/2P1R1N1/1P1r1P2/6P1/P3K2P/8,1,0
8/1p2p3/p1b1Rkpp/2P3N1/1P1r1P2/6P1/P3K2P/8,0,0
8/1p2p3/p1b1R1pp/2P2kN1/1P1r1P2/6P1/P3K2P/8,1,0
8/1p2p3/p1b3pp/2P1RkN1/1P1r1P2/6P1/P3K2P/8,0,0
8/1p2p3/p1b2kpp/2P1R1N1/1P1r1P2/6P1/P3K2P/8,1,0
8/1p2p3/p1b1Rkpp/2P3N1/1P1r1P2/6P1/P3K2P/8,0,0
1rb2rk1/3nbp1p/p1p1p3/4q1p1/4N3/1P4P1/P1PBQ1BP/R4RK1,0,1
1rb2rk1/3nb2p/p1p1p3/4qpp1/4N3/1P4P1/P1PBQ1BP/R4RK1,1,1
1rb2rk1/3nb2p/p1p1p3/4qpp1/4N3/1PB3P1/P1P1Q1BP/R4RK1,0,1
1rb2rk1/3nb2p/p1p1p3/1q3pp1/4N3/1PB3P1/P1P1Q1BP/R4RK1,1,1
1rb2rk1/3nb2p/p1p1p3/1q3ppQ/4N3/1PB3P1/P1P3BP/R4RK1,0,1
1rb2rk1/3nb2p/p1p1p3/1q4pQ/4p3/1PB3P1/P1P3BP/R4RK1,1,1
1rb2Rk1/3nb2p/p1p1p3/1q4pQ/4p3/1PB3P1/P1P3BP/R5K1,0,1
1rb2nk1/4b2p/p1p1p3/1q4pQ/4p3/1PB3P1/P1P3BP/R5K1,1,1
1rb2nk1/4b2p/p1p1p3/1q4pQ/4p3/1PB3P1/P1P3BP/5RK1,0,1
1rb2nk1/7p/p1p1p3/1qb3pQ/4p3/1PB3P1/P1P3BP/5RK1,1,1
1rb2nk1/7p/p1p1p3/1qb3pQ/4p3/1PB3P1/P1P3BP/5R1K,0,1
1rb3k1/7p/p1p1p1n1/1qb3pQ/4p3/1PB3P1/P1P3BP/5R1K,1,1
1rb3k1/7p/p1p1p1n1/1qb3pQ/P3p3/1PB3P1/2P3BP/5R1K,0,1
1rb3k1/1q5p/p1p1p1n1/2b3pQ/P3p3/1PB3P1/2P3BP/5R1K,1,1
1rb3k1/1q5p/p1p1p1n1/2b3pQ/P3B3/1PB3P1/2P4P/5R1K,0,1
1rb3k1/1q5p/p1p3n1/2b1p1pQ/P3B3/1PB3P1/2P4P/5R1K,1,1
1rb3k1/1q5p/p1p3B1/2b1p1pQ/P7/1PB3P1/2P4P/5R1K,0,1
1rb3k1/1q6/p1p3p1/2b1p1pQ/P7/1PB3P1/2P4P/5R1K,1,1
1rb3k1/1q6/p1p3Q1/2b1p1p1/P7/1PB3P1/2P4P/5R1K,0,1
1rb3k1/6q1/p1p3Q1/2b1p1p1/P7/1PB3P1/2P4P/5R1K,1,1
8/6bp/4k1p1/3pN1P1/PP1KpP2/8/7P/8,0,-1
8/6bp/6p1/3pNkP1/PP1KpP2/8/7P/8,1,-1
8/6bp/6p1/3KNkP1/PP2pP2/8/7P/8,0,-1
8/7p/6p1/3KbkP1/PP2pP2/8/7P/8,1,-1
8/7p/6p1/3KPkP1/PP2p3/8/7P/8,0,-1
8/7p/6p1/3KPkP1/PP6/4p3/7P/8,1,-1
8/7p/6p1/P2KPkP1/1P6/4p3/7P/8,0,-1
8/7p/6p1/P2KPkP1/1P6/8/4p2P/8,1,-1
8/7p/P5p1/3KPkP1/1P6/8/4p2P/8,0,-1
8/7p/P5p1/3KPkP1/1P6/8/7P/4q3,1,-1
8/7p/P5p1/1P1KPkP1/8/8/7P/4q3,0,-1
8/7p/P5p1/1P1KqkP1/8/8/7P/8,1,-1
8/7p/P1K3p1/1P2qkP1/8/8/7P/8,0,-1
1q6/7p/P1K3p1/1P3kP1/8/8/7P/8,1,-1
1q6/7p/PPK3p1/5kP1/8/8/7P/8,0,-1
q7/7p/PPK3p1/5kP1/8/8/7P/8,1,-1
q7/7p/PP4p1/1K3kP1/8/8/7P/8,0,-1
q7/7p/PP4p1/1K4k1/8/8/7P/8,1,-1
q7/1P5p/P5p1/1K4k1/8/8/7P/8,0,-1
8/qP5p/P5p1/1K4k1/8/8/7P/8,1,-1
3r1r1k/1p4pb/p2Pq3/P3N1p1/8/4Q2P/6P1/2RR3K,0,0
5r1k/1p4pb/p2rq3/P3N1p1/8/4Q2P/6P1/2RR3K,1,0
5r1k/1p4pb/p2Rq3/P3N1p1/8/4Q2P/6P1/2R4K,0,0
5r1k/1p4pb/p2q4/P3N1p1/8/4Q2P/6P1/2R4K,1,0
5r1k/1p4pb/p2q4/P3N1Q1/8/7P/6P1/2R4K,0,0
5rk1/1p4pb/p2q4/P3N1Q1/8/7P/6P1/2R4K,1,0
5rk1/1p4pb/p2q4/P5Q1/6N1/7P/6P1/2R4K,0,0
5rk1/1p4p1/p2q4/P5Q1/4b1N1/7P/6P1/2R4K,1,0
5rk1/1p4p1/p2q4/P7/4b1N1/4Q2P/6P1/2R4K,0,0
5rk1/1p4p1/p7/P2q4/4b1N1/4Q2P/6P1/2R4K,1,0
5rk1/1p4p1/p7/P2q4/4b1N1/7P/4Q1P1/2R4K,0,0
4r1k1/1p4p1/p7/P2q4/4b1N1/7P/4Q1P1/2R4K,1,0
4r1k1/1p4p1/p7/P2q4/4b1N1/7P/4Q1P1/R6K,0,0
6k1/1p4p1/p3r3/P2q4/4b1N1/7P/4Q1P1/R6K,1,0
6k1/1p4p1/p3r3/P2q4/4b1N1/R6P/4Q1P1/7K,0,0
6k1/1p4p1/p3r3/P2q1b2/6N1/R6P/4Q1P1/7K,1,0
6k1/1p4p1/p3r3/P2q1b2/6N1/R4Q1P/6P1/7K,0,0
6k1/1p4p1/p3r3/P4b2/6N1/R4q1P/6P1/7K,1,0
6k1/1p4p1/p3r3/P4b2/6N1/R4P1P/8/7K,0,0
6k1/1p4p1/p3r3/P7/6b1/R4P1P/8/7K,1,0
2r4k/1p3pbp/p4p2/3b4/3N1P2/3P2P1/q3Q2P/1R3RK1,0,-1
2r4k/1p3pbp/p7/3b1p2/3N1P2/3P2P1/q3Q2P/1R3RK1,1,-1
2r4k/1p3pbp/p7/3b1p2/3N1P2/3P2P1/Q6P/1R3RK1,0,-1
2r4k/1p3pbp/p7/5p2/3N1P2/3P2P1/b6P/1R3RK1,1,-1
2r4k/1p3pbp/p7/5p2/1R1N1P2/3P2P1/b6P/5RK1,0,-1
2r4k/1p3pbp/8/p4p2/1R1N1P2/3P2P1/b6P/5RK1,1,-1
2r4k/1p3pbp/8/p4p2/R2N1P2/3P2P1/b6P/5RK1,0,-1
2r4k/1p3p1p/8/p4p2/R2b1P2/3P2P1/b6P/5RK1,1,-1
2r4k/1p3p1p/8/p4p2/3R1P2/3P2P1/b6P/5RK1,0,-1
2r4k/5p1p/8/pp3p2/3R1P2/3P2P1/b6P/5RK1,1,-1
2r4k/5p1p/8/pp3p2/3R1PP1/3P4/b6P/5RK1,0,-1
2r4k/5p1p/8/p4p2/1p1R1PP1/3P4/b6P/5RK1,1,-1
2r4k/5p1p/8/p4p2/1p1R1PP1/3P4/b6P/R5K1,0,-1
2r4k/5p1p/8/p4p2/3R1PP1/1p1P4/b6P/R5K1,1,-1
2r4k/5p1p/8/p4p2/R4PP1/1p1P4/b6P/R5K1,0,-1
7k/5p1p/8/p4p2/R4PP1/1p1P4/b1r4P/R5K1,1,-1
7k/5p1p/8/p4pP1/R4P2/1p1P4/b1r4P/R5K1,0,-1
7k/5p1p/8/p4pP1/R4P2/3P4/bpr4P/R5K1,1,-1
7k/5p1p/8/p4pP1/5P2/3P4/Rpr4P/R5K1,0,-1
7k/5p1p/8/p4pP1/5P2/3P4/Rp5P/R1r3K1,1,-1
4r3/2k5/p7/4pnN1/P1Pq1p2/5Q1P/4R2K/8,1,1
4r3/2k5/p7/4pnN1/P1Pq1pQ1/7P/4R2K/8,0,1
4r3/2k5/p7/4pnN1/P1P2pQ1/3q3P/4R2K/8,1,1
4r3/2k5/p7/4pn2/P1P1NpQ1/3q3P/4R2K/8,0,1
6r1/2k5/p7/4pn2/P1P1NpQ1/3q3P/4R2K/8,1,1
6r1/2k5/p7/4pn1Q/P1P1Np2/3q3P/4R2K/8,0,1
7r/2k5/p7/4pn1Q/P1P1Np2/3q3P/4R2K/8,1,1
7r/2k2Q2/p7/4pn2/P1P1Np2/3q3P/4R2K/8,0,1
7r/2kq1Q2/p7/4pn2/P1P1Np2/7P/4R2K/8,1,1
7r/2kq4/p4Q2/4pn2/P1P1Np2/7P/4R2K/8,0,1
4r3/2kq4/p4Q2/4pn2/P1P1Np2/7P/4R2K/8,1,1
4r3/2kq4/Q7/4pn2/P1P1Np2/7P/4R2K/8,0,1
4r3/2k5/Q1q5/4pn2/P1P1Np2/7P/4R2K/8,1,1
4r3/2k5/2q5/Q3pn2/P1P1Np2/7P/4R2K/8,0,1
4r3/2k5/1q6/Q3pn2/P1P1Np2/7P/4R2K/8,1,1
4r3/2k5/1q6/3Qpn2/P1P1Np2/7P/4R2K/8,0,1
4r3/2k5/1q6/3Qp3/P1PnNp2/7P/4R2K/8,1,1
4r3/2k2Q2/1q6/4p3/P1PnNp2/7P/4R2K/8,0,1
4r3/5Q2/1qk5/4p3/P1PnNp2/7P/4R2K/8,1,1
4Q3/8/1qk5/4p3/P1PnNp2/7P/4R2K/8,0,1
rn3rk1/4qppp/p7/1p1bPp2/4pPP1/2Q5/PPP3BP/2KR3R,1,1
rn3rk1/4qppp/p7/1p1RPp2/4pPP1/2Q5/PPP3BP/2K4R,0,1
rn3rk1/4qppp/p7/3RPp2/1p2pPP1/2Q5/PPP3BP/2K4R,1,1
rn3rk1/4qppp/p7/3RPp2/1p2pPP1/8/PPPQ2BP/2K4R,0,1
rn3rk1/4qppp/p7/3RP3/1p2pPp1/8/PPPQ2BP/2K4R,1,1
rn3rk1/4qppp/p7/3RP3/1p2BPp1/8/PPPQ3P/2K4R,0,1
1n3rk1/r3qppp/p7/3RP3/1p2BPp1/8/PPPQ3P/2K4R,1,1
1n3rk1/r3qppp/p7/3RP3/1p2BPp1/7P/PPPQ4/2K4R,0,1
1n3rk1/r3qppp/p7/3RP3/1p2BP2/7p/PPPQ4/2K4R,1,1
1n3rk1/r3qppB/p7/3RP3/1p3P2/7p/PPPQ4/2K4R,0,1
1n3r2/r3qppk/p7/3RP3/1p3P2/7p/PPPQ4/2K4R,1,1
1n3r2/r3qppk/p7/3RP3/1p3P2/3Q3p/PPP5/2K4R,0,1
1n3rk1/r3qpp1/p7/3RP3/1p3P2/3Q3p/PPP5/2K4R,1,1
1n3rk1/r3qpp1/p7/3RP3/1p3P2/7Q/PPP5/2K4R,0,1
1n3rk1/r3q1p1/p7/3RPp2/1p3P2/7Q/PPP5/2K4R,1,1
1n3rk1/r3q1p1/p3P3/3R1p2/1p3P2/7Q/PPP5/2K4R,0,1
1n3rk1/r5p1/p3q3/3R1p2/1p3P2/7Q/PPP5/2K4R,1,1
1n3rk1/r5pQ/p3q3/3R1p2/1p3P2/8/PPP5/2K4R,0,1
1n3r2/r4kpQ/p3q3/3R1p2/1p3P2/8/PPP5/2K4R,1,1
1n3r2/r4kpQ/p3q3/5R2/1p3P2/8/PPP5/2K4R,0,1
1R6/8/6p1/6k1/8/r5K1/8/8,1,0
1R6/8/6p1/6k1/8/r7/6K1/8,0,0
1R6/8/6p1/8/7k/r7/6K1/8,1,0
8/8/6p1/8/1R5k/r7/6K1/8,0,0
8/8/6p1/7k/1R6/r7/6K1/8,1,0
8/8/6p1/7k/2R5/r7/6K1/8,0,0
8/8/8/6pk/2R5/r7/6K1/8,1,0
8/8/8/6pk/1R6/r7/6K1/8,0,0
8/8/8/r5pk/1R6/8/6K1/8,1,0
8/8/8/r5pk/1R6/6K1/8/8,0,0
8/8/8/2r3pk/1R6/6K1/8/8,1,0
8/8/8/2r3pk/R7/6K1/8/8,0,0
8/8/8/2r4k/R5p1/6K1/8/8,1,0
R7/8/8/2r4k/6p1/6K1/8/8,0,0
R7/8/8/7k/6p1/2r3K1/8/8,1,0
R7/8/8/7k/6p1/2r5/6K1/8,0,0
R7/8/8/7k/2r3p1/8/6K1/8,1,0
R7/8/8/7k/2r3p1/6K1/8/8,0,0
R7/8/8/7k/6p1/2r3K1/8/8,1,0
R7/8/8/7k/6p1/2r5/6K1/8,0,0
8/5k2/8/5p2/4p2P/2P1Q1P1/5PK1/3q4,1,1
8/5k2/8/5p2/2P1p2P/4Q1P1/5PK1/3q4,0,1
8/8/4k3/5p2/2P1p2P/4Q1P1/5PK1/3q4,1,1
8/8/4k3/2P2p2/4p2P/4Q1P1/5PK1/3q4,0,1
8/8/8/2Pk1p2/4p2P/4Q1P1/5PK1/3q4,1,1
8/8/8/2Pk1p2/4pQ1P/6P1/5PK1/3q4,0,1
8/8/8/2Pk1p1q/4pQ1P/6P1/5PK1/8,1,1
8/8/3Q4/2Pk1p1q/4p2P/6P1/5PK1/8,0,1
8/8/3Q4/2P2p1q/2k1p2P/6P1/5PK1/8,1,1
8/8/2PQ4/5p1q/2k1p2P/6P1/5PK1/8,0,1
8/8/2PQ4/5p2/2k1p2P/5qP1/5PK1/8,1,1
8/8/2PQ4/5p2/2k1p2P/5qP1/5P2/6K1,0,1
8/8/2PQ4/5p2/2k4P/4pqP1/5P2/6K1,1,1
8/8/2P1Q3/5p2/2k4P/4pqP1/5P2/6K1,0,1
8/8/2P1Q3/1k3p2/7P/4pqP1/5P2/6K1,1,1
8/8/2P5/1k3p2/7P/4QqP1/5P2/6K1,0,1
8/8/2P5/1k3p2/7P/4Q1P1/5P2/3q2K1,1,1
8/8/2P5/1k3p2/7P/4Q1P1/5PK1/3q4,0,1
8/8/2P5/1k1q1p2/7P/4Q1P1/5PK1/8,1,1
8/8/2P5/1k1q1p2/7P/5QP1/5PK1/8,0,1
8/8/r3bPpk/4R3/6pP/4N1P1/1PP2PK1/8,1,1
8/8/r3bPpk/6R1/6pP/4N1P1/1PP2PK1/8,0,1
8/7k/r3bPp1/6R1/6pP/4N1P1/1PP2PK1/8,1,1
8/7k/r3bPp1/6R1/6NP/6P1/1PP2PK1/8,0,1
8/7k/4bPp1/6R1/6NP/6P1/rPP2PK1/8,1,1
8/7k/4bPp1/4N1R1/7P/6P1/rPP2PK1/8,0,1
8/7k/4bPp1/4N1R1/7P/6P1/1rP2PK1/8,1,1
8/7k/4bPN1/6R1/7P/6P1/1rP2PK1/8,0,1
8/8/4bPNk/6R1/7P/6P1/1rP2PK1/8,1,1
8/8/4bP1k/6R1/5N1P/6P1/1rP2PK1/8,0,1
8/5b2/5P1k/6R1/5N1P/6P1/1rP2PK1/8,1,1
8/5bR1/5P1k/8/5N1P/6P1/1rP2PK1/8,0,1
8/5bR1/5P1k/8/5N1P/6P1/2r2PK1/8,1,1
8/5bR1/5P1k/8/5N1P/6P1/2r2P2/6K1,0,1
8/5bR1/5P1k/8/5N1P/6P1/5P2/2r3K1,1,1
8/5bR1/5P1k/8/5N1P/6P1/5P1K/2r5,0,1
8/5bR1/5P1k/8/5N1P/6P1/2r2P1K/8,1,1
8/5bR1/5P1k/8/5NPP/8/2r2P1K/8,0,1
8/5bR1/5P1k/8/5NPP/8/5r1K/8,1,1
8/5bR1/5P1k/8/5NPP/6K1/5r2/8,0,1
5rk1/4Qp1p/4p1pb/4P3/2P2p2/1B1P1P1P/P2r2PK/8,1,1
5rk1/4Qp1p/4p1pb/2P1P3/5p2/1B1P1P1P/P2r2PK/8,0,1
5rk1/4Qp1p/4p1pb/2P1P3/5p2/1B1r1P1P/P5PK/8,1,1
5rk1/4Qp1p/2P1p1pb/4P3/5p2/1B1r1P1P/P5PK/8,0,1
5rk1/4Qp1p/2P1p1pb/4P3/5p2/1Br2P1P/P5PK/8,1,1
5rk1/2P1Qp1p/4p1pb/4P3/5p2/1Br2P1P/P5PK/8,0,1
5rk1/2P1Qpbp/4p1p1/4P3/5p2/1Br2P1P/P5PK/8,1,1
5rk1/2P2pbp/3Qp1p1/4P3/5p2/1Br2P1P/P5PK/8,0,1
5rk1/2P2pb1/3Qp1p1/4P2p/5p2/1Br2P1P/P5PK/8,1,1
5rk1/2P2pb1/3Qp1p1/4P2p/B4p2/2r2P1P/P5PK/8,0,1
5r2/2P2pbk/3Qp1p1/4P2p/B4p2/2r2P1P/P5PK/8,1,1
5r2/2P2pbk/2BQp1p1/4P2p/5p2/2r2P1P/P5PK/8,0,1
2r5/2P2pbk/2BQp1p1/4P2p/5p2/2r2P1P/P5PK/8,1,1
2r5/2PQ1pbk/2B1p1p1/4P2p/5p2/2r2P1P/P5PK/8,0,1
2r5/2PQ1pbk/2r1p1p1/4P2p/5p2/5P1P/P5PK/8,1,1
2r5/2P2pbk/2Q1p1p1/4P2p/5p2/5P1P/P5PK/8,0,1
2r5/2P2p1k/2Q1p1p1/4b2p/5p2/5P1P/P5PK/8,1,1
2r5/2P2p1k/4p1p1/1Q2b2p/5p2/5P1P/P5PK/8,0,1
2r5/2b2p1k/4p1p1/1Q5p/5p2/5P1P/P5PK/8,1,1
2r5/1Qb2p1k/4p1p1/7p/5p2/5P1P/P5PK/8,0,1
5rk1/1q2bppp/3p4/1B1p4/P4P2/5r2/5P1P/3RRQ1K,0,-1
5rk1/1q2bppp/3p4/1B1p4/P4r2/8/5P1P/3RRQ1K,1,-1
5rk1/1q2bppp/3p4/1B1p4/P4r2/8/5PQP/3RR2K,0,-1
5rk1/1q3ppp/3p4/1B1p4/P4r1b/8/5PQP/3RR2K,1,-1
5rk1/1q3ppp/3p4/1B1Q4/P4r1b/8/5P1P/3RR2K,0,-1
2q2rk1/5ppp/3p4/1B1Q4/P4r1b/8/5P1P/3RR2K,1,-1
2q2rk1/5ppp/3p4/1B1Q4/P4r1b/8/5P1P/2R1R2K,0,-1
3q1rk1/5ppp/3p4/1B1Q4/P4r1b/8/5P1P/2R1R2K,1,-1
3q1rk1/5ppp/2Rp4/1B1Q4/P4r1b/8/5P1P/4R2K,0,-1
3q1rk1/5ppp/2Rp4/1B1Q4/P4r2/8/5b1P/4R2K,1,-1
3q1rk1/5ppp/3R4/1B1Q4/P4r2/8/5b1P/4R2K,0,-1
5rk1/5ppp/3R4/1B1Q4/P4r1q/8/5b1P/4R2K,1,-1
4Rrk1/5ppp/3R4/1B1Q4/P4r1q/8/5b1P/7K,0,-1
4r1k1/5ppp/3R4/1B1Q4/P4r1q/8/5b1P/7K,1,-1
4B1k1/5ppp/3R4/3Q4/P4r1q/8/5b1P/7K,0,-1
4B1k1/5ppp/1b1R4/3Q4/P4r1q/8/7P/7K,1,-1
6k1/5ppp/1b1R4/1B1Q4/P4r1q/8/7P/7K,0,-1
6k1/5ppp/1b1R4/1B1Q4/P4r2/8/7P/4q2K,1,-1
6k1/5ppp/1b1R4/1B1Q4/P4r2/8/6KP/4q3,0,-1
6k1/5ppp/1b1R4/1B1Q4/P4r2/8/5qKP/8,1,-1
8/8/2Bb1p2/p5k1/3R4/5P1r/8/7K,1,0
8/8/2Bb1p2/p5k1/3R4/5P1r/6K1/8,0,0
8/8/2Bb1p2/p5k1/3R4/5P2/6Kr/8,1,0
8/8/2Bb1p2/p5k1/3R4/5P2/7r/6K1,0,0
8/8/2B2p2/p3b1k1/3R4/5P2/7r/6K1,1,0
8/8/2B2p2/p3b1k1/3R1P2/8/7r/6K1,0,0
8/8/2B2p2/p5k1/3R1b2/8/7r/6K1,1,0
8/8/2B2p2/p5k1/5R2/8/7r/6K1,0,0
8/8/2B2p2/p7/5k2/8/7r/6K1,1,0
8/8/2B2p2/p7/5k2/8/7K/8,0,0
8/8/2B2p2/p7/8/4k3/7K/8,1,0
8/8/2B2p2/p7/8/4k3/8/6K1,0,0
8/8/2B2p2/p7/8/8/4k3/6K1,1,0
8/8/5p2/pB6/8/8/4k3/6K1,0,0
8/8/5p2/pB6/8/4k3/8/6K1,1,0
8/8/5p2/pB6/8/4k3/8/5K2,0,0
8/8/8/pB3p2/8/4k3/8/5K2,1,0
8/8/8/p4p2/B7/4k3/8/5K2,0,0
8/8/8/p7/B4p2/4k3/8/5K2,1,0
8/8/8/pB6/5p2/4k3/8/5K2,0,0
r1b1kbnr/1pqp1ppp/p1n1p3/8/3NP3/2N3P1/PPP2P1P/R1BQKB1R,1,0
r1b1kbnr/1pqp1ppp/p1n1p3/8/3NP3/2N3P1/PPP2PBP/R1BQK2R,0,0
r1b1kb1r/1pqp1ppp/p1n1pn2/8/3NP3/2N3P1/PPP2PBP/R1BQK2R,1,0
r1b1kb1r/1pqp1ppp/p1n1pn2/8/3NP3/2N3P1/PPP2PBP/R1BQ1RK1,0,0
r1b1kb1r/1pq2ppp/p1nppn2/8/3NP3/2N3P1/PPP2PBP/R1BQ1RK1,1,0
r1b1kb1r/1pq2ppp/p1nppn2/8/3NP3/2N3P1/PPP2PBP/R1BQR1K1,0,0
r1b1kb1r/1pq2ppp/p2ppn2/8/3nP3/2N3P1/PPP2PBP/R1BQR1K1,1,0
r1b1kb1r/1pq2ppp/p2ppn2/8/3QP3/2N3P1/PPP2PBP/R1B1R1K1,0,0
r3kb1r/1pqb1ppp/p2ppn2/8/3QP3/2N3P1/PPP2PBP/R1B1R1K1,1,0
r3kb1r/1pqb1ppp/p2ppn2/8/3QP3/1PN3P1/P1P2PBP/R1B1R1K1,0,0
r3k2r/1pqbbppp/p2ppn2/8/3QP3/1PN3P1/P1P2PBP/R1B1R1K1,1,0
r3k2r/1pqbbppp/p2ppn2/8/3QP3/1PN3P1/PBP2PBP/R3R1K1,0,0
r4rk1/1pqbbppp/p2ppn2/8/3QP3/1PN3P1/PBP2PBP/R3R1K1,1,0
r4rk1/1pqbbppp/p2ppn2/8/3QP3/1P4P1/PBP2PBP/R2NR1K1,0,0
r4rk1/2qbbppp/p2ppn2/1p6/3QP3/1P4P1/PBP2PBP/R2NR1K1,1,0
r4rk1/2qbbppp/p2ppn2/1p6/3QP3/1P2N1P1/PBP2PBP/R3R1K1,0,0
r4rk1/2q1bppp/p1bppn2/1p6/3QP3/1P2N1P1/PBP2PBP/R3R1K1,1,0
r4rk1/2q1bppp/p1bppn2/1p6/3QP3/1P2N1P1/PBP2PBP/3RR1K1,0,0
r4rk1/1q2bppp/p1bppn2/1p6/3QP3/1P2N1P1/PBP2PBP/3RR1K1,1,0
r4rk1/1q2bppp/p1bppn2/1p6/3QP3/1P2NPP1/PBP3BP/3RR1K1,0,0
8/1q5k/4p2r/8/1Pn1P3/2P2Q1P/5P2/6RK,1,1
8/1q5k/4p2r/8/1Pn1P1Q1/2P4P/5P2/6RK,0,1
8/5q1k/4p2r/8/1Pn1P1Q1/2P4P/5P2/6RK,1,1
8/5q1k/4p2r/1P6/2n1P1Q1/2P4P/5P2/6RK,0,1
8/5q1k/4p2r/1P2n3/4P1Q1/2P4P/5P2/6RK,1,1
8/5q1k/4p2r/1P2n3/4P3/2P3QP/5P2/6RK,0,1
8/5q1k/4p1r1/1P2n3/4P3/2P3QP/5P2/6RK,1,1
8/5q1k/4p1r1/1P2n3/4P2Q/2P4P/5P2/6RK,0,1
8/5q1k/4p2r/1P2n3/4P2Q/2P4P/5P2/6RK,1,1
8/5q1k/4p2r/1P2n3/4P3/2P3QP/5P2/6RK,0,1
8/5q1k/4p1nr/1P6/4P3/2P3QP/5P2/6RK,1,1
8/5q1k/1P2p1nr/8/4P3/2P3QP/5P2/6RK,0,1
8/5q1k/1P2p2r/8/4Pn2/2P3QP/5P2/6RK,1,1
8/1P3q1k/4p2r/8/4Pn2/2P3QP/5P2/6RK,0,1
8/1P3q1k/4p2r/8/4P3/2P3Qn/5P2/6RK,1,1
6Q1/1P3q1k/4p2r/8/4P3/2P4n/5P2/6RK,0,1
6q1/1P5k/4p2r/8/4P3/2P4n/5P2/6RK,1,1
6R1/1P5k/4p2r/8/4P3/2P4n/5P2/7K,0,1
6k1/1P6/4p2r/8/4P3/2P4n/5P2/7K,1,1
1Q4k1/8/4p2r/8/4P3/2P4n/5P2/7K,0,1
3r2k1/4qpp1/p2pb3/4p3/1P2Pn1P/2p2P2/1PPQN3/1K1R3R,1,1
3r2k1/4qpp1/p2pb3/4p3/1P2Pn1P/2N2P2/1PPQ4/1K1R3R,0,1
3r2k1/1q3pp1/p2pb3/4p3/1P2Pn1P/2N2P2/1PPQ4/1K1R3R,1,1
3r2k1/1q3pp1/p2pb3/4p3/NP2Pn1P/5P2/1PPQ4/1K1R3R,0,1
3r2k1/5pp1/p2pb3/1q2p3/NP2Pn1P/5P2/1PPQ4/1K1R3R,1,1
3r2k1/5pp1/p2pb3/1q2p3/NP2Pn1P/1P3P2/2PQ4/1K1R3R,0,1
3r2k1/5pp1/p2p4/1q2p3/NPb1Pn1P/1P3P2/2PQ4/1K1R3R,1,1
3r2k1/5pp1/p2p4/1q2p3/1Pb1Pn1P/1PN2P2/2PQ4/1K1R3R,0,1
3r2k1/5pp1/p2p4/4p3/1qb1Pn1P/1PN2P2/2PQ4/1K1R3R,1,1
3r2k1/5pp1/p2p4/3Np3/1qb1Pn1P/1P3P2/2PQ4/1K1R3R,0,1
3r2k1/5pp1/p2p4/3Np3/2b1Pn1P/1P3P2/2Pq4/1K1R3R,1,1
3r2k1/5pp1/p2p4/3Np3/2b1Pn1P/1P3P2/2PR4/1K5R,0,1
3r2k1/5pp1/p2p4/3bp3/4Pn1P/1P3P2/2PR4/1K5R,1,1
3r2k1/5pp1/p2p4/3Pp3/5n1P/1P3P2/2PR4/1K5R,0,1
3r2k1/6p1/p2p4/3Ppp2/5n1P/1P3P2/2PR4/1K5R,1,1
3r2k1/6p1/p2p4/3Ppp2/2P2n1P/1P3P2/3R4/1K5R,0,1
3r2k1/6p1/p2p4/3P1p2/2P1pn1P/1P3P2/3R4/1K5R,1,1
3r2k1/6p1/p2p4/3P1p2/2P1Pn1P/1P6/3R4/1K5R,0,1
3r2k1/6p1/p2p4/3P4/2P1pn1P/1P6/3R4/1K5R,1,1
3r2k1/6p1/p2p4/3P4/2P1pn1P/1P6/3R4/1K2R3,0,1
3q4/3P1k1p/3Q1np1/p7/8/7P/1P3P2/3R2K1,1,1
3q4/3P1k1p/3Q1np1/p7/8/7P/1P3P2/2R3K1,0,1
8/3q1k1p/3Q1np1/p7/8/7P/1P3P2/2R3K1,1,1
8/2Rq1k1p/3Q1np1/p7/8/7P/1P3P2/6K1,0,1
4k3/2Rq3p/3Q1np1/p7/8/7P/1P3P2/6K1,1,1
4k3/3R3p/3Q1np1/p7/8/7P/1P3P2/6K1,0,1
4k3/3n3p/3Q2p1/p7/8/7P/1P3P2/6K1,1,1
4k3/3n3p/4Q1p1/p7/8/7P/1P3P2/6K1,0,1
3k4/3n3p/4Q1p1/p7/8/7P/1P3P2/6K1,1,1
3k2Q1/3n3p/6p1/p7/8/7P/1P3P2/6K1,0,1
6Q1/2kn3p/6p1/p7/8/7P/1P3P2/6K1,1,1
8/2kn3Q/6p1/p7/8/7P/1P3P2/6K1,0,1
8/2kn3Q/6p1/8/p7/7P/1P3P2/6K1,1,1
8/2kn4/6Q1/8/p7/7P/1P3P2/6K1,0,1
8/2k5/6Q1/2n5/p7/7P/1P3P2/6K1,1,1
8/2k5/6Q1/2n5/p6P/8/1P3P2/6K1,0,1
8/3k4/6Q1/2n5/p6P/8/1P3P2/6K1,1,1
8/3k4/6Q1/2n4P/p7/8/1P3P2/6K1,0,1
8/3k4/4n1Q1/7P/p7/8/1P3P2/6K1,1,1
8/3k4/4n1QP/8/p7/8/1P3P2/6K1,0,1
2r5/4bp2/4k3/4B3/b1N1P3/P7/1P6/1K2R3,1,1
2r5/4bp2/1N2k3/4B3/b3P3/P7/1P6/1K2R3,0,1
2r5/4bp2/1N2k3/4B3/4P3/P7/1Pb5/1K2R3,1,1
2r5/4bp2/1N2k3/4B3/4P3/P7/KPb5/4R3,0,1
8/4bp2/1Nr1k3/4B3/4P3/P7/KPb5/4R3,1,1
8/4bp2/1Nr1k3/8/3BP3/P7/KPb5/4R3,0,1
8/5p2/1Nr1k3/8/3BP2b/P7/KPb5/4R3,1,1
8/5p2/1Nr1k3/8/3BP2b/P7/KPb5/7R,0,1
8/5p2/1Nr1k3/6b1/3BP3/P7/KPb5/7R,1,1
8/5p2/1Nr1k3/6b1/3BP3/P7/KPb5/4R3,0,1
8/5p2/1N1rk3/6b1/3BP3/P7/KPb5/4R3,1,1
8/5p2/3rk3/3N2b1/3BP3/P7/KPb5/4R3,0,1
8/5p2/3rk3/3N4/3BP2b/P7/KPb5/4R3,1,1
8/5p2/3rk3/3N4/3BP2b/P7/KPb1R3/8,0,1
8/5p2/3rk3/3N4/3BP2b/P2b4/KP2R3/8,1,1
8/5p2/3rk3/8/3BPN1b/P2b4/KP2R3/8,0,1
8/3k1p2/3r4/8/3BPN1b/P2b4/KP2R3/8,1,1
8/3k1p2/3r4/8/3BP2b/P2N4/KP2R3/8,0,1
8/3k1p2/8/8/3rP2b/P2N4/KP2R3/8,1,1
8/3k1p2/8/4N3/3rP2b/P7/KP2R3/8,0,1
8/8/1k6/3BR3/6Pp/1p5P/7K/2r5,0,-1
8/8/1k6/3BR3/6Pp/7P/1p5K/2r5,1,-1
8/8/1k6/4R3/6Pp/7P/Bp5K/2r5,0,-1
8/8/1k6/4R3/6Pp/7P/Bp5K/r7,1,-1
8/8/1k2R3/8/6Pp/7P/Bp5K/r7,0,-1
8/8/4R3/2k5/6Pp/7P/Bp5K/r7,1,-1
8/8/8/2k1R3/6Pp/7P/Bp5K/r7,0,-1
8/8/8/4R3/1k4Pp/7P/Bp5K/r7,1,-1
8/8/8/8/1k2R1Pp/7P/Bp5K/r7,0,-1
8/8/8/8/4R1Pp/k6P/Bp5K/r7,1,-1
8/8/8/8/4R1Pp/k6P/1p5K/rB6,0,-1
8/8/8/8/4R1Pp/k6P/1p5K/1r6,1,-1
4R3/8/8/8/6Pp/k6P/1p5K/1r6,0,-1
4R3/8/8/8/6Pp/k6P/1p5K/r7,1,-1
R7/8/8/8/6Pp/k6P/1p5K/r7,0,-1
R7/8/8/8/6Pp/1k5P/1p5K/r7,1,-1
1R6/8/8/8/6Pp/1k5P/1p5K/r7,0,-1
1R6/8/8/8/6Pp/2k4P/1p5K/r7,1,-1
1R6/8/8/8/6Pp/2k4P/1p4K1/r7,0,-1
1R6/8/8/8/6Pp/2k4P/6K1/rq6,1,-1
r2r2k1/1q3pb1/2bpp3/p5Pp/2R1PN2/2P5/PP1Q4/K2R1B2,1,1
r2r2k1/1q3pb1/2bpp3/p5PN/2R1P3/2P5/PP1Q4/K2R1B2,0,1
r2r2k1/1q3pb1/2b1p3/p2p2PN/2R1P3/2P5/PP1Q4/K2R1B2,1,1
r2r2k1/1q3pb1/2b1pN2/p2p2P1/2R1P3/2P5/PP1Q4/K2R1B2,0,1
r2r1k2/1q3pb1/2b1pN2/p2p2P1/2R1P3/2P5/PP1Q4/K2R1B2,1,1
r2r1k2/1q3pb1/2b1pN2/p2P2P1/2R5/2P5/PP1Q4/K2R1B2,0,1
r2r1k2/1q3pb1/2b2N2/p2p2P1/2R5/2P5/PP1Q4/K2R1B2,1,1
r2r1k2/1q3pb1/2b2N2/p2p2P1/5R2/2P5/PP1Q4/K2R1B2,0,1
1r1r1k2/1q3pb1/2b2N2/p2p2P1/5R2/2P5/PP1Q4/K2R1B2,1,1
1r1r1k2/1q3pb1/2b2NP1/p2p4/5R2/2P5/PP1Q4/K2R1B2,0,1
1r1r1k2/1q3p2/2b2NPb/p2p4/5R2/2P5/PP1Q4/K2R1B2,1,1
1r1r1k2/1q3p1N/2b3Pb/p2p4/5R2/2P5/PP1Q4/K2R1B2,0,1
1r1r2k1/1q3p1N/2b3Pb/p2p4/5R2/2P5/PP1Q4/K2R1B2,1,1
1r1r2k1/1q3R1N/2b3Pb/p2p4/8/2P5/PP1Q4/K2R1B2,0,1
1r1r2k1/5q1N/2b3Pb/p2p4/8/2P5/PP1Q4/K2R1B2,1,1
1r1r2k1/5P1N/2b4b/p2p4/8/2P5/PP1Q4/K2R1B2,0,1
1r1r4/5P1k/2b4b/p2p4/8/2P5/PP1Q4/K2R1B2,1,1
1r1r4/5P1k/2b4b/p2p4/8/2PB4/PP1Q4/K2R4,0,1
1r1r4/5Pk1/2b4b/p2p4/8/2PB4/PP1Q4/K2R4,1,1
1r1r4/5Pk1/2b4b/p2p4/8/2PB4/PP1Q4/K5R1,0,1
1r4k1/p4p1p/6pb/q1p1pb2/2B4Q/2P2P2/PBP3PP/K6R,0,-1
6k1/p4p1p/6pb/q1p1pb2/2B4Q/2P2P2/PrP3PP/K6R,1,-1
6k1/p4p1p/6pb/q1p1pb2/2B4Q/2P2P2/PKP3PP/7R,0,-1
6k1/p4p1p/6p1/q1p1pb2/2B4Q/2P2P2/PKPb2PP/7R,1,-1
6k1/p4p1p/6p1/q1p1pb2/7Q/1BP2P2/PKPb2PP/7R,0,-1
6k1/p4p1p/6p1/2p1pb2/7Q/1Bq2P2/PKPb2PP/7R,1,-1
6k1/p4p1p/6p1/2p1pb2/7Q/KBq2P2/P1Pb2PP/7R,0,-1
6k1/p4p1p/4b1p1/2p1p3/7Q/KBq2P2/P1Pb2PP/7R,1,-1
6k1/p4p1p/4b1p1/2p1p3/7Q/KBq2P2/P1Pb2PP/3R4,0,-1
6k1/p4p1p/4b3/2p1p1p1/7Q/KBq2P2/P1Pb2PP/3R4,1,-1
6k1/p4p1p/4b3/2p1p1p1/4Q3/KBq2P2/P1Pb2PP/3R4,0,-1
6k1/p4p1p/4b3/4p1p1/2p1Q3/KBq2P2/P1Pb2PP/3R4,1,-1
6k1/p4p1p/4b3/4p1p1/2p1Q3/KBq2P2/P1PR2PP/8,0,-1
6k1/p4p1p/4b3/4p1p1/4Q3/Kpq2P2/P1PR2PP/8,1,-1
6k1/p4p1p/4b3/4p1p1/4Q3/KpqR1P2/P1P3PP/8,0,-1
6k1/p4p1p/4b3/4p1p1/4Q3/K1qR1P2/p1P3PP/8,1,-1
6k1/p4p1p/4b3/4p1p1/4Q3/K1R2P2/p1P3PP/8,0,-1
6k1/p4p1p/4b3/4p1p1/4Q3/K1R2P2/2P3PP/q7,1,-1
6k1/p4p1p/4b3/4p1p1/1K2Q3/2R2P2/2P3PP/q7,0,-1
6k1/5p1p/4b3/p3p1p1/1K2Q3/2R2P2/2P3PP/q7,1,-1
3r2k1/5ppp/5rn1/qB1p1Q2/P1P5/7P/6P1/R1R3K1,1,1
3r2k1/5ppp/5rn1/qB1p4/P1P5/7P/2Q3P1/R1R3K1,0,1
3r2k1/5ppp/5rn1/qB6/P1p5/7P/2Q3P1/R1R3K1,1,1
3r2k1/5ppp/5rn1/qB6/P1Q5/7P/6P1/R1R3K1,0,1
3r2k1/5ppp/1q3rn1/1B6/P1Q5/7P/6P1/R1R3K1,1,1
3r2k1/5ppp/1q3rn1/1B6/P1Q5/7P/6P1/R1R4K,0,1
3r2k1/5ppp/1q4n1/1B6/P1Q2r2/7P/6P1/R1R4K,1,1
3r2k1/5ppp/1qQ3n1/1B6/P4r2/7P/6P1/R1R4K,0,1
3r2k1/5ppp/2Q3n1/1B6/P4r2/7P/5qP1/R1R4K,1,1
3r2k1/5ppp/2Q3n1/PB6/5r2/7P/5qP1/R1R4K,0,1
3r2k1/5ppp/2Q2rn1/PB6/8/7P/5qP1/R1R4K,1,1
3r2k1/1Q3ppp/5rn1/PB6/8/7P/5qP1/R1R4K,0,1
3r2k1/1Q3pp1/5rn1/PB5p/8/7P/5qP1/R1R4K,1,1
3r2k1/1Q3pp1/P4rn1/1B5p/8/7P/5qP1/R1R4K,0,1
3r2k1/1Q3pp1/Pr4n1/1B5p/8/7P/5qP1/R1R4K,1,1
3r2k1/2Q2pp1/Pr4n1/1B5p/8/7P/5qP1/R1R4K,0,1
r5k1/2Q2pp1/Pr4n1/1B5p/8/7P/5qP1/R1R4K,1,1
r5k1/2Q2pp1/Pr4n1/1B5p/8/7P/5qP1/R4R1K,0,1
r5k1/2Q2pp1/Pr4n1/1B5p/3q4/7P/6P1/R4R1K,1,1
r5k1/2Q2pp1/Pr4n1/1B5p/3q4/7P/6P1/3R1R1K,0,1
r5k1/2r1bpp1/2Pppn1p/pN2n3/P3P3/4BP2/2P1B1PP/R4RK1,0,-1
r5k1/4bpp1/2rppn1p/pN2n3/P3P3/4BP2/2P1B1PP/R4RK1,1,-1
r5k1/4bpp1/2rppn1p/p3n3/P2NP3/4BP2/2P1B1PP/R4RK1,0,-1
r1r3k1/4bpp1/3ppn1p/p3n3/P2NP3/4BP2/2P1B1PP/R4RK1,1,-1
r1r3k1/4bpp1/3ppn1p/p3n3/P2NP3/4BP2/2P1B1PP/RR4K1,0,-1
r1r3k1/4bpp1/4pn1p/p2pn3/P2NP3/4BP2/2P1B1PP/RR4K1,1,-1
r1r3k1/4bpp1/4pn1p/pR1pn3/P2NP3/4BP2/2P1B1PP/R5K1,0,-1
r1r3k1/4bpp1/4pn1p/pR1p4/P1nNP3/4BP2/2P1B1PP/R5K1,1,-1
r1r3k1/4bpp1/4pn1p/pR1p4/P1nNP3/5P2/2P1BBPP/R5K1,0,-1
r1r3k1/4bpp1/4pn1p/pR6/P1nNp3/5P2/2P1BBPP/R5K1,1,-1
r1r3k1/4bpp1/4pn1p/pR6/P1n1p3/1N3P2/2P1BBPP/R5K1,0,-1
r1r3k1/4bpp1/4pn1p/pR6/P1n5/1N2pP2/2P1BBPP/R5K1,1,-1
r1r3k1/4bpp1/4pn1p/pR6/P1n5/1N2pP2/2P1B1PP/R3B1K1,0,-1
r1r3k1/4bpp1/4pn1p/pR6/P7/nN2pP2/2P1B1PP/R3B1K1,1,-1
r1r3k1/4bpp1/4pn1p/R7/P7/nN2pP2/2P1B1PP/R3B1K1,0,-1
r1r3k1/4bpp1/4pn1p/R7/P7/1N2pP2/2n1B1PP/R3B1K1,1,-1
r1r3k1/4bpp1/4pn1p/R7/P7/1N2pP2/2n1B1PP/2R1B1K1,0,-1
r1r3k1/4bpp1/4pn1p/R7/P7/1N2pP2/4B1PP/2R1n1K1,1,-1
r1r3k1/R3bpp1/4pn1p/8/P7/1N2pP2/4B1PP/2R1n1K1,0,-1
r1r3k1/R3bpp1/4pn1p/8/P7/1N2pn2/4B1PP/2R3K1,1,-1
8/5R2/3p1b2/4pkp1/3B2p1/8/6K1/8,1,1
8/5R2/1B1p1b2/4pkp1/6p1/8/6K1/8,0,1
8/5R2/1B1pkb2/4p1p1/6p1/8/6K1/8,1,1
5R2/8/1B1pkb2/4p1p1/6p1/8/6K1/8,0,1
5R2/4b3/1B1pk3/4p1p1/6p1/8/6K1/8,1,1
4R3/4b3/1B1pk3/4p1p1/6p1/8/6K1/8,0,1
4R3/4bk2/1B1p4/4p1p1/6p1/8/6K1/8,1,1
R7/4bk2/1B1p4/4p1p1/6p1/8/6K1/8,0,1
R7/4b3/1B1pk3/4p1p1/6p1/8/6K1/8,1,1
R2B4/4b3/3pk3/4p1p1/6p1/8/6K1/8,0,1
R2b4/8/3pk3/4p1p1/6p1/8/6K1/8,1,1
3R4/8/3pk3/4p1p1/6p1/8/6K1/8,0,1
3R4/8/3pk3/6p1/4p1p1/8/6K1/8,1,1
3R4/8/3pk3/6p1/4p1p1/6K1/8/8,0,1
3R4/8/3p4/4k1p1/4p1p1/6K1/8/8,1,1
3R4/8/3p4/4k1p1/4p1K1/8/8/8,0,1
3R4/8/8/3pk1p1/4p1K1/8/8/8,1,1
3R4/8/8/3pk1K1/4p3/8/8/8,0,1
3R4/8/8/3p2K1/3kp3/8/8/8,1,1
3R4/8/8/3p4/3kpK2/8/8/8,0,1
8/5pk1/8/8/4pq2/P5p1/4Q3/1K6,0,-1
8/5pk1/8/8/4p3/P4qp1/4Q3/1K6,1,-1
8/5pk1/8/8/4p3/P4qp1/1Q6/1K6,0,-1
8/5p2/6k1/8/4p3/P4qp1/1Q6/1K6,1,-1
8/5p2/1Q4k1/8/4p3/P4qp1/8/1K6,0,-1
8/8/1Q3pk1/8/4p3/P4qp1/8/1K6,1,-1
8/8/4Qpk1/8/4p3/P4qp1/8/1K6,0,-1
8/8/4Qpk1/8/4p3/P4q2/6p1/1K6,1,-1
6Q1/8/5pk1/8/4p3/P4q2/6p1/1K6,0,-1
6Q1/8/5p2/5k2/4p3/P4q2/6p1/1K6,1,-1
8/8/5p2/3Q1k2/4p3/P4q2/6p1/1K6,0,-1
8/8/5p2/3Q4/4pk2/P4q2/6p1/1K6,1,-1
8/8/3Q1p2/8/4pk2/P4q2/6p1/1K6,0,-1
8/8/3Q1p2/6k1/4p3/P4q2/6p1/1K6,1,-1
8/8/5p2/2Q3k1/4p3/P4q2/6p1/1K6,0,-1
8/8/5p2/2Q5/4p2k/P4q2/6p1/1K6,1,-1
8/8/5p2/2Q5/4p2k/P4q2/2K3p1/8,0,-1
8/8/5p2/2Q5/4p2k/P7/2K3p1/5q2,1,-1
8/8/5p2/8/4p2k/P3Q3/2K3p1/5q2,0,-1
8/8/5p2/8/4p2k/P2qQ3/2K3p1/8,1,-1
8/1p6/p1r1k1n1/P1P1p3/2R2PN1/8/5K2/8,1,0
8/1p6/p1r1k1n1/P1P1N3/2R2P2/8/5K2/8,0,0
8/1p6/p1r1k3/P1P1n3/2R2P2/8/5K2/8,1,0
8/1p6/p1r1k3/P1P1P3/2R5/8/5K2/8,0,0
8/1p6/p1r5/P1P1k3/2R5/8/5K2/8,1,0
8/1p6/p1r5/P1P1k3/1R6/8/5K2/8,0,0
8/1pr5/p7/P1P1k3/1R6/8/5K2/8,1,0
8/1pr5/p7/P1P1k3/1R6/4K3/8/8,0,0
8/1pr5/p7/P1Pk4/1R6/4K3/8/8,1,0
8/1pr5/p7/P1Pk4/1R6/3K4/8/8,0,0
8/1pr5/p7/P1k5/1R6/3K4/8/8,1,0
8/1pr5/p7/P1k5/2R5/3K4/8/8,0,0
8/1pr5/p2k4/P7/2R5/3K4/8/8,1,0
8/1pR5/p2k4/P7/8/3K4/8/8,0,0
8/1pk5/p7/P7/8/3K4/8/8,1,0
8/1pk5/p7/P7/8/2K5/8/8,0,0
8/1p1k4/p7/P7/8/2K5/8/8,1,0
8/1p1k4/p7/P7/8/3K4/8/8,0,0
8/1p2k3/p7/P7/8/3K4/8/8,1,0
8/1p2k3/p7/P7/8/4K3/8/8,0,0
2r3k1/5ppp/8/4p1bN/1p2P1Q1/8/1P4PP/2qR2K1,0,-1
2r3k1/5ppp/8/4p1bN/1p2P1Q1/8/1P4PP/3q2K1,1,-1
2r3k1/5ppp/8/4p1bN/1p2P3/8/1P4PP/3Q2K1,0,-1
6k1/5ppp/8/4p1bN/1p2P3/8/1P4PP/2rQ2K1,1,-1
6k1/5ppp/8/4p1bN/1p2P3/8/1P4PP/2Q3K1,0,-1
6k1/5ppp/8/4p2N/1p2P3/8/1P4PP/2b3K1,1,-1
6k1/5ppp/8/4p2N/1p2P3/1P6/6PP/2b3K1,0,-1
6k1/5ppp/8/4p2N/1p2Pb2/1P6/6PP/6K1,1,-1
6k1/5ppp/8/4p3/1p2PN2/1P6/6PP/6K1,0,-1
6k1/5ppp/8/8/1p2Pp2/1P6/6PP/6K1,1,-1
6k1/5ppp/8/8/1p2Pp2/1P6/5KPP/8,0,-1
6k1/6pp/5p2/8/1p2Pp2/1P6/5KPP/8,1,-1
6k1/6pp/5p2/8/1p2Pp2/1P6/4K1PP/8,0,-1
6k1/7p/5p2/6p1/1p2Pp2/1P6/4K1PP/8,1,-1
6k1/7p/5p2/6p1/1p2Pp2/1P1K4/6PP/8,0,-1
8/5k1p/5p2/6p1/1p2Pp2/1P1K4/6PP/8,1,-1
8/5k1p/5p2/6p1/1pK1Pp2/1P6/6PP/8,0,-1
8/5k1p/5p2/8/1pK1Ppp1/1P6/6PP/8,1,-1
8/5k1p/5p2/8/1p1KPpp1/1P6/6PP/8,0,-1
8/7p/4kp2/8/1p1KPpp1/1P6/6PP/8,1,-1
r1r3k1/6pp/pQ2p3/3b3P/3N3q/1P6/P1P1R3/1K2R3,0,-1
1rr3k1/6pp/pQ2p3/3b3P/3N3q/1P6/P1P1R3/1K2R3,1,-1
1rr3k1/Q5pp/p3p3/3b3P/3N3q/1P6/P1P1R3/1K2R3,0,-1
2r3k1/Qr4pp/p3p3/3b3P/3N3q/1P6/P1P1R3/1K2R3,1,-1
2r3k1/1r4pp/Q3p3/3b3P/3N3q/1P6/P1P1R3/1K2R3,0,-1
2r3k1/1r4pp/Q3p3/3b3P/3q4/1P6/P1P1R3/1K2R3,1,-1
2r3k1/1r4pp/Q3R3/3b3P/3q4/1P6/P1P5/1K2R3,0,-1
1rr3k1/6pp/Q3R3/3b3P/3q4/1P6/P1P5/1K2R3,1,-1
1rr3k1/4R1pp/Q7/3b3P/3q4/1P6/P1P5/1K2R3,0,-1
1rr3k1/4R1pp/Q7/3b3P/8/1P6/P1Pq4/1K2R3,1,-1
1rr3k1/4R1pp/Q7/3b3P/8/1P6/P1PqR3/1K6,0,-1
1rr3k1/4R1pp/Q7/3b3P/8/1P6/P1P1R3/1K1q4,1,-1
1rr3k1/4R1pp/Q7/3b3P/8/1P6/PKP1R3/3q4,0,-1
1rr3k1/4R1pp/Q7/3b3P/3q4/1P6/PKP1R3/8,1,-1
1rr3k1/4R1pp/Q7/3b3P/3q4/1P6/P1P1R3/1K6,0,-1
1rr3k1/4R1pp/Q7/7P/2bq4/1P6/P1P1R3/1K6,1,-1
1rr3k1/4R1pp/8/7P/Q1bq4/1P6/P1P1R3/1K6,0,-1
1rr3k1/4R1pp/8/7P/Q1b5/1P6/P1P1R3/1K1q4,1,-1
1rr3k1/4R1pp/8/7P/Q1b5/1P6/PKP1R3/3q4,0,-1
1rr3k1/4R1pp/8/7P/Q7/1P6/PKP1b3/3q4,1,-1
7k/p5p1/2p5/6b1/4Q1P1/1Pq5/P1P3PP/2KR4,1,1
7k/p5p1/2p5/6b1/4Q1P1/1Pq5/P1P3PP/1K1R4,0,1
7k/p5p1/2p2b2/8/4Q1P1/1Pq5/P1P3PP/1K1R4,1,1
3R3k/p5p1/2p2b2/8/4Q1P1/1Pq5/P1P3PP/1K6,0,1
3b3k/p5p1/2p5/8/4Q1P1/1Pq5/P1P3PP/1K6,1,1
3bQ2k/p5p1/2p5/8/6P1/1Pq5/P1P3PP/1K6,0,1
3bQ3/p5pk/2p5/8/6P1/1Pq5/P1P3PP/1K6,1,1
3Q4/p5pk/2p5/8/6P1/1Pq5/P1P3PP/1K6,0,1
3Q4/p5pk/2p5/8/6P1/1P6/P1P3PP/1K2q3,1,1
3Q4/p5pk/2p5/8/6P1/1P6/PKP3PP/4q3,0,1
3Q4/p5pk/2p5/4q3/6P1/1P6/PKP3PP/8,1,1
3Q4/p5pk/2p5/4q3/6P1/1P6/P1P3PP/2K5,0,1
3Q4/p5pk/2p5/8/5qP1/1P6/P1P3PP/2K5,1,1
3Q4/p5pk/2p5/8/5qP1/1P6/P1P3PP/1K6,0,1
3Q4/p5pk/2p5/8/6P1/1P6/P1P3PP/1K3q2,1,1
3Q4/p5pk/2p5/8/6P1/1P6/PKP3PP/5q2,0,1
3Q4/p5pk/2p5/8/6P1/1P6/PKP3qP/8,1,1
8/p5pk/2p5/8/6P1/1P1Q4/PKP3qP/8,0,1
7k/p5p1/2p5/8/6P1/1P1Q4/PKP3qP/8,1,1
7k/p5p1/2p5/8/6P1/1P4Q1/PKP3qP/8,0,1
1nrr1k2/4bppp/4p3/1pp5/4NB2/1P1P3P/2P2PP1/3RRK2,0,-1
2rr1k2/4bppp/2n1p3/1pp5/4NB2/1P1P3P/2P2PP1/3RRK2,1,-1
2rr1k2/4bppp/2n1p3/1pp5/5B2/1PNP3P/2P2PP1/3RRK2,0,-1
2rr1k2/4bppp/4p3/1pp5/3n1B2/1PNP3P/2P2PP1/3RRK2,1,-1
2rr1k2/4bppp/4p3/1pp5/3n1B2/1PNP3P/2P2PP1/2R1RK2,0,-1
2rr1k2/4bppp/4p3/1p6/2pn1B2/1PNP3P/2P2PP1/2R1RK2,1,-1
2rr1k2/4bppp/4p3/1p6/2Pn1B2/2NP3P/2P2PP1/2R1RK2,0,-1
2rr1k2/4bppp/4p3/8/2pn1B2/2NP3P/2P2PP1/2R1RK2,1,-1
2rr1k2/4bppp/4p3/8/2Pn1B2/2N4P/2P2PP1/2R1RK2,0,-1
3r1k2/4bppp/4p3/8/2rn1B2/2N4P/2P2PP1/2R1RK2,1,-1
3r1k2/4bppp/4p3/8/2rnNB2/7P/2P2PP1/2R1RK2,0,-1
3r1k2/4bppp/4p3/8/2r1NB2/7P/2n2PP1/2R1RK2,1,-1
3r1k2/4bppp/4p3/8/2r1NB2/7P/2n1RPP1/2R2K2,0,-1
3r1k2/4bppp/4p3/8/2r1NB2/n6P/4RPP1/2R2K2,1,-1
3r1k2/4bppp/4p3/8/2R1NB2/n6P/4RPP1/5K2,0,-1
3r1k2/4bppp/4p3/8/2n1NB2/7P/4RPP1/5K2,1,-1
3r1k2/4bppp/4p3/8/2n1NBP1/7P/4RP2/5K2,0,-1
5k2/4bppp/4p3/8/2nrNBP1/7P/4RP2/5K2,1,-1
5k2/4bppp/4p3/8/2nrN1P1/6BP/4RP2/5K2,0,-1
5k2/4bppp/4p3/8/2n1r1P1/6BP/4RP2/5K2,1,-1
7k/6p1/7p/p4Q2/1pq1P3/P7/1P4PP/1K6,1,0
7k/6p1/7p/p2Q4/1pq1P3/P7/1P4PP/1K6,0,0
7k/6p1/7p/p2Q4/1p2P3/P7/1P4PP/1K3q2,1,0
7k/6p1/7p/p2Q4/1p2P3/P7/KP4PP/5q2,0,0
7k/6p1/7p/p2Q4/4P3/p7/KP4PP/5q2,1,0
7k/6p1/7p/p2Q4/4P3/K7/1P4PP/5q2,0,0
7k/6p1/7p/p2Q4/4P3/K7/1P4qP/8,1,0
3Q3k/6p1/7p/p7/4P3/K7/1P4qP/8,0,0
3Q4/6pk/7p/p7/4P3/K7/1P4qP/8,1,0
3Q4/6pk/7p/p3P3/8/K7/1P4qP/8,0,0
3Q4/6pk/7p/p3P3/8/K4q2/1P5P/8,1,0
3Q4/6pk/7p/p3P3/8/5q2/KP5P/8,0,0
3Q4/5qpk/7p/p3P3/8/8/KP5P/8,1,0
3Q4/5qpk/7p/p3P3/8/K7/1P5P/8,0,0
3Q4/6pk/7p/p3P3/8/K4q2/1P5P/8,1,0
3Q4/6pk/7p/p3P3/8/5q2/KP5P/8,0,0
3Q4/5qpk/7p/p3P3/8/8/KP5P/8,1,0
3Q4/5qpk/7p/p3P3/8/K7/1P5P/8,0,0
3Q4/6pk/7p/p3P3/8/K4q2/1P5P/8,1,0
3Q4/6pk/7p/p3P3/8/5q2/KP5P/8,0,0
2rr2k1/1p2bpp1/p7/4pPp1/3nN1QP/1P6/PBq2P2/R4R1K,1,1
2rr2k1/1p2bpp1/p7/4pPp1/3BN1QP/1P6/P1q2P2/R4R1K,0,1
2r3k1/1p2bpp1/p7/4pPp1/3rN1QP/1P6/P1q2P2/R4R1K,1,1
2r3k1/1p2bpp1/p7/4pPp1/3rN1QP/1P6/P1q2P2/4RR1K,0,1
6k1/1p2bpp1/p1r5/4pPp1/3rN1QP/1P6/P1q2P2/4RR1K,1,1
6k1/1p2bpp1/p1r5/4pPP1/3rN1Q1/1P6/P1q2P2/4RR1K,0,1
6k1/1p3pp1/p1r5/4pPb1/3rN1Q1/1P6/P1q2P2/4RR1K,1,1
6k1/1p3pp1/p1r5/4pPb1/3rN1Q1/1P6/P1q2PK1/4RR2,0,1
6k1/1p3pp1/p1r5/4pP2/3rNbQ1/1P6/P1q2PK1/4RR2,1,1
6k1/1p3pp1/p1r2P2/4p3/3rNbQ1/1P6/P1q2PK1/4RR2,0,1
6k1/1p3p2/p1r2Pp1/4p3/3rNbQ1/1P6/P1q2PK1/4RR2,1,1
6k1/1p3p2/p1r2Pp1/4p3/3rNbQ1/1P6/P1q2PK1/4R2R,0,1
6k1/1p3p2/p1r2Pp1/4p3/4rbQ1/1P6/P1q2PK1/4R2R,1,1
6k1/1p3p2/p1r2Pp1/4p3/4rb1Q/1P6/P1q2PK1/4R2R,0,1
6k1/1p3p2/p1r2Pp1/4p3/4r2Q/1P6/P1q2PKb/4R2R,1,1
6k1/1p3p2/p1r2Pp1/4p3/4R2Q/1P6/P1q2PKb/7R,0,1
6k1/1p3p2/p4rp1/4p3/4R2Q/1P6/P1q2PKb/7R,1,1
6k1/1p3p2/p4Qp1/4p3/4R3/1P6/P1q2PKb/7R,0,1
6k1/1p3p2/p4Qp1/4p3/4q3/1P6/P4PKb/7R,1,1
6k1/1p3p2/p4Qp1/4p3/4q3/1P6/P4P1K/7R,0,1
6k1/b5p1/P1B2n1p/4p3/2Ppp3/8/R1K3P1/8,1,1
6k1/b5p1/P1B2n1p/4p3/2Ppp3/8/1RK3P1/8,0,1
6k1/b5p1/P1B2n1p/4p3/2Pp4/4p3/1RK3P1/8,1,1
6k1/bR4p1/P1B2n1p/4p3/2Pp4/4p3/2K3P1/8,0,1
6k1/1R4p1/P1B2n1p/2b1p3/2Pp4/4p3/2K3P1/8,1,1
6k1/PR4p1/2B2n1p/2b1p3/2Pp4/4p3/2K3P1/8,0,1
6k1/bR4p1/2B2n1p/4p3/2Pp4/4p3/2K3P1/8,1,1
6k1/R5p1/2B2n1p/4p3/2Pp4/4p3/2K3P1/8,0,1
6k1/R5p1/2B2n1p/8/2Ppp3/4p3/2K3P1/8,1,1
6k1/R5p1/5n1p/3B4/2Ppp3/4p3/2K3P1/8,0,1
8/R5pk/5n1p/3B4/2Ppp3/4p3/2K3P1/8,1,1
8/4R1pk/5n1p/3B4/2Ppp3/4p3/2K3P1/8,0,1
8/4R1pk/5n1p/3B4/2P1p3/3pp3/2K3P1/8,1,1
8/4R1pk/5n1p/3B4/2P1p3/2Kpp3/6P1/8,0,1
8/4R1pk/5n1p/3B4/2P1p3/2K1p3/3p2P1/8,1,1
8/4R1pk/5n1p/3B4/2P1p3/4p3/2Kp2P1/8,0,1
8/4R1pk/7p/3B4/2P1p1n1/4p3/2Kp2P1/8,1,1
8/4R1pk/7p/8/2P1B1n1/4p3/2Kp2P1/8,0,1
6k1/4R1p1/7p/8/2P1B1n1/4p3/2Kp2P1/8,1,1
6k1/4R1p1/7p/8/2P3n1/4pB2/2Kp2P1/8,0,1
8/2Q3k1/p4p2/4pp1p/4Pn2/7P/Pr4P1/7K,0,-1
8/2Q5/p4pk1/4pp1p/4Pn2/7P/Pr4P1/7K,1,-1
8/8/p4pk1/4pp1p/2Q1Pn2/7P/Pr4P1/7K,0,-1
8/8/p4pk1/4pp1p/2Q1Pn2/7P/P5r1/7K,1,-1
6Q1/8/p4pk1/4pp1p/4Pn2/7P/P5r1/7K,0,-1
6Q1/8/p4p1k/4pp1p/4Pn2/7P/P5r1/7K,1,-1
7Q/8/p4p1k/4pp1p/4Pn2/7P/P5r1/7K,0,-1
7Q/8/p4p2/4ppkp/4Pn2/7P/P5r1/7K,1,-1
8/6Q1/p4p2/4ppkp/4Pn2/7P/P5r1/7K,0,-1
8/6Q1/p4p2/4pp1p/4Pn1k/7P/P5r1/7K,1,-1
8/8/p4Q2/4pp1p/4Pn1k/7P/P5r1/7K,0,-1
8/8/p4Q2/4pp1p/4Pn2/6kP/P5r1/7K,1,-1
8/8/p7/4ppQp/4Pn2/6kP/P5r1/7K,0,-1
8/8/p7/4ppQp/4Pn2/7P/P4kr1/7K,1,-1
8/8/p7/4pQ1p/4Pn2/7P/P4kr1/7K,0,-1
8/8/p7/4pQ1p/4Pn2/7P/P4k2/6rK,1,-1
8/8/p7/4pQ1p/4Pn2/7P/P4k1K/6r1,0,-1
8/8/p7/4pQ1p/4Pn2/7P/P4krK/8,1,-1
8/8/p7/4pQ1p/4Pn2/7P/P4kr1/7K,0,-1
8/8/p7/4pQ1p/4Pn2/6rP/P4k2/7K,1,-1
3r2k1/2q2pp1/2P4p/bQ6/p3RP1P/6P1/2R3K1/8,1,1
3r2k1/2q2pp1/2P4p/b7/Q3RP1P/6P1/2R3K1/8,0,1
3r2k1/2q2pp1/1bP4p/8/Q3RP1P/6P1/2R3K1/8,1,1
3r2k1/2q2pp1/1bP4p/8/Q3RP1P/6P1/4R1K1/8,0,1
3r4/2q2ppk/1bP4p/8/Q3RP1P/6P1/4R1K1/8,1,1
3r4/2q1Rppk/1bP4p/8/Q4P1P/6P1/4R1K1/8,0,1
3r4/4Rppk/1bPq3p/8/Q4P1P/6P1/4R1K1/8,1,1
3r4/4Rppk/1bPq3p/8/4QP1P/6P1/4R1K1/8,0,1
3r4/4Rp1k/1bPq2pp/8/4QP1P/6P1/4R1K1/8,1,1
3r4/5R1k/1bPq2pp/8/4QP1P/6P1/4R1K1/8,0,1
3r2k1/5R2/1bPq2pp/8/4QP1P/6P1/4R1K1/8,1,1
3r2k1/3R4/1bPq2pp/8/4QP1P/6P1/4R1K1/8,0,1
3r2k1/3R4/1bP2qpp/8/4QP1P/6P1/4R1K1/8,1,1
3rQ1k1/3R4/1bP2qpp/8/5P1P/6P1/4R1K1/8,0,1
4r1k1/3R4/1bP2qpp/8/5P1P/6P1/4R1K1/8,1,1
4R1k1/3R4/1bP2qpp/8/5P1P/6P1/6K1/8,0,1
4Rqk1/3R4/1bP3pp/8/5P1P/6P1/6K1/8,1,1
5Rk1/3R4/1bP3pp/8/5P1P/6P1/6K1/8,0,1
5k2/3R4/1bP3pp/8/5P1P/6P1/6K1/8,1,1
5k2/2PR4/1b4pp/8/5P1P/6P1/6K1/8,0,1
2r2bk1/2r2p2/p2R3p/4p1p1/4P3/1P5P/1P1N1PP1/R5K1,1,0
2r2bk1/2r2p2/R6p/4p1p1/4P3/1P5P/1P1N1PP1/R5K1,0,0
2r2bk1/5p2/R6p/4p1p1/4P3/1P5P/1PrN1PP1/R5K1,1,0
2r2bk1/5p2/R6p/4p1p1/2N1P3/1P5P/1Pr2PP1/R5K1,0,0
2r3k1/5p2/R6p/2b1p1p1/2N1P3/1P5P/1Pr2PP1/R5K1,1,0
2r3k1/5p2/5R1p/2b1p1p1/2N1P3/1P5P/1Pr2PP1/R5K1,0,0
2r3k1/5p2/5R1p/4p1p1/2NbP3/1P5P/1Pr2PP1/R5K1,1,0
2r3k1/5p2/5R1p/R3p1p1/2NbP3/1P5P/1Pr2PP1/6K1,0,0
2r3k1/5p2/5R1p/R3p1p1/2NbP3/1P5P/1P2rPP1/6K1,1,0
2r3k1/5p2/5R1p/R3p1p1/2NbP1P1/1P5P/1P2rP2/6K1,0,0
1r4k1/5p2/5R1p/R3p1p1/2NbP1P1/1P5P/1P2rP2/6K1,1,0
1r4k1/5p2/5R1p/R3N1p1/3bP1P1/1P5P/1P2rP2/6K1,0,0
1r4k1/5p2/5R1p/R3N1p1/3br1P1/1P5P/1P3P2/6K1,1,0
1r4k1/5p2/7p/R3NRp1/3br1P1/1P5P/1P3P2/6K1,0,0
1r4k1/5p2/7p/R3bRp1/4r1P1/1P5P/1P3P2/6K1,1,0
1r4k1/5p2/7p/4RRp1/4r1P1/1P5P/1P3P2/6K1,0,0
1r4k1/5p2/7p/4rRp1/6P1/1P5P/1P3P2/6K1,1,0
1r4k1/5p2/7p/4R1p1/6P1/1P5P/1P3P2/6K1,0,0
6k1/5p2/7p/4R1p1/6P1/1r5P/1P3P2/6K1,1,0
6k1/5p2/7p/6p1/6P1/1r2R2P/1P3P2/6K1,0,0
1r6/4kp2/2Bp1p2/p2PpPbQ/1p6/8/PPP2qPP/1K5R,1,1
1r6/4kp2/2Bp1p2/p2PpPb1/1p4Q1/8/PPP2qPP/1K5R,0,1
7r/4kp2/2Bp1p2/p2PpPb1/1p4Q1/8/PPP2qPP/1K5R,1,1
7r/4kp2/2Bp1p2/p2PpPb1/Pp4Q1/8/1PP2qPP/1K5R,0,1
7r/4kp2/2Bp1p2/p2PpPb1/6Q1/p7/1PP2qPP/1K5R,1,1
7r/4kp2/2Bp1p2/p2PpPb1/8/p4Q2/1PP2qPP/1K5R,0,1
7r/4kp2/2Bp1p2/p2PpPb1/8/5Q2/pPP2qPP/1K5R,1,1
7r/4kp2/2Bp1p2/p2PpPb1/8/5Q2/KPP2qPP/7R,0,1
7r/4kp2/2Bp1p2/p2PpPb1/8/5Q2/KPq3PP/7R,1,1
7r/4kp2/2Bp1p2/p2PpPb1/7P/5Q2/KPq3P1/7R,0,1
1r6/4kp2/2Bp1p2/p2PpPb1/7P/5Q2/KPq3P1/7R,1,1
1r6/4kp2/2Bp1p2/p2PpPb1/7P/2Q5/KPq3P1/7R,0,1
1r6/4kp2/2Bp1p2/p2PpPb1/7P/2Q5/KP4q1/7R,1,1
1r6/4kp2/2Bp1p2/p2PpPP1/8/2Q5/KP4q1/7R,0,1
1r6/4kp2/2Bp1p2/p2PpPP1/8/2Q5/KP6/7q,1,1
1r6/4kp2/2Bp1p2/Q2PpPP1/8/8/KP6/7q,0,1
2r5/4kp2/2Bp1p2/Q2PpPP1/8/8/KP6/7q,1,1
2r5/Q3kp2/2Bp1p2/3PpPP1/8/8/KP6/7q,0,1
2r2k2/Q4p2/2Bp1p2/3PpPP1/8/8/KP6/7q,1,1
2r2k2/Q4p2/2Bp1pP1/3PpP2/8/8/KP6/7q,0,1
8/7p/6p1/2k1p1P1/2N1K2n/P7/8/8,1,0
8/7p/6p1/2k1N1P1/4K2n/P7/8/8,0,0
8/7p/6p1/2k1NnP1/4K3/P7/8/8,1,0
8/7p/6p1/2k2nP1/4K1N1/P7/8/8,0,0
8/7p/3n2p1/2k3P1/4K1N1/P7/8/8,1,0
8/7p/3n2p1/2k3P1/5KN1/P7/8/8,0,0
8/7p/3n2p1/1k4P1/5KN1/P7/8/8,1,0
8/7p/3n2pN/1k4P1/5K2/P7/8/8,0,0
8/7p/3n2pN/6P1/k4K2/P7/8/8,1,0
8/7p/3n2pN/4K1P1/k7/P7/8/8,0,0
8/7p/6pN/4K1P1/k1n5/P7/8/8,1,0
8/7p/5KpN/6P1/k1n5/P7/8/8,0,0
8/7p/5KpN/6P1/k7/P7/3n4/8,1,0
8/6Kp/6pN/6P1/k7/P7/3n4/8,0,0
8/6Kp/6pN/6P1/k3n3/P7/8/8,1,0
8/7K/6pN/6P1/k3n3/P7/8/8,0,0
8/7K/6pN/6n1/k7/P7/8/8,1,0
8/8/6KN/6n1/k7/P7/8/8,0,0
8/8/6KN/6n1/8/k7/8/8,1,0
8/8/7N/6K1/8/k7/8/8,0,0
2r3k1/3nb1pp/5P2/4p3/1pn1R2P/pN6/P1P3R1/1K2B3,0,0
2r3k1/4b1pp/5n2/4p3/1pn1R2P/pN6/P1P3R1/1K2B3,1,0
2r3k1/4b1pp/5n2/4p3/1pn4P/pN6/P1P1R1R1/1K2B3,0,0
2r3k1/4b1pp/8/3np3/1pn4P/pN6/P1P1R1R1/1K2B3,1,0
2r3k1/4b1pp/8/3np3/1pn3RP/pN6/P1P1R3/1K2B3,0,0
2r3k1/6pp/5b2/3np3/1pn3RP/pN6/P1P1R3/1K2B3,1,0
2r3k1/6pp/5b2/3np3/1pn3RP/pN6/P1P1R3/2K1B3,0,0
2r3k1/6p1/5b2/3np2p/1pn3RP/pN6/P1P1R3/2K1B3,1,0
2r3k1/6p1/5b2/3np2p/1pn4P/pN6/P1P1R3/2K1B1R1,0,0
2r3k1/6p1/5b2/4p2p/1pn2n1P/pN6/P1P1R3/2K1B1R1,1,0
2r3k1/6p1/5b2/4p2p/1pn1Rn1P/pN6/P1P5/2K1B1R1,0,0
2r3k1/6p1/3n1b2/4p2p/1p2Rn1P/pN6/P1P5/2K1B1R1,1,0
2r3k1/6p1/3n1b2/4p2p/1p3n1P/pN2R3/P1P5/2K1B1R1,0,0
2r3k1/6p1/5b2/4pn1p/1p3n1P/pN2R3/P1P5/2K1B1R1,1,0
2r3k1/6p1/5b2/4pn1p/1p2Rn1P/pN6/P1P5/2K1B1R1,0,0
2r3k1/6p1/3n1b2/4p2p/1p2Rn1P/pN6/P1P5/2K1B1R1,1,0
2r3k1/6p1/3n1b2/4p2p/1p3n1P/pN2R3/P1P5/2K1B1R1,0,0
2r3k1/6p1/5b2/4pn1p/1p3n1P/pN2R3/P1P5/2K1B1R1,1,0
2r3k1/6p1/5b2/4pn1p/1p2Rn1P/pN6/P1P5/2K1B1R1,0,0
2r3k1/6p1/3n1b2/4p2p/1p2Rn1P/pN6/P1P5/2K1B1R1,1,0
8/kp6/p1bp4/4p3/2PqPr2/1PNB4/PK2Q1RP/7r,0,-1
8/kp6/p1bp4/4p3/2PqPr2/1PNB4/PK2Q1RP/6r1,1,-1
8/kp6/p1bp4/4p3/2PqPr2/1PNB4/PK2Q2P/6R1,0,-1
8/kp6/p1bp4/4p3/2P1Pr2/1PNB4/PK2Q2P/6q1,1,-1
8/kp6/p1bp4/4p3/2P1Pr2/1PN5/PKB1Q2P/6q1,0,-1
8/kp6/p1bp4/4p3/2PqPr2/1PN5/PKB1Q2P/8,1,-1
8/kp6/p1bp4/4p3/2PqPr2/1PNQ4/PKB4P/8,0,-1
8/kp6/p1bp4/4p3/2PqP3/1PNQ4/PKB2r1P/8,1,-1
8/kp6/p1bp4/4p3/2PqP3/1PNQ4/P1B2r1P/2K5,0,-1
8/kp6/p1bp4/4p3/2PqP3/1PNQ4/P1B4r/2K5,1,-1
8/kp6/p1bp4/4p3/2PqP3/1P1Q4/P1B1N2r/2K5,0,-1
8/kp6/p1bp4/4p3/2P1P3/1P1q4/P1B1N2r/2K5,1,-1
8/kp6/p1bp4/4p3/2P1P3/1P1B4/P3N2r/2K5,0,-1
8/kp6/p2p4/4p3/2P1b3/1P1B4/P3N2r/2K5,1,-1
8/kp6/p2p4/4p3/2P1B3/1P6/P3N2r/2K5,0,-1
8/kp6/p2p4/4p3/2P1B3/1P6/P3r3/2K5,1,-1
8/kp6/p2p4/4p3/2P5/1P6/P1B1r3/2K5,0,-1
8/k7/p2p4/1p2p3/2P5/1P6/P1B1r3/2K5,1,-1
8/k7/p2p4/1p2p3/2P5/1P6/PKB1r3/8,0,-1
8/k7/p2p4/4p3/1pP5/1P6/PKB1r3/8,1,-1
1qr1k3/1p1n3r/p1b1pp1p/P3p1b1/4P1P1/1PN1BQ1P/2P3B1/3R1RK1,1,1
1qr1k3/1p1n3r/p1b1pp1p/P2Np1b1/4P1P1/1P2BQ1P/2P3B1/3R1RK1,0,1
1qr1k3/1p1n3r/p1b2p1p/P2pp1b1/4P1P1/1P2BQ1P/2P3B1/3R1RK1,1,1
1qr1k3/1p1n3r/p1b2p1p/P2Pp1b1/6P1/1P2BQ1P/2P3B1/3R1RK1,0,1
1qr1k3/1p1n3r/p4p1p/Pb1Pp1b1/6P1/1P2BQ1P/2P3B1/3R1RK1,1,1
1qr1k3/1p1n3r/p4p1p/Pb1Pp1b1/2P3P1/1P2BQ1P/6B1/3R1RK1,0,1
1qr1k3/1p1n3r/p4p1p/P2Pp1b1/2b3P1/1P2BQ1P/6B1/3R1RK1,1,1
1qr1k3/1p1n3r/p4p1p/P2Pp1b1/2P3P1/4BQ1P/6B1/3R1RK1,0,1
1q2k3/1p1n3r/p4p1p/P2Pp1b1/2r3P1/4BQ1P/6B1/3R1RK1,1,1
1q2k3/1p1n3r/p4p1p/P2Pp1B1/2r3P1/5Q1P/6B1/3R1RK1,0,1
1q2k3/1p1n3r/p4p2/P2Pp1p1/2r3P1/5Q1P/6B1/3R1RK1,1,1
1q2k3/1p1n3r/p4p2/P2Pp1p1/2r3P1/3Q3P/6B1/3R1RK1,0,1
4k3/qp1n3r/p4p2/P2Pp1p1/2r3P1/3Q3P/6B1/3R1RK1,1,1
4k3/qp1n3r/p4p2/P2Pp1p1/2r3P1/3Q3P/6B1/3R1R1K,0,1
4k3/qp1n3r/p4p2/P2Pp1p1/6r1/3Q3P/6B1/3R1R1K,1,1
4k3/qp1n3Q/p4p2/P2Pp1p1/6r1/7P/6B1/3R1R1K,0,1
4k3/qp1n3Q/p4p2/P2Pp1p1/8/7P/6r1/3R1R1K,1,1
4k1Q1/qp1n4/p4p2/P2Pp1p1/8/7P/6r1/3R1R1K,0,1
6Q1/qp1nk3/p4p2/P2Pp1p1/8/7P/6r1/3R1R1K,1,1
6Q1/qp1nk3/p2P1p2/P3p1p1/8/7P/6r1/3R1R1K,0,1
1rq3k1/5pb1/3R2p1/pB5p/P7/1N1Q1P2/1Pr3PP/3R3K,1,1
1rqR2k1/5pb1/6p1/pB5p/P7/1N1Q1P2/1Pr3PP/3R3K,0,1
1r1q2k1/5pb1/6p1/pB5p/P7/1N1Q1P2/1Pr3PP/3R3K,1,1
1r1Q2k1/5pb1/6p1/pB5p/P7/1N3P2/1Pr3PP/3R3K,0,1
3r2k1/5pb1/6p1/pB5p/P7/1N3P2/1Pr3PP/3R3K,1,1
3R2k1/5pb1/6p1/pB5p/P7/1N3P2/1Pr3PP/7K,0,1
3R1bk1/5p2/6p1/pB5p/P7/1N3P2/1Pr3PP/7K,1,1
5bk1/5p2/6p1/pB5p/P7/1N3P2/1PrR2PP/7K,0,1
2r2bk1/5p2/6p1/pB5p/P7/1N3P2/1P1R2PP/7K,1,1
2r2bk1/5p2/6p1/pB5p/P7/1N3PP1/1P1R3P/7K,0,1
2r3k1/5p2/6p1/pB5p/Pb6/1N3PP1/1P1R3P/7K,1,1
2r3k1/5p2/6p1/pB5p/Pb6/1N3PP1/1P2R2P/7K,0,1
2r5/5pk1/6p1/pB5p/Pb6/1N3PP1/1P2R2P/7K,1,1
2r5/5pk1/6p1/pB5p/Pb6/1N3PP1/1P2R1KP/8,0,1
3r4/5pk1/6p1/pB5p/Pb6/1N3PP1/1P2R1KP/8,1,1
3r4/5pk1/6p1/pB5p/Pb6/5PP1/1P2R1KP/2N5,0,1
8/5pk1/6p1/pB5p/Pb6/5PP1/1P2R1KP/2Nr4,1,1
8/5pk1/6p1/pB5p/Pb6/3N1PP1/1P2R1KP/3r4,0,1
8/5pk1/3b2p1/pB5p/P7/3N1PP1/1P2R1KP/3r4,1,1
8/5pk1/3b2p1/pB5p/P4P2/3N2P1/1P2R1KP/3r4,0,1
8/1p2rk1r/1q2p1p1/pP1pP1p1/2pN1pP1/2Pn1P1P/P2P2K1/4R1QR,0,-1
8/1p2rk1r/1q2p1p1/pP1pP1p1/2pN1pP1/2P2P1P/P2P2K1/4n1QR,1,-1
8/1p2rk1r/1q2p1p1/pP1pP1p1/2pN1pP1/2P2P1P/P2P2K1/4Q2R,0,-1
8/1p2rk2/1q2p1p1/pP1pP1p1/2pN1pPr/2P2P1P/P2P2K1/4Q2R,1,-1
8/1p2rk2/1q2p1p1/pP1pP1p1/P1pN1pPr/2P2P1P/3P2K1/4Q2R,0,-1
8/1p2rk2/4p1p1/pPqpP1p1/P1pN1pPr/2P2P1P/3P2K1/4Q2R,1,-1
8/1p2rk2/4p1p1/pPqpP1p1/P1pN1pPr/2P2P1P/3P2K1/2Q4R,0,-1
4r3/1p3k2/4p1p1/pPqpP1p1/P1pN1pPr/2P2P1P/3P2K1/2Q4R,1,-1
4r3/1p3k2/4p1p1/pPqpP1p1/P1pN1pPr/2P2P1P/3P2KR/2Q5,0,-1
7r/1p3k2/4p1p1/pPqpP1p1/P1pN1pPr/2P2P1P/3P2KR/2Q5,1,-1
7r/1p3k2/4p1p1/pPqpP1p1/P1pN1pPr/2P2P1P/3P2KR/1Q6,0,-1
7r/1p3k2/4p1p1/pP1pP1p1/P1pN1pPr/q1P2P1P/3P2KR/1Q6,1,-1
7r/1p3k2/4p1p1/pP1pP1p1/P1pN1pPr/q1P2P1P/2QP2KR/8,0,-1
7r/1p3k2/4p1pr/pP1pP1p1/P1pN1pP1/q1P2P1P/2QP2KR/8,1,-1
7r/1p3k2/4p1pr/pP1pP1p1/P1pN1pP1/q1P2P1P/3P2KR/3Q4,0,-1
7r/1p3k2/4p1pr/pP1pP1p1/P1pN1pP1/2P2P1P/1q1P2KR/3Q4,1,-1
7r/1p3k2/4p1pr/pP1pP1p1/P1pN1pP1/2P2P1P/1qQP2KR/8,0,-1
7r/1p3k2/4p1pr/pP1pP1p1/P1pN1pP1/2P2P1P/2QP2KR/q7,1,-1
7r/1p3k2/4p1pr/pP1pP1p1/P1pN1pP1/2PP1P1P/2Q3KR/q7,0,-1
7r/1p3k2/4p1pr/pP1pP1p1/P1pN1pP1/2PP1P1P/2Q3KR/4q3,1,-1
2r3k1/p1qb3p/1n2prp1/1p1p4/8/1PPN2PP/P3QPBK/3R1R2,0,0
2r3k1/p2b3p/1n2prp1/1p1p4/8/1PqN2PP/P3QPBK/3R1R2,1,0
2r3k1/p2b3p/1n2prp1/1p1p4/8/1PqN2PP/P3QPBK/2R2R2,0,0
2r3k1/p2b3p/1n2prp1/1p1p4/3q4/1P1N2PP/P3QPBK/2R2R2,1,0
2R3k1/p2b3p/1n2prp1/1p1p4/3q4/1P1N2PP/P3QPBK/5R2,0,0
2b3k1/p6p/1n2prp1/1p1p4/3q4/1P1N2PP/P3QPBK/5R2,1,0
2b3k1/p6p/1n2prp1/1p1pN3/3q4/1P4PP/P3QPBK/5R2,0,0
2b3k1/p6p/1n2prp1/3pN3/1p1q4/1P4PP/P3QPBK/5R2,1,0
2b3k1/p6p/1n2prp1/3pN3/1p1q1P2/1P4PP/P3Q1BK/5R2,0,0
2b3k1/p6p/1n2prp1/2qpN3/1p3P2/1P4PP/P3Q1BK/5R2,1,0
2b3k1/p6p/1n2prp1/2qp4/1p3PN1/1P4PP/P3Q1BK/5R2,0,0
2b2rk1/p6p/1n2p1p1/2qp4/1p3PN1/1P4PP/P3Q1BK/5R2,1,0
2b2rk1/p6p/1n2p1p1/2qpQ3/1p3PN1/1P4PP/P5BK/5R2,0,0
2b2rk1/p7/1n2p1p1/2qpQ2p/1p3PN1/1P4PP/P5BK/5R2,1,0
2b2rk1/p7/1n2p1p1/2qp2Qp/1p3PN1/1P4PP/P5BK/5R2,0,0
2b2rk1/p7/1n2p1p1/2qp2Q1/1p3Pp1/1P4PP/P5BK/5R2,1,0
2b2rk1/p7/1n2p1Q1/2qp4/1p3Pp1/1P4PP/P5BK/5R2,0,0
2b2r1k/p7/1n2p1Q1/2qp4/1p3Pp1/1P4PP/P5BK/5R2,1,0
2b2r1k/p7/1n2p2Q/2qp4/1p3Pp1/1P4PP/P5BK/5R2,0,0
2b2rk1/p7/1n2p2Q/2qp4/1p3Pp1/1P4PP/P5BK/5R2,1,0
8/8/8/4b3/r5p1/5k1p/5P2/2BR2K1,0,-1
8/8/8/4b3/6p1/5k1p/5P2/r1BR2K1,1,-1
8/8/8/4b3/6p1/3R1k1p/5P2/r1B3K1,0,-1
8/8/8/4b3/4k1p1/3R3p/5P2/r1B3K1,1,-1
8/8/8/4b3/4k1p1/4R2p/5P2/r1B3K1,0,-1
8/8/8/4bk2/6p1/4R2p/5P2/r1B3K1,1,-1
8/8/8/4bk2/6p1/7p/5P2/r1B1R1K1,0,-1
8/8/8/5k2/6p1/2b4p/5P2/r1B1R1K1,1,-1
8/8/8/5k2/6p1/2b4p/5P2/r1B2RK1,0,-1
8/8/8/8/4k1p1/2b4p/5P2/r1B2RK1,1,-1
8/8/8/8/4k1p1/2b4p/5P1K/r1B2R2,0,-1
8/8/8/8/4k1p1/7p/3b1P1K/r1B2R2,1,-1
8/8/8/8/4k1p1/7p/3b1P1K/r1B3R1,0,-1
8/8/8/8/4k1p1/7p/3b1P1K/2r3R1,1,-1
8/8/8/8/4k1R1/7p/3b1P1K/2r5,0,-1
8/8/8/8/4kbR1/7p/5P1K/2r5,1,-1
8/8/8/8/4kbR1/7K/5P2/2r5,0,-1
8/8/8/8/5bR1/5k1K/5P2/2r5,1,-1
8/8/8/8/5bRK/5k2/5P2/2r5,0,-1
8/8/8/8/5bRK/5k2/5P2/7r,1,-1
4b3/4pk2/3p4/1P2rp2/K3n3/8/7Q/8,0,-1
8/4pk2/3p4/1b2rp2/K3n3/8/7Q/8,1,-1
8/4pk2/3p4/1b2rp2/1K2n3/8/7Q/8,0,-1
8/4pk2/3p4/1br2p2/1K2n3/8/7Q/8,1,-1
8/4pk1Q/3p4/1br2p2/1K2n3/8/8/8,0,-1
8/4p2Q/3pk3/1br2p2/1K2n3/8/8/8,1,-1
8/4p2Q/3pk3/Kbr2p2/4n3/8/8/8,0,-1
8/3kp2Q/3p4/Kbr2p2/4n3/8/8/8,1,-1
8/3kp2Q/1K1p4/1br2p2/4n3/8/8/8,0,-1
8/3kp2Q/1K1p4/2r2p2/4n3/3b4/8/8,1,-1
8/3kp3/1K1p4/2r2p2/4n3/3b3Q/8/8,0,-1
8/3kp3/1K1p4/1r3p2/4n3/3b3Q/8/8,1,-1
8/K2kp3/3p4/1r3p2/4n3/3b3Q/8/8,0,-1
8/K2kp3/3p4/1rn2p2/8/3b3Q/8/8,1,-1
7Q/K2kp3/3p4/1rn2p2/8/3b4/8/8,0,-1
7Q/Kr1kp3/3p4/2n2p2/8/3b4/8/8,1,-1
K6Q/1r1kp3/3p4/2n2p2/8/3b4/8/8,0,-1
K6Q/2rkp3/3p4/2n2p2/8/3b4/8/8,1,-1
K7/2rkp3/3p4/2n2p2/8/3b4/8/Q7,0,-1
K7/2rkp3/3p4/2n2p2/4b3/8/8/Q7,1,-1
2N3k1/3n1qp1/2Q1p3/1PP1p1P1/4P3/8/3b4/4K3,1,0
2N3k1/3n1qp1/2Q1p3/1PP1p1P1/4P3/8/3K4/8,0,0
2N3k1/3n2p1/2Q1p3/1PP1p1P1/4P3/8/3K1q2/8,1,0
2N3k1/3n2p1/2Q1p3/1PP1p1P1/4P3/2K5/5q2/8,0,0
2N3k1/3n2p1/2Q1p3/1PP1p1P1/3qP3/2K5/8/8,1,0
2N3k1/3n2p1/2Q1p3/1PP1p1P1/3qP3/8/2K5/8,0,0
2N3k1/3n2p1/2Q1p3/1PP1p1P1/2q1P3/8/2K5/8,1,0
2N3k1/3n2p1/2Q1p3/1PP1p1P1/2q1P3/8/3K4/8,0,0
2N3k1/3n2p1/2Q1p3/1PP1p1P1/3qP3/8/3K4/8,1,0
2N3k1/3n2p1/2Q1p3/1PP1p1P1/3qP3/8/4K3/8,0,0
2N3k1/3n2p1/2Q1p3/1PP1p1P1/2q1P3/8/4K3/8,1,0
2N3k1/3n2p1/2Q1p3/1PP1p1P1/2q1P3/8/5K2/8,0,0
2N3k1/3n2p1/2Q1p3/1PP1p1P1/3qP3/8/5K2/8,1,0
2N3k1/3n2p1/2Q1p3/1PP1p1P1/3qP3/8/4K3/8,0,0
2N3k1/3n2p1/2Q1p3/1PP1p1P1/2q1P3/8/4K3/8,1,0
2N3k1/3n2p1/2Q1p3/1PP1p1P1/2q1P3/8/5K2/8,0,0
2N3k1/3n2p1/2Q1p3/1PP1p1P1/3qP3/8/5K2/8,1,0
2N3k1/3n2p1/2Q1p3/1PP1p1P1/3qP3/8/4K3/8,0,0
2N3k1/3n2p1/2Q1p3/1PP1p1P1/2q1P3/8/4K3/8,1,0
2N3k1/3n2p1/2Q1p3/1PP1p1P1/2q1P3/8/5K2/8,0,0
8/1r3kp1/4bp1p/1B6/P3PPP1/1P3nB1/1R5P/1Kr5,1,1
8/1r3kp1/4bp1p/1B6/P3PPP1/1P3nB1/1R5P/2K5,0,1
8/1r3kp1/4bp1p/1B6/P2nPPP1/1P4B1/1R5P/2K5,1,1
8/1r3kp1/4bp1p/1B3P2/P2nP1P1/1P4B1/1R5P/2K5,0,1
8/1r3kp1/5p1p/1B3P2/P2nP1P1/1b4B1/1R5P/2K5,1,1
8/1r3kp1/5p1p/5P2/P1BnP1P1/1b4B1/1R5P/2K5,0,1
4k3/1r4p1/5p1p/5P2/P1BnP1P1/1b4B1/1R5P/2K5,1,1
4k3/1r4p1/5p1p/5P2/P2nP1P1/1B4B1/1R5P/2K5,0,1
4k3/1r4p1/5p1p/5P2/P3P1P1/1n4B1/1R5P/2K5,1,1
4k3/1r4p1/5p1p/5P2/P3P1P1/1n4B1/1RK4P/8,0,1
4k3/1r4p1/5p1p/5P2/P2nP1P1/6B1/1RK4P/8,1,1
4k3/1r4p1/5p1p/5P2/P2nP1P1/2K3B1/1R5P/8,0,1
4k3/6p1/5p1p/5P2/P2nP1P1/2K3B1/1r5P/8,1,1
4k3/6p1/5p1p/5P2/P2nP1P1/6B1/1K5P/8,0,1
8/3k2p1/5p1p/5P2/P2nP1P1/6B1/1K5P/8,1,1
8/3k2p1/5p1p/5P2/P2nP1P1/2K3B1/7P/8,0,1
8/3k2p1/5p1p/5P2/P3P1P1/2K3B1/4n2P/8,1,1
8/3k2p1/5p1p/5P2/P3P1P1/3K2B1/4n2P/8,0,1
8/3k2p1/5p1p/5P2/P3P1P1/3K2B1/7P/2n5,1,1
8/3k2p1/5p1p/5P2/P1K1P1P1/6B1/7P/2n5,0,1
1kbbr3/5p1p/pq1ppp1Q/1p3P2/3NPNr1/6P1/PPP4P/1K1RR3,0,1
1kbbr3/1q3p1p/p2ppp1Q/1p3P2/3NPNr1/6P1/PPP4P/1K1RR3,1,1
1kbbr3/1q3p1p/p2ppp1Q/1p3P1N/3NP1r1/6P1/PPP4P/1K1RR3,0,1
1kbbr3/1q3p1p/p2p1p1Q/1p2pP1N/3NP1r1/6P1/PPP4P/1K1RR3,1,1
1kbbr3/1q3p1p/p2p1p1Q/1p2pP1N/4P1r1/1N4P1/PPP4P/1K1RR3,0,1
1kbbr3/1q3p1p/p2p1p1Q/1p2pP1N/4r3/1N4P1/PPP4P/1K1RR3,1,1
1kbbr3/1q3p1p/p2p1p1Q/1p2pP1N/4R3/1N4P1/PPP4P/1K1R4,0,1
1kbbr3/5p1p/p2p1p1Q/1p2pP1N/4q3/1N4P1/PPP4P/1K1R4,1,1
1kbbr3/5p1p/p2p1N1Q/1p2pP2/4q3/1N4P1/PPP4P/1K1R4,0,1
1kbbr3/5p1p/p2p1N1Q/1p2pP2/8/1N3qP1/PPP4P/1K1R4,1,1
1kbbr3/5p1p/p2R1N1Q/1p2pP2/8/1N3qP1/PPP4P/1K6,0,1
1kb1r3/5p1p/p2R1b1Q/1p2pP2/8/1N3qP1/PPP4P/1K6,1,1
1kb1r3/5p1p/p2R1Q2/1p2pP2/8/1N3qP1/PPP4P/1K6,0,1
1kb1r3/5p1p/p2R1Q2/1p2pP2/8/1N4P1/PPP4P/1K3q2,1,1
1kb1r3/5p1p/p2R1Q2/1p2pP2/8/6P1/PPP4P/1KN2q2,0,1
1kb1r3/5p1p/p2R1Q2/1p2pP2/2q5/6P1/PPP4P/1KN5,1,1
1kb1r3/5p1p/p2R1Q2/1p2pP2/2q5/1P4P1/P1P4P/1KN5,0,1
1kb1r3/2q2p1p/p2R1Q2/1p2pP2/8/1P4P1/P1P4P/1KN5,1,1
1kb1r3/2q2p1p/p2R1Q2/1p2pP2/8/1P1N2P1/P1P4P/1K6,0,1
1k2r3/1bq2p1p/p2R1Q2/1p2pP2/8/1P1N2P1/P1P4P/1K6,1,1
4k3/7R/p5p1/8/2ppP3/P7/1PPK4/6r1,0,-1
4k3/7R/p5p1/8/2ppP3/P7/1PPK2r1/8,1,-1
4k3/7R/p5p1/8/2ppP3/P7/1PP3r1/3K4,0,-1
4k3/7R/p7/6p1/2ppP3/P7/1PP3r1/3K4,1,-1
4k3/7R/p7/4P1p1/2pp4/P7/1PP3r1/3K4,0,-1
4k3/7R/p7/4P3/2pp2p1/P7/1PP3r1/3K4,1,-1
4k3/7R/p3P3/8/2pp2p1/P7/1PP3r1/3K4,0,-1
4k3/7R/p3P3/8/2pp4/P5p1/1PP3r1/3K4,1,-1
4k3/6R1/p3P3/8/2pp4/P5p1/1PP3r1/3K4,0,-1
4k3/6R1/p3P3/8/2p5/P2p2p1/1PP3r1/3K4,1,-1
4k3/6R1/p3P3/8/2p5/P2P2p1/1P4r1/3K4,0,-1
4k3/6R1/p3P3/8/8/P2p2p1/1P4r1/3K4,1,-1
4k3/6R1/p3P3/8/1P6/P2p2p1/6r1/3K4,0,-1
4k3/6R1/p3P3/8/1P6/P2p2p1/8/3K2r1,1,-1
4k3/6R1/p3P3/8/1P6/P2p2p1/3K4/6r1,0,-1
4k3/6R1/p3P3/8/1P6/P2p4/3K2p1/6r1,1,-1
4k3/6R1/p3P3/8/1P6/P2K4/6p1/6r1,0,-1
4k3/6R1/p3P3/8/1P6/P2K4/6p1/3r4,1,-1
4k3/6R1/p3P3/8/1PK5/P7/6p1/3r4,0,-1
4k3/6R1/p3P3/8/1PK5/P7/8/3r2q1,1,-1
r2qk2r/1p1bbpp1/p2p1n1p/P3p3/4P3/3Q1N2/1PP2PPP/RNB2RK1,1,0
r2qk2r/1p1bbpp1/p2p1n1p/P3p3/2P1P3/3Q1N2/1P3PPP/RNB2RK1,0,0
r2qk2r/3bbpp1/p2p1n1p/Pp2p3/2P1P3/3Q1N2/1P3PPP/RNB2RK1,1,0
r2qk2r/3bbpp1/pP1p1n1p/4p3/2P1P3/3Q1N2/1P3PPP/RNB2RK1,0,0
r3k2r/3bbpp1/pq1p1n1p/4p3/2P1P3/3Q1N2/1P3PPP/RNB2RK1,1,0
r3k2r/3bbpp1/pq1p1n1p/4p3/2P1P3/2NQ1N2/1P3PPP/R1B2RK1,0,0
r4rk1/3bbpp1/pq1p1n1p/4p3/2P1P3/2NQ1N2/1P3PPP/R1B2RK1,1,0
r4rk1/3bbpp1/pq1p1n1p/4p3/2P1P3/2NQBN2/1P3PPP/R4RK1,0,0
r4rk1/1q1bbpp1/p2p1n1p/4p3/2P1P3/2NQBN2/1P3PPP/R4RK1,1,0
r4rk1/1q1bbpp1/p2p1n1p/4p3/2P1P3/2NQBN1P/1P3PP1/R4RK1,0,0
r1r3k1/1q1bbpp1/p2p1n1p/4p3/2P1P3/2NQBN1P/1P3PP1/R4RK1,1,0
r1r3k1/1q1bbpp1/p2p1n1p/4p3/2P1P3/2NQB2P/1P1N1PP1/R4RK1,0,0
r1r3k1/1q2bpp1/p2pbn1p/4p3/2P1P3/2NQB2P/1P1N1PP1/R4RK1,1,0
r1r3k1/1q2bpp1/p2pbn1p/4p3/2P1P3/2NQB2P/1P1N1PP1/RR4K1,0,0
r1r3k1/1q2bpp1/3pbn1p/p3p3/2P1P3/2NQB2P/1P1N1PP1/RR4K1,1,0
r1r3k1/1q2bpp1/3pbn1p/p3p3/2P1P3/1PNQB2P/3N1PP1/RR4K1,0,0
2r3k1/1q2bpp1/r2pbn1p/p3p3/2P1P3/1PNQB2P/3N1PP1/RR4K1,1,0
2r3k1/1q2bpp1/r2pbn1p/p3p3/2P1P3/1PNQB2P/R2N1PP1/1R4K1,0,0
2r3k1/1q1bbpp1/r2p1n1p/p3p3/2P1P3/1PNQB2P/R2N1PP1/1R4K1,1,0
2r3k1/1q1bbpp1/r2p1n1p/p3p3/2P1P3/1PNQB2P/R2N1PP1/R5K1,0,0
1r4k1/1p3pp1/1P1P4/P1p1p1p1/q7/8/3Q1PPP/3R2K1,0,0
3r2k1/1p3pp1/1P1P4/P1p1p1p1/q7/8/3Q1PPP/3R2K1,1,0
3r2k1/1p3pp1/1P1P4/P1p1p1p1/q7/7P/3Q1PP1/3R2K1,0,0
3r2k1/1p3pp1/1P1P4/P3p1p1/q1p5/7P/3Q1PP1/3R2K1,1,0
3r2k1/1p3pp1/1P1P4/P3p1p1/q1p5/7P/3Q1PP1/2R3K1,0,0
3r2k1/1p3pp1/1P1P4/Pq2p1p1/2p5/7P/3Q1PP1/2R3K1,1,0
3r2k1/1p3pp1/1P1P4/Pq2p1Q1/2p5/7P/5PP1/2R3K1,0,0
6k1/1p3pp1/1P1r4/Pq2p1Q1/2p5/7P/5PP1/2R3K1,1,0
6k1/1p2Qpp1/1P1r4/Pq2p3/2p5/7P/5PP1/2R3K1,0,0
6k1/1p1rQpp1/1P6/Pq2p3/2p5/7P/5PP1/2R3K1,1,0
4Q1k1/1p1r1pp1/1P6/Pq2p3/2p5/7P/5PP1/2R3K1,0,0
4Q3/1p1r1ppk/1P6/Pq2p3/2p5/7P/5PP1/2R3K1,1,0
2Q5/1p1r1ppk/1P6/Pq2p3/2p5/7P/5PP1/2R3K1,0,0
2Q5/1p1r1ppk/1P6/Pq6/2p1p3/7P/5PP1/2R3K1,1,0
8/1p1r1ppk/1P6/Pq6/2Q1p3/7P/5PP1/2R3K1,0,0
8/1p3ppk/1P6/Pq6/2Q1p3/7P/5PP1/2Rr2K1,1,0
8/1p3ppk/1P6/Pq6/2Q1p3/7P/5PPK/2Rr4,0,0
8/1p3ppk/1P6/P3q3/2Q1p3/7P/5PPK/2Rr4,1,0
8/1p3ppk/1P6/P3q3/2Q1p3/6PP/5P1K/2Rr4,0,0
8/1p3ppk/1P6/P3q3/2Q1p3/6PP/5P1K/2r5,1,0
2k5/8/2N4b/3N4/PPP5/3r4/1K6/8,1,1
2k5/8/2N4b/P2N4/1PP5/3r4/1K6/8,0,1
2k5/6b1/2N5/P2N4/1PP5/3r4/1K6/8,1,1
2k5/6b1/2N5/P2N4/1PP5/3r4/K7/8,0,1
8/1k4b1/2N5/P2N4/1PP5/3r4/K7/8,1,1
3N4/1k4b1/8/P2N4/1PP5/3r4/K7/8,0,1
3N4/6b1/k7/P2N4/1PP5/3r4/K7/8,1,1
8/6b1/k3N3/P2N4/1PP5/3r4/K7/8,0,1
8/6b1/k3N3/P2N4/1PP5/8/K2r4/8,1,1
8/6b1/k3N3/P2N4/1PP5/1K6/3r4/8,0,1
8/8/k3N3/P2Nb3/1PP5/1K6/3r4/8,1,1
8/8/k7/P1NNb3/1PP5/1K6/3r4/8,0,1
8/k7/8/P1NNb3/1PP5/1K6/3r4/8,1,1
8/k7/8/PPNNb3/2P5/1K6/3r4/8,0,1
8/k7/8/PPNNb3/2P5/1K6/1r6/8,1,1
8/k7/8/PPNNb3/2P5/K7/1r6/8,0,1
8/k7/8/PPNNb3/2P5/K7/8/1r6,1,1
8/k7/1P6/P1NNb3/2P5/K7/8/1r6,0,1
k7/8/1P6/P1NNb3/2P5/K7/8/1r6,1,1
k7/2N5/1P6/P1N1b3/2P5/K7/8/1r6,0,1
7k/1r2q2p/p5p1/3Rbp2/4p3/P3Q3/6PP/3R3K,1,0
7k/1r2q2p/p5pQ/3Rbp2/4p3/P7/6PP/3R3K,0,0
1r5k/4q2p/p5pQ/3Rbp2/4p3/P7/6PP/3R3K,1,0
1r5k/4q2p/p5pQ/3Rbp2/4p3/P6P/6P1/3R3K,0,0
1r5k/4q1bp/p5pQ/3R1p2/4p3/P6P/6P1/3R3K,1,0
1r5k/4q1bp/p5p1/3R1p2/4pQ2/P6P/6P1/3R3K,0,0
5r1k/4q1bp/p5p1/3R1p2/4pQ2/P6P/6P1/3R3K,1,0
5r1k/3Rq1bp/p5p1/5p2/4pQ2/P6P/6P1/3R3K,0,0
5r1k/3R2bp/p5p1/5p2/4pQ2/q6P/6P1/3R3K,1,0
5r1k/6Rp/p5p1/5p2/4pQ2/q6P/6P1/3R3K,0,0
5r2/6kp/p5p1/5p2/4pQ2/q6P/6P1/3R3K,1,0
5r2/3R2kp/p5p1/5p2/4pQ2/q6P/6P1/7K,0,0
5rk1/3R3p/p5p1/5p2/4pQ2/q6P/6P1/7K,1,0
5rk1/3R3p/p5p1/4Qp2/4p3/q6P/6P1/7K,0,0
5rk1/3R3p/p5p1/4Qp2/4p3/7P/6P1/2q4K,1,0
5rk1/3R3p/p5p1/4Qp2/4p3/7P/6PK/2q5,0,0
5rk1/3R3p/p5pq/4Qp2/4p3/7P/6PK/8,1,0
5rk1/3R3p/p3Q1pq/5p2/4p3/7P/6PK/8,0,0
5r1k/3R3p/p3Q1pq/5p2/4p3/7P/6PK/8,1,0
5r1k/3R3p/p5pq/4Qp2/4p3/7P/6PK/8,0,0
6k1/4b1pp/4b3/2N3n1/1P6/K7/P2R4/8,0,-1
6k1/4b1pp/8/2N3n1/1Pb5/K7/P2R4/8,1,-1
6k1/4b1pp/8/2N3n1/KPb5/8/P2R4/8,0,-1
6k1/4b1p1/8/2N3np/KPb5/8/P2R4/8,1,-1
6k1/4b1p1/8/2N3np/KPb5/8/P1R5/8,0,-1
6k1/4b1p1/8/2Nb2np/KP6/8/P1R5/8,1,-1
6k1/4b1p1/8/1PNb2np/K7/8/P1R5/8,0,-1
6k1/4b1p1/8/1PNb2n1/K6p/8/P1R5/8,1,-1
6k1/4b1p1/1P6/2Nb2n1/K6p/8/P1R5/8,0,-1
6k1/4b1p1/1P6/2Nb2n1/K7/7p/P1R5/8,1,-1
6k1/1P2b1p1/8/2Nb2n1/K7/7p/P1R5/8,0,-1
6k1/1P4p1/3b4/2Nb2n1/K7/7p/P1R5/8,1,-1
6k1/1P4p1/3b4/2Nb2n1/K7/7p/P2R4/8,0,-1
6k1/1P4p1/2bb4/2N3n1/K7/7p/P2R4/8,1,-1
6k1/1P4p1/2bb4/2N3n1/1K6/7p/P2R4/8,0,-1
6k1/1P4p1/2b5/2b3n1/1K6/7p/P2R4/8,1,-1
6k1/1P4p1/2b5/2K3n1/8/7p/P2R4/8,0,-1
6k1/1b4p1/8/2K3n1/8/7p/P2R4/8,1,-1
6k1/1b4p1/8/2K3n1/P7/7p/3R4/8,0,-1
6k1/1b4p1/8/2K5/P3n3/7p/3R4/8,1,-1
8/7p/R7/4p3/P4k2/8/4K2r/8,1,-1
8/7p/R7/4p3/P4k2/8/7r/3K4,0,-1
8/7p/R7/8/P3pk2/8/7r/3K4,1,-1
8/7p/R7/P7/4pk2/8/7r/3K4,0,-1
8/7p/R7/P7/4p3/4k3/7r/3K4,1,-1
8/7p/3R4/P7/4p3/4k3/7r/3K4,0,-1
8/7p/3R4/P7/4p3/4k3/r7/3K4,1,-1
8/7p/8/P2R4/4p3/4k3/r7/3K4,0,-1
8/7p/8/P2R4/4p3/5k2/r7/3K4,1,-1
8/7p/8/P4R2/4p3/5k2/r7/3K4,0,-1
8/7p/8/P4R2/4p3/4k3/r7/3K4,1,-1
8/7p/8/P6R/4p3/4k3/r7/3K4,0,-1
8/7p/8/P6R/4p3/3k4/r7/3K4,1,-1
8/7p/8/P2R4/4p3/3k4/r7/3K4,0,-1
8/7p/8/P2R4/4p3/4k3/r7/3K4,1,-1
8/7p/8/P6R/4p3/4k3/r7/3K4,0,-1
8/8/7p/P6R/4p3/4k3/r7/3K4,1,-1
8/8/7p/P7/4p3/4k2R/r7/3K4,0,-1
8/8/7p/P7/3kp3/7R/r7/3K4,1,-1
8/8/7R/P7/3kp3/8/r7/3K4,0,-1
1r4r1/4kppp/3p4/1b1BpPb1/pp2P3/1P2N2R/P1P4P/1K1R4,0,-1
1r4r1/4kppp/3p4/1b1BpP2/pp2P3/1P2b2R/P1P4P/1K1R4,1,-1
1r4r1/4kppp/3p4/1b1BpP2/pp2P3/1P2R3/P1P4P/1K1R4,0,-1
2r3r1/4kppp/3p4/1b1BpP2/pp2P3/1P2R3/P1P4P/1K1R4,1,-1
2r3r1/4kppp/3p4/1b1BpP2/Pp2P3/4R3/P1P4P/1K1R4,0,-1
2r3r1/4kppp/3p4/3BpP2/bp2P3/4R3/P1P4P/1K1R4,1,-1
2r3r1/4kppp/3p4/4pP2/bp2P3/1B2R3/P1P4P/1K1R4,0,-1
2r3r1/4kppp/3p4/4pP2/1p2P3/1b2R3/P1P4P/1K1R4,1,-1
2r3r1/4kppp/3p4/4pP2/1p2P3/1P2R3/2P4P/1K1R4,0,-1
2r3r1/4kp1p/3p2p1/4pP2/1p2P3/1P2R3/2P4P/1K1R4,1,-1
2r3r1/4kp1p/3p2p1/4pP2/1p2P3/1P1R4/2P4P/1K1R4,0,-1
6r1/4kp1p/2rp2p1/4pP2/1p2P3/1P1R4/2P4P/1K1R4,1,-1
6r1/4kp1p/2rp2p1/4pP2/1p2P3/1P1R4/2PR3P/1K6,0,-1
6r1/4kp1p/2rp4/4pp2/1p2P3/1P1R4/2PR3P/1K6,1,-1
6r1/4kp1p/2rp4/4pP2/1p6/1P1R4/2PR3P/1K6,0,-1
8/4kp1p/2rp4/4pPr1/1p6/1P1R4/2PR3P/1K6,1,-1
8/4kp1p/2rp4/4pPr1/1p6/1P1R4/2P2R1P/1K6,0,-1
8/4kp1p/2rp4/4pP2/1p6/1P1R4/2P2R1P/1K4r1,1,-1
8/4kp1p/2rp4/4pP2/1p6/1P1R4/1KP2R1P/6r1,0,-1
8/4kp1p/r2p4/4pP2/1p6/1P1R4/1KP2R1P/6r1,1,-1
rr4k1/5ppp/8/3Pp3/2P1B1P1/7P/p7/R6K,0,-1
1r4k1/5ppp/8/r2Pp3/2P1B1P1/7P/p7/R6K,1,-1
1r4k1/5ppp/8/r2Pp3/2P1B1P1/7P/p5K1/R7,0,-1
1r3k2/5ppp/8/r2Pp3/2P1B1P1/7P/p5K1/R7,1,-1
1r3k2/5ppp/8/r1PPp3/4B1P1/7P/p5K1/R7,0,-1
5k2/5ppp/8/r1PPp3/4B1P1/7P/pr4K1/R7,1,-1
5k2/5ppp/8/r1PPp3/4B1P1/5K1P/pr6/R7,0,-1
5k2/5ppp/8/2PPp3/4B1P1/r4K1P/pr6/R7,1,-1
5k2/5ppp/8/2PPp3/6P1/r2B1K1P/pr6/R7,0,-1
5k2/5ppp/8/2PPp3/6P1/3r1K1P/pr6/R7,1,-1
5k2/5ppp/8/2PPp3/4K1P1/3r3P/pr6/R7,0,-1
5k2/5ppp/8/2PPp3/4K1P1/7P/pr1r4/R7,1,-1
5k2/5ppp/2P5/3Pp3/4K1P1/7P/pr1r4/R7,0,-1
8/4kppp/2P5/3Pp3/4K1P1/7P/pr1r4/R7,1,-1
8/4kppp/2P5/3PK3/6P1/7P/pr1r4/R7,0,-1
8/4k1pp/2P2p2/3PK3/6P1/7P/pr1r4/R7,1,-1
8/4k1pp/2P2p2/3P1K2/6P1/7P/pr1r4/R7,0,-1
8/4k1pp/2P2p2/3P1K2/6P1/7P/p2r4/Rr6,1,-1
8/2P1k1pp/5p2/3P1K2/6P1/7P/p2r4/Rr6,0,-1
8/2Pk2pp/5p2/3P1K2/6P1/7P/p2r4/Rr6,1,-1
2b2r1k/3n3p/p5rP/2P5/2B4Q/P4P2/6P1/7K,1,1
2b2r1k/3n3p/p5rP/2P5/7Q/P2B1P2/6P1/7K,0,1
2b2r1k/3n3p/p4r1P/2P5/7Q/P2B1P2/6P1/7K,1,1
2b2r1k/3n3p/p4r1P/2P5/3Q4/P2B1P2/6P1/7K,0,1
2b1r2k/3n3p/p4r1P/2P5/3Q4/P2B1P2/6P1/7K,1,1
2b1r2k/3n3p/p4r1P/2P2B2/3Q4/P4P2/6P1/7K,0,1
2b1r2k/7p/p4r1P/2P1nB2/3Q4/P4P2/6P1/7K,1,1
2B1r2k/7p/p4r1P/2P1n3/3Q4/P4P2/6P1/7K,0,1
2r4k/7p/p4r1P/2P1n3/3Q4/P4P2/6P1/7K,1,1
2r4k/7p/p4r1P/2P1Q3/8/P4P2/6P1/7K,0,1
5r1k/7p/p4r1P/2P1Q3/8/P4P2/6P1/7K,1,1
5r1k/7p/p4r1P/2P1Q3/8/P4P2/6P1/6K1,0,1
5rk1/7p/p4r1P/2P1Q3/8/P4P2/6P1/6K1,1,1
5rk1/7p/p4r1P/2PQ4/8/P4P2/6P1/6K1,0,1
5r1k/7p/p4r1P/2PQ4/8/P4P2/6P1/6K1,1,1
5r1k/7p/p4r1P/2P5/3Q4/P4P2/6P1/6K1,0,1
5rk1/7p/p4r1P/2P5/3Q4/P4P2/6P1/6K1,1,1
5rk1/7p/p1P2r1P/8/3Q4/P4P2/6P1/6K1,0,1
5rk1/5r1p/p1P4P/8/3Q4/P4P2/6P1/6K1,1,1
5rk1/5r1p/p1P4P/8/2Q5/P4P2/6P1/6K1,0,1
N7/1p2qpk1/p2p2p1/P1rPn2p/4P3/7P/1P1Q2P1/2R3K1,0,-1
N7/1p1nqpk1/p2p2p1/P1rP3p/4P3/7P/1P1Q2P1/2R3K1,1,-1
N7/1p1nqpk1/p2p2p1/P1rP3p/1P2P3/7P/3Q2P1/2R3K1,0,-1
N7/1p1nqpk1/p2p2p1/P2P3p/1P2P3/7P/3Q2P1/2r3K1,1,-1
N7/1p1nqpk1/p2p2p1/P2P3p/1P2P3/7P/6P1/2Q3K1,0,-1
N7/1p2qpk1/p2p1np1/P2P3p/1P2P3/7P/6P1/2Q3K1,1,-1
N7/1p2qpk1/p2p1np1/P2P3p/1P2P3/2Q4P/6P1/6K1,0,-1
N7/1p2qp1k/p2p1np1/P2P3p/1P2P3/2Q4P/6P1/6K1,1,-1
8/1pN1qp1k/p2p1np1/P2P3p/1P2P3/2Q4P/6P1/6K1,0,-1
8/1pN1qp1k/p2p2p1/P2P3p/1P2n3/2Q4P/6P1/6K1,1,-1
8/1pN1qp1k/p2p2p1/P2P3p/1P2n3/4Q2P/6P1/6K1,0,-1
8/1pN2p1k/p2p2p1/P2Pq2p/1P2n3/4Q2P/6P1/6K1,1,-1
8/1pN2p1k/pQ1p2p1/P2Pq2p/1P2n3/7P/6P1/6K1,0,-1
8/1pN2p1k/pQ1p2p1/P2Pq2p/1P6/6nP/6P1/6K1,1,-1
8/1pN2p1k/p2p2p1/P2Pq2p/1P6/6nP/5QP1/6K1,0,-1
6k1/1pN2p2/p2p2p1/P2Pq2p/1P6/6nP/5QP1/6K1,1,-1
6k1/1pN2p2/p2p2p1/PP1Pq2p/8/6nP/5QP1/6K1,0,-1
6k1/1pN2p2/p2p2p1/PP1Pq3/7p/6nP/5QP1/6K1,1,-1
6k1/1pN2p2/p2p2p1/PP1Pq3/7p/6nP/3Q2P1/6K1,0,-1
6k1/1pN2p2/p2p2p1/PP1P4/7p/6nP/3Q2P1/q5K1,1,-1
5b2/R4p2/4bkp1/7p/P4P2/2P3P1/1P5r/K3R3,0,-1
8/R4p2/4bkp1/2b4p/P4P2/2P3P1/1P5r/K3R3,1,-1
8/1R3p2/4bkp1/2b4p/P4P2/2P3P1/1P5r/K3R3,0,-1
8/1R3p2/4bkp1/7p/P4P2/2P3P1/1P3b1r/K3R3,1,-1
8/1R3p2/4bkp1/7p/P4P2/2P3P1/1P3b1r/K2R4,0,-1
8/1R3p2/4bkp1/7p/P4P2/2P3b1/1P5r/K2R4,1,-1
8/1R3p2/4bkp1/P6p/5P2/2P3b1/1P5r/K2R4,0,-1
8/1R3p2/4bkp1/P6p/5P2/2P3b1/1P3r2/K2R4,1,-1
8/1R3p2/P3bkp1/7p/5P2/2P3b1/1P3r2/K2R4,0,-1
8/1R3p2/P3bkp1/7p/5r2/2P3b1/1P6/K2R4,1,-1
8/5p2/P3bkp1/7p/1R3r2/2P3b1/1P6/K2R4,0,-1
8/5p2/P3bkp1/7p/1r6/2P3b1/1P6/K2R4,1,-1
8/5p2/P3bkp1/7p/1P6/6b1/1P6/K2R4,0,-1
1b6/5p2/P3bkp1/7p/1P6/8/1P6/K2R4,1,-1
1b1R4/5p2/P3bkp1/7p/1P6/8/1P6/K7,0,-1
3R4/b4p2/P3bkp1/7p/1P6/8/1P6/K7,1,-1
R7/b4p2/P3bkp1/7p/1P6/8/1P6/K7,0,-1
R7/5p2/P3bkp1/7p/1P6/8/1P3b2/K7,1,-1
R7/P4p2/4bkp1/7p/1P6/8/1P3b2/K7,0,-1
R7/b4p2/4bkp1/7p/1P6/8/1P6/K7,1,-1
r2r1bk1/2q2ppp/p3p3/3bPP2/p2Bp1P1/2P1Q3/1P2B2P/R4R1K,0,-1
r2r1bk1/3q1ppp/p3p3/3bPP2/p2Bp1P1/2P1Q3/1P2B2P/R4R1K,1,-1
r2r1bk1/3q1ppp/p3pP2/3bP3/p2Bp1P1/2P1Q3/1P2B2P/R4R1K,0,-1
1r1r1bk1/3q1ppp/p3pP2/3bP3/p2Bp1P1/2P1Q3/1P2B2P/R4R1K,1,-1
1r1r1bk1/3q1ppp/p3pP2/3bP3/p2Bp1P1/2P1Q3/1P2B2P/RR5K,0,-1
1r1r1bk1/3q1ppp/4pP2/p2bP3/p2Bp1P1/2P1Q3/1P2B2P/RR5K,1,-1
1r1r1bk1/3q1ppp/4pP2/p2bP3/p2Bp1P1/2P1Q3/1P5P/RR3B1K,0,-1
3r1bk1/1r1q1ppp/4pP2/p2bP3/p2Bp1P1/2P1Q3/1P5P/RR3B1K,1,-1
3r1bk1/1r1q1ppp/4pP2/p2bP3/p2Bp1P1/2P1Q3/1P4BP/RR5K,0,-1
1r3bk1/1r1q1ppp/4pP2/p2bP3/p2Bp1P1/2P1Q3/1P4BP/RR5K,1,-1
1r3bk1/1r1q1ppp/4pP2/p2bP3/p1PBp1P1/4Q3/1P4BP/RR5K,0,-1
1r3bk1/1r1q1ppp/4pP2/p3P3/p1bBp1P1/4Q3/1P4BP/RR5K,1,-1
1r3bk1/1r1q1ppp/4pP2/p3P3/p1bBB1P1/4Q3/1P5P/RR5K,0,-1
1r3bk1/1r1q1ppp/4pP2/p2bP3/p2BB1P1/4Q3/1P5P/RR5K,1,-1
1r3bk1/1r1q1ppp/4pP2/p2bP3/p2BB1P1/4Q3/1P5P/R2R3K,0,-1
1r3bk1/1r3ppp/2q1pP2/p2bP3/p2BB1P1/4Q3/1P5P/R2R3K,1,-1
1r3bk1/1r3ppp/2q1pP2/p2bP3/p2BB1P1/4Q3/1P5P/R3R2K,0,-1
1r3bk1/5ppp/2q1pP2/p2bP3/p2BB1P1/1r2Q3/1P5P/R3R2K,1,-1
1r3bk1/5ppp/2q1pP2/p2bP3/p3B1P1/1rB1Q3/1P5P/R3R2K,0,-1
5bk1/5ppp/2q1pP2/p2bP3/pr2B1P1/1rB1Q3/1P5P/R3R2K,1,-1
8/R7/1Pk4p/P5p1/4r3/1K6/6PP/4b3,0,1
8/R7/1Pk4p/P7/4r1p1/1K6/6PP/4b3,1,1
8/R7/1Pk4p/P7/4r1p1/1K4P1/7P/4b3,0,1
8/R7/1Pk5/P6p/4r1p1/1K4P1/7P/4b3,1,1
8/R7/1Pk5/P6p/4r1p1/6P1/2K4P/4b3,0,1
8/R7/1Pk5/P6p/r5p1/6P1/2K4P/4b3,1,1
8/RP6/2k5/P6p/r5p1/6P1/2K4P/4b3,0,1
8/RP6/2k5/P6p/1r4p1/6P1/2K4P/4b3,1,1
8/RP6/P1k5/7p/1r4p1/6P1/2K4P/4b3,0,1
8/RP6/P1k5/7p/1r4p1/6P1/2K2b1P/8,1,1
R7/1P6/P1k5/7p/1r4p1/6P1/2K2b1P/8,0,1
R7/1P6/P1k5/2b4p/1r4p1/6P1/2K4P/8,1,1
2R5/1P6/P1k5/2b4p/1r4p1/6P1/2K4P/8,0,1
2R5/1P6/P2k4/2b4p/1r4p1/6P1/2K4P/8,1,1
1QR5/8/P2k4/2b4p/1r4p1/6P1/2K4P/8,0,1
1rR5/8/P2k4/2b4p/6p1/6P1/2K4P/8,1,1
1R6/8/P2k4/2b4p/6p1/6P1/2K4P/8,0,1
1R6/8/P2k4/7p/6p1/6P1/2K4P/6b1,1,1
8/8/P2k4/7p/6p1/6P1/2K4P/1R4b1,0,1
8/8/P7/3k3p/6p1/6P1/2K4P/1R4b1,1,1
8/5p2/2kpp2p/8/2P3P1/r4P2/3RK2P/8,0,-1
8/5p2/3pp2p/2k5/2P3P1/r4P2/3RK2P/8,1,-1
8/5p2/3pp2p/2k5/2P3P1/r4P2/1R2K2P/8,0,-1
8/5p2/3pp2p/8/2k3P1/r4P2/1R2K2P/8,1,-1
8/1R3p2/3pp2p/8/2k3P1/r4P2/4K2P/8,0,-1
8/1R3p2/4p2p/3p4/2k3P1/r4P2/4K2P/8,1,-1
8/5R2/4p2p/3p4/2k3P1/r4P2/4K2P/8,0,-1
8/5R2/4p2p/3p4/2k3P1/5P2/r3K2P/8,1,-1
8/5R2/4p2p/3p4/2k3P1/5P2/r6P/4K3,0,-1
8/5R2/4p2p/3p4/3k2P1/5P2/r6P/4K3,1,-1
8/5R2/4p2p/3p4/3k2PP/5P2/r7/4K3,0,-1
8/5R2/4p2p/3p4/6PP/4kP2/r7/4K3,1,-1
8/5R2/4p2p/3p4/6PP/4kP2/r7/3K4,0,-1
8/5R2/4p2p/8/3p2PP/4kP2/r7/3K4,1,-1
8/3R4/4p2p/8/3p2PP/4kP2/r7/3K4,0,-1
8/3R4/4p2p/8/6PP/3pkP2/r7/3K4,1,-1
8/3R4/4p2p/8/6PP/3pkP2/r7/2K5,0,-1
8/3R4/4p2p/8/6PP/4kP2/r2p4/2K5,1,-1
8/3R4/4p2p/8/6PP/4kP2/r2p4/1K6,0,-1
8/3R4/4p2p/r7/6PP/4kP2/3p4/1K6,1,-1
r3kb1r/1q3ppp/p2Bp1n1/npp5/4P3/NBP2Q1P/PP3PP1/R2R2K1,1,1
r3kB1r/1q3ppp/p3p1n1/npp5/4P3/NBP2Q1P/PP3PP1/R2R2K1,0,1
r3kn1r/1q3ppp/p3p3/npp5/4P3/NBP2Q1P/PP3PP1/R2R2K1,1,1
r3kn1r/1q3ppp/p3p3/npp5/4P3/NBP3QP/PP3PP1/R2R2K1,0,1
r3k2r/1q3ppp/p3p1n1/npp5/4P3/NBP3QP/PP3PP1/R2R2K1,1,1
r3k2r/1q3ppp/p3p1n1/npp5/4P2P/NBP3Q1/PP3PP1/R2R2K1,0,1
r3k2r/5ppp/p3p1n1/npp5/4q2P/NBP3Q1/PP3PP1/R2R2K1,1,1
r3k2r/5ppp/p3p1n1/nppB4/4q2P/N1P3Q1/PP3PP1/R2R2K1,0,1
r3k2r/5ppp/p5n1/nppp4/4q2P/N1P3Q1/PP3PP1/R2R2K1,1,1
r3k2r/5ppp/p5n1/nppp4/4q2P/N1P3Q1/PP3PP1/R3R1K1,0,1
r4rk1/5ppp/p5n1/nppp4/4q2P/N1P3Q1/PP3PP1/R3R1K1,1,1
r4rk1/5ppp/p5n1/nppp4/4R2P/N1P3Q1/PP3PP1/R5K1,0,1
r4rk1/5ppp/p5n1/npp5/4p2P/N1P3Q1/PP3PP1/R5K1,1,1
r4rk1/5ppp/p5n1/npp4P/4p3/N1P3Q1/PP3PP1/R5K1,0,1
r4rk1/4nppp/p7/npp4P/4p3/N1P3Q1/PP3PP1/R5K1,1,1
r4rk1/4nppp/p6P/npp5/4p3/N1P3Q1/PP3PP1/R5K1,0,1
r4rk1/4np1p/p5pP/npp5/4p3/N1P3Q1/PP3PP1/R5K1,1,1
r4rk1/4np1p/p5pP/npp3Q1/4p3/N1P5/PP3PP1/R5K1,0,1
r4rk1/4np1p/p1n3pP/1pp3Q1/4p3/N1P5/PP3PP1/R5K1,1,1
r4rk1/4np1p/p1n2QpP/1pp5/4p3/N1P5/PP3PP1/R5K1,0,1
3q1bk1/5r2/pp1p1p2/3Q1Pp1/3P1p2/2r5/PP1B2PP/4R2K,1,1
3q1bk1/5r2/pp1p1p2/3Q1Pp1/3P1p2/2P5/P2B2PP/4R2K,0,1
3q1b2/5rk1/pp1p1p2/3Q1Pp1/3P1p2/2P5/P2B2PP/4R2K,1,1
3q1b2/5rk1/pp1pRp2/3Q1Pp1/3P1p2/2P5/P2B2PP/7K,0,1
2q2b2/5rk1/pp1pRp2/3Q1Pp1/3P1p2/2P5/P2B2PP/7K,1,1
2q2b2/5rk1/pp1pRp2/3Q1Pp1/3P1p1P/2P5/P2B2P1/7K,0,1
2q2b2/5rk1/pp1pRp2/3Q1P2/3P1p1p/2P5/P2B2P1/7K,1,1
2q2b2/5rk1/pp1pRp2/5P2/3P1p1p/2P2Q2/P2B2P1/7K,0,1
5b2/5rk1/pp1pRp2/5P2/2qP1p1p/2P2Q2/P2B2P1/7K,1,1
5b2/5rk1/pp1pRp2/5P2/2qP1B1p/2P2Q2/P5P1/7K,0,1
5bk1/5r2/pp1pRp2/5P2/2qP1B1p/2P2Q2/P5P1/7K,1,1
4Rbk1/5r2/pp1p1p2/5P2/2qP1B1p/2P2Q2/P5P1/7K,0,1
4Rbk1/5r2/pp1p1p2/1q3P2/3P1B1p/2P2Q2/P5P1/7K,1,1
4Rbk1/5r2/pp1p1p2/1q3P2/3P1BQp/2P5/P5P1/7K,0,1
4Rbk1/6r1/pp1p1p2/1q3P2/3P1BQp/2P5/P5P1/7K,1,1
5Rk1/6r1/pp1p1p2/1q3P2/3P1BQp/2P5/P5P1/7K,0,1
5k2/6r1/pp1p1p2/1q3P2/3P1BQp/2P5/P5P1/7K,1,1
5k2/6r1/pp1p1p1B/1q3P2/3P2Qp/2P5/P5P1/7K,0,1
5k2/3q2r1/pp1p1p1B/5P2/3P2Qp/2P5/P5P1/7K,1,1
5k2/3q2r1/pp1p1p1B/5P2/3P2Qp/2P5/P5PK/8,0,1
3QN3/5p2/5P2/8/p5Pb/2Pk4/KP6/4q3,0,0
3QN3/5p2/5P2/8/p5Pb/2P5/KPk5/4q3,1,0
4N3/4Qp2/5P2/8/p5Pb/2P5/KPk5/4q3,0,0
4N3/4Qp2/5P2/8/p5Pb/2P5/KPk5/1q6,1,0
4N3/4Qp2/5P2/8/p5Pb/K1P5/1Pk5/1q6,0,0
4N3/4Qp2/5P2/8/p5Pb/K1P5/1qk5/8,1,0
4N3/4Qp2/5P2/8/K5Pb/2P5/1qk5/8,0,0
4N3/4Qp2/5P2/8/K5Pb/1qP5/2k5/8,1,0
4N3/4Qp2/5P2/K7/6Pb/1qP5/2k5/8,0,0
4N3/4Qp2/5P2/K7/6Pb/2q5/2k5/8,1,0
4N3/4Qp2/1K3P2/8/6Pb/2q5/2k5/8,0,0
4N3/4Qp2/1K3P2/8/3q2Pb/8/2k5/8,1,0
4N3/4Qp2/2K2P2/8/3q2Pb/8/2k5/8,0,0
4N3/4Qp2/2K2P2/8/6qb/8/2k5/8,1,0
4N3/5Q2/2K2P2/8/6qb/8/2k5/8,0,0
4N3/5Q2/2K2P2/8/q6b/8/2k5/8,1,0
4N3/1K3Q2/5P2/8/q6b/8/2k5/8,0,0
4N3/1K3Q2/5P2/1q6/7b/8/2k5/8,1,0
2K1N3/5Q2/5P2/1q6/7b/8/2k5/8,0,0
2K1N3/5Q2/2q2P2/8/7b/8/2k5/8,1,0
3r2k1/p4p2/3Pp2p/2p5/P1P5/2b2B2/6P1/3R3K,0,0
3r2k1/p4p2/3Pp2p/2p1b3/P1P5/5B2/6P1/3R3K,1,0
3r2k1/p2P1p2/4p2p/2p1b3/P1P5/5B2/6P1/3R3K,0,0
3r1k2/p2P1p2/4p2p/2p1b3/P1P5/5B2/6P1/3R3K,1,0
3r1k2/p2P1p2/4p2p/2p1b2B/P1P5/8/6P1/3R3K,0,0
3r4/p2Pkp2/4p2p/2p1b2B/P1P5/8/6P1/3R3K,1,0
3r4/p2Pkp2/4p2p/2p1b2B/P1P5/8/6P1/5R1K,0,0
3r4/p2Pkp2/4pb1p/2p4B/P1P5/8/6P1/5R1K,1,0
3r4/p2Pkp2/4pb1p/2p4B/P1P5/8/6P1/3R3K,0,0
3r4/3Pkp2/4pb1p/p1p4B/P1P5/8/6P1/3R3K,1,0
3r4/3Pkp2/4pb1p/p1p4B/P1P5/6P1/8/3R3K,0,0
3r4/3Pkp2/4p2p/p1p1b2B/P1P5/6P1/8/3R3K,1,0
3r4/3Pkp2/4p2p/p1p1b2B/P1P5/6P1/6K1/3R4,0,0
3r4/3Pkp2/4p2p/p1p4B/P1Pb4/6P1/6K1/3R4,1,0
3r4/3Pkp2/4p2p/p1p4B/P1Pb4/6P1/6K1/5R2,0,0
3r4/3Pkp2/4pb1p/p1p4B/P1P5/6P1/6K1/5R2,1,0
3r4/3Pkp2/4pb1p/p1p4B/P1P5/6P1/6K1/3R4,0,0
3r4/3Pkp2/4p2p/p1p4B/P1Pb4/6P1/6K1/3R4,1,0
3r4/3Pkp2/4p2p/p1p4B/P1Pb4/6P1/6K1/5R2,0,0
3r4/3Pkp2/4pb1p/p1p4B/P1P5/6P1/6K1/5R2,1,0
r1bq1rk1/pp2ppbp/2n3p1/3n4/3N4/2N1BP2/PPPQ2PP/2KR1B1R,1,-1
r1bq1rk1/pp2ppbp/2N3p1/3n4/8/2N1BP2/PPPQ2PP/2KR1B1R,0,-1
r1bq1rk1/p3ppbp/2p3p1/3n4/8/2N1BP2/PPPQ2PP/2KR1B1R,1,-1
r1bq1rk1/p3ppbp/2p3p1/3n4/3B4/2N2P2/PPPQ2PP/2KR1B1R,0,-1
r1bq1rk1/p4pbp/2p3p1/3np3/3B4/2N2P2/PPPQ2PP/2KR1B1R,1,-1
r1bq1rk1/p4pbp/2p3p1/2Bnp3/8/2N2P2/PPPQ2PP/2KR1B1R,0,-1
r2q1rk1/p4pbp/2p1b1p1/2Bnp3/8/2N2P2/PPPQ2PP/2KR1B1R,1,-1
r2q1rk1/p4pbp/2p1b1p1/2Bnp3/4N3/5P2/PPPQ2PP/2KR1B1R,0,-1
1r1q1rk1/p4pbp/2p1b1p1/2Bnp3/4N3/5P2/PPPQ2PP/2KR1B1R,1,-1
1r1q1rk1/p4pbp/2p1b1p1/2Bnp3/4N2P/5P2/PPPQ2P1/2KR1B1R,0,-1
1r3rk1/p1q2pbp/2p1b1p1/2Bnp3/4N2P/5P2/PPPQ2P1/2KR1B1R,1,-1
1r3rk1/p1q2pbp/2p1b1p1/2Bnp1N1/7P/5P2/PPPQ2P1/2KR1B1R,0,-1
1r3rk1/p1q2pbp/2p1b1p1/2Bn2N1/4p2P/5P2/PPPQ2P1/2KR1B1R,1,-1
1r3rk1/p1q2pbp/2p1b1p1/2Bn2N1/4p2P/2P2P2/PP1Q2P1/2KR1B1R,0,-1
1r3rk1/p4pbp/2p1b1p1/q1Bn2N1/4p2P/2P2P2/PP1Q2P1/2KR1B1R,1,-1
1r3Bk1/p4pbp/2p1b1p1/q2n2N1/4p2P/2P2P2/PP1Q2P1/2KR1B1R,0,-1
1r3Bk1/p4pbp/2p1b1p1/3n2N1/4p2P/2P2P2/qP1Q2P1/2KR1B1R,1,-1
1r4k1/p4pbp/2p1b1p1/3n2N1/4p2P/B1P2P2/qP1Q2P1/2KR1B1R,0,-1
1r4k1/p4pbp/2p1b1p1/3n2N1/4p2P/B1P2P2/1P1Q2P1/q1KR1B1R,1,-1
1r4k1/p4pbp/2p1b1p1/3n2N1/4p2P/B1P2P2/1PKQ2P1/q2R1B1R,0,-1
2r1r1k1/1p5p/1q1p1bp1/1N1P1p2/pPP2P2/Pn4P1/Q3BRKP/3R4,1,0
2r1r1k1/1p5p/1q1p1bp1/1N1P1p2/pPP2P2/Pn4P1/4BRKP/1Q1R4,0,0
2r3k1/1p5p/1q1p1bp1/1N1P1p2/pPP2P2/Pn2r1P1/4BRKP/1Q1R4,1,0
2r3k1/1p5p/1q1p1bp1/1N1P1p2/pPP2P2/Pn1Rr1P1/4BRKP/1Q6,0,0
4r1k1/1p5p/1q1p1bp1/1N1P1p2/pPP2P2/Pn1Rr1P1/4BRKP/1Q6,1,0
4r1k1/1p5p/1q1p1bp1/1N1P1p2/pPP2P2/Pn2R1P1/4BRKP/1Q6,0,0
6k1/1p5p/1q1p1bp1/1N1P1p2/pPP2P2/Pn2r1P1/4BRKP/1Q6,1,0
6k1/1p5p/1q1p1bp1/1N1P1p2/pPP2P2/Pn2r1P1/4BRKP/3Q4,0,0
8/1p4kp/1q1p1bp1/1N1P1p2/pPP2P2/Pn2r1P1/4BRKP/3Q4,1,0
8/1p4kp/1q1p1bp1/1N1P1p2/pPP2P2/Pn2rBP1/5RKP/3Q4,0,0
8/1p4kp/1q1p1bp1/1N1P1p2/pPPn1P2/P3rBP1/5RKP/3Q4,1,0
8/1p4kp/1q1p1bp1/1N1P1p2/QPPn1P2/P3rBP1/5RKP/8,0,0
8/1p4kp/1q1p1bp1/1n1P1p2/QPP2P2/P3rBP1/5RKP/8,1,0
8/1p4kp/1q1p1bp1/1Q1P1p2/1PP2P2/P3rBP1/5RKP/8,0,0
8/1p4kp/3p1bp1/1q1P1p2/1PP2P2/P3rBP1/5RKP/8,1,0
8/1p4kp/3p1bp1/1P1P1p2/1P3P2/P3rBP1/5RKP/8,0,0
8/1p4kp/3p1bp1/1P1P1p2/1P3P2/r4BP1/5RKP/8,1,0
8/1p4kp/3p1bp1/1P1P1p2/1P3P2/r4BP1/2R3KP/8,0,0
8/1p4kp/3p1bp1/1P1P1p2/1P3P2/2r2BP1/2R3KP/8,1,0
8/1p4kp/3p1bp1/1P1P1p2/1P3P2/2R2BP1/6KP/8,0,0
8/1b3prk/p3p2p/1p2P2q/5Q2/P2P4/1P3RPP/4R1K1,1,1
8/1b3prk/p3p2p/1p2P2q/8/P2P4/1P1Q1RPP/4R1K1,0,1
8/1b3p1k/p3p2p/1p2P1rq/8/P2P4/1P1Q1RPP/4R1K1,1,1
8/1b3p1k/p3p2p/1p2P1rq/8/P2PR3/1P1Q1RPP/6K1,0,1
8/5p1k/p3p2p/1p1bP1rq/8/P2PR3/1P1Q1RPP/6K1,1,1
8/5p1k/p3p2p/1p1bP1rq/8/P2P2R1/1P1Q1RPP/6K1,0,1
8/5p1k/p3p2p/1p1br2q/8/P2P2R1/1P1Q1RPP/6K1,1,1
8/5p1k/p3p2p/1p1br2q/8/P2P3R/1P1Q1RPP/6K1,0,1
8/5p1k/p3p2p/1p1br1q1/8/P2P3R/1P1Q1RPP/6K1,1,1
8/5p1k/p3p2p/1p1br1Q1/8/P2P3R/1P3RPP/6K1,0,1
8/5p1k/p3p2p/1p1b2r1/8/P2P3R/1P3RPP/6K1,1,1
8/5R1k/p3p2p/1p1b2r1/8/P2P3R/1P4PP/6K1,0,1
8/5R2/p3p1kp/1p1b2r1/8/P2P3R/1P4PP/6K1,1,1
8/8/p3p1kp/1p1b2r1/8/P2P3R/1P3RPP/6K1,0,1
8/8/p3p1kp/1p1br3/8/P2P3R/1P3RPP/6K1,1,1
8/8/p3p1kp/1p1br3/8/P2P2R1/1P3RPP/6K1,0,1
8/7k/p3p2p/1p1br3/8/P2P2R1/1P3RPP/6K1,1,1
8/5R1k/p3p2p/1p1br3/8/P2P2R1/1P4PP/6K1,0,1
7k/5R2/p3p2p/1p1br3/8/P2P2R1/1P4PP/6K1,1,1
7k/5R2/p3p2p/1p1br3/8/P2P2R1/1P3KPP/8,0,1
6k1/4b1pp/p2p4/3Pp3/bq2Nr2/2RB1N1P/6PK/Q7,1,1
6k1/4b1pp/p2p4/3Pp3/bqR1Nr2/3B1N1P/6PK/Q7,0,1
6k1/4b1pp/p2p4/3Pp3/b1R1Nr2/1q1B1N1P/6PK/Q7,1,1
2R3k1/4b1pp/p2p4/3Pp3/b3Nr2/1q1B1N1P/6PK/Q7,0,1
2R2bk1/6pp/p2p4/3Pp3/b3Nr2/1q1B1N1P/6PK/Q7,1,1
2R2bk1/6pp/p2p4/3Pp3/b3Nr2/1q3N1P/2B3PK/Q7,0,1
2R2bk1/1q4pp/p2p4/3Pp3/b3Nr2/5N1P/2B3PK/Q7,1,1
5Rk1/1q4pp/p2p4/3Pp3/b3Nr2/5N1P/2B3PK/Q7,0,1
5rk1/1q4pp/p2p4/3Pp3/b3N3/5N1P/2B3PK/Q7,1,1
5rk1/1q4pp/p2p4/3Pp3/Q3N3/5N1P/2B3PK/8,0,1
5r1k/1q4pp/p2p4/3Pp3/Q3N3/5N1P/2B3PK/8,1,1
5r1k/1q4pp/p1Qp4/3Pp3/4N3/5N1P/2B3PK/8,0,1
5r1k/5qpp/p1Qp4/3Pp3/4N3/5N1P/2B3PK/8,1,1
5r1k/5qpp/p2Q4/3Pp3/4N3/5N1P/2B3PK/8,0,1
5r1k/6pp/p2Q4/3Pp3/4Nq2/5N1P/2B3PK/8,1,1
5r1k/6pp/p2Q4/3Pp3/5q2/5NNP/2B3PK/8,0,1
2r4k/6pp/p2Q4/3Pp3/5q2/5NNP/2B3PK/8,1,1
2r4k/6pp/p2Q4/3PN3/5q2/6NP/2B3PK/8,0,1
4r2k/6pp/p2Q4/3PN3/5q2/6NP/2B3PK/8,1,1
4r2k/6pp/p2Q2N1/3P4/5q2/6NP/2B3PK/8,0,1
8/2kr3p/P1bb4/4p2R/2P2p2/5P2/3KBB2/8,1,1
8/2kr3p/P1bb4/4p2R/2P2p2/2K2P2/4BB2/8,0,1
8/2kr3p/P1bb4/7R/2P1pp2/2K2P2/4BB2/8,1,1
8/2kr3p/P1bb4/7R/2P1Pp2/2K5/4BB2/8,0,1
8/2kr3p/P2b4/7R/2P1bp2/2K5/4BB2/8,1,1
8/P1kr3p/3b4/7R/2P1bp2/2K5/4BB2/8,0,1
8/P1kr3p/3b4/7R/2P1b3/2K2p2/4BB2/8,1,1
8/P1kr3p/3b4/7R/2P1b3/2KB1p2/5B2/8,0,1
8/P1kr3p/2bb4/7R/2P5/2KB1p2/5B2/8,1,1
8/P1kr3p/2bb3R/8/2P5/2KB1p2/5B2/8,0,1
8/Pk1r3p/2bb3R/8/2P5/2KB1p2/5B2/8,1,1
8/Pk1r3p/2bb3R/5B2/2P5/2K2p2/5B2/8,0,1
8/Pk1r3p/2b4R/4bB2/2P5/2K2p2/5B2/8,1,1
8/Pk1r3p/2b4R/4bB2/1KP5/5p2/5B2/8,0,1
3r4/Pk5p/2b4R/4bB2/1KP5/5p2/5B2/8,1,1
3r4/Pk5p/2R5/4bB2/1KP5/5p2/5B2/8,0,1
3r4/P6p/2k5/4bB2/1KP5/5p2/5B2/8,1,1
3r4/P6p/2k5/4b3/1KP1B3/5p2/5B2/8,0,1
3r4/P6p/3k4/4b3/1KP1B3/5p2/5B2/8,1,1
Q2r4/7p/3k4/4b3/1KP1B3/5p2/5B2/8,0,1
7k/5p2/1b2bPpP/1r6/2p1P3/Q4BP1/8/5K2,0,1
7k/5p2/4bPpP/1rb5/2p1P3/Q4BP1/8/5K2,1,1
7k/5p2/4bPpP/1rb5/Q1p1P3/5BP1/8/5K2,0,1
7k/5p2/4bPpP/2b5/Q1p1P3/5BP1/1r6/5K2,1,1
7k/5p2/4bPpP/2b5/Q1p1P1B1/6P1/1r6/5K2,0,1
7k/5p2/5PpP/2b5/Q1p1P1b1/6P1/1r6/5K2,1,1
4Q2k/5p2/5PpP/2b5/2p1P1b1/6P1/1r6/5K2,0,1
4Q3/5p1k/5PpP/2b5/2p1P1b1/6P1/1r6/5K2,1,1
8/5Q1k/5PpP/2b5/2p1P1b1/6P1/1r6/5K2,0,1
8/5Q2/5Ppk/2b5/2p1P1b1/6P1/1r6/5K2,1,1
8/6Q1/5Ppk/2b5/2p1P1b1/6P1/1r6/5K2,0,1
8/6Q1/5Pp1/2b3k1/2p1P1b1/6P1/1r6/5K2,1,1
8/5PQ1/6p1/2b3k1/2p1P1b1/6P1/1r6/5K2,0,1
8/5PQ1/6p1/2b3k1/2p1P1b1/6P1/5r2/5K2,1,1
8/5PQ1/6p1/2b3k1/2p1P1b1/6P1/5r2/4K3,0,1
8/5PQ1/6p1/2b3k1/2p1P1b1/6P1/4r3/4K3,1,1
8/5PQ1/6p1/2b3k1/2p1P1b1/6P1/4r3/5K2,0,1
8/5PQ1/6p1/2b3k1/2p1r1b1/6P1/8/5K2,1,1
5Q2/6Q1/6p1/2b3k1/2p1r1b1/6P1/8/5K2,0,1
5Q2/6Q1/6p1/2b3k1/2p1r3/6Pb/8/5K2,1,1
3rk2r/R3R1pp/3q4/4p1P1/3pb3/8/Q2BB2P/6K1,0,1
3rk2r/R3q1pp/8/4p1P1/3pb3/8/Q2BB2P/6K1,1,1
3rk2r/4R1pp/8/4p1P1/3pb3/8/Q2BB2P/6K1,0,1
3r3r/4k1pp/8/4p1P1/3pb3/8/Q2BB2P/6K1,1,1
3r3r/4k1pp/8/4p1P1/1B1pb3/8/Q3B2P/6K1,0,1
3r3r/3k2pp/8/4p1P1/1B1pb3/8/Q3B2P/6K1,1,1
3r3r/3k2pp/8/1B2p1P1/1B1pb3/8/Q6P/6K1,0,1
2kr3r/6pp/8/1B2p1P1/1B1pb3/8/Q6P/6K1,1,1
2kr3r/6pp/4Q3/1B2p1P1/1B1pb3/8/7P/6K1,0,1
3r3r/1k4pp/4Q3/1B2p1P1/1B1pb3/8/7P/6K1,1,1
3r3r/1k2Q1pp/8/1B2p1P1/1B1pb3/8/7P/6K1,0,1
3r3r/4Q1pp/1k6/1B2p1P1/1B1pb3/8/7P/6K1,1,1
3r3r/6pp/1k6/1BQ1p1P1/1B1pb3/8/7P/6K1,0,1
3r3r/1k4pp/8/1BQ1p1P1/1B1pb3/8/7P/6K1,1,1
3r3r/1k4pp/8/BBQ1p1P1/3pb3/8/7P/6K1,0,1
2r4r/1k4pp/8/BBQ1p1P1/3pb3/8/7P/6K1,1,1
2r4r/1k4pp/B7/B1Q1p1P1/3pb3/8/7P/6K1,0,1
k1r4r/6pp/B7/B1Q1p1P1/3pb3/8/7P/6K1,1,1
k1B4r/6pp/8/B1Q1p1P1/3pb3/8/7P/6K1,0,1
k1r5/6pp/8/B1Q1p1P1/3pb3/8/7P/6K1,1,1
8/5p1k/7p/R3Q3/2qr4/p7/6PP/6NK,1,1
8/5p1k/7p/4Q3/2qr4/R7/6PP/6NK,0,1
8/5p1k/7p/4Q3/2q5/R7/6PP/3r2NK,1,1
8/5p1k/7p/5Q2/2q5/R7/6PP/3r2NK,0,1
7k/5p2/7p/5Q2/2q5/R7/6PP/3r2NK,1,1
R6k/5p2/7p/5Q2/2q5/8/6PP/3r2NK,0,1
R7/5pk1/7p/5Q2/2q5/8/6PP/3r2NK,1,1
R7/5pk1/7p/4Q3/2q5/8/6PP/3r2NK,0,1
R7/5p1k/7p/4Q3/2q5/8/6PP/3r2NK,1,1
7R/5p1k/7p/4Q3/2q5/8/6PP/3r2NK,0,1
7R/5p2/6kp/4Q3/2q5/8/6PP/3r2NK,1,1
7R/5p2/6kp/8/2q5/6Q1/6PP/3r2NK,0,1
7R/5p2/5k1p/8/2q5/6Q1/6PP/3r2NK,1,1
8/5p2/5k1R/8/2q5/6Q1/6PP/3r2NK,0,1
8/4kp2/7R/8/2q5/6Q1/6PP/3r2NK,1,1
8/4kp2/7R/8/2q5/4Q3/6PP/3r2NK,0,1
5k2/5p2/7R/8/2q5/4Q3/6PP/3r2NK,1,1
5k1R/5p2/8/8/2q5/4Q3/6PP/3r2NK,0,1
7R/5pk1/8/8/2q5/4Q3/6PP/3r2NK,1,1
7R/5pk1/7Q/8/2q5/8/6PP/3r2NK,0,1
8/kp4R1/p6p/5K2/P3N3/1P1r4/8/2b5,1,0
8/kR6/p6p/5K2/P3N3/1P1r4/8/2b5,0,0
8/1k6/p6p/5K2/P3N3/1P1r4/8/2b5,1,0
8/1k6/p6p/2N2K2/P7/1P1r4/8/2b5,0,0
8/8/p1k4p/2N2K2/P7/1P1r4/8/2b5,1,0
8/8/p1k4p/5K2/P7/1P1N4/8/2b5,0,0
8/8/p1k4p/5K2/P7/1P1N4/3b4/8,1,0
8/8/p1k4p/5K2/PP6/3N4/3b4/8,0,0
8/8/p6p/3k1K2/PP6/3N4/3b4/8,1,0
8/8/p6p/2Nk1K2/PP6/8/3b4/8,0,0
8/8/7p/p1Nk1K2/PP6/8/3b4/8,1,0
8/8/7p/P1Nk1K2/P7/8/3b4/8,0,0
8/8/7p/P1k2K2/P7/8/3b4/8,1,0
8/8/7p/P1k5/P5K1/8/3b4/8,0,0
8/8/7p/b1k5/P5K1/8/8/8,1,0
8/8/7p/b1k5/P7/7K/8/8,0,0
8/8/7p/b7/Pk6/7K/8/8,1,0
8/8/7p/b7/Pk6/8/6K1/8,0,0
8/8/7p/b7/k7/8/6K1/8,1,0
8/8/7p/b7/k7/8/8/7K,0,0
6k1/R4p1p/4p1p1/3n4/8/1B3P2/1rP1rKPP/8,1,0
6k1/R4p1p/4p1p1/3n4/8/1B3P2/1rP1K1PP/8,0,0
6k1/R4p1p/4p1p1/8/5n2/1B3P2/1rP1K1PP/8,1,0
6k1/R4p1p/4p1p1/8/5n2/1B3P2/1rP2KPP/8,0,0
6k1/R4p1p/4p1p1/8/8/1B1n1P2/1rP2KPP/8,1,0
6k1/R4p1p/4p1p1/8/8/1B1nKP2/1rP3PP/8,0,0
6k1/R4p1p/4p1p1/2n5/8/1B2KP2/1rP3PP/8,1,0
6k1/R4p1p/4p1p1/2n5/3K4/1B3P2/1rP3PP/8,0,0
6k1/R4p1p/4p1p1/8/3K4/1n3P2/1rP3PP/8,1,0
6k1/R4p1p/4p1p1/8/8/1nK2P2/1rP3PP/8,0,0
6k1/R4p1p/4p1p1/8/8/1nK2P2/2P3PP/1r6,1,0
6k1/R4p1p/4p1p1/8/8/1PK2P2/6PP/1r6,0,0
6k1/R4p1p/4p1p1/8/8/1PK2P2/6PP/2r5,1,0
6k1/R4p1p/4p1p1/8/8/1P1K1P2/6PP/2r5,0,0
6k1/R4p1p/4p1p1/8/8/1P1K1P2/6PP/3r4,1,0
6k1/R4p1p/4p1p1/8/8/1PK2P2/6PP/3r4,0,0
6k1/R4p1p/4p1p1/8/8/1PK2P2/6PP/2r5,1,0
6k1/R4p1p/4p1p1/8/8/1P1K1P2/6PP/2r5,0,0
6k1/R4p1p/4p1p1/8/8/1P1K1P2/6PP/3r4,1,0
6k1/R4p1p/4p1p1/8/8/1PK2P2/6PP/3r4,0,0
2R5/8/2k4r/1p6/1P6/2P1K3/8/8,0,0
2R5/8/1k5r/1p6/1P6/2P1K3/8/8,1,0
5R2/8/1k5r/1p6/1P6/2P1K3/8/8,0,0
5R2/8/2k4r/1p6/1P6/2P1K3/8/8,1,0
8/8/2k4r/1p3R2/1P6/2P1K3/8/8,0,0
8/8/2k1r3/1p3R2/1P6/2P1K3/8/8,1,0
8/8/2k1r3/1p3R2/1P1K4/2P5/8/8,0,0
8/8/2kr4/1p3R2/1P1K4/2P5/8/8,1,0
8/8/2kr4/1p3R2/1P2K3/2P5/8/8,0,0
8/8/2k5/1p3R2/1P2K3/2P5/8/3r4,1,0
8/8/2k2R2/1p6/1P2K3/2P5/8/3r4,0,0
8/1k6/5R2/1p6/1P2K3/2P5/8/3r4,1,0
8/1k6/8/1p3R2/1P2K3/2P5/8/3r4,0,0
8/8/2k5/1p3R2/1P2K3/2P5/8/3r4,1,0
8/8/2k5/1pR5/1P2K3/2P5/8/3r4,0,0
8/8/1k6/1pR5/1P2K3/2P5/8/3r4,1,0
8/8/1k6/1pR1K3/1P6/2P5/8/3r4,0,0
8/8/1k6/1pR1K3/1P6/2Pr4/8/8,1,0
8/8/1k6/1pR5/1P2K3/2Pr4/8/8,0,0
8/8/1k6/1pR5/1P2K3/2P4r/8/8,1,0
8/6pk/p5p1/2p1p3/PPQ5/5P2/5K1P/3q4,1,0
8/6pk/p5p1/2P1p3/P1Q5/5P2/5K1P/3q4,0,0
8/6pk/p5p1/2P1p3/P1Q5/5P2/3q1K1P/8,1,0
8/6pk/p5p1/2P1p3/P1Q5/5PK1/3q3P/8,0,0
8/6pk/p5p1/2P1p1q1/P1Q5/5PK1/7P/8,1,0
8/6pk/p5p1/2P1p1q1/P5Q1/5PK1/7P/8,0,0
8/6pk/p5p1/2P1p3/P5Q1/5PK1/7P/2q5,1,0
8/6pk/p5p1/2P1p3/P6Q/5PK1/7P/2q5,0,0
6k1/6p1/p5p1/2P1p3/P6Q/5PK1/7P/2q5,1,0
6k1/4Q1p1/p5p1/2P1p3/P7/5PK1/7P/2q5,0,0
6k1/4Q1p1/p5p1/2P1p3/P7/5PK1/7P/6q1,1,0
6k1/4Q1p1/p5p1/2P1p3/P7/5P1K/7P/6q1,0,0
6k1/4Q1p1/p5p1/2P1p3/P7/5P1K/7P/5q2,1,0
6k1/4Q1p1/p5p1/2P1p3/P7/5PK1/7P/5q2,0,0
6k1/4Q1p1/p5p1/2P1p3/P7/5PK1/7P/6q1,1,0
6k1/4Q1p1/p5p1/2P1p3/P7/5P1K/7P/6q1,0,0
6k1/4Q1p1/p5p1/2P1p3/P7/5P1K/7P/5q2,1,0
6k1/4Q1p1/p5p1/2P1p3/P7/5PK1/7P/5q2,0,0
6k1/4Q1p1/p5p1/2P1p3/P7/5PK1/7P/6q1,1,0
6k1/4Q1p1/p5p1/2P1p3/P7/5P1K/7P/6q1,0,0
8/2KB4/k7/7r/1R6/8/8/8,1,1
8/2KB4/k7/7r/R7/8/8/8,0,1
8/2KB4/k7/r7/R7/8/8/8,1,1
8/2KB4/k7/r7/6R1/8/8/8,0,1
8/2KB4/k7/7r/6R1/8/8/8,1,1
4B3/2K5/k7/7r/6R1/8/8/8,0,1
4B3/2K4r/k7/8/6R1/8/8/8,1,1
4B3/7r/k1K5/8/6R1/8/8/8,0,1
4B3/8/k1K4r/8/6R1/8/8/8,1,1
8/8/k1K3Br/8/6R1/8/8/8,0,1
8/8/2K3Br/k7/6R1/8/8/8,1,1
8/8/6Br/k1K5/6R1/8/8/8,0,1
8/8/6B1/k1K5/6R1/7r/8/8,1,1
8/5B2/8/k1K5/6R1/7r/8/8,0,1
8/5B2/k7/2K5/6R1/7r/8/8,1,1
8/5B2/k7/2K5/R7/7r/8/8,0,1
8/1k3B2/8/2K5/R7/7r/8/8,1,1
8/1k6/8/2KB4/R7/7r/8/8,0,1
1k6/8/8/2KB4/R7/7r/8/8,1,1
1k6/8/1K6/3B4/R7/7r/8/8,0,1
2r3k1/4pr1p/p3q1pB/1ppb4/3Q4/7P/PP4P1/2RR2K1,1,1
2r3k1/4pr1p/p3q1pB/1ppQ4/8/7P/PP4P1/2RR2K1,0,1
2r3k1/4pr1p/p5pB/1ppq4/8/7P/PP4P1/2RR2K1,1,1
2r3k1/4pr1p/p5pB/1ppR4/8/7P/PP4P1/2R3K1,0,1
2r3k1/4pr1p/p5pB/1p1R4/2p5/7P/PP4P1/2R3K1,1,1
2r3k1/3Rpr1p/p5pB/1p6/2p5/7P/PP4P1/2R3K1,0,1
2r3k1/3R1r1p/p5pB/1p2p3/2p5/7P/PP4P1/2R3K1,1,1
2r3k1/3R1r1p/p5pB/1p2p3/2p5/7P/PP4P1/3R2K1,0,1
4r1k1/3R1r1p/p5pB/1p2p3/2p5/7P/PP4P1/3R2K1,1,1
3Rr1k1/5r1p/p5pB/1p2p3/2p5/7P/PP4P1/3R2K1,0,1
3Rr1k1/4r2p/p5pB/1p2p3/2p5/7P/PP4P1/3R2K1,1,1
4R1k1/4r2p/p5pB/1p2p3/2p5/7P/PP4P1/3R2K1,0,1
4r1k1/7p/p5pB/1p2p3/2p5/7P/PP4P1/3R2K1,1,1
4r1k1/3R3p/p5pB/1p2p3/2p5/7P/PP4P1/6K1,0,1
2r3k1/3R3p/p5pB/1p2p3/2p5/7P/PP4P1/6K1,1,1
2r3k1/3R3p/p5p1/1p2p3/2p5/7P/PP1B2P1/6K1,0,1
2r3k1/3R3p/6p1/pp2p3/2p5/7P/PP1B2P1/6K1,1,1
2r3k1/3R3p/6p1/Bp2p3/2p5/7P/PP4P1/6K1,0,1
r5k1/3R3p/6p1/Bp2p3/2p5/7P/PP4P1/6K1,1,1
r2R2k1/7p/6p1/Bp2p3/2p5/7P/PP4P1/6K1,0,1
1r4r1/4kp1p/R3p3/6p1/8/1PP3P1/4KP1P/2R5,0,-1
6r1/4kp1p/R3p3/6p1/8/1rP3P1/4KP1P/2R5,1,-1
6r1/4kp1p/R3p3/6p1/8/1rP3P1/2R1KP1P/8,0,-1
2r5/4kp1p/R3p3/6p1/8/1rP3P1/2R1KP1P/8,1,-1
2r5/4kp1p/R3p3/6p1/2P5/1r4P1/2R1KP1P/8,0,-1
8/4kp1p/R3p3/2r3p1/2P5/1r4P1/2R1KP1P/8,1,-1
R7/4kp1p/4p3/2r3p1/2P5/1r4P1/2R1KP1P/8,0,-1
R7/4kp1p/4p3/2r5/2P3p1/1r4P1/2R1KP1P/8,1,-1
6R1/4kp1p/4p3/2r5/2P3p1/1r4P1/2R1KP1P/8,0,-1
6R1/4kp2/4p3/2r4p/2P3p1/1r4P1/2R1KP1P/8,1,-1
6R1/4kp2/4p3/2r4p/2P3p1/1r4P1/2R2P1P/5K2,0,-1
6R1/4kp2/4p3/4r2p/2P3p1/1r4P1/2R2P1P/5K2,1,-1
6R1/4kp2/4p3/2P1r2p/6p1/1r4P1/2R2P1P/5K2,0,-1
6R1/4kp2/4p3/2P1r2p/6p1/6P1/2R2P1P/1r3K2,1,-1
6R1/4kp2/4p3/2P1r2p/6p1/6P1/2R2PKP/1r6,0,-1
6R1/4kp2/4p3/2P4p/6p1/6P1/2R2PKP/1r2r3,1,-1
6R1/4kp2/4p3/2P4p/5Pp1/6P1/2R3KP/1r2r3,0,-1
6R1/4kp2/4p3/2P4p/5Pp1/6P1/2R3KP/1r5r,1,-1
6R1/4kp2/4p3/2P4p/5Pp1/6P1/2R2K1P/1r5r,0,-1
6R1/4kp2/4p3/2P4p/5Pp1/6P1/2R2K1r/1r6,1,-1
5bk1/5r1p/Qp2q1p1/4p3/1pP1P3/3PB2P/6P1/3R1K2,1,1
5bk1/5r1p/Qp2q1p1/4p3/1pP1P3/3PB2P/4K1P1/3R4,0,1
5bk1/7p/Qp2qrp1/4p3/1pP1P3/3PB2P/4K1P1/3R4,1,1
5bk1/7p/1p2qrp1/1Q2p3/1pP1P3/3PB2P/4K1P1/3R4,0,1
5bk1/7p/1p2qr2/1Q2p1p1/1pP1P3/3PB2P/4K1P1/3R4,1,1
5bk1/7p/1p2qr2/3Qp1p1/1pP1P3/3PB2P/4K1P1/3R4,0,1
6k1/7p/1p2qr2/2bQp1p1/1pP1P3/3PB2P/4K1P1/3R4,1,1
6k1/7p/1p2qr2/2BQp1p1/1pP1P3/3P3P/4K1P1/3R4,0,1
6k1/7p/1p3r2/2Bqp1p1/1pP1P3/3P3P/4K1P1/3R4,1,1
6k1/7p/1p3r2/2BPp1p1/1p2P3/3P3P/4K1P1/3R4,0,1
6k1/7p/5r2/2pPp1p1/1p2P3/3P3P/4K1P1/3R4,1,1
6k1/7p/5r2/2pPp1p1/1p2P3/3P3P/4K1P1/2R5,0,1
6k1/7p/3r4/2pPp1p1/1p2P3/3P3P/4K1P1/2R5,1,1
6k1/7p/3r4/2RPp1p1/1p2P3/3P3P/4K1P1/8,0,1
6k1/7p/3r4/2RPp1p1/4P3/1p1P3P/4K1P1/8,1,1
6k1/7p/3r4/3Pp1p1/4P3/1p1P3P/4K1P1/2R5,0,1
8/5k1p/3r4/3Pp1p1/4P3/1p1P3P/4K1P1/2R5,1,1
8/5k1p/3r4/3Pp1p1/4P3/1p1P3P/3K2P1/2R5,0,1
8/4k2p/3r4/3Pp1p1/4P3/1p1P3P/3K2P1/2R5,1,1
8/4k2p/3r4/3Pp1p1/4P3/1pKP3P/6P1/2R5,0,1
8/4rpk1/1p2r2p/p4RpP/3R2P1/P1P2P2/1P1K4/8,1,1
8/4rpk1/1p2r2p/p4RpP/3R2P1/P1P2P2/1PK5/8,0,1
8/4rpk1/1p5p/p4RpP/3R2P1/P1P2P2/1PK1r3/8,1,1
8/4rpk1/1p5p/p4RpP/6P1/P1P2P2/1PKRr3/8,0,1
8/4rpk1/1p5p/p3rRpP/6P1/P1P2P2/1PKR4/8,1,1
8/4rpk1/1p5p/p3R1pP/6P1/P1P2P2/1PKR4/8,0,1
8/5pk1/1p5p/p3r1pP/6P1/P1P2P2/1PKR4/8,1,1
8/5pk1/1p5p/p3r1pP/2P3P1/P4P2/1PKR4/8,0,1
8/5pk1/7p/pp2r1pP/2P3P1/P4P2/1PKR4/8,1,1
8/5pk1/7p/pp1Rr1pP/2P3P1/P4P2/1PK5/8,0,1
8/5pk1/7p/pp1r2pP/2P3P1/P4P2/1PK5/8,1,1
8/5pk1/7p/pp1P2pP/6P1/P4P2/1PK5/8,0,1
8/5p2/5k1p/pp1P2pP/6P1/P4P2/1PK5/8,1,1
8/5p2/5k1p/pp1P2pP/P5P1/5P2/1PK5/8,0,1
8/5p2/5k1p/p2P2pP/p5P1/5P2/1PK5/8,1,1
8/5p2/5k1p/p2P2pP/p5P1/3K1P2/1P6/8,0,1
8/5p2/7p/p2Pk1pP/p5P1/3K1P2/1P6/8,1,1
8/5p2/7p/p2Pk1pP/p1K3P1/5P2/1P6/8,0,1
8/5p2/3k3p/p2P2pP/p1K3P1/5P2/1P6/8,1,1
8/5p2/3k3p/p2P2pP/p2K2P1/5P2/1P6/8,0,1
2k5/1r2bppp/N3p1n1/4P3/p1PB2P1/2K4P/P1P5/3R4,1,1
2k5/1r2bppp/N3p1n1/2P1P3/p2B2P1/2K4P/P1P5/3R4,0,1
2k5/r3bppp/N3p1n1/2P1P3/p2B2P1/2K4P/P1P5/3R4,1,1
2k5/r3bppp/4p1n1/2P1P3/pN1B2P1/2K4P/P1P5/3R4,0,1
2k5/r3bppp/4p3/2P1P3/pN1B1nP1/2K4P/P1P5/3R4,1,1
2k5/r3bppp/4p3/2P1P3/pNKB1nP1/7P/P1P5/3R4,0,1
2k5/2r1bppp/4p3/2P1P3/pNKB1nP1/7P/P1P5/3R4,1,1
2k5/2r1bppp/4p3/2P1P3/pNKB1nP1/7P/P1P5/5R2,0,1
2k5/2r1bppp/4p3/2P1P3/pNKB2P1/7n/P1P5/5R2,1,1
2k5/2r1bRpp/4p3/2P1P3/pNKB2P1/7n/P1P5/8,0,1
2k5/2r1bRpp/4p3/2P1P1n1/pNKB2P1/8/P1P5/8,1,1
2k5/2r1b1Rp/4p3/2P1P1n1/pNKB2P1/8/P1P5/8,0,1
2k5/3rb1Rp/4p3/2P1P1n1/pNKB2P1/8/P1P5/8,1,1
2k5/3rb1Rp/4p3/2P1P1n1/pNKB2P1/2P5/P7/8,0,1
2k5/3rb1Rp/4p3/2P1P3/pNKB2P1/2P2n2/P7/8,1,1
2k5/3rb1Rp/2P1p3/4P3/pNKB2P1/2P2n2/P7/8,0,1
2k5/2r1b1Rp/2P1p3/4P3/pNKB2P1/2P2n2/P7/8,1,1
2k3R1/2r1b2p/2P1p3/4P3/pNKB2P1/2P2n2/P7/8,0,1
2kb2R1/2r4p/2P1p3/4P3/pNKB2P1/2P2n2/P7/8,1,1
2kb2R1/2r4p/2P1p3/1K2P3/pN1B2P1/2P2n2/P7/8,0,1
3b4/r4k2/N2Rp3/P7/8/2P3K1/1P6/7r,0,-1
8/r4k2/N2Rp3/b7/8/2P3K1/1P6/7r,1,-1
8/r4k2/N2Rp3/b7/8/2P5/1P4K1/7r,0,-1
8/r4k2/N2Rp3/b7/8/2P5/1P4K1/2r5,1,-1
8/r4k2/N2Rp3/b7/1P6/2P5/6K1/2r5,0,-1
8/r1b2k2/N2Rp3/8/1P6/2P5/6K1/2r5,1,-1
8/r1b2k2/N1R1p3/8/1P6/2P5/6K1/2r5,0,-1
8/r4k2/N1R1p3/4b3/1P6/2P5/6K1/2r5,1,-1
8/r4k2/N1R1p3/4b3/1PP5/8/6K1/2r5,0,-1
8/5k2/r1R1p3/4b3/1PP5/8/6K1/2r5,1,-1
8/5k2/R3p3/4b3/1PP5/8/6K1/2r5,0,-1
8/5k2/R3p3/4b3/1Pr5/8/6K1/8,1,-1
8/5k2/1R2p3/4b3/1Pr5/8/6K1/8,0,-1
8/5k2/1R2p3/4b3/1P6/2r5/6K1/8,1,-1
8/5k2/1R2p3/4b3/1P6/2r5/8/5K2,0,-1
8/5k2/1R2p3/8/1P1b4/2r5/8/5K2,1,-1
8/5k2/4p3/1R6/1P1b4/2r5/8/5K2,0,-1
8/8/4pk2/1R6/1P1b4/2r5/8/5K2,1,-1
8/8/4pk2/1R6/1P1b4/2r5/4K3/8,0,-1
8/8/5k2/1R2p3/1P1b4/2r5/4K3/8,1,-1
2r2bk1/5rpp/1B6/n7/2b5/2P3NP/1P3Pp1/3RR1K1,0,-1
2r2bk1/5rpp/1Bn5/8/2b5/2P3NP/1P3Pp1/3RR1K1,1,-1
2r2bk1/5rpp/1Bn5/8/1Pb5/2P3NP/5Pp1/3RR1K1,0,-1
2r2bk1/5r1p/1Bn3p1/8/1Pb5/2P3NP/5Pp1/3RR1K1,1,-1
2r2bk1/5r1p/1Bn3p1/8/1Pb1N3/2P4P/5Pp1/3RR1K1,0,-1
2r2bk1/5r1p/1B4p1/4n3/1Pb1N3/2P4P/5Pp1/3RR1K1,1,-1
2r2bk1/5r1p/1B4p1/4n3/1Pb1N3/2P4P/5PK1/3RR3,0,-1
2r2bk1/5r1p/1B4p1/8/1Pb1N3/2Pn3P/5PK1/3RR3,1,-1
2r2bk1/5r1p/1B4p1/8/1Pb1N3/2PnR2P/5PK1/3R4,0,-1
2r2bk1/5r1p/1B4p1/8/1Pb1Nn2/2P1R2P/5PK1/3R4,1,-1
2r2bk1/5r1p/1B4p1/8/1Pb1Nn2/2P1R2P/5P1K/3R4,0,-1
2r2bk1/5r1p/1B4p1/3n4/1Pb1N3/2P1R2P/5P1K/3R4,1,-1
2r2bk1/5r1p/1B4p1/3n4/1Pb1N3/2P4P/5P1K/3RR3,0,-1
2r2bk1/5r1p/1n4p1/8/1Pb1N3/2P4P/5P1K/3RR3,1,-1
2r2bk1/5r1p/1n1N2p1/8/1Pb5/2P4P/5P1K/3RR3,0,-1
2r3k1/5r1p/1n1b2p1/8/1Pb5/2P4P/5P1K/3RR3,1,-1
2r3k1/5r1p/1n1R2p1/8/1Pb5/2P4P/5P1K/4R3,0,-1
2r3k1/5r1p/3R2p1/3n4/1Pb5/2P4P/5P1K/4R3,1,-1
2r3k1/5r1p/3R2p1/3n4/1Pb5/2P3KP/5P2/4R3,0,-1
2r3k1/5r1p/3R2p1/8/1Pb5/2n3KP/5P2/4R3,1,-1
r4rk1/6b1/6pp/1pqnP3/p1p1Pp2/P1P2N1P/1PB1Q1P1/4R2K,1,1
r4rk1/6b1/6pp/1pqPP3/p1p2p2/P1P2N1P/1PB1Q1P1/4R2K,0,1
r4rk1/6b1/6pp/1p1qP3/p1p2p2/P1P2N1P/1PB1Q1P1/4R2K,1,1
r4rk1/6b1/6pp/1p1qP3/p1p1Bp2/P1P2N1P/1P2Q1P1/4R2K,0,1
r2q1rk1/6b1/6pp/1p2P3/p1p1Bp2/P1P2N1P/1P2Q1P1/4R2K,1,1
r2q1rk1/6b1/6pp/1p2P3/p1p1Bp2/P1P2N1P/1P2Q1P1/3R3K,0,1
r3qrk1/6b1/6pp/1p2P3/p1p1Bp2/P1P2N1P/1P2Q1P1/3R3K,1,1
B3qrk1/6b1/6pp/1p2P3/p1p2p2/P1P2N1P/1P2Q1P1/3R3K,0,1
q4rk1/6b1/6pp/1p2P3/p1p2p2/P1P2N1P/1P2Q1P1/3R3K,1,1
q4rk1/6b1/3R2pp/1p2P3/p1p2p2/P1P2N1P/1P2Q1P1/7K,0,1
q4rk1/6b1/3R3p/1p2P1p1/p1p2p2/P1P2N1P/1P2Q1P1/7K,1,1
q4rk1/6b1/3RP2p/1p4p1/p1p2p2/P1P2N1P/1P2Q1P1/7K,0,1
q3r1k1/6b1/3RP2p/1p4p1/p1p2p2/P1P2N1P/1P2Q1P1/7K,1,1
q3r1k1/4P1b1/3R3p/1p4p1/p1p2p2/P1P2N1P/1P2Q1P1/7K,0,1
2q1r1k1/4P1b1/3R3p/1p4p1/p1p2p2/P1P2N1P/1P2Q1P1/7K,1,1
2q1r1k1/4P1b1/3R3p/1p4p1/p1p1Qp2/P1P2N1P/1P4P1/7K,0,1
4r1k1/2q1P1b1/3R3p/1p4p1/p1p1Qp2/P1P2N1P/1P4P1/7K,1,1
4r1k1/2q1P1b1/3RQ2p/1p4p1/p1p2p2/P1P2N1P/1P4P1/7K,0,1
4r3/2q1P1bk/3RQ2p/1p4p1/p1p2p2/P1P2N1P/1P4P1/7K,1,1
4r3/2q1P1bk/3R2Qp/1p4p1/p1p2p2/P1P2N1P/1P4P1/7K,0,1
3r2nk/4b1np/p7/1p1bNp2/PPp1p3/2P3N1/2B3PP/R3R1K1,1,1
3r2nk/4b1np/p7/1p1bNp2/PPp1p3/2P3N1/2B3PP/R2R2K1,0,1
3r3k/4b1np/p6n/1p1bNp2/PPp1p3/2P3N1/2B3PP/R2R2K1,1,1
3r3k/4b1np/p6n/1P1bNp2/1Pp1p3/2P3N1/2B3PP/R2R2K1,0,1
3r3k/4b1np/7n/1p1bNp2/1Pp1p3/2P3N1/2B3PP/R2R2K1,1,1
3r3k/4b1np/7n/Rp1bNp2/1Pp1p3/2P3N1/2B3PP/3R2K1,0,1
3r3k/6np/5b1n/Rp1bNp2/1Pp1p3/2P3N1/2B3PP/3R2K1,1,1
3r3k/6np/5b1n/1R1bNp2/1Pp1p3/2P3N1/2B3PP/3R2K1,0,1
3r3k/6np/7n/1R1bbp2/1Pp1p3/2P3N1/2B3PP/3R2K1,1,1
3r3k/6np/7n/1R1Rbp2/1Pp1p3/2P3N1/2B3PP/6K1,0,1
7k/6np/7n/1R1rbp2/1Pp1p3/2P3N1/2B3PP/6K1,1,1
7k/6np/7n/3Rbp2/1Pp1p3/2P3N1/2B3PP/6K1,0,1
7k/6np/7n/3R1p2/1Pp1p3/2b3N1/2B3PP/6K1,1,1
3R3k/6np/7n/5p2/1Pp1p3/2b3N1/2B3PP/6K1,0,1
3R2nk/6np/8/5p2/1Pp1p3/2b3N1/2B3PP/6K1,1,1
3R2nk/6np/8/1P3p2/2p1p3/2b3N1/2B3PP/6K1,0,1
3R2nk/7p/4n3/1P3p2/2p1p3/2b3N1/2B3PP/6K1,1,1
2R3nk/7p/4n3/1P3p2/2p1p3/2b3N1/2B3PP/6K1,0,1
2R3nk/7p/8/1P3p2/2pnp3/2b3N1/2B3PP/6K1,1,1
6nk/7p/8/1P3p2/2Rnp3/2b3N1/2B3PP/6K1,0,1
6k1/5rp1/p1P1R2p/B2n1rbP/1p6/3P1p2/5P2/1R2N1K1,0,-1
6k1/5rp1/p1P1R2p/B2n1r1P/1p6/3P1p2/3b1P2/1R2N1K1,1,-1
6k1/5rp1/p1P1R2p/B2n1r1P/1p6/3P1p2/2Nb1P2/1R4K1,0,-1
6k1/5rp1/p1P1R2p/B2n2rP/1p6/3P1p2/2Nb1P2/1R4K1,1,-1
6k1/5rp1/p1P1R2p/B2n2rP/1p6/3P1p2/2Nb1P2/1R3K2,0,-1
6k1/5rp1/p1P1R2p/B2n3r/1p6/3P1p2/2Nb1P2/1R3K2,1,-1
6k1/5rp1/p1P3Rp/B2n3r/1p6/3P1p2/2Nb1P2/1R3K2,0,-1
6k1/6p1/p1P2rRp/B2n3r/1p6/3P1p2/2Nb1P2/1R3K2,1,-1
6k1/6p1/p1P2r1p/B2n3r/1p6/3P1pR1/2Nb1P2/1R3K2,0,-1
6k1/6p1/p1r4p/B2n3r/1p6/3P1pR1/2Nb1P2/1R3K2,1,-1
6k1/6p1/p1r4p/B2n3r/1p1N4/3P1pR1/3b1P2/1R3K2,0,-1
6k1/6p1/p4r1p/B2n3r/1p1N4/3P1pR1/3b1P2/1R3K2,1,-1
6k1/6p1/p4r1p/B2n3r/1p6/3P1NR1/3b1P2/1R3K2,0,-1
6k1/6p1/p6p/B2n3r/1p6/3P1rR1/3b1P2/1R3K2,1,-1
6k1/6p1/p6p/B2n3r/1p6/3P1R2/3b1P2/1R3K2,0,-1
6k1/6p1/p6p/B2n4/1p6/3P1R2/3b1P2/1R3K1r,1,-1
6k1/6p1/p6p/B2n4/1p6/3P1R2/3bKP2/1R5r,0,-1
6k1/6p1/p6p/B2n4/1p6/3P1R2/3bKP2/1r6,1,-1
6k1/6p1/p6p/B2n4/1p6/3P1R2/3K1P2/1r6,0,-1
6k1/6p1/p6p/B2n4/1p6/3P1R2/3K1P2/r7,1,-1
2r2rk1/1p4pp/p1qp2n1/P3p3/8/1NN1QbP1/1PPR3P/5RK1,0,-1
2r2rk1/1p4pp/p1qp2n1/P3p3/6b1/1NN1Q1P1/1PPR3P/5RK1,1,-1
2r2rk1/1p4pp/p1qp2n1/P3p3/6b1/1NN1Q1P1/1PPR3P/4R1K1,0,-1
2r2rk1/1p4pp/p1qp2n1/P3p3/8/1NN1Q1Pb/1PPR3P/4R1K1,1,-1
2r2rk1/1p4pp/p1qp2n1/P3p3/4Q3/1NN3Pb/1PPR3P/4R1K1,0,-1
2r2rk1/1p4pp/p1qp2n1/P3pb2/4Q3/1NN3P1/1PPR3P/4R1K1,1,-1
2r2rk1/1p4pp/p1qp2n1/P3pb2/8/1NN1Q1P1/1PPR3P/4R1K1,0,-1
2r3k1/1p3rpp/p1qp2n1/P3pb2/8/1NN1Q1P1/1PPR3P/4R1K1,1,-1
2r3k1/1p3rpp/p1qp2n1/P3pb2/4N3/1N2Q1P1/1PPR3P/4R1K1,0,-1
2r3k1/1p3rpp/p1q3n1/P2ppb2/4N3/1N2Q1P1/1PPR3P/4R1K1,1,-1
2r3k1/1p3rpp/p1q3n1/P2ppbN1/8/1N2Q1P1/1PPR3P/4R1K1,0,-1
2r3k1/1p4pp/p1q2rn1/P2ppbN1/8/1N2Q1P1/1PPR3P/4R1K1,1,-1
2r3k1/1p4pp/p1q2rn1/P2ppbN1/8/1N3QP1/1PPR3P/4R1K1,0,-1
2r3k1/1p4p1/p1q2rnp/P2ppbN1/8/1N3QP1/1PPR3P/4R1K1,1,-1
2r3k1/1p4p1/p1q2rnp/P2ppbNQ/8/1N4P1/1PPR3P/4R1K1,0,-1
2r3k1/1p4p1/p1q2rn1/P2ppbpQ/8/1N4P1/1PPR3P/4R1K1,1,-1
2r3k1/1p4p1/p1q2rn1/P2ppbpQ/8/1N4P1/1PP2R1P/4R1K1,0,-1
2r3k1/1p4p1/p1q2rn1/P2pp1pQ/8/1N4P1/1Pb2R1P/4R1K1,1,-1
2r3k1/1p4p1/p1q2Rn1/P2pp1pQ/8/1N4P1/1Pb4P/4R1K1,0,-1
2r3k1/1p4p1/p4qn1/P2pp1pQ/8/1N4P1/1Pb4P/4R1K1,1,-1
8/1Pq5/8/8/4Q1K1/8/8/5k2,0,0
8/1P4q1/8/8/4Q1K1/8/8/5k2,1,0
8/1P4q1/8/8/4QK2/8/8/5k2,0,0
8/1Pq5/8/8/4QK2/8/8/5k2,1,0
8/1Pq5/8/8/4Q3/4K3/8/5k2,0,0
8/1P6/8/2q5/4Q3/4K3/8/5k2,1,0
8/1P6/8/2q5/4Q3/8/3K4/5k2,0,0
8/1P6/8/q7/4Q3/8/3K4/5k2,1,0
8/1P6/8/q7/4Q3/8/2K5/5k2,0,0
8/1P6/8/2q5/4Q3/8/2K5/5k2,1,0
8/1P6/8/2q5/4Q3/1K6/8/5k2,0,0
8/1P6/8/1q6/4Q3/1K6/8/5k2,1,0
8/1P6/8/1q6/4Q3/2K5/8/5k2,0,0
8/1P6/8/q7/4Q3/2K5/8/5k2,1,0
8/1P6/8/q7/3KQ3/8/8/5k2,0,0
8/1P6/8/8/1q1KQ3/8/8/5k2,1,0
8/1P6/8/4K3/1q2Q3/8/8/5k2,0,0
8/1P2q3/8/4K3/4Q3/8/8/5k2,1,0
8/1P2q3/8/8/4QK2/8/8/5k2,0,0
8/1Pq5/8/8/4QK2/8/8/5k2,1,0
5q2/8/8/4Q3/2k2KP1/8/8/8,1,1
5q2/8/8/4Q3/2k3P1/6K1/8/8,0,1
6q1/8/8/4Q3/2k3P1/6K1/8/8,1,1
6q1/8/8/4Q1P1/2k5/6K1/8/8,0,1
8/7q/8/4Q1P1/2k5/6K1/8/8,1,1
8/7q/4Q3/6P1/2k5/6K1/8/8,0,1
8/7q/4Q3/6P1/3k4/6K1/8/8,1,1
8/7q/4Q1P1/8/3k4/6K1/8/8,0,1
8/8/4Q1Pq/8/3k4/6K1/8/8,1,1
8/8/4Q1Pq/8/3k2K1/8/8/8,0,1
8/8/4Q1P1/8/3k2K1/8/8/7q,1,1
8/8/5QP1/8/3k2K1/8/8/7q,0,1
8/8/5QP1/3k4/6K1/8/8/7q,1,1
8/6P1/5Q2/3k4/6K1/8/8/7q,0,1
8/6P1/5Q2/3k4/6K1/8/6q1/8,1,1
8/6P1/5Q2/3k3K/8/8/6q1/8,0,1
8/6P1/5Q2/3k3K/8/7q/8/8,1,1
8/6P1/5QK1/3k4/8/7q/8/8,0,1
2q5/6P1/5QK1/3k4/8/8/8/8,1,1
2q5/6P1/6K1/3k1Q2/8/8/8/8,0,1
2r2rk1/3n4/Q1bp2p1/4pp2/1P2P1B1/2N3qP/PB4P1/5RK1,1,1
2r2rk1/3n4/Q1bp2p1/4pp2/1P2P3/2N3qP/PB2B1P1/5RK1,0,1
2r2rk1/3n4/Q1bp2p1/4pp2/1P2P3/2N1q2P/PB2B1P1/5RK1,1,1
2r2rk1/3n4/Q1bp2p1/4pp2/1P2P3/2N1q2P/PB2B1PK/5R2,0,1
1nr2rk1/8/Q1bp2p1/4pp2/1P2P3/2N1q2P/PB2B1PK/5R2,1,1
1nr2rk1/8/2bp2p1/4pp2/1PQ1P3/2N1q2P/PB2B1PK/5R2,0,1
1nr2r2/6k1/2bp2p1/4pp2/1PQ1P3/2N1q2P/PB2B1PK/5R2,1,1
1nr2r2/6k1/2bpQ1p1/4pp2/1P2P3/2N1q2P/PB2B1PK/5R2,0,1
1nr2r2/6k1/2bpQ1p1/4p3/1P2p3/2N1q2P/PB2B1PK/5R2,1,1
1nr2r2/4Q1k1/2bp2p1/4p3/1P2p3/2N1q2P/PB2B1PK/5R2,0,1
1nr2rk1/4Q3/2bp2p1/4p3/1P2p3/2N1q2P/PB2B1PK/5R2,1,1
1nr2rk1/4Q3/2bp2p1/4p3/1PB1p3/2N1q2P/PB4PK/5R2,0,1
1nr2rk1/4Q3/2b3p1/3pp3/1PB1p3/2N1q2P/PB4PK/5R2,1,1
1nr2rk1/4Q3/2b3p1/3Np3/1PB1p3/4q2P/PB4PK/5R2,0,1
1nr2rk1/4Q3/2b3pq/3Np3/1PB1p3/7P/PB4PK/5R2,1,1
1nr2Rk1/4Q3/2b3pq/3Np3/1PB1p3/7P/PB4PK/8,0,1
1nr2qk1/4Q3/2b3p1/3Np3/1PB1p3/7P/PB4PK/8,1,1
1nr2qk1/4Q3/2b2Np1/4p3/1PB1p3/7P/PB4PK/8,0,1
1nr2q1k/4Q3/2b2Np1/4p3/1PB1p3/7P/PB4PK/8,1,1
1nr2q1k/7Q/2b2Np1/4p3/1PB1p3/7P/PB4PK/8,0,1
8/5p2/P1R2P2/5kp1/7p/r6P/6K1/8,0,0
8/5p2/P1R2Pk1/6p1/7p/r6P/6K1/8,1,0
8/5p2/PR3Pk1/6p1/7p/r6P/6K1/8,0,0
8/5p2/PR3P2/5kp1/7p/r6P/6K1/8,1,0
8/5p2/P1R2P2/5kp1/7p/r6P/6K1/8,0,0
8/5p2/P1R2P2/r4kp1/7p/7P/6K1/8,1,0
8/5p2/PR3P2/r4kp1/7p/7P/6K1/8,0,0
8/5p2/PR3P2/5kp1/r6p/7P/6K1/8,1,0
8/5p2/P1R2P2/5kp1/r6p/7P/6K1/8,0,0
8/5p2/P1R2P2/5k2/r5pp/7P/6K1/8,1,0
8/5p2/P1R2P2/5k2/r5Pp/8/6K1/8,0,0
8/5p2/P1R2P2/8/r5kp/8/6K1/8,1,0
8/5p2/PR3P2/8/r5kp/8/6K1/8,0,0
8/5p2/PR3P2/8/r5k1/7p/6K1/8,1,0
8/5p2/PR3P2/8/r5k1/7p/7K/8,0,0
8/5p2/PR3P2/8/6k1/7p/r6K/8,1,0
8/5p2/PR3P2/8/6k1/7p/r7/7K,0,0
8/5p2/PR3P2/8/5k2/7p/r7/7K,1,0
8/1R3p2/P4P2/8/5k2/7p/r7/7K,0,0
8/1R3p2/r4P2/8/5k2/7p/8/7K,1,0
3r4/3r1pk1/4p1p1/Pp1nP3/1P1R4/2N5/6pP/3R2K1,1,1
3r4/3r1pk1/4p1p1/PN1nP3/1P1R4/8/6pP/3R2K1,0,1
1r6/3r1pk1/4p1p1/PN1nP3/1P1R4/8/6pP/3R2K1,1,1
1r6/3r1pk1/3Np1p1/P2nP3/1P1R4/8/6pP/3R2K1,0,1
1r6/3r2k1/3Nppp1/P2nP3/1P1R4/8/6pP/3R2K1,1,1
1r6/3r2k1/3NpPp1/P2n4/1P1R4/8/6pP/3R2K1,0,1
1r6/3r4/3Npkp1/P2n4/1P1R4/8/6pP/3R2K1,1,1
1r6/3r4/4pkp1/P2n4/1P1RN3/8/6pP/3R2K1,0,1
1r6/3r4/4p1p1/P2nk3/1P1RN3/8/6pP/3R2K1,1,1
1r6/3r4/4p1p1/P1Nnk3/1P1R4/8/6pP/3R2K1,0,1
1r6/r7/4p1p1/P1Nnk3/1P1R4/8/6pP/3R2K1,1,1
1r6/r7/P3p1p1/2Nnk3/1P1R4/8/6pP/3R2K1,0,1
8/r7/P3p1p1/2Nnk3/1r1R4/8/6pP/3R2K1,1,1
8/r7/P3p1p1/2NRk3/1r6/8/6pP/3R2K1,0,1
8/r7/P5p1/2Npk3/1r6/8/6pP/3R2K1,1,1
8/r7/P5p1/3pk3/1r6/3N4/6pP/3R2K1,0,1
8/r7/P5p1/3p4/1r1k4/3N4/6pP/3R2K1,1,1
8/r7/P5p1/3p4/1N1k4/8/6pP/3R2K1,0,1
8/r7/P5p1/3p4/1Nk5/8/6pP/3R2K1,1,1
8/r7/P5p1/3N4/2k5/8/6pP/3R2K1,0,1
r1r3k1/4ppbp/p2p2p1/1p1P4/4P3/PP3P2/Rn1BN1PP/2R3K1,0,-1
r1r2k2/4ppbp/p2p2p1/1p1P4/4P3/PP3P2/Rn1BN1PP/2R3K1,1,-1
r1r2k2/4ppbp/p2p2p1/1p1P4/4P3/PP3P2/Rn1BN1PP/2R2K2,0,-1
r1r1k3/4ppbp/p2p2p1/1p1P4/4P3/PP3P2/Rn1BN1PP/2R2K2,1,-1
r1r1k3/4ppbp/p2p2p1/1p1P4/P3P3/1P3P2/Rn1BN1PP/2R2K2,0,-1
r1r1k3/4ppbp/p2p2p1/3P4/p3P3/1P3P2/Rn1BN1PP/2R2K2,1,-1
r1r1k3/4ppbp/p2p2p1/3P4/P3P3/5P2/Rn1BN1PP/2R2K2,0,-1
1rr1k3/4ppbp/p2p2p1/3P4/P3P3/5P2/Rn1BN1PP/2R2K2,1,-1
1rR1k3/4ppbp/p2p2p1/3P4/P3P3/5P2/Rn1BN1PP/5K2,0,-1
2r1k3/4ppbp/p2p2p1/3P4/P3P3/5P2/Rn1BN1PP/5K2,1,-1
2r1k3/4ppbp/p2p2pB/3P4/P3P3/5P2/Rn2N1PP/5K2,0,-1
2r1k2b/4pp1p/p2p2pB/3P4/P3P3/5P2/Rn2N1PP/5K2,1,-1
2r1k2b/4pp1p/p2p2p1/3P4/P3P3/4BP2/Rn2N1PP/5K2,0,-1
4k2b/4pp1p/p2p2p1/3P4/P1r1P3/4BP2/Rn2N1PP/5K2,1,-1
4k2b/4pp1p/p2p2p1/P2P4/2r1P3/4BP2/Rn2N1PP/5K2,0,-1
4k2b/4pp1p/p2p2p1/P2P4/1r2P3/4BP2/Rn2N1PP/5K2,1,-1
4k2b/4pp1p/p2p2p1/P2P4/1r2P3/5P2/Rn1BN1PP/5K2,0,-1
4k2b/4pp1p/p2p2p1/P2P4/4P3/1r3P2/Rn1BN1PP/5K2,1,-1
4k2b/4pp1p/p2p2p1/P2P4/4P3/1r3P2/Rn2N1PP/2B2K2,0,-1
4k2b/4pp1p/p2p2p1/P2P4/4P3/1r1n1P2/R3N1PP/2B2K2,1,-1
1R1b4/Bbkr4/p2p4/8/2P5/P7/4KP2/8,0,0
1R1b4/Bbk1r3/p2p4/8/2P5/P7/4KP2/8,1,0
1R1b4/Bbk1r3/p2p4/8/2P5/P2K4/5P2/8,0,0
1R1br3/Bbk5/p2p4/8/2P5/P2K4/5P2/8,1,0
1R1br3/Bbk5/p2p4/8/P1P5/3K4/5P2/8,0,0
1R1br3/Bbk5/3p4/p7/P1P5/3K4/5P2/8,1,0
1R1br3/Bbk5/3p4/p7/P1P2P2/3K4/8/8,0,0
1R1b3r/Bbk5/3p4/p7/P1P2P2/3K4/8/8,1,0
1R1b3r/Bbk5/3p4/p4P2/P1P5/3K4/8/8,0,0
1R1b1r2/Bbk5/3p4/p4P2/P1P5/3K4/8/8,1,0
1R1b1r2/Bbk5/3p4/p1P2P2/P7/3K4/8/8,0,0
1R1b1r2/Bbk5/8/p1p2P2/P7/3K4/8/8,1,0
1R1b1r2/1bk5/8/p1B2P2/P7/3K4/8/8,0,0
1R1b4/1bk5/5r2/p1B2P2/P7/3K4/8/8,1,0
3b4/1Rk5/5r2/p1B2P2/P7/3K4/8/8,0,0
3b4/1k6/5r2/p1B2P2/P7/3K4/8/8,1,0
3b4/1k6/5r2/p1B2P2/P3K3/8/8/8,0,0
3b4/8/2k2r2/p1B2P2/P3K3/8/8/8,1,0
3b4/8/2k2r2/p4P2/P2BK3/8/8/8,0,0
3b1r2/8/2k5/p4P2/P2BK3/8/8/8,1,0
2rr1k2/1b3pbQ/pp1p2p1/2qNp3/2PnP3/1BN4P/PP3PP1/3R1RK1,1,1
2rr1k2/1b3pbQ/pp1p2p1/2qNp3/N1PnP3/1B5P/PP3PP1/3R1RK1,0,1
2rr1k2/1b3pbQ/pp1p2p1/q2Np3/N1PnP3/1B5P/PP3PP1/3R1RK1,1,1
2rr1k2/1b3pbQ/pN1p2p1/q2Np3/2PnP3/1B5P/PP3PP1/3R1RK1,0,1
1r1r1k2/1b3pbQ/pN1p2p1/q2Np3/2PnP3/1B5P/PP3PP1/3R1RK1,1,1
1r1r1k2/1b3pbQ/pN1p2p1/q2Np3/2PnPP2/1B5P/PP4P1/3R1RK1,0,1
1r1r1k2/1b3pbQ/pN1p2p1/q2N4/2PnPp2/1B5P/PP4P1/3R1RK1,1,1
1r1r1k2/1b3pbQ/pN1p2p1/q7/2PnPN2/1B5P/PP4P1/3R1RK1,0,1
1r1r1k2/1b3pbQ/pN1p2p1/q7/2P1PN2/1B5P/PP2n1P1/3R1RK1,1,1
1r1r1k2/1b3pbQ/pN1p2p1/q7/2P1P3/1B5P/PP2N1P1/3R1RK1,0,1
1r1r1k2/1b3pbQ/pq1p2p1/8/2P1P3/1B5P/PP2N1P1/3R1RK1,1,1
1r1r1k2/1b3pbQ/pq1p2p1/8/2P1P3/1B5P/PP2N1P1/3R1R1K,0,1
1r3k2/1b1r1pbQ/pq1p2p1/8/2P1P3/1B5P/PP2N1P1/3R1R1K,1,1
1r3k2/1b1r1pbQ/pq1p2p1/8/2P1PN2/1B5P/PP4P1/3R1R1K,0,1
1r3k2/3r1pbQ/pq1p2p1/8/2P1bN2/1B5P/PP4P1/3R1R1K,1,1
1r3k2/3r1pbQ/pq1pN1p1/8/2P1b3/1B5P/PP4P1/3R1R1K,0,1
1r6/3rkpbQ/pq1pN1p1/8/2P1b3/1B5P/PP4P1/3R1R1K,1,1
1r6/3rkpQ1/pq1pN1p1/8/2P1b3/1B5P/PP4P1/3R1R1K,0,1
1r6/3rkpQ1/p2pN1p1/8/2P1b3/1B2q2P/PP4P1/3R1R1K,1,1
1r6/3rkQ2/p2pN1p1/8/2P1b3/1B2q2P/PP4P1/3R1R1K,0,1
4r3/8/p1n3k1/4bpp1/Pp6/1P2BbN1/2P2P2/2K1R1N1,0,-1
4r3/8/p1n3k1/4bpp1/Pp4b1/1P2B1N1/2P2P2/2K1R1N1,1,-1
4r3/8/p1n3k1/4bpp1/Pp4b1/1P4N1/2PB1P2/2K1R1N1,0,-1
3r4/8/p1n3k1/4bpp1/Pp4b1/1P4N1/2PB1P2/2K1R1N1,1,-1
3r4/8/p1n3k1/4bpp1/Pp4b1/1P6/2PB1P2/2K1RNN1,0,-1
3r4/8/p1n3k1/4b1p1/Pp3pb1/1P6/2PB1P2/2K1RNN1,1,-1
3r4/8/p1n3k1/4b1p1/Pp3pb1/1P6/2PB1P1N/2K1R1N1,0,-1
3r4/8/p1n3k1/4bbp1/Pp3p2/1P6/2PB1P1N/2K1R1N1,1,-1
3r4/8/p1n3k1/4bbp1/Pp3p2/1P3N2/2PB1P2/2K1R1N1,0,-1
3r4/8/p1n2bk1/5bp1/Pp3p2/1P3N2/2PB1P2/2K1R1N1,1,-1
3r4/8/p1n2bk1/5bp1/Pp3p2/1P3N2/2PBNP2/2K1R3,0,-1
3r4/8/p1n2bk1/6p1/Pp3pb1/1P3N2/2PBNP2/2K1R3,1,-1
3r4/8/p1n2bk1/6p1/Pp3pb1/1P6/2PBNP1N/2K1R3,0,-1
3r4/8/p1n2bk1/6p1/Pp3p2/1P6/2PBbP1N/2K1R3,1,-1
3r4/8/p1n2bk1/6p1/Pp3p2/1P6/2PBRP1N/2K5,0,-1
3r4/8/p4bk1/6p1/Pp1n1p2/1P6/2PBRP1N/2K5,1,-1
3r4/8/p4bk1/6p1/Pp1n1p2/1P6/2PB1P1N/2K1R3,0,-1
2r5/8/p4bk1/6p1/Pp1n1p2/1P6/2PB1P1N/2K1R3,1,-1
2r5/8/p4bk1/6p1/PB1n1p2/1P6/2P2P1N/2K1R3,0,-1
2r5/8/p4bk1/6p1/PB3p2/1P6/2n2P1N/2K1R3,1,-1
2r1k2r/Rp1nppbp/1p1p2p1/1N6/2P1P1b1/1R1B1N2/1P2KPPP/8,0,-1
2r1k2r/Rp2ppbp/1p1p2p1/1Nn5/2P1P1b1/1R1B1N2/1P2KPPP/8,1,-1
2r1k2r/Rp2ppbp/1p1p2p1/1Nn5/1RP1P1b1/3B1N2/1P2KPPP/8,0,-1
2r2rk1/Rp2ppbp/1p1p2p1/1Nn5/1RP1P1b1/3B1N2/1P2KPPP/8,1,-1
2r2rk1/Rp2ppbp/1p1p2p1/2n5/1RP1P1b1/N2B1N2/1P2KPPP/8,0,-1
r4rk1/Rp2ppbp/1p1p2p1/2n5/1RP1P1b1/N2B1N2/1P2KPPP/8,1,-1
R4rk1/1p2ppbp/1p1p2p1/2n5/1RP1P1b1/N2B1N2/1P2KPPP/8,0,-1
r5k1/1p2ppbp/1p1p2p1/2n5/1RP1P1b1/N2B1N2/1P2KPPP/8,1,-1
r5k1/1p2ppbp/1R1p2p1/2n5/2P1P1b1/N2B1N2/1P2KPPP/8,0,-1
r5k1/1p2pp1p/1R1p2p1/2n5/2P1P1b1/N2B1N2/1b2KPPP/8,1,-1
r5k1/1p2pp1p/1R1p2p1/2n5/2P1P1b1/3B1N2/1bN1KPPP/8,0,-1
r5k1/1p2ppbp/1R1p2p1/2n5/2P1P1b1/3B1N2/2N1KPPP/8,1,-1
r5k1/1p2ppbp/1R1p2p1/2n5/2P1P1b1/3B1N1P/2N1KPP1/8,0,-1
r5k1/1p1bppbp/1R1p2p1/2n5/2P1P3/3B1N1P/2N1KPP1/8,1,-1
r5k1/1p1bppbp/1R1p2p1/2n5/2P1P3/3BKN1P/2N2PP1/8,0,-1
r5k1/1p1bpp1p/1R1p2pb/2n5/2P1P3/3BKN1P/2N2PP1/8,1,-1
r5k1/1p1bpp1p/1R1p2pb/2n5/2P1P3/3B1N1P/2N1KPP1/8,0,-1
6k1/1p1bpp1p/1R1p2pb/2n5/2P1P3/3B1N1P/r1N1KPP1/8,1,-1
6k1/1p1bpp1p/1R1p2pb/2n5/2PNP3/3B3P/r1N1KPP1/8,0,-1
6k1/1p2pp1p/1R1p2pb/2n5/b1PNP3/3B3P/r1N1KPP1/8,1,-1
8/8/p1r1pk2/8/2PRK3/r7/P5R1/8,0,-1
8/8/p1r1pk2/8/2PRK3/2r5/P5R1/8,1,-1
8/8/p1r1pk2/8/2PRK3/2r5/P4R2/8,0,-1
8/4k3/p1r1p3/8/2PRK3/2r5/P4R2/8,1,-1
8/4k3/p1r1p3/8/2PRK3/2r5/P6R/8,0,-1
8/4k3/p1r1p3/8/2rRK3/8/P6R/8,1,-1
8/4k2R/p1r1p3/8/2rRK3/8/P7/8,0,-1
8/7R/p1r1pk2/8/2rRK3/8/P7/8,1,-1
8/R7/p1r1pk2/8/2rRK3/8/P7/8,0,-1
8/R7/p1r1pk2/8/3RK3/8/P1r5/8,1,-1
8/R7/p1r1pk2/8/P2RK3/8/2r5/8,0,-1
8/R7/p1r1pk2/8/P2RK3/2r5/8/8,1,-1
R7/8/p1r1pk2/8/P2RK3/2r5/8/8,0,-1
R7/8/p1r1pk2/8/P2RK3/7r/8/8,1,-1
5R2/8/p1r1pk2/8/P2RK3/7r/8/8,0,-1
5R2/4k3/p1r1p3/8/P2RK3/7r/8/8,1,-1
R7/4k3/p1r1p3/8/P2RK3/7r/8/8,0,-1
R7/4k3/p3p3/8/P2RK3/2r4r/8/8,1,-1
8/R3k3/p3p3/8/P2RK3/2r4r/8/8,0,-1
8/R7/p3pk2/8/P2RK3/2r4r/8/8,1,-1
2rqk2r/1p1nbppp/p2pbn2/4p3/4P3/1NN1BQ1P/PPP2PP1/2KR1B1R,1,1
2rqk2r/1p1nbppp/p2pbn2/4p3/4P1P1/1NN1BQ1P/PPP2P2/2KR1B1R,0,1
2rqk2r/1p1nbp1p/p2pbnp1/4p3/4P1P1/1NN1BQ1P/PPP2P2/2KR1B1R,1,1
2rqk2r/1p1nbp1p/p2pbnp1/4p1P1/4P3/1NN1BQ1P/PPP2P2/2KR1B1R,0,1
2rqk2r/1p1nbp1p/p2pb1p1/4p1Pn/4P3/1NN1BQ1P/PPP2P2/2KR1B1R,1,1
2rqk2r/1p1nbp1p/p2pb1p1/4p1Pn/4P2P/1NN1BQ2/PPP2P2/2KR1B1R,0,1
3qk2r/1p1nbp1p/p2pb1p1/4p1Pn/4P2P/1Nr1BQ2/PPP2P2/2KR1B1R,1,1
3qk2r/1p1nbp1p/p2pb1p1/4p1Pn/4P2P/1NP1BQ2/P1P2P2/2KR1B1R,0,1
4k2r/1pqnbp1p/p2pb1p1/4p1Pn/4P2P/1NP1BQ2/P1P2P2/2KR1B1R,1,1
4k2r/1pqnbp1p/p2pb1p1/4p1Pn/4P2P/1NP1BQ1B/P1P2P2/2KR3R,0,1
4k2r/1p1nbp1p/p2pb1p1/4p1Pn/4P2P/1Nq1BQ1B/P1P2P2/2KR3R,1,1
4k2r/1p1nbp1p/p2pB1p1/4p1Pn/4P2P/1Nq1BQ2/P1P2P2/2KR3R,0,1
4k2r/1p1nb2p/p2pp1p1/4p1Pn/4P2P/1Nq1BQ2/P1P2P2/2KR3R,1,1
4k2r/1p1nb2p/p2pp1p1/4p1Pn/4P2P/1NqRBQ2/P1P2P2/2K4R,0,1
4k2r/1p1nb2p/p2pp1p1/4p1Pn/2q1P2P/1N1RBQ2/P1P2P2/2K4R,1,1
4k2r/1p1nb2p/p2pp1p1/4p1Pn/2q1P2P/1N1RBQ2/PKP2P2/7R,0,1
4k2r/1p1nb2p/p3p1p1/3pp1Pn/2q1P2P/1N1RBQ2/PKP2P2/7R,1,1
4k2r/1p1nb2p/p3p1p1/3Pp1Pn/2q4P/1N1RBQ2/PKP2P2/7R,0,1
4k2r/1p1nb2p/p3p1p1/3P2Pn/2q1p2P/1N1RBQ2/PKP2P2/7R,1,1
4k2r/1p1nb2p/p3p1p1/3P2Pn/2q1p1QP/1N1RB3/PKP2P2/7R,0,1
8/5p2/p7/K4kp1/P1P4p/2r2P1P/3R2P1/8,1,0
8/5p2/K7/5kp1/P1P4p/2r2P1P/3R2P1/8,0,0
8/5p2/K7/5kp1/P1r4p/5P1P/3R2P1/8,1,0
8/5p2/K7/5kp1/P1r4p/5P1P/R5P1/8,0,0
8/5p2/K7/5kp1/Pr5p/5P1P/R5P1/8,1,0
8/5p2/K7/P4kp1/1r5p/5P1P/R5P1/8,0,0
8/5p2/K7/P5p1/1r3k1p/5P1P/R5P1/8,1,0
8/K4p2/8/P5p1/1r3k1p/5P1P/R5P1/8,0,0
8/K7/8/P4pp1/1r3k1p/5P1P/R5P1/8,1,0
8/K7/P7/5pp1/1r3k1p/5P1P/R5P1/8,0,0
8/K7/P7/1r3pp1/5k1p/5P1P/R5P1/8,1,0
K7/8/P7/1r3pp1/5k1p/5P1P/R5P1/8,0,0
K7/8/P7/1r3pp1/7p/5PkP/R5P1/8,1,0
K7/P7/8/1r3pp1/7p/5PkP/R5P1/8,0,0
K7/P7/8/1r4p1/5p1p/5PkP/R5P1/8,1,0
K7/P7/8/1r4p1/5p1p/5PkP/2R3P1/8,0,0
K7/P7/8/1r4p1/5p1p/5P1P/2R3Pk/8,1,0
K7/P7/8/1r4p1/5p1p/5P1P/4R1Pk/8,0,0
K7/P7/8/1r4p1/5p1p/5PkP/4R1P1/8,1,0
K7/P7/8/1r4p1/5p1p/5PkP/2R3P1/8,0,0
r7/8/p1k1p1p1/1pN1p2p/1P2P2P/P7/2PKB1P1/8,1,1
r7/8/p1k1N1p1/1p2p2p/1P2P2P/P7/2PKB1P1/8,0,1
r7/8/2k1N1p1/pp2p2p/1P2P2P/P7/2PKB1P1/8,1,1
r7/8/2k1N1p1/pB2p2p/1P2P2P/P7/2PK2P1/8,0,1
r7/8/1k2N1p1/pB2p2p/1P2P2P/P7/2PK2P1/8,1,1
r7/8/1k2N1p1/PB2p2p/4P2P/P7/2PK2P1/8,0,1
r7/8/4N1p1/kB2p2p/4P2P/P7/2PK2P1/8,1,1
r7/8/4N1p1/kB2p2p/2P1P2P/P7/3K2P1/8,0,1
8/r7/4N1p1/kB2p2p/2P1P2P/P7/3K2P1/8,1,1
8/r7/4N1p1/kB2p2p/P1P1P2P/8/3K2P1/8,0,1
8/4r3/4N1p1/kB2p2p/P1P1P2P/8/3K2P1/8,1,1
3N4/4r3/6p1/kB2p2p/P1P1P2P/8/3K2P1/8,0,1
3N4/4r3/1k4p1/1B2p2p/P1P1P2P/8/3K2P1/8,1,1
3N4/4r3/1k4p1/1B2p2p/P1P1P2P/4K3/6P1/8,0,1
3N4/6r1/1k4p1/1B2p2p/P1P1P2P/4K3/6P1/8,1,1
3N4/6r1/1k4p1/1BP1p2p/P3P2P/4K3/6P1/8,0,1
3N4/k5r1/6p1/1BP1p2p/P3P2P/4K3/6P1/8,1,1
3N4/k5r1/2P3p1/1B2p2p/P3P2P/4K3/6P1/8,0,1
3N4/6r1/1kP3p1/1B2p2p/P3P2P/4K3/6P1/8,1,1
8/6r1/1kP1N1p1/1B2p2p/P3P2P/4K3/6P1/8,0,1
5bk1/5R2/p5p1/1p2p1Np/1P2P3/6PP/r4PK1/8,1,1
5bk1/8/p4Rp1/1p2p1Np/1P2P3/6PP/r4PK1/8,0,1
6k1/8/p4Rp1/1p2p1Np/1b2P3/6PP/r4PK1/8,1,1
6k1/8/p5R1/1p2p1Np/1b2P3/6PP/r4PK1/8,0,1
5k2/8/p5R1/1p2p1Np/1b2P3/6PP/r4PK1/8,1,1
5k2/8/p4R2/1p2p1Np/1b2P3/6PP/r4PK1/8,0,1
8/6k1/p4R2/1p2p1Np/1b2P3/6PP/r4PK1/8,1,1
8/6k1/p7/1p2pRNp/1b2P3/6PP/r4PK1/8,0,1
8/6k1/p7/1p2pRNp/4P3/2b3PP/r4PK1/8,1,1
8/6k1/p3N3/1p2pR1p/4P3/2b3PP/r4PK1/8,0,1
8/8/p3N1k1/1p2pR1p/4P3/2b3PP/r4PK1/8,1,1
8/8/p3N1k1/1p2pR1p/4P1P1/2b4P/r4PK1/8,0,1
8/8/p3N1k1/1p2pR2/4P1p1/2b4P/r4PK1/8,1,1
8/8/p3N1k1/1p2pR2/4P1P1/2b5/r4PK1/8,0,1
8/8/p3N1k1/4pR2/1p2P1P1/2b5/r4PK1/8,1,1
8/8/p3N1k1/4pRP1/1p2P3/2b5/r4PK1/8,0,1
8/8/p3N1k1/4pRP1/1p1bP3/8/r4PK1/8,1,1
8/8/p3NRk1/4p1P1/1p1bP3/8/r4PK1/8,0,1
8/8/p3NR2/4p1Pk/1p1bP3/8/r4PK1/8,1,1
8/8/p3NR2/4p1Pk/1p1bP3/7K/r4P2/8,0,1
2r1k2r/1p1nppbp/p2pb1p1/3N4/4P3/2P1B3/PP2BPPP/R4RK1,1,0
2r1k2r/1p1nppbp/p2pb1p1/3N4/4P3/2P1B3/PP2BPPP/2R2RK1,0,0
2r1k2r/1p2ppbp/p2pb1p1/2nN4/4P3/2P1B3/PP2BPPP/2R2RK1,1,0
2r1k2r/1p2ppbp/p2pb1p1/2BN4/4P3/2P5/PP2BPPP/2R2RK1,0,0
4k2r/1p2ppbp/p2pb1p1/2rN4/4P3/2P5/PP2BPPP/2R2RK1,1,0
4k2r/1p2ppbp/p2pb1p1/2rN4/1P2P3/2P5/P3BPPP/2R2RK1,0,0
2r1k2r/1p2ppbp/p2pb1p1/3N4/1P2P3/2P5/P3BPPP/2R2RK1,1,0
2r1k2r/1p2ppbp/p2pb1p1/3N4/1PP1P3/8/P3BPPP/2R2RK1,0,0
2r1k2r/1p2pp1p/p2pb1p1/3N4/1PPbP3/8/P3BPPP/2R2RK1,1,0
2r1k2r/1p2pp1p/p2pb1p1/3N4/1PPbP3/8/P3BPPP/2RR2K1,0,0
2r1k2r/bp2pp1p/p2pb1p1/3N4/1PP1P3/8/P3BPPP/2RR2K1,1,0
2r1k2r/bp2pp1p/p2pb1p1/3N4/PPP1P3/8/4BPPP/2RR2K1,0,0
2r1k2r/bp2p2p/p2pbpp1/3N4/PPP1P3/8/4BPPP/2RR2K1,1,0
2r1k2r/bp2p2p/p2pbpp1/P2N4/1PP1P3/8/4BPPP/2RR2K1,0,0
2r1k2r/bp2p3/p2pbpp1/P2N3p/1PP1P3/8/4BPPP/2RR2K1,1,0
2r1k2r/bp2p3/p2pbpp1/P2N3p/1PP1P3/7P/4BPP1/2RR2K1,0,0
2r1k2r/bp2p3/p2p1pp1/P2b3p/1PP1P3/7P/4BPP1/2RR2K1,1,0
2r1k2r/bp2p3/p2p1pp1/P2P3p/1P2P3/7P/4BPP1/2RR2K1,0,0
2r4r/bp1kp3/p2p1pp1/P2P3p/1P2P3/7P/4BPP1/2RR2K1,1,0
2r4r/bp1kp3/p2p1pp1/P2P3p/1P2P3/7P/4BPP1/2RR1K2,0,0
8/6pp/4n3/3kp3/6P1/2P1B2P/3NbK2/8,0,0
8/6pp/b3n3/3kp3/6P1/2P1B2P/3N1K2/8,1,0
8/6pp/b3n3/3kp3/6P1/2P1BK1P/3N4/8,0,0
8/6pp/4n3/3kp3/6P1/2PbBK1P/3N4/8,1,0
8/6pp/4n3/3kp3/6P1/2PbB1KP/3N4/8,0,0
8/6p1/4n2p/3kp3/6P1/2PbB1KP/3N4/8,1,0
8/6p1/4n2p/3kp3/6P1/2PbBK1P/3N4/8,0,0
8/8/4n2p/3kp1p1/6P1/2PbBK1P/3N4/8,1,0
8/8/4n2p/3kp1p1/6PP/2PbBK2/3N4/8,0,0
8/8/7p/3kp1p1/5nPP/2PbBK2/3N4/8,1,0
8/8/7p/3kp1P1/5nP1/2PbBK2/3N4/8,0,0
8/8/8/3kp1p1/5nP1/2PbBK2/3N4/8,1,0
8/8/8/3kp1p1/2P2nP1/3bBK2/3N4/8,0,0
8/8/2k5/4p1p1/2P2nP1/3bBK2/3N4/8,1,0
8/8/2k5/4p1p1/2P1NnP1/3bBK2/8/8,0,0
8/8/2k5/4p1p1/2P1NnP1/4BK2/4b3/8,1,0
8/8/2k5/4p1p1/2P1NnP1/4B1K1/4b3/8,0,0
8/8/2k1n3/4p1p1/2P1N1P1/4B1K1/4b3/8,1,0
8/8/2k1n3/4p1N1/2P3P1/4B1K1/4b3/8,0,0
8/8/2k5/4p1n1/2P3P1/4B1K1/4b3/8,1,0
1r2r1k1/p4pp1/8/2p3P1/5bNP/2B4R/PPK1n3/5R2,0,-1
1r2r1k1/p4pp1/8/2p3P1/5bNP/2n4R/PPK5/5R2,1,-1
1r2r1k1/p4pp1/8/2p3P1/5bNP/2K4R/PP6/5R2,0,-1
1r2r1k1/p1b2pp1/8/2p3P1/6NP/2K4R/PP6/5R2,1,-1
1r2r1k1/p1b2pp1/8/2p3P1/7P/2K1N2R/PP6/5R2,0,-1
1r2r1k1/p4pp1/8/2p1b1P1/7P/2K1N2R/PP6/5R2,1,-1
1r2r1k1/p4pp1/8/2p1b1P1/2K4P/4N2R/PP6/5R2,0,-1
4r1k1/p4pp1/8/2p1b1P1/2K4P/4N2R/Pr6/5R2,1,-1
4r1k1/p4pp1/8/2pNb1P1/2K4P/7R/Pr6/5R2,0,-1
4r1k1/p4pp1/8/2pNb1P1/2K4P/7R/P1r5/5R2,1,-1
4r1k1/p4pp1/8/1KpNb1P1/7P/7R/P1r5/5R2,0,-1
4r1k1/p4pp1/8/1K1Nb1P1/2p4P/7R/P1r5/5R2,1,-1
4r1k1/p4pp1/8/1K1Nb1P1/2p4P/4R3/P1r5/5R2,0,-1
4r1k1/p4pp1/8/1K1Nb1P1/2p4P/4R3/P2r4/5R2,1,-1
4r1k1/p4pp1/8/1K2b1P1/1Np4P/4R3/P2r4/5R2,0,-1
1r4k1/p4pp1/8/1K2b1P1/1Np4P/4R3/P2r4/5R2,1,-1
1r4k1/p4pp1/2K5/4b1P1/1Np4P/4R3/P2r4/5R2,0,-1
6k1/p4pp1/1rK5/4b1P1/1Np4P/4R3/P2r4/5R2,1,-1
6k1/p4pp1/1r6/2K1b1P1/1Np4P/4R3/P2r4/5R2,0,-1
6k1/p4pp1/1r6/2K3P1/1Npb3P/4R3/P2r4/5R2,1,-1
8/1b1n2kp/1q3pp1/1p2p3/p2bP3/2NB1P1P/PPQ3PB/5K2,0,-1
8/1b4kp/1q3pp1/1pn1p3/p2bP3/2NB1P1P/PPQ3PB/5K2,1,-1
8/1b4kp/1q3pp1/1pn1p3/p2bP3/2N2P1P/PPQ1B1PB/5K2,0,-1
8/6kp/1qb2pp1/1pn1p3/p2bP3/2N2P1P/PPQ1B1PB/5K2,1,-1
8/6kp/1qb2pp1/1pn1p3/p2bP3/2N2PBP/PPQ1B1P1/5K2,0,-1
8/6kp/1qb2pp1/2n1p3/pp1bP3/2N2PBP/PPQ1B1P1/5K2,1,-1
8/6kp/1qb2pp1/2n1p3/pp1bP3/5PBP/PPQ1B1P1/3N1K2,0,-1
8/6kp/1qb2pp1/2n1p3/p2bP3/1p3PBP/PPQ1B1P1/3N1K2,1,-1
8/6kp/1qb2pp1/2n1p3/p2bP3/1P3PBP/1PQ1B1P1/3N1K2,0,-1
8/6kp/2b2pp1/2n1p3/p2bP3/1q3PBP/1PQ1B1P1/3N1K2,1,-1
8/6kp/2b2pp1/2n1p3/p2bP3/1Q3PBP/1P2B1P1/3N1K2,0,-1
8/6kp/2b2pp1/4p3/p2bP3/1n3PBP/1P2B1P1/3N1K2,1,-1
8/6kp/2b2pp1/4p3/p2bP3/1n3P1P/1P2B1P1/3NBK2,0,-1
8/6kp/2b3p1/4pp2/p2bP3/1n3P1P/1P2B1P1/3NBK2,1,-1
8/6kp/2b3p1/4pP2/p2b4/1n3P1P/1P2B1P1/3NBK2,0,-1
8/6kp/2b5/4pp2/p2b4/1n3P1P/1P2B1P1/3NBK2,1,-1
8/6kp/2b5/4pp2/p1Bb4/1n3P1P/1P4P1/3NBK2,0,-1
8/7p/2b2k2/4pp2/p1Bb4/1n3P1P/1P4P1/3NBK2,1,-1
8/7p/2b2k2/4pp2/p2b4/1B3P1P/1P4P1/3NBK2,0,-1
8/7p/5k2/1b2pp2/p2b4/1B3P1P/1P4P1/3NBK2,1,-1
8/5pk1/pp2qp2/6rp/3R4/1P4QP/1PP3P1/1K6,1,1
8/5pk1/pp2qp2/6rp/3R4/1P5P/1PP2QP1/1K6,0,1
8/5pk1/ppq2p2/6rp/3R4/1P5P/1PP2QP1/1K6,1,1
8/5pk1/ppq2p2/6rp/8/1P5P/1PPR1QP1/1K6,0,1
8/5pk1/pp2qp2/6rp/8/1P5P/1PPR1QP1/1K6,1,1
8/5pk1/pp2qp2/6rp/8/1P1R3P/1PP2QP1/1K6,0,1
8/5pk1/pp3p2/4q1rp/8/1P1R3P/1PP2QP1/1K6,1,1
8/5pk1/pp3p2/4q1rp/8/1P3R1P/1PP2QP1/1K6,0,1
8/5pk1/pp3p2/3q2rp/8/1P3R1P/1PP2QP1/1K6,1,1
8/5pk1/pQ3p2/3q2rp/8/1P3R1P/1PP3P1/1K6,0,1
8/5pk1/pQ3p2/4q1rp/8/1P3R1P/1PP3P1/1K6,1,1
8/5pk1/pQ3p2/4q1rp/8/1P5P/1PP3P1/1K3R2,0,1
8/5pk1/pQ3p2/4q2p/8/1P5P/1PP3r1/1K3R2,1,1
8/5pk1/Q4p2/4q2p/8/1P5P/1PP3r1/1K3R2,0,1
8/5pk1/Q7/4qp1p/8/1P5P/1PP3r1/1K3R2,1,1
8/5pk1/8/4qp1p/8/1P1Q3P/1PP3r1/1K3R2,0,1
8/5pk1/8/4qp1p/8/1P1Q3P/1PP2r2/1K3R2,1,1
8/5pk1/8/4qp1p/8/1P1Q3P/1PP2r2/1K4R1,0,1
8/5pk1/8/4qp1p/8/1P1Q3P/1PP3r1/1K4R1,1,1
8/5pk1/8/4qp1p/8/1P1Q3P/1PP3R1/1K6,0,1
2r3k1/1q2ppn1/p1br2nQ/Pp4P1/4p3/1R2B2P/1PP1NRB1/7K,0,-1
2r3k1/1q2ppn1/p1b3nQ/Pp4P1/4p3/1R2B2P/1PP1NRB1/3r3K,1,-1
2r3k1/1q2ppn1/p1b3nQ/Pp4P1/4p3/1R2B2P/1PP1NRBK/3r4,0,-1
2r3k1/1q2ppn1/p5nQ/Pp1b2P1/4p3/1R2B2P/1PP1NRBK/3r4,1,-1
2r3k1/1q2ppn1/p5nQ/Pp1b2P1/4p3/1R2B1NP/1PP2RBK/3r4,0,-1
2r3k1/1q2ppn1/p5nQ/P2b2P1/1p2p3/1R2B1NP/1PP2RBK/3r4,1,-1
2r3k1/1q2ppn1/p5nQ/P2b2P1/1pP1p3/1R2B1NP/1P3RBK/3r4,0,-1
6k1/1q2ppn1/p5nQ/P2b2P1/1pr1p3/1R2B1NP/1P3RBK/3r4,1,-1
6k1/1q2ppn1/pB4nQ/P2b2P1/1pr1p3/1R4NP/1P3RBK/3r4,0,-1
6k1/1q2ppn1/pB4nQ/P2b2P1/1pr5/1R2p1NP/1P3RBK/3r4,1,-1
6k1/1q2ppn1/pB4nQ/P2b2P1/1pr5/4R1NP/1P3RBK/3r4,0,-1
6k1/1q2ppn1/pB4nQ/P5P1/1pr5/4R1NP/1P3RbK/3r4,1,-1
6k1/1q2ppn1/pB4nQ/P5P1/1pr5/4R1NP/1P4RK/3r4,0,-1
6k1/1q2ppn1/pB4nQ/P5P1/1p5r/4R1NP/1P4RK/3r4,1,-1
6k1/1q2ppn1/pB4nQ/P5P1/1p5r/4R1NP/1PR4K/3r4,0,-1
6k1/1q2ppn1/pB4nr/P5P1/1p6/4R1NP/1PR4K/3r4,1,-1
6k1/1q2ppn1/pB4nP/P7/1p6/4R1NP/1PR4K/3r4,0,-1
6k1/1q2pp2/pB4nP/P4n2/1p6/4R1NP/1PR4K/3r4,1,-1
6k1/1q2pp2/pB4nP/P4n2/1p6/6NP/1PR1R2K/3r4,0,-1
6k1/4pp2/pB4nP/P4n2/1p6/5qNP/1PR1R2K/3r4,1,-1
r3kb1r/3b1p1p/1qnppp2/5P2/p3PN2/1p3N2/PPPQ2PP/1K1R1B1R,1,1
r3kb1r/3b1p1p/1qnppp2/5P2/p3PN2/1P3N2/PP1Q2PP/1K1R1B1R,0,1
r3kb1r/3b1p1p/1qnppp2/5P2/4PN2/1p3N2/PP1Q2PP/1K1R1B1R,1,1
r3kb1r/3b1p1p/1qnppp2/5P2/4PN2/Pp3N2/1P1Q2PP/1K1R1B1R,0,1
4kb1r/3b1p1p/1qnppp2/5P2/r3PN2/Pp3N2/1P1Q2PP/1K1R1B1R,1,1
4kb1r/3b1p1p/1qnppp2/5P1N/r3P3/Pp3N2/1P1Q2PP/1K1R1B1R,0,1
4k2r/3bbp1p/1qnppp2/5P1N/r3P3/Pp3N2/1P1Q2PP/1K1R1B1R,1,1
4k2r/3bbp1p/1qnppp1Q/5P1N/r3P3/Pp3N2/1P4PP/1K1R1B1R,0,1
3k3r/3bbp1p/1qnppp1Q/5P1N/r3P3/Pp3N2/1P4PP/1K1R1B1R,1,1
3k3r/3bbpQp/1qnppp2/5P1N/r3P3/Pp3N2/1P4PP/1K1R1B1R,0,1
3kr3/3bbpQp/1qnppp2/5P1N/r3P3/Pp3N2/1P4PP/1K1R1B1R,1,1
3kr3/3bbpQp/1qnppN2/5P2/r3P3/Pp3N2/1P4PP/1K1R1B1R,0,1
3kr3/3bbpQp/1qnp1N2/5p2/r3P3/Pp3N2/1P4PP/1K1R1B1R,1,1
3kN3/3bbpQp/1qnp4/5p2/r3P3/Pp3N2/1P4PP/1K1R1B1R,0,1
3kN3/3bbpQp/1qnp4/8/r3p3/Pp3N2/1P4PP/1K1R1B1R,1,1
3k4/3bbpQp/1qnN4/8/r3p3/Pp3N2/1P4PP/1K1R1B1R,0,1
3k4/3bbpQp/1qnN4/8/r7/Pp3p2/1P4PP/1K1R1B1R,1,1
3k3Q/3bbp1p/1qnN4/8/r7/Pp3p2/1P4PP/1K1R1B1R,0,1
7Q/2kbbp1p/1qnN4/8/r7/Pp3p2/1P4PP/1K1R1B1R,1,1
7Q/2kbbp1p/1qn5/1N6/r7/Pp3p2/1P4PP/1K1R1B1R,0,1
8/8/N2k3p/1p3B2/8/b4K2/8/8,0,0
8/8/N6p/1p2kB2/8/b4K2/8/8,1,0
8/8/N6p/1p2k3/8/b4K2/2B5/8,0,0
8/8/N6p/1p6/3k4/b4K2/2B5/8,1,0
8/2N5/7p/1p6/3k4/b4K2/2B5/8,0,0
8/2N5/7p/1pk5/8/b4K2/2B5/8,1,0
8/2N5/7p/1pk5/8/b3K3/2B5/8,0,0
8/2N5/7p/1pk5/8/4K3/2B5/2b5,1,0
8/2N5/7p/1pk5/8/3K4/2B5/2b5,0,0
8/2N5/8/1pk4p/8/3K4/2B5/2b5,1,0
8/2N5/8/1pk4p/8/2K5/2B5/2b5,0,0
8/2N5/8/1pk5/7p/2K5/2B5/2b5,1,0
8/8/4N3/1pk5/7p/2K5/2B5/2b5,0,0
8/8/3kN3/1p6/7p/2K5/2B5/2b5,1,0
8/8/3k4/1p6/3N3p/2K5/2B5/2b5,0,0
8/8/8/1p2k3/3N3p/2K5/2B5/2b5,1,0
8/8/8/1p2k3/7p/2K2N2/2B5/2b5,0,0
8/8/8/1p1k4/7p/2K2N2/2B5/2b5,1,0
8/8/8/1p1k4/7N/2K5/2B5/2b5,0,0
8/8/8/1pk5/7N/2K5/2B5/2b5,1,0
1r2b3/R4pk1/5bpp/4p3/P7/1B3N1P/1PP2PP1/1K2r3,1,1
1r2b3/R4pk1/5bpp/4p3/P7/1B5P/1PP2PP1/1K2N3,0,1
1r2b3/R4pk1/5bpp/8/P3p3/1B5P/1PP2PP1/1K2N3,1,1
1r2b3/R4pk1/5bpp/P7/4p3/1B5P/1PP2PP1/1K2N3,0,1
1r2b3/R4pk1/6pp/P7/3bp3/1B5P/1PP2PP1/1K2N3,1,1
1r2b3/4Rpk1/6pp/P7/3bp3/1B5P/1PP2PP1/1K2N3,0,1
1r2b3/4Rpk1/6pp/P7/4p3/1B5P/1PP2bP1/1K2N3,1,1
1r2b3/5pk1/6pp/P7/4R3/1B5P/1PP2bP1/1K2N3,0,1
r3b3/5pk1/6pp/P7/4R3/1B5P/1PP2bP1/1K2N3,1,1
r3b3/5pk1/6pp/P7/4R3/1B1N3P/1PP2bP1/1K6,0,1
r3b3/5pk1/6pp/P7/4R3/1B1N2bP/1PP3P1/1K6,1,1
r3b3/5pk1/6pp/P7/B3R3/3N2bP/1PP3P1/1K6,0,1
r7/5pk1/6pp/P7/b3R3/3N2bP/1PP3P1/1K6,1,1
r7/5pk1/6pp/P7/R7/3N2bP/1PP3P1/1K6,0,1
r7/6k1/6pp/P4p2/R7/3N2bP/1PP3P1/1K6,1,1
r7/6k1/6pp/P4p2/RP6/3N2bP/2P3P1/1K6,0,1
r7/6k1/7p/P4pp1/RP6/3N2bP/2P3P1/1K6,1,1
r7/6k1/7p/PP3pp1/R7/3N2bP/2P3P1/1K6,0,1
r7/6k1/7p/PP4p1/R4p2/3N2bP/2P3P1/1K6,1,1
r7/6k1/1P5p/P5p1/R4p2/3N2bP/2P3P1/1K6,0,1
r3nr1k/pp4pp/2n5/4P3/3R2q1/1B2B3/PP3PPP/5RK1,1,1
r3nr1k/pp4pp/2n5/4P3/6R1/1B2B3/PP3PPP/5RK1,0,1
r3nr1k/pp4pp/8/4n3/6R1/1B2B3/PP3PPP/5RK1,1,1
r3nr1k/pp4pp/8/4n3/1R6/1B2B3/PP3PPP/5RK1,0,1
r4r1k/pp4pp/3n4/4n3/1R6/1B2B3/PP3PPP/5RK1,1,1
r4r1k/pp4pp/3n4/2B1n3/1R6/1B6/PP3PPP/5RK1,0,1
r2r3k/pp4pp/3n4/2B1n3/1R6/1B6/PP3PPP/5RK1,1,1
r2r3k/pp4pp/3n4/2B1n3/1R6/1B6/PP3PPP/3R2K1,0,1
r2r3k/pp4pp/8/2B1nn2/1R6/1B6/PP3PPP/3R2K1,1,1
r2r3k/pR4pp/8/2B1nn2/8/1B6/PP3PPP/3R2K1,0,1
r6k/pR4pp/8/2B1nn2/8/1B6/PP3PPP/3r2K1,1,1
r6k/pR4pp/8/2B1nn2/8/8/PP3PPP/3B2K1,0,1
r6k/1R4pp/8/p1B1nn2/8/8/PP3PPP/3B2K1,1,1
r6k/1R4pp/8/p1B1nn2/6P1/8/PP3P1P/3B2K1,0,1
r6k/1R4pp/8/p1B1n3/6Pn/8/PP3P1P/3B2K1,1,1
r6k/1R4pp/8/p1B1n3/5PPn/8/PP5P/3B2K1,0,1
r6k/1R4pp/8/p1B5/5PPn/3n4/PP5P/3B2K1,1,1
r6k/1R4pp/8/p7/3B1PPn/3n4/PP5P/3B2K1,0,1
r6k/1R4pp/8/p7/3B1nPn/8/PP5P/3B2K1,1,1
r6k/1R4Bp/8/p7/5nPn/8/PP5P/3B2K1,0,1
r5k1/4pp1p/3p2pB/3P4/6PP/1P3P2/p1r5/K2n1B1R,1,0
r5k1/4pp1p/3p2pB/3P4/6PP/1P1B1P2/p1r5/K2n3R,0,0
r5k1/4pp1p/3p2pB/3P4/6PP/1P1B1P2/p1r2n2/K6R,1,0
r5k1/4pp1p/3p2pB/3P4/6PP/1P3P2/p1B2n2/K6R,0,0
r5k1/4pp1p/3p2pB/3P4/6PP/1P3P2/p1B5/K6n,1,0
r5k1/4pp1p/3p2pB/3P4/1P4PP/5P2/p1B5/K6n,0,0
r5k1/4pp1p/3p2pB/3P4/1P4PP/5Pn1/p1B5/K7,1,0
r5k1/4pp1p/3p2pB/3P4/1P4PP/3B1Pn1/p7/K7,0,0
6k1/4pp1p/3p2pB/3P4/1P4PP/r2B1Pn1/p7/K7,1,0
6k1/4pp1p/3p2pB/3P4/1PB3PP/r4Pn1/p7/K7,0,0
6k1/4pp1p/3p2pB/3P4/1PB3PP/5rn1/p7/K7,1,0
6k1/4pp1p/3p2pB/1P1P4/2B3PP/5rn1/p7/K7,0,0
6k1/4pp1p/3p2pB/1P1P4/2B3PP/2r3n1/p7/K7,1,0
6k1/4pp1p/3p2pB/1P1P4/6PP/2r3n1/B7/K7,0,0
6k1/4pp1p/3p2pB/1PrP4/6PP/6n1/B7/K7,1,0
6k1/4pp1p/1P1p2pB/2rP4/6PP/6n1/B7/K7,0,0
6k1/4pp1p/1P1p2pB/1r1P4/6PP/6n1/B7/K7,1,0
6k1/4pp1p/1P1p2p1/1r1P4/6PP/4B1n1/B7/K7,0,0
6k1/4pp1p/1P1p2p1/1r1P4/4n1PP/4B3/B7/K7,1,0
6k1/4pp1p/1P1p2p1/1r1P4/4n1PP/8/B7/K1B5,0,0
2r3k1/6pp/p2p1b2/3P4/qPr2p2/1NP2P2/1P2Q2P/1K1RR3,0,-1
2r3k1/6pp/p2p4/3P4/qPr2p2/1Nb2P2/1P2Q2P/1K1RR3,1,-1
2r3k1/6pp/p2p4/3P4/qPr2p2/1Nb2P2/1P2Q2P/1KR1R3,0,-1
2r3k1/6p1/p2p3p/3P4/qPr2p2/1Nb2P2/1P2Q2P/1KR1R3,1,-1
2r3k1/6p1/p2p3p/2NP4/qPr2p2/2b2P2/1P2Q2P/1KR1R3,0,-1
2r3k1/6p1/p6p/2pP4/qPr2p2/2b2P2/1P2Q2P/1KR1R3,1,-1
2r3k1/6p1/p3Q2p/2pP4/qPr2p2/2b2P2/1P5P/1KR1R3,0,-1
2r5/6pk/p3Q2p/2pP4/qPr2p2/2b2P2/1P5P/1KR1R3,1,-1
2r5/6pk/p6p/2pP1Q2/qPr2p2/2b2P2/1P5P/1KR1R3,0,-1
2r5/7k/p5pp/2pP1Q2/qPr2p2/2b2P2/1P5P/1KR1R3,1,-1
2Q5/7k/p5pp/2pP4/qPr2p2/2b2P2/1P5P/1KR1R3,0,-1
2Q5/7k/p5pp/2pP4/qPr2p2/5P2/1b5P/1KR1R3,1,-1
2Q5/7k/p5pp/2pP4/qPR2p2/5P2/1b5P/1K2R3,0,-1
2Q5/6bk/p5pp/2pP4/qPR2p2/5P2/7P/1K2R3,1,-1
2Q5/4R1bk/p5pp/2pP4/qPR2p2/5P2/7P/1K6,0,-1
2Q5/4R1bk/p5pp/2pP4/1PR2p2/5P2/7P/1K1q4,1,-1
2Q5/4R1bk/p5pp/2pP4/1PR2p2/5P2/K6P/3q4,0,-1
2Q5/4R1bk/p5pp/2pP4/1PR2p2/5P2/K6P/q7,1,-1
2Q5/4R1bk/p5pp/2pP4/1PR2p2/1K3P2/7P/q7,0,-1
2Q5/4R1bk/p5pp/2pP4/1PR2p2/1K3P2/1q5P/8,1,-1
2Q2b2/6p1/3p1qNk/8/2p5/3n4/1P4PP/R6K,0,-1
2Q2b2/6p1/3p1qk1/8/2p5/3n4/1P4PP/R6K,1,-1
5b2/6p1/3p1qk1/8/2Q5/3n4/1P4PP/R6K,0,-1
5b2/6p1/3p2k1/5q2/2Q5/3n4/1P4PP/R6K,1,-1
5bQ1/6p1/3p2k1/5q2/8/3n4/1P4PP/R6K,0,-1
5bQ1/6p1/3p2k1/5q2/8/8/1P3nPP/R6K,1,-1
5bQ1/6p1/3p2k1/5q2/8/8/1P3nPP/R5K1,0,-1
5bQ1/6p1/3p2k1/5q2/4n3/8/1P4PP/R5K1,1,-1
5bQ1/6p1/3p2k1/5q2/4n3/7P/1P4P1/R5K1,0,-1
5bQ1/6p1/6k1/3p1q2/4n3/7P/1P4P1/R5K1,1,-1
5bQ1/6p1/R5k1/3p1q2/4n3/7P/1P4P1/6K1,0,-1
6Q1/6p1/R2b2k1/3p1q2/4n3/7P/1P4P1/6K1,1,-1
4Q3/6p1/R2b2k1/3p1q2/4n3/7P/1P4P1/6K1,0,-1
4Q3/6pk/R2b4/3p1q2/4n3/7P/1P4P1/6K1,1,-1
4Q3/6pk/3b4/3p1q2/4n3/7P/1P4P1/R5K1,0,-1
4Q3/6pk/8/2bp1q2/4n3/7P/1P4P1/R5K1,1,-1
4Q3/6pk/8/2bp1q2/4n3/7P/1P4P1/R6K,0,-1
4Q3/6pk/8/2bp1q2/8/6nP/1P4P1/R6K,1,-1
4Q3/6pk/8/2bp1q2/8/6nP/1P4PK/R7,0,-1
4Q3/6pk/8/2bp4/5q2/6nP/1P4PK/R7,1,-1
1Q6/8/8/8/1p5p/1P2nq1P/2PK2k1/8,0,-1
1Q6/8/8/3n4/1p5p/1P3q1P/2PK2k1/8,1,-1
6Q1/8/8/3n4/1p5p/1P3q1P/2PK2k1/8,0,-1
6Q1/8/8/3n4/1p5p/1P3q1k/2PK4/8,1,-1
6Q1/8/8/3n4/1p5p/1P3q1k/2P5/2K5,0,-1
6Q1/8/8/3n4/1p5p/1P3q2/2P4k/2K5,1,-1
6Q1/8/8/3n4/1p5p/1P3q2/2P4k/1K6,0,-1
6Q1/8/8/3n4/1p2q2p/1P6/2P4k/1K6,1,-1
1Q6/8/8/3n4/1p2q2p/1P6/2P4k/1K6,0,-1
1Q6/8/8/8/1p2qn1p/1P6/2P4k/1K6,1,-1
6Q1/8/8/8/1p2qn1p/1P6/2P4k/1K6,0,-1
6Q1/8/8/8/1p2qn2/1P5p/2P4k/1K6,1,-1
8/8/8/8/1p2qnQ1/1P5p/2P4k/1K6,0,-1
8/8/8/8/1p3nQ1/1P2q2p/2P4k/1K6,1,-1
8/8/8/5Q2/1p3n2/1P2q2p/2P4k/1K6,0,-1
8/8/8/5Q2/1p3n2/1P2q2p/2P3k1/1K6,1,-1
8/8/8/8/1p3nQ1/1P2q2p/2P3k1/1K6,0,-1
8/8/8/8/1p3nQ1/1P4qp/2P3k1/1K6,1,-1
8/8/8/8/1p3n2/1P4qp/2P3k1/1K1Q4,0,-1
8/8/8/8/1p3n2/1P4q1/2P3kp/1K1Q4,1,-1
8/4k3/1R2p3/P1K5/2P1pr1p/5b2/3R3P/8,1,1
8/4k3/1R2p3/P7/2PKpr1p/5b2/3R3P/8,0,1
8/4k3/1R2p3/P7/2PKp1rp/5b2/3R3P/8,1,1
8/4k3/PR2p3/8/2PKp1rp/5b2/3R3P/8,0,1
8/4k3/PR2p3/8/2PKp2p/5b2/3R3P/6r1,1,1
8/4k3/PR2p3/8/2PKp2p/5b2/R6P/6r1,0,1
8/4k3/PR2p3/8/2PKp2p/5b2/R6P/3r4,1,1
8/4k3/PR2p3/2K5/2P1p2p/5b2/R6P/3r4,0,1
8/4k3/PR2p3/2K5/2P4p/4pb2/R6P/3r4,1,1
8/P3k3/1R2p3/2K5/2P4p/4pb2/R6P/3r4,0,1
8/P3k3/1R2p3/2K5/2P4p/4pb2/R2r3P/8,1,1
8/P3k3/1R2p3/2K5/2P4p/R3pb2/3r3P/8,0,1
8/P3k3/1R2p3/2K5/2P4p/R4b2/3rp2P/8,1,1
8/P3k3/1R2p3/2K5/2P4p/4Rb2/3rp2P/8,0,1
8/P3k3/1R2p3/2K5/2P4p/4Rb2/r3p2P/8,1,1
8/P3k3/4R3/2K5/2P4p/4Rb2/r3p2P/8,0,1
8/P2k4/4R3/2K5/2P4p/4Rb2/r3p2P/8,1,1
8/P2kR3/8/2K5/2P4p/4Rb2/r3p2P/8,0,1
3k4/P3R3/8/2K5/2P4p/4Rb2/r3p2P/8,1,1
3kR3/P7/8/2K5/2P4p/4Rb2/r3p2P/8,0,1
8/8/6pB/3k1p2/8/6bP/4n1P1/7K,0,-1
8/8/6pB/5p2/4k3/6bP/4n1P1/7K,1,-1
8/8/6p1/5pB1/4k3/6bP/4n1P1/7K,0,-1
8/8/6p1/5pB1/8/3k2bP/4n1P1/7K,1,-1
8/8/6pB/5p2/8/3k2bP/4n1P1/7K,0,-1
8/8/6pB/5p2/5b2/3k3P/4n1P1/7K,1,-1
5B2/8/6p1/5p2/5b2/3k3P/4n1P1/7K,0,-1
5B2/8/6p1/5p2/5b2/3k2nP/6P1/7K,1,-1
5B2/8/6p1/5p2/5b2/3k2nP/6P1/6K1,0,-1
5B2/8/6p1/5p2/5b2/6nP/4k1P1/6K1,1,-1
8/4B3/6p1/5p2/5b2/6nP/4k1P1/6K1,0,-1
8/4B3/6p1/5p2/8/4b1nP/4k1P1/6K1,1,-1
8/4B3/6p1/5p2/8/4b1nP/4k1PK/8,0,-1
8/4B3/6p1/5p2/8/4b2P/4k1PK/5n2,1,-1
8/4B3/6p1/5p2/8/4b2P/4k1P1/5n1K,0,-1
8/4B3/6p1/5p2/8/4b2P/3nk1P1/7K,1,-1
8/4B3/6p1/5p2/8/4b2P/3nk1PK/8,0,-1
8/4B3/6p1/5p2/4n3/4b2P/4k1PK/8,1,-1
3B4/8/6p1/5p2/4n3/4b2P/4k1PK/8,0,-1
3B4/8/6p1/5p2/4n3/4b2P/6PK/5k2,1,-1
2R5/1r6/4p3/4pk1p/1p4p1/1P2K3/1PP3PP/8,1,0
5R2/1r6/4p3/4pk1p/1p4p1/1P2K3/1PP3PP/8,0,0
5R2/1r6/4p3/4p1kp/1p4p1/1P2K3/1PP3PP/8,1,0
5R2/1r6/4p3/4p1kp/1p4p1/1P2K1P1/1PP4P/8,0,0
5R2/2r5/4p3/4p1kp/1p4p1/1P2K1P1/1PP4P/8,1,0
8/2r5/4p3/4p1kp/1p4p1/1P2K1P1/1PP2R1P/8,0,0
8/2r5/4p3/4p1k1/1p4pp/1P2K1P1/1PP2R1P/8,1,0
8/2r5/4p3/4p1k1/1p4pP/1P2K3/1PP2R1P/8,0,0
8/2r5/4p3/4p3/1p4pk/1P2K3/1PP2R1P/8,1,0
8/2r5/4p3/4p3/1p2K1pk/1P6/1PP2R1P/8,0,0
8/8/4p3/2r1p3/1p2K1pk/1P6/1PP2R1P/8,1,0
8/8/4p3/2r1p3/1p2K1pk/1P6/1PP1R2P/8,0,0
8/8/4p3/2r1p3/1p2K1p1/1P5k/1PP1R2P/8,1,0
8/8/4p3/2r1p3/1p4p1/1P1K3k/1PP1R2P/8,0,0
8/8/4p3/3rp3/1p4p1/1P1K3k/1PP1R2P/8,1,0
8/8/4p3/3rp3/1p2K1p1/1P5k/1PP1R2P/8,0,0
8/8/4p3/2r1p3/1p2K1p1/1P5k/1PP1R2P/8,1,0
8/8/4p3/2r1p3/1p4p1/1P1K3k/1PP1R2P/8,0,0
8/8/4p3/3rp3/1p4p1/1P1K3k/1PP1R2P/8,1,0
8/8/4p3/3rp3/1p2K1p1/1P5k/1PP1R2P/8,0,0
6k1/R7/3p2p1/p4pK1/5Pp1/8/7r/8,0,-1
6k1/R7/3p2p1/p4pK1/5Pp1/8/r7/8,1,-1
6k1/R7/3p1Kp1/p4p2/5Pp1/8/r7/8,0,-1
6k1/R7/3p1Kp1/p4p2/5Pp1/8/1r6/8,1,-1
R5k1/8/3p1Kp1/p4p2/5Pp1/8/1r6/8,0,-1
R7/7k/3p1Kp1/p4p2/5Pp1/8/1r6/8,1,-1
8/R6k/3p1Kp1/p4p2/5Pp1/8/1r6/8,0,-1
8/R7/3p1Kpk/p4p2/5Pp1/8/1r6/8,1,-1
8/8/3p1Kpk/R4p2/5Pp1/8/1r6/8,0,-1
8/8/3p1Kpk/R4p2/5P2/6p1/1r6/8,1,-1
8/8/3p1Kpk/5p2/5P2/R5p1/1r6/8,0,-1
8/8/3p1Kpk/5p2/5P2/R5p1/6r1/8,1,-1
8/8/3p1Kpk/5p2/5P2/3R2p1/6r1/8,0,-1
8/8/3p1Kp1/5p1k/5P2/3R2p1/6r1/8,1,-1
8/8/3R1Kp1/5p1k/5P2/6p1/6r1/8,0,-1
8/8/3R1Kp1/5p2/5Pk1/6p1/6r1/8,1,-1
8/8/5Kp1/5p2/3R1Pk1/6p1/6r1/8,0,-1
8/8/5Kp1/5p2/3R1Pk1/6p1/5r2/8,1,-1
8/8/6K1/5p2/3R1Pk1/6p1/5r2/8,0,-1
8/8/6K1/5p2/3R1Pk1/8/5rp1/8,1,-1
5bk1/7p/p3p3/2pP2P1/4pnP1/2B5/P3QK1P/8,0,-1
5bk1/7p/p3p3/2pP2P1/4p1P1/2B5/P3nK1P/8,1,-1
5bk1/7p/p3p3/2pP2P1/4p1P1/2B5/P3K2P/8,0,-1
5bk1/7p/p7/2pp2P1/4p1P1/2B5/P3K2P/8,1,-1
5bk1/7p/p7/2ppB1P1/4p1P1/8/P3K2P/8,0,-1
5bk1/7p/p7/2p1B1P1/3pp1P1/8/P3K2P/8,1,-1
5bk1/7p/p7/2p1B1P1/3pp1PP/8/P3K3/8,0,-1
5b2/5k1p/p7/2p1B1P1/3pp1PP/8/P3K3/8,1,-1
5b2/5k1p/p7/2p1B1P1/P2pp1PP/8/4K3/8,0,-1
5b2/7p/p3k3/2p1B1P1/P2pp1PP/8/4K3/8,1,-1
5b2/7p/p3kB2/2p3P1/P2pp1PP/8/4K3/8,0,-1
8/7p/p2bkB2/2p3P1/P2pp1PP/8/4K3/8,1,-1
8/7p/p2bkB2/2p3PP/P2pp1P1/8/4K3/8,0,-1
8/7p/p3kB2/2p3PP/P2ppbP1/8/4K3/8,1,-1
3B4/7p/p3k3/2p3PP/P2ppbP1/8/4K3/8,0,-1
3B4/7p/p3k3/2p3PP/P3pbP1/3p4/4K3/8,1,-1
3B4/7p/p3k3/2p3PP/P3pbP1/3p4/5K2/8,0,-1
3B4/7p/p3k3/2p3PP/P4bP1/3pp3/5K2/8,1,-1
3B4/7p/p3k3/2p3PP/P4bP1/3ppK2/8/8,0,-1
3B4/7p/p3k3/2p3PP/P4bP1/3p1K2/4p3/8,1,-1
2r3k1/p3ppbp/3p2p1/qB2n2P/1p1N2P1/2r5/PBP5/1K1RQ2R,1,1
2r3k1/p3ppbp/3p2P1/qB2n3/1p1N2P1/2r5/PBP5/1K1RQ2R,0,1
2r3k1/p3ppbp/3p2n1/qB6/1p1N2P1/2r5/PBP5/1K1RQ2R,1,1
2r3k1/p2Bppbp/3p2n1/q7/1p1N2P1/2r5/PBP5/1K1RQ2R,0,1
6k1/p2Bppbp/3p2n1/q7/1prN2P1/2r5/PBP5/1K1RQ2R,1,1
6k1/p3ppbp/3pB1n1/q7/1prN2P1/2r5/PBP5/1K1RQ2R,0,1
6k1/p3ppbp/3pB1n1/q7/1p1r2P1/2r5/PBP5/1K1RQ2R,1,1
6k1/p3pBbp/3p2n1/q7/1p1r2P1/2r5/PBP5/1K1RQ2R,0,1
8/p3pkbp/3p2n1/q7/1p1r2P1/2r5/PBP5/1K1RQ2R,1,1
8/p3pkbp/3p2n1/q7/1p1R2P1/2r5/PBP5/1K2Q2R,0,1
8/p3pk1p/3p2n1/q7/1p1b2P1/2r5/PBP5/1K2Q2R,1,1
8/p3pk1R/3p2n1/q7/1p1b2P1/2r5/PBP5/1K2Q3,0,1
6k1/p3p2R/3p2n1/q7/1p1b2P1/2r5/PBP5/1K2Q3,1,1
6k1/p3p3/3p2n1/q6R/1p1b2P1/2r5/PBP5/1K2Q3,0,1
6k1/p3p3/3p2n1/7R/qp1b2P1/2r5/PBP5/1K2Q3,1,1
6k1/p3p3/3p2n1/7R/qp1bQ1P1/2r5/PBP5/1K6,0,1
5nk1/p3p3/3p4/7R/qp1bQ1P1/2r5/PBP5/1K6,1,1
5nk1/p3p3/3p4/7R/qp1Q2P1/2r5/PBP5/1K6,0,1
5nk1/p3p3/3p4/7R/1p1Q2P1/2r5/PBq5/1K6,1,1
5nk1/p3p3/3p4/7R/1p1Q2P1/2r5/PBq5/K7,0,1
r6r/1p1nkppp/p1b1p3/8/4pBP1/P6P/1PP2PB1/2KRR3,1,1
r6r/1p1nkppp/p1bBp3/8/4p1P1/P6P/1PP2PB1/2KRR3,0,1
r6r/1p1n1ppp/p1bBpk2/8/4p1P1/P6P/1PP2PB1/2KRR3,1,1
r6r/1p1n1ppp/p1bBpk2/8/4B1P1/P6P/1PP2P2/2KRR3,0,1
2r4r/1p1n1ppp/p1bBpk2/8/4B1P1/P6P/1PP2P2/2KRR3,1,1
2r4r/1p1n1ppp/p1bBpk2/6P1/4B3/P6P/1PP2P2/2KRR3,0,1
2r4r/1p1n1ppp/p1bBp3/6k1/4B3/P6P/1PP2P2/2KRR3,1,1
2r4r/1p1nBppp/p1b1p3/6k1/4B3/P6P/1PP2P2/2KRR3,0,1
2r4r/1p2Bppp/p1b1pn2/6k1/4B3/P6P/1PP2P2/2KRR3,1,1
2r4r/1p2Bppp/p1b1pn2/6k1/4B3/P6P/1PP2P2/2KR2R1,0,1
2r4r/1p2Bppp/p1b1pn1k/8/4B3/P6P/1PP2P2/2KR2R1,1,1
2r4r/1p2Bppp/p1B1pn1k/8/8/P6P/1PP2P2/2KR2R1,0,1
7r/1p2Bppp/p1r1pn1k/8/8/P6P/1PP2P2/2KR2R1,1,1
7r/1p2Bppp/p1r1pn1k/8/3R4/P6P/1PP2P2/2K3R1,0,1
7r/1p2Bppp/p1r1p2k/7n/3R4/P6P/1PP2P2/2K3R1,1,1
7r/1p3ppp/p1r1p2k/6Bn/3R4/P6P/1PP2P2/2K3R1,0,1
7r/1p3ppp/p1r1p1k1/6Bn/3R4/P6P/1PP2P2/2K3R1,1,1
7r/1p3ppp/p1r1p1k1/6Bn/7R/P6P/1PP2P2/2K3R1,0,1
7r/1p3ppp/p1r1pnk1/6B1/7R/P6P/1PP2P2/2K3R1,1,1
7r/1p3ppp/p1r1pnk1/8/7R/P3B2P/1PP2P2/2K3R1,0,1
5r1k/1p2Npbp/3Qb1p1/6P1/3Bqp2/1P1R3P/P2K4/8,0,-1
4r2k/1p2Npbp/3Qb1p1/6P1/3Bqp2/1P1R3P/P2K4/8,1,-1
4r2k/1p2Npbp/3QbBp1/6P1/4qp2/1P1R3P/P2K4/8,0,-1
4r2k/1p2Npbp/3Q1Bp1/5bP1/4qp2/1P1R3P/P2K4/8,1,-1
4r2k/1p3pbp/3Q1Bp1/5NP1/4qp2/1P1R3P/P2K4/8,0,-1
4r2k/1p3pbp/3Q1B2/5pP1/4qp2/1P1R3P/P2K4/8,1,-1
4r2k/1p3pBp/3Q4/5pP1/4qp2/1P1R3P/P2K4/8,0,-1
4r3/1p3pkp/3Q4/5pP1/4qp2/1P1R3P/P2K4/8,1,-1
4r3/1p3pkp/5Q2/5pP1/4qp2/1P1R3P/P2K4/8,0,-1
4r1k1/1p3p1p/5Q2/5pP1/4qp2/1P1R3P/P2K4/8,1,-1
3Rr1k1/1p3p1p/5Q2/5pP1/4qp2/1P5P/P2K4/8,0,-1
3Rr1k1/1p3p1p/5Q2/5pP1/4q3/1P3p1P/P2K4/8,1,-1
4R1k1/1p3p1p/5Q2/5pP1/4q3/1P3p1P/P2K4/8,0,-1
4q1k1/1p3p1p/5Q2/5pP1/8/1P3p1P/P2K4/8,1,-1
4q1k1/1p3p1p/8/5QP1/8/1P3p1P/P2K4/8,0,-1
6k1/1p3p1p/8/5QP1/8/1P3p1P/P2Kq3/8,1,-1
6k1/1p3p1p/8/5QP1/8/1P3p1P/P3q3/2K5,0,-1
6k1/1p3p1p/8/5QP1/8/1P3p1P/P7/2K1q3,1,-1
6k1/1p3p1p/8/5QP1/8/1P3p1P/P1K5/4q3,0,-1
6k1/1p3p1p/8/5QP1/8/1P5P/P1K2p2/4q3,1,-1
3r2k1/p3pp1p/2p1b1p1/qr6/NnP3P1/1B3P2/PP3Q1P/2KR3R,1,1
3R2k1/p3pp1p/2p1b1p1/qr6/NnP3P1/1B3P2/PP3Q1P/2K4R,0,1
3q2k1/p3pp1p/2p1b1p1/1r6/NnP3P1/1B3P2/PP3Q1P/2K4R,1,1
3q2k1/p3pp1p/2p1b1p1/1r6/NnP3P1/1B3P2/PP3Q1P/2KR4,0,1
3q2k1/p3pp1p/2p1b1p1/1r6/N1P3P1/1B1n1P2/PP3Q1P/2KR4,1,1
3q2k1/p3pp1p/2p1b1p1/1r6/N1P3P1/1B1R1P2/PP3Q1P/2K5,0,1
6k1/p3pp1p/2p1b1p1/1r6/N1P3P1/1B1q1P2/PP3Q1P/2K5,1,1
6k1/p3pp1p/2p1b1p1/1P6/N5P1/1B1q1P2/PP3Q1P/2K5,0,1
6k1/p3pp1p/2p3p1/1P6/N5P1/1b1q1P2/PP3Q1P/2K5,1,1
6k1/p3pp1p/2p3p1/1P6/N5P1/1P1q1P2/1P3Q1P/2K5,0,1
6k1/p3pp1p/2p3p1/1P6/N5P1/1q3P2/1P3Q1P/2K5,1,1
6k1/p3pp1p/2p3p1/1P6/6P1/1qN2P2/1P3Q1P/2K5,0,1
6k1/p3pp1p/6p1/1p6/6P1/1qN2P2/1P3Q1P/2K5,1,1
6k1/Q3pp1p/6p1/1p6/6P1/1qN2P2/1P5P/2K5,0,1
6k1/Q3pp1p/6p1/8/1p4P1/1qN2P2/1P5P/2K5,1,1
1Q4k1/4pp1p/6p1/8/1p4P1/1qN2P2/1P5P/2K5,0,1
1Q6/4ppkp/6p1/8/1p4P1/1qN2P2/1P5P/2K5,1,1
8/4ppkp/6p1/4Q3/1p4P1/1qN2P2/1P5P/2K5,0,1
6k1/4pp1p/6p1/4Q3/1p4P1/1qN2P2/1P5P/2K5,1,1
6k1/4pp1p/6p1/3Q4/1p4P1/1qN2P2/1P5P/2K5,0,1
rn5r/1p3qk1/p4pp1/4p1p1/6Q1/1P2N3/1PP2PPP/R2R2K1,1,1
rn5r/1p3qk1/p2R1pp1/4p1p1/6Q1/1P2N3/1PP2PPP/R5K1,0,1
rn5r/1p3qk1/3R1pp1/p3p1p1/6Q1/1P2N3/1PP2PPP/R5K1,1,1
rn5r/1p3qk1/3R1pp1/p3p1p1/6Q1/1P2N3/1PP2PPP/3R2K1,0,1
rn2r3/1p3qk1/3R1pp1/p3p1p1/6Q1/1P2N3/1PP2PPP/3R2K1,1,1
rn2r3/1p3qk1/3R1pp1/p2Np1p1/6Q1/1P6/1PP2PPP/3R2K1,0,1
1n2r3/1p3qk1/r2R1pp1/p2Np1p1/6Q1/1P6/1PP2PPP/3R2K1,1,1
1n2r3/1p3qk1/r2R1Np1/p3p1p1/6Q1/1P6/1PP2PPP/3R2K1,0,1
1n3r2/1p3qk1/r2R1Np1/p3p1p1/6Q1/1P6/1PP2PPP/3R2K1,1,1
1n3r2/1p3qk1/r2R1Np1/p3p1Q1/8/1P6/1PP2PPP/3R2K1,0,1
1n3r2/1p3qk1/3r1Np1/p3p1Q1/8/1P6/1PP2PPP/3R2K1,1,1
1n3r2/1p3qk1/3R1Np1/p3p1Q1/8/1P6/1PP2PPP/6K1,0,1
1n3r2/1p3qk1/3R1Np1/4p1Q1/p7/1P6/1PP2PPP/6K1,1,1
1n3r2/1p3qk1/3R1Np1/4Q3/p7/1P6/1PP2PPP/6K1,0,1
1n3r2/1p3q2/3R1Npk/4Q3/p7/1P6/1PP2PPP/6K1,1,1
1n3r2/1p3q2/3R1Npk/4Q3/P7/8/1PP2PPP/6K1,0,1
5r2/1p3q2/2nR1Npk/4Q3/P7/8/1PP2PPP/6K1,1,1
5r2/1p3q2/2nR1Npk/8/P7/4Q3/1PP2PPP/6K1,0,1
5r2/1p3q2/2nR1N1k/6p1/P7/4Q3/1PP2PPP/6K1,1,1
5r2/1p1N1q2/2nR3k/6p1/P7/4Q3/1PP2PPP/6K1,0,1
r4k2/2q3r1/1n1bP2p/1B6/p3Q2B/8/PPP4P/2KR4,0,0
r4k2/2q1b1r1/1n2P2p/1B6/p3Q2B/8/PPP4P/2KR4,1,0
r4k2/2q1b1r1/1n2P2p/1B6/p3Q3/6B1/PPP4P/2KR4,0,0
r4k2/4b1r1/1n2P2p/1Bq5/p3Q3/6B1/PPP4P/2KR4,1,0
r4k2/4b1r1/1n2P2p/1Bq1B3/p3Q3/8/PPP4P/2KR4,0,0
r4k2/4b1r1/1n2P2p/1q2B3/p3Q3/8/PPP4P/2KR4,1,0
r4k2/4b1r1/1n2P2p/1q2B3/p3Q2P/8/PPP5/2KR4,0,0
3r1k2/4b1r1/1n2P2p/1q2B3/p3Q2P/8/PPP5/2KR4,1,0
3r1k2/4b1r1/1n2P2p/1q2B3/p6P/5Q2/PPP5/2KR4,0,0
3r2k1/4b1r1/1n2P2p/1q2B3/p6P/5Q2/PPP5/2KR4,1,0
3R2k1/4b1r1/1n2P2p/1q2B3/p6P/5Q2/PPP5/2K5,0,0
3b2k1/6r1/1n2P2p/1q2B3/p6P/5Q2/PPP5/2K5,1,0
3b2k1/6B1/1n2P2p/1q6/p6P/5Q2/PPP5/2K5,0,0
3b4/6k1/1n2P2p/1q6/p6P/5Q2/PPP5/2K5,1,0
3b4/5Qk1/1n2P2p/1q6/p6P/8/PPP5/2K5,0,0
3b3k/5Q2/1n2P2p/1q6/p6P/8/PPP5/2K5,1,0
3b1Q1k/8/1n2P2p/1q6/p6P/8/PPP5/2K5,0,0
3b1Q2/7k/1n2P2p/1q6/p6P/8/PPP5/2K5,1,0
3b4/5Q1k/1n2P2p/1q6/p6P/8/PPP5/2K5,0,0
3b3k/5Q2/1n2P2p/1q6/p6P/8/PPP5/2K5,1,0
6k1/5p1p/4p1p1/4r1b1/1P6/P6P/4B1P1/5R1K,1,0
6k1/5p1p/4p1p1/4r1b1/1P6/P4B1P/6P1/5R1K,0,0
6k1/4bp1p/4p1p1/4r3/1P6/P4B1P/6P1/5R1K,1,0
6k1/4bp1p/4p1p1/4r3/1P6/P4B1P/6P1/1R5K,0,0
6k1/5p1p/4p1p1/4r3/1P5b/P4B1P/6P1/1R5K,1,0
6k1/5p1p/4p1p1/4r3/PP5b/5B1P/6P1/1R5K,0,0
6k1/5p1p/4p1p1/8/PP5b/5B1P/6P1/1R2r2K,1,0
6k1/5p1p/4p1p1/8/PP5b/5B1P/6P1/4R2K,0,0
6k1/5p1p/4p1p1/8/PP6/5B1P/6P1/4b2K,1,0
6k1/5p1p/4p1p1/1P6/P7/5B1P/6P1/4b2K,0,0
6k1/5p1p/4p1p1/bP6/P7/5B1P/6P1/7K,1,0
6k1/5p1p/4p1p1/bP6/P7/5B1P/6P1/6K1,0,0
5k2/5p1p/4p1p1/bP6/P7/5B1P/6P1/6K1,1,0
5k2/5p1p/4p1p1/bP6/P7/5B1P/5KP1/8,0,0
8/4kp1p/4p1p1/bP6/P7/5B1P/5KP1/8,1,0
8/4kp1p/4p1p1/bP6/P7/4KB1P/6P1/8,0,0
8/5p1p/3kp1p1/bP6/P7/4KB1P/6P1/8,1,0
8/5p1p/2Bkp1p1/bP6/P7/4K2P/6P1/8,0,0
8/7p/2Bkp1p1/bP3p2/P7/4K2P/6P1/8,1,0
8/7p/2Bkp1p1/bP3p2/P5P1/4K2P/8/8,0,0
8/5r1k/4p1q1/2p1B3/p4P2/5Q1P/1PP3PK/8,1,1
Q7/5r1k/4p1q1/2p1B3/p4P2/7P/1PP3PK/8,0,1
Q5q1/5r1k/4p3/2p1B3/p4P2/7P/1PP3PK/8,1,1
6q1/5r1k/4p3/2p1B3/Q4P2/7P/1PP3PK/8,0,1
5rq1/7k/4p3/2p1B3/Q4P2/7P/1PP3PK/8,1,1
5rq1/Q6k/4p3/2p1B3/5P2/7P/1PP3PK/8,0,1
5r2/Q4q1k/4p3/2p1B3/5P2/7P/1PP3PK/8,1,1
5r2/5q1k/4p3/2Q1B3/5P2/7P/1PP3PK/8,0,1
3r4/5q1k/4p3/2Q1B3/5P2/7P/1PP3PK/8,1,1
3r4/5q1k/4p3/4B3/5P2/2Q4P/1PP3PK/8,0,1
3r4/3q3k/4p3/4B3/5P2/2Q4P/1PP3PK/8,1,1
3r4/3q3k/4p3/4B3/5P2/6QP/1PP3PK/8,0,1
3r4/4q2k/4p3/4B3/5P2/6QP/1PP3PK/8,1,1
3r4/4q2k/4p3/4B3/5P2/4Q2P/1PP3PK/8,0,1
6r1/4q2k/4p3/4B3/5P2/4Q2P/1PP3PK/8,1,1
6r1/4q2k/4p3/4B3/4QP2/7P/1PP3PK/8,0,1
6r1/4q3/4p2k/4B3/4QP2/7P/1PP3PK/8,1,1
6r1/4q3/4p2k/4BP2/4Q3/7P/1PP3PK/8,0,1
6r1/4q3/7k/4Bp2/4Q3/7P/1PP3PK/8,1,1
6r1/4q3/7k/5p2/4QB2/7P/1PP3PK/8,0,1
2k5/4RN2/p7/1p6/3P1bP1/KP5p/P5b1/8,1,-1
2k1R3/5N2/p7/1p6/3P1bP1/KP5p/P5b1/8,0,-1
4R3/3k1N2/p7/1p6/3P1bP1/KP5p/P5b1/8,1,-1
7R/3k1N2/p7/1p6/3P1bP1/KP5p/P5b1/8,0,-1
7R/3k1N2/p7/1p6/3P1bP1/KP6/P5bp/8,1,-1
7R/3k4/p7/1p2N3/3P1bP1/KP6/P5bp/8,0,-1
7R/2k5/p7/1p2N3/3P1bP1/KP6/P5bp/8,1,-1
8/2k4R/p7/1p2N3/3P1bP1/KP6/P5bp/8,0,-1
8/7R/pk6/1p2N3/3P1bP1/KP6/P5bp/8,1,-1
8/3N3R/pk6/1p6/3P1bP1/KP6/P5bp/8,0,-1
8/3N3R/p1k5/1p6/3P1bP1/KP6/P5bp/8,1,-1
8/7R/p1k5/1p2N3/3P1bP1/KP6/P5bp/8,0,-1
8/7R/p7/1p1kN3/3P1bP1/KP6/P5bp/8,1,-1
8/7R/p7/1p1kN1P1/3P1b2/KP6/P5bp/8,0,-1
8/7R/p7/1p2N1P1/3k1b2/KP6/P5bp/8,1,-1
8/7R/p5P1/1p2N3/3k1b2/KP6/P5bp/8,0,-1
8/7R/p5P1/1p2b3/3k4/KP6/P5bp/8,1,-1
8/6PR/p7/1p2b3/3k4/KP6/P5bp/8,0,-1
8/6PR/p7/1p2b3/8/KPk5/P5bp/8,1,-1
8/6P1/p7/1p2b3/7R/KPk5/P5bp/8,0,-1
2r3k1/2r3Pp/1q1p4/3P1Np1/1p2p3/pP1Q1P2/P1P5/1K5R,1,1
2r3k1/2r3Pp/1q1p3N/3P2p1/1p2p3/pP1Q1P2/P1P5/1K5R,0,1
2r5/2r3kp/1q1p3N/3P2p1/1p2p3/pP1Q1P2/P1P5/1K5R,1,1
2r5/2r3kp/1q1p3N/3P2p1/1p2Q3/pP3P2/P1P5/1K5R,0,1
2r5/2r3kp/3p3N/2qP2p1/1p2Q3/pP3P2/P1P5/1K5R,1,1
2r5/2r3kp/3p4/2qP1Np1/1p2Q3/pP3P2/P1P5/1K5R,0,1
2r4k/2r4p/3p4/2qP1Np1/1p2Q3/pP3P2/P1P5/1K5R,1,1
2r4k/2r4p/3p4/2qP1Np1/1pP1Q3/pP3P2/P7/1K5R,0,1
2r4k/2r4p/3p4/2qP1Np1/4Q3/pPp2P2/P7/1K5R,1,1
2r4k/2r1N2p/3p4/2qP2p1/4Q3/pPp2P2/P7/1K5R,0,1
2r4k/2r1N2p/3p4/2qP2p1/4Q3/pP3P2/P1p5/1K5R,1,1
2r4k/2r1N2p/3p4/2qP2p1/4Q3/pP3P2/P1p5/2K4R,0,1
2r4k/4r2p/3p4/2qP2p1/4Q3/pP3P2/P1p5/2K4R,1,1
2r4k/4Q2p/3p4/2qP2p1/8/pP3P2/P1p5/2K4R,0,1
2r4k/2q1Q2p/3p4/3P2p1/8/pP3P2/P1p5/2K4R,1,1
2r4k/2q1Q2R/3p4/3P2p1/8/pP3P2/P1p5/2K5,0,1
2r3k1/2q1Q2R/3p4/3P2p1/8/pP3P2/P1p5/2K5,1,1
2r3k1/2Q4R/3p4/3P2p1/8/pP3P2/P1p5/2K5,0,1
6k1/2r4R/3p4/3P2p1/8/pP3P2/P1p5/2K5,1,1
6k1/2R5/3p4/3P2p1/8/pP3P2/P1p5/2K5,0,1
4R3/8/8/5k2/2PK3P/4p3/8/r7,1,1
8/8/8/5k2/2PK3P/4R3/8/r7,0,1
8/8/8/5k2/2PK3P/4R3/8/7r,1,1
8/8/8/3K1k2/2P4P/4R3/8/7r,0,1
8/8/8/3K1k2/2P4r/4R3/8/8,1,1
8/8/8/2PK1k2/7r/4R3/8/8,0,1
8/8/8/2PK1k2/8/4R3/8/7r,1,1
8/8/2P5/3K1k2/8/4R3/8/7r,0,1
8/8/2P5/3K1k2/8/4R3/8/3r4,1,1
8/8/2P5/2K2k2/8/4R3/8/3r4,0,1
8/8/2P5/2K2k2/8/4R3/8/2r5,1,1
8/8/2PK4/5k2/8/4R3/8/2r5,0,1
8/8/2PK4/5k2/8/4R3/8/3r4,1,1
8/2K5/2P5/5k2/8/4R3/8/3r4,0,1
8/2K5/2P2k2/8/8/4R3/8/3r4,1,1
2K5/8/2P2k2/8/8/4R3/8/3r4,0,1
2K5/8/2P2k2/8/8/4R3/8/1r6,1,1
2K5/2P5/5k2/8/8/4R3/8/1r6,0,1
2K5/2P2k2/8/8/8/4R3/8/1r6,1,1
2K5/2P2k2/8/8/4R3/8/8/1r6,0,1
r2r2k1/1q3p1p/1P2p1p1/8/3p2P1/p4P2/Bb4QP/4R1BK,0,-1
r2r2k1/5p1p/1q2p1p1/8/3p2P1/p4P2/Bb4QP/4R1BK,1,-1
r2r2k1/5p1p/1q2p1p1/8/3p2P1/p4PQ1/Bb5P/4R1BK,0,-1
r2r2k1/5p1p/3qp1p1/8/3p2P1/p4PQ1/Bb5P/4R1BK,1,-1
r2r2k1/5p1p/3qp1p1/8/3p2PQ/p4P2/Bb5P/4R1BK,0,-1
r2r2k1/5p1p/3qp1p1/8/6PQ/p2p1P2/Bb5P/4R1BK,1,-1
r2r2k1/5p1p/3qp1p1/8/6PQ/p2p1P2/Bb5P/3R2BK,0,-1
r2r2k1/5p1p/3qp1p1/8/6PQ/p4P2/Bb1p3P/3R2BK,1,-1
r2r2k1/5p1p/3qp1p1/8/6PQ/p3BP2/Bb1p3P/3R3K,0,-1
r2r2k1/5p1p/4p1p1/8/6PQ/p2qBP2/Bb1p3P/3R3K,1,-1
r2r2k1/5p1p/4p1p1/8/6P1/p2qBP2/Bb1p1Q1P/3R3K,0,-1
r2r2k1/5p1p/4p1p1/8/6P1/p2qBP2/B2p1Q1P/2bR3K,1,-1
r2r2k1/5p1p/4p1pB/8/6P1/p2q1P2/B2p1Q1P/2bR3K,0,-1
r2r2k1/5p1p/4p1pB/8/6P1/p4P2/B1qp1Q1P/2bR3K,1,-1
r2r2k1/5p1p/4p1pB/8/6P1/p4P2/B1qpQ2P/2bR3K,0,-1
r2r2k1/5p1p/4p1pB/8/6P1/p4P2/q2pQ2P/2bR3K,1,-1
r2r2k1/5p1p/4p1p1/6B1/6P1/p4P2/q2pQ2P/2bR3K,0,-1
r2r2k1/5p1p/4p1p1/3q2B1/6P1/p4P2/3pQ2P/2bR3K,1,-1
r2r2k1/5p1p/4pBp1/3q4/6P1/p4P2/3pQ2P/2bR3K,0,-1
r2r2k1/5p1p/4pBp1/3q4/6P1/5P2/p2pQ2P/2bR3K,1,-1
6rk/1Q2B2p/p1r2p1P/P2p2p1/3P2q1/2P3R1/4nPP1/4R1K1,1,1
6rk/1Q2B2p/p1r2p1P/P2p2p1/3P2q1/2P3R1/4RPP1/6K1,0,1
6rk/1Q2B2p/p1r2p1P/P2p2p1/3P4/2P3R1/4qPP1/6K1,1,1
6rk/4B2p/p1Q2p1P/P2p2p1/3P4/2P3R1/4qPP1/6K1,0,1
6rk/4q2p/p1Q2p1P/P2p2p1/3P4/2P3R1/5PP1/6K1,1,1
6rk/4q2p/p1Q2p1P/P2p2p1/3P4/2P1R3/5PP1/6K1,0,1
6rk/5q1p/p1Q2p1P/P2p2p1/3P4/2P1R3/5PP1/6K1,1,1
6rk/5q1p/Q4p1P/P2p2p1/3P4/2P1R3/5PP1/6K1,0,1
1r5k/5q1p/Q4p1P/P2p2p1/3P4/2P1R3/5PP1/6K1,1,1
1r5k/5q1p/Q4p1P/P2p2p1/3P4/2P5/5PP1/4R1K1,0,1
1r5k/5q1p/Q4p1P/P2p4/3P2p1/2P5/5PP1/4R1K1,1,1
1r5k/5q1p/3Q1p1P/P2p4/3P2p1/2P5/5PP1/4R1K1,0,1
6rk/5q1p/3Q1p1P/P2p4/3P2p1/2P5/5PP1/4R1K1,1,1
6rk/5q1p/P2Q1p1P/3p4/3P2p1/2P5/5PP1/4R1K1,0,1
6rk/7p/P2Q1pqP/3p4/3P2p1/2P5/5PP1/4R1K1,1,1
6rk/P6p/3Q1pqP/3p4/3P2p1/2P5/5PP1/4R1K1,0,1
6rk/P6p/3Q1p1q/3p4/3P2p1/2P5/5PP1/4R1K1,1,1
6rk/P6p/5p1q/3Q4/3P2p1/2P5/5PP1/4R1K1,0,1
6rk/P6p/5p2/3Q4/3P2p1/2P5/3q1PP1/4R1K1,1,1
6Qk/P6p/5p2/8/3P2p1/2P5/3q1PP1/4R1K1,0,1
8/2B5/1K4R1/3r4/6p1/5b2/6k1/8,0,0
8/2B5/1K4R1/3r4/6p1/5b2/5k2/8,1,0
8/2B3R1/1K6/3r4/6p1/5b2/5k2/8,0,0
8/2B3R1/1K6/7r/6p1/5b2/5k2/8,1,0
8/6R1/1K1B4/7r/6p1/5b2/5k2/8,0,0
8/6R1/1K1B4/8/6p1/5b1r/5k2/8,1,0
8/6R1/3B4/2K5/6p1/5b1r/5k2/8,0,0
8/6R1/3B3r/2K5/6p1/5b2/5k2/8,1,0
8/8/3B3r/2K3R1/6p1/5b2/5k2/8,0,0
8/8/3B3r/2K3R1/6p1/4kb2/8/8,1,0
8/6R1/3B3r/2K5/6p1/4kb2/8/8,0,0
8/6R1/3B4/2K4r/6p1/4kb2/8/8,1,0
8/6R1/1K1B4/7r/6p1/4kb2/8/8,0,0
8/6R1/1K1B4/7r/3k2p1/5b2/8/8,1,0
8/6R1/1K6/7r/3k2p1/5bB1/8/8,0,0
8/6R1/1K5r/8/3k2p1/5bB1/8/8,1,0
8/2K3R1/7r/8/3k2p1/5bB1/8/8,0,0
8/2K3R1/r7/8/3k2p1/5bB1/8/8,1,0
8/2K5/r7/6R1/3k2p1/5bB1/8/8,0,0
8/r1K5/8/6R1/3k2p1/5bB1/8/8,1,0
8/3k4/p3r1p1/2p2p1p/1pN4P/1PbP2P1/2P5/3K2R1,0,-1
8/8/p1k1r1p1/2p2p1p/1pN4P/1PbP2P1/2P5/3K2R1,1,-1
8/8/p1k1r1p1/2p2p1p/1pN4P/1PbP2P1/2P5/3K1R2,0,-1
8/8/p3r1p1/1kp2p1p/1pN4P/1PbP2P1/2P5/3K1R2,1,-1
8/8/p3r1p1/1kp2p1p/1pN4P/1PbP2P1/2P5/3K2R1,0,-1
8/8/4r1p1/pkp2p1p/1pN4P/1PbP2P1/2P5/3K2R1,1,-1
8/8/4r1p1/pkp2p1p/1pN4P/1PbP2P1/2P5/3K1R2,0,-1
8/8/4r1p1/1kp2p1p/ppN4P/1PbP2P1/2P5/3K1R2,1,-1
8/8/4r1p1/1kp2p1p/PpN4P/2bP2P1/2P5/3K1R2,0,-1
8/8/4r1p1/2p2p1p/kpN4P/2bP2P1/2P5/3K1R2,1,-1
8/8/4r1p1/2p2p1p/kpN4P/2bP2P1/2P5/3K2R1,0,-1
8/8/4r1p1/1kp2p1p/1pN4P/2bP2P1/2P5/3K2R1,1,-1
8/8/4r1p1/1kp2p1p/1pN4P/2bP2P1/2P5/3K1R2,0,-1
8/8/r5p1/1kp2p1p/1pN4P/2bP2P1/2P5/3K1R2,1,-1
8/8/r5p1/1kp2p1p/1pN4P/2bP2P1/2P2R2/3K4,0,-1
8/8/6p1/1kp2p1p/1pN4P/2bP2P1/r1P2R2/3K4,1,-1
8/8/6p1/1kp2p1p/1p5P/2bP2P1/r1PN1R2/3K4,0,-1
8/8/6p1/1kp2p1p/1p5P/2bP2P1/2PN1R2/r2K4,1,-1
8/8/6p1/1kp2p1p/1p5P/2bP2P1/2PNKR2/r7,0,-1
8/8/6p1/1kp2p1p/1p5P/2bP2P1/2PNKR2/2r5,1,-1
8/8/5pk1/2b5/6pp/2r5/3R1PK1/5N2,0,-1
8/8/5pk1/2b5/6p1/2r4p/3R1PK1/5N2,1,-1
8/8/5pk1/2b5/6p1/2r4p/3R1P1K/5N2,0,-1
8/8/5pk1/2b5/6p1/5r1p/3R1P1K/5N2,1,-1
8/8/5pk1/2b5/6p1/5r1p/3R1P2/5N1K,0,-1
8/8/5pk1/2b5/6p1/7p/3R1r2/5N1K,1,-1
8/8/5pk1/2b5/6p1/7p/5r2/3R1N1K,0,-1
8/8/6k1/2b2p2/6p1/7p/5r2/3R1N1K,1,-1
8/8/6k1/2b2p2/6p1/6Np/5r2/3R3K,0,-1
8/8/6k1/2b2p2/6p1/5rNp/8/3R3K,1,-1
8/8/6k1/2b2p2/6p1/5r1p/4N3/3R3K,0,-1
8/8/8/2b2pk1/6p1/5r1p/4N3/3R3K,1,-1
8/8/8/2b2pk1/6p1/5r1p/8/3R2NK,0,-1
8/8/8/5pk1/6p1/5r1p/8/3R2bK,1,-1
8/8/8/5pk1/6p1/5r1p/8/6RK,0,-1
8/8/8/5pk1/8/5rpp/8/6RK,1,-1
8/8/8/5pk1/8/5rpp/8/4R2K,0,-1
8/8/8/5pk1/8/6pp/8/4Rr1K,1,-1
8/8/8/5pk1/8/6pp/8/5R1K,0,-1
8/8/8/5pk1/8/7p/6p1/5R1K,1,-1
6R1/8/8/Q4pbk/4p3/P1P5/2K1q3/8,1,0
6R1/8/8/Q4pbk/4p3/PKP5/4q3/8,0,0
6R1/8/8/Q4pbk/4p3/PKP5/8/3q4,1,0
6R1/8/8/Q4pbk/2K1p3/P1P5/8/3q4,0,0
6R1/8/8/Q4pbk/2K1p3/P1Pq4/8/8,1,0
6R1/8/8/Q1K2pbk/4p3/P1Pq4/8/8,0,0
6R1/4b3/8/Q1K2p1k/4p3/P1Pq4/8/8,1,0
6R1/4b3/2K5/Q4p1k/4p3/P1Pq4/8/8,0,0
6R1/4b3/2K5/Q4p1k/2q1p3/P1P5/8/8,1,0
6R1/1K2b3/8/Q4p1k/2q1p3/P1P5/8/8,0,0
6q1/1K2b3/8/Q4p1k/4p3/P1P5/8/8,1,0
6q1/1K2b3/8/5Q1k/4p3/P1P5/8/8,0,0
8/1K2b3/8/5Qqk/4p3/P1P5/8/8,1,0
8/1K2b2Q/8/6qk/4p3/P1P5/8/8,0,0
8/1K2b2Q/8/6q1/4p1k1/P1P5/8/8,1,0
8/1K2b3/8/6q1/4Q1k1/P1P5/8/8,0,0
8/1K2b3/8/6qk/4Q3/P1P5/8/8,1,0
8/1K2b2Q/8/6qk/8/P1P5/8/8,0,0
8/1K2b2Q/8/6q1/6k1/P1P5/8/8,1,0
8/1K2b3/8/6q1/4Q1k1/P1P5/8/8,0,0
8/2R1K3/7r/3bk3/8/8/8/8,0,0
8/2R1K3/5r2/3bk3/8/8/8/8,1,0
3K4/2R5/5r2/3bk3/8/8/8/8,0,0
3K4/2R5/4br2/4k3/8/8/8/8,1,0
8/2R1K3/4br2/4k3/8/8/8/8,0,0
8/2R1Kr2/4b3/4k3/8/8/8/8,1,0
3K4/2R2r2/4b3/4k3/8/8/8/8,0,0
3K1r2/2R5/4b3/4k3/8/8/8/8,1,0
5r2/2R1K3/4b3/4k3/8/8/8/8,0,0
r7/2R1K3/4b3/4k3/8/8/8/8,1,0
r7/4K3/4b3/2R1k3/8/8/8/8,0,0
r7/4K3/8/2Rbk3/8/8/8/8,1,0
r7/2R1K3/8/3bk3/8/8/8/8,0,0
7r/2R1K3/8/3bk3/8/8/8/8,1,0
7r/2RK4/8/3bk3/8/8/8/8,0,0
7r/2RK4/4b3/4k3/8/8/8/8,1,0
7r/2R1K3/4b3/4k3/8/8/8/8,0,0
8/2R1K2r/4b3/4k3/8/8/8/8,1,0
3K4/2R4r/4b3/4k3/8/8/8/8,0,0
3K4/2R5/4b3/4k3/8/8/8/7r,1,0
7r/4bpk1/5p2/3BpP2/p3q1P1/8/PPPQ4/1KB5,0,-1
7r/4bpk1/5p2/3BpP2/p5q1/8/PPPQ4/1KB5,1,-1
7r/4bpk1/5p2/3BpP2/p5q1/4Q3/PPP5/1KB5,0,-1
7r/4bpk1/5p2/3Bpq2/p7/4Q3/PPP5/1KB5,1,-1
7r/Q3bpk1/5p2/3Bpq2/p7/8/PPP5/1KB5,0,-1
7r/Q3bpk1/5p2/3B1q2/p3p3/8/PPP5/1KB5,1,-1
7r/4bpk1/5p2/3B1q2/p3p3/8/PPP5/1KB3Q1,0,-1
5k1r/4bp2/5p2/3B1q2/p3p3/8/PPP5/1KB3Q1,1,-1
5k1r/4bp2/5p2/5q2/p1B1p3/8/PPP5/1KB3Q1,0,-1
5k1r/5p2/5p2/2b2q2/p1B1p3/8/PPP5/1KB3Q1,1,-1
5k1r/5p2/5p2/2b2q2/p1B1p3/8/PPP5/1KB1Q3,0,-1
5k2/5p2/5p2/2b2q2/p1B1p3/8/PPP4r/1KB1Q3,1,-1
5k2/5p2/5p2/Q1b2q2/p1B1p3/8/PPP4r/1KB5,0,-1
5k2/5p2/5p2/Q1b2q2/p1B1p3/8/PPP5/1KB4r,1,-1
3Q1k2/5p2/5p2/2b2q2/p1B1p3/8/PPP5/1KB4r,0,-1
3Q4/5pk1/5p2/2b2q2/p1B1p3/8/PPP5/1KB4r,1,-1
8/2Q2pk1/5p2/2b2q2/p1B1p3/8/PPP5/1KB4r,0,-1
8/2Q2pk1/5p2/2b4q/p1B1p3/8/PPP5/1KB4r,1,-1
8/5pk1/5p2/2b4q/p1B1p3/6Q1/PPP5/1KB4r,0,-1
8/5pk1/5p2/2b3q1/p1B1p3/6Q1/PPP5/1KB4r,1,-1
r1bqr1k1/1p4b1/p1n1p1p1/8/3pP1pP/1NN5/PPP5/1KBRQ2R,1,1
r1bqr1k1/1p4b1/p1n1p1p1/7P/3pP1p1/1NN5/PPP5/1KBRQ2R,0,1
r1bqr1k1/1p4b1/p1n1p3/7p/3pP1p1/1NN5/PPP5/1KBRQ2R,1,1
r1bqr1k1/1p4b1/p1n1p3/7R/3pP1p1/1NN5/PPP5/1KBRQ3,0,1
r1bq1rk1/1p4b1/p1n1p3/7R/3pP1p1/1NN5/PPP5/1KBRQ3,1,1
r1bq1rk1/1p4b1/p1n1p2B/7R/3pP1p1/1NN5/PPP5/1K1RQ3,0,1
r1bq1rk1/1p4b1/p1n4B/4p2R/3pP1p1/1NN5/PPP5/1K1RQ3,1,1
r1bq1rk1/1p4b1/p1n4B/3Np2R/3pP1p1/1N6/PPP5/1K1RQ3,0,1
r1bq1rk1/1p6/p1n4b/3Np2R/3pP1p1/1N6/PPP5/1K1RQ3,1,1
r1bq1rk1/1p6/p1n4R/3Np3/3pP1p1/1N6/PPP5/1K1RQ3,0,1
r1bq1r2/1p4k1/p1n4R/3Np3/3pP1p1/1N6/PPP5/1K1RQ3,1,1
r1bq1r2/1p4k1/p1n4R/3Np3/3pP1p1/1N6/PPPQ4/1K1R4,0,1
r1bq4/1p4k1/p1n4R/3Np3/3pP1p1/1N3r2/PPPQ4/1K1R4,1,1
r1bq4/1p4k1/p1n4R/3Np3/3pP1p1/1N3r2/PPPQ4/1K5R,0,1
r1bq4/1p4k1/p1n4R/3Np3/3pP1p1/1N5r/PPPQ4/1K5R,1,1
r1bq4/1p4k1/p1n5/3Np3/3pP1p1/1N5R/PPPQ4/1K5R,0,1
r1bq4/1p4k1/p1n5/3Np3/3pP3/1N5p/PPPQ4/1K5R,1,1
r1bq4/1p4k1/p1n5/3Np3/3pP3/1N5p/PPPQ4/1K4R1,0,1
r1bq4/1p5k/p1n5/3Np3/3pP3/1N5p/PPPQ4/1K4R1,1,1
r1bq4/1p5k/p1n5/3Np3/3pP3/1N5p/PPP2Q2/1K4R1,0,1
3r4/4p1k1/4Pppp/1p6/nPp2P2/2Pb1BP1/6NP/4R1K1,0,-1
3r4/4p1k1/4Pppp/1p6/1Pp2P2/2nb1BP1/6NP/4R1K1,1,-1
3r4/4p1k1/2B1Pppp/1p6/1Pp2P2/2nb2P1/6NP/4R1K1,0,-1
3r4/4p1k1/2B1Pppp/1p6/1Pp2P2/3b2P1/4n1NP/4R1K1,1,-1
3r4/4p1k1/2B1Pppp/1p6/1Pp2P2/3b2P1/4nKNP/4R3,0,-1
3r4/4p1k1/2B1Pppp/1p6/1Ppn1P2/3b2P1/5KNP/4R3,1,-1
3r4/4p1k1/4Pppp/1p6/1Ppn1P2/3b1BP1/5KNP/4R3,0,-1
3r4/4p1k1/4Pppp/1p6/1P1n1P2/2pb1BP1/5KNP/4R3,1,-1
3r4/4p1k1/4Pppp/1p6/1P1n1P2/2pbNBP1/5K1P/4R3,0,-1
3r4/4p1k1/4Pppp/1p6/1P1n1P2/3bNBP1/2p2K1P/4R3,1,-1
3r4/4p1k1/4Pppp/1p1B4/1P1n1P2/3bN1P1/2p2K1P/4R3,0,-1
3r4/4p1k1/4Pppp/1p1B4/1P3P2/3bN1P1/2p1nK1P/4R3,1,-1
3r4/4p1k1/4Pppp/1p1B4/1P3P2/3b2P1/2N1nK1P/4R3,0,-1
8/4p1k1/4Pppp/1p1r4/1P3P2/3b2P1/2N1nK1P/4R3,1,-1
8/4p1k1/4Pppp/1p1r4/1P3P2/3bN1P1/4nK1P/4R3,0,-1
8/4p1k1/4Pppp/1p6/1P1r1P2/3bN1P1/4nK1P/4R3,1,-1
8/4p1k1/4Pppp/1p6/1P1r1P2/3bN1P1/4nK1P/R7,0,-1
8/4p1k1/3rPppp/1p6/1P3P2/3bN1P1/4nK1P/R7,1,-1
8/4p1k1/3rPppp/1p6/1P3P2/R2bN1P1/4nK1P/8,0,-1
8/4p1k1/3rP1pp/1p3p2/1P3P2/R2bN1P1/4nK1P/8,1,-1
5k2/5p1p/p2p1p2/2r5/4bP2/1B2R2P/P1PK4/8,0,0
5k2/5p1p/p2p1p2/2r2b2/5P2/1B2R2P/P1PK4/8,1,0
5k2/5p1p/p2p1p2/2r2b2/5P1P/1B2R3/P1PK4/8,0,0
5k2/3b1p1p/p2p1p2/2r5/5P1P/1B2R3/P1PK4/8,1,0
5k2/3b1p1p/p2p1p2/2r5/5P1P/1BR5/P1PK4/8,0,0
5k2/5p1p/p2pbp2/2r5/5P1P/1BR5/P1PK4/8,1,0
5k2/5p1p/p2pbp2/2R5/5P1P/1B6/P1PK4/8,0,0
5k2/5p1p/p3bp2/2p5/5P1P/1B6/P1PK4/8,1,0
5k2/5p1p/p3bp2/2p5/5P1P/1BK5/P1P5/8,0,0
8/4kp1p/p3bp2/2p5/5P1P/1BK5/P1P5/8,1,0
8/4kp1p/p3bp2/2p5/2B2P1P/2K5/P1P5/8,0,0
8/4kp1p/4bp2/p1p5/2B2P1P/2K5/P1P5/8,1,0
8/4kp1p/4bp2/p1p5/2B2P1P/P1K5/2P5/8,0,0
8/5p1p/3kbp2/p1p5/2B2P1P/P1K5/2P5/8,1,0
8/5p1p/3kbp2/p1p5/5P1P/P1K5/2P1B3/8,0,0
8/5p2/3kbp1p/p1p5/5P1P/P1K5/2P1B3/8,1,0
8/5p2/3kbp1p/p1p5/5P1P/P1K2B2/2P5/8,0,0
8/5p2/3k1p1p/p1pb4/5P1P/P1K2B2/2P5/8,1,0
8/5p2/3k1p1p/p1pb4/5P1P/P1K5/2P1B3/8,0,0
8/5p2/3kbp1p/p1p5/5P1P/P1K5/2P1B3/8,1,0
1r4k1/4pp1p/5qB1/2p5/p1P5/1P2QP2/P5P1/2KR4,0,-1
1r4k1/4pp2/5qp1/2p5/p1P5/1P2QP2/P5P1/2KR4,1,-1
1r4k1/4pp2/5qp1/2p5/p1P5/1P2QP2/P1K3P1/3R4,0,-1
1r4k1/4pp2/5qp1/2p5/2P5/1p2QP2/P1K3P1/3R4,1,-1
1r4k1/4pp2/5qp1/2p5/2P5/1P2QP2/2K3P1/3R4,0,-1
r5k1/4pp2/5qp1/2p5/2P5/1P2QP2/2K3P1/3R4,1,-1
r5k1/4pp2/5qp1/2p5/2P5/1P2QP2/2KR2P1/8,0,-1
r5k1/4pp2/6p1/2p5/2P5/1P2QP2/2KR2P1/q7,1,-1
r5k1/4pp2/6p1/2p5/2P5/1P1KQP2/3R2P1/q7,0,-1
r5k1/4pp2/6p1/2p5/2P5/1P1KQP2/3R2P1/1q6,1,-1
r5k1/4pp2/6p1/2p5/2P5/1P2QP2/3RK1P1/1q6,0,-1
6k1/4pp2/6p1/2p5/2P5/1P2QP2/3RK1P1/rq6,1,-1
6k1/4pp2/6p1/2p5/2P5/1P3P2/3RKQP1/rq6,0,-1
8/4ppk1/6p1/2p5/2P5/1P3P2/3RKQP1/rq6,1,-1
8/4ppk1/6p1/2p5/2P3P1/1P3P2/3RKQ2/rq6,0,-1
8/4ppk1/r5p1/2p5/2P3P1/1P3P2/3RKQ2/1q6,1,-1
8/4ppk1/r5p1/2p5/2P3P1/1P1R1P2/4KQ2/1q6,0,-1
8/4ppk1/4r1p1/2p5/2P3P1/1P1R1P2/4KQ2/1q6,1,-1
8/4ppk1/4r1p1/2p5/2P3P1/1P2RP2/4KQ2/1q6,0,-1
8/4ppk1/3r2p1/2p5/2P3P1/1P2RP2/4KQ2/1q6,1,-1
2r3k1/1q3ppp/pbrp1n2/4p3/RP2P3/2NQ1N1P/1P3PP1/3R2K1,1,0
2r3k1/1q3ppp/pbrp1n2/4p3/RP2P3/2NQ1N1P/1P3PP1/R5K1,0,0
2r3k1/1q3ppp/pb1p1n2/4p3/RPr1P3/2NQ1N1P/1P3PP1/R5K1,1,0
2r3k1/1q3ppp/pb1p1n2/4p3/RPr1P3/2NQ3P/1P1N1PP1/R5K1,0,0
2r3k1/1q3ppp/pb1p1n2/4p3/RP1rP3/2NQ3P/1P1N1PP1/R5K1,1,0
2r3k1/1q3ppp/Qb1p1n2/4p3/RP1rP3/2N4P/1P1N1PP1/R5K1,0,0
2r3k1/5ppp/qb1p1n2/4p3/RP1rP3/2N4P/1P1N1PP1/R5K1,1,0
2r3k1/5ppp/Rb1p1n2/4p3/1P1rP3/2N4P/1P1N1PP1/R5K1,0,0
2r3k1/5ppp/Rb1p1n2/4p3/1P2P3/2N4P/1P1r1PP1/R5K1,1,0
2r3k1/5ppp/1R1p1n2/4p3/1P2P3/2N4P/1P1r1PP1/R5K1,0,0
2r3k1/5pp1/1R1p1n2/4p2p/1P2P3/2N4P/1P1r1PP1/R5K1,1,0
2r3k1/5pp1/1R1p1n2/1P2p2p/4P3/2N4P/1P1r1PP1/R5K1,0,0
6k1/5pp1/1R1p1n2/1P2p2p/2r1P3/2N4P/1P1r1PP1/R5K1,1,0
6k1/5pp1/1R1p1n2/1P2p2p/R1r1P3/2N4P/1P1r1PP1/6K1,0,0
6k1/5pp1/1R1p1n2/1P2p2p/r3P3/2N4P/1P1r1PP1/6K1,1,0
6k1/5pp1/1R1p1n2/1P2p2p/N3P3/7P/1P1r1PP1/6K1,0,0
6k1/5pp1/1R1p1n2/1P2p2p/N2rP3/7P/1P3PP1/6K1,1,0
6k1/5pp1/1R1p1n2/1P2p2p/3rP3/2N4P/1P3PP1/6K1,0,0
6k1/5pp1/1R1p4/1P2p2p/3rn3/2N4P/1P3PP1/6K1,1,0
6k1/5pp1/1R1p4/1P2p2p/3rN3/7P/1P3PP1/6K1,0,0
8/6k1/5p2/1R6/6pP/r7/6K1/8,0,-1
8/6k1/5p2/1R6/6pP/5r2/6K1/8,1,-1
8/6k1/5p2/8/1R4pP/5r2/6K1/8,0,-1
8/6k1/8/5p2/1R4pP/5r2/6K1/8,1,-1
8/6k1/1R6/5p2/6pP/5r2/6K1/8,0,-1
8/6k1/1R6/5p2/6pP/7r/6K1/8,1,-1
8/6k1/2R5/5p2/6pP/7r/6K1/8,0,-1
8/6k1/2R5/5p2/6pr/8/6K1/8,1,-1
8/6k1/2R5/5p2/6pr/6K1/8/8,0,-1
8/6k1/2R5/5p2/6p1/6Kr/8/8,1,-1
8/6k1/2R5/5p2/5Kp1/7r/8/8,0,-1
8/6k1/2R5/5p2/5Kp1/5r2/8/8,1,-1
8/6k1/2R5/5pK1/6p1/5r2/8/8,0,-1
8/5k2/2R5/5pK1/6p1/5r2/8/8,1,-1
8/5k2/R7/5pK1/6p1/5r2/8/8,0,-1
8/5k2/R7/5pK1/8/5rp1/8/8,1,-1
8/5k2/5R2/5pK1/8/5rp1/8/8,0,-1
8/4k3/5R2/5pK1/8/5rp1/8/8,1,-1
8/4k3/6R1/5pK1/8/5rp1/8/8,0,-1
8/4k3/6R1/5pK1/8/6p1/8/5r2,1,-1
8/b7/8/P2k4/2R5/2K5/8/8,1,1
8/b7/P7/3k4/2R5/2K5/8/8,0,1
8/8/Pb6/3k4/2R5/2K5/8/8,1,1
8/8/Pb6/3k4/1KR5/8/8/8,0,1
8/8/Pb1k4/8/1KR5/8/8/8,1,1
8/8/Pb1k4/1K6/2R5/8/8/8,0,1
8/b7/P2k4/1K6/2R5/8/8/8,1,1
8/b7/P2k4/1K6/8/8/8/2R5,0,1
8/b2k4/P7/1K6/8/8/8/2R5,1,1
8/b2k4/P7/1K6/8/8/2R5/8,0,1
8/3k4/P7/1K6/8/4b3/2R5/8,1,1
8/3k4/P7/8/2K5/4b3/2R5/8,0,1
8/3k4/Pb6/8/2K5/8/2R5/8,1,1
8/3k4/Pb6/3K4/8/8/2R5/8,0,1
8/3k4/P7/3K4/8/4b3/2R5/8,1,1
8/3k4/P7/3K4/8/4b3/1R6/8,0,1
8/2k5/P7/3K4/8/4b3/1R6/8,1,1
8/1Rk5/P7/3K4/8/4b3/8/8,0,1
2k5/1R6/P7/3K4/8/4b3/8/8,1,1
2k5/1R6/P1K5/8/8/4b3/8/8,0,1
1r3r2/p4p1p/4bkp1/1q2p2P/N1p2P2/4Q3/PPP3P1/2KR3R,0,0
1r3r2/p4p1p/4bkp1/4p2P/q1p2P2/4Q3/PPP3P1/2KR3R,1,0
1r3r2/p4p1p/4bkp1/4Q2P/q1p2P2/8/PPP3P1/2KR3R,0,0
1r3r2/p3kp1p/4b1p1/4Q2P/q1p2P2/8/PPP3P1/2KR3R,1,0
1r3r2/p3kp1p/4b1P1/4Q3/q1p2P2/8/PPP3P1/2KR3R,0,0
1r3r2/p3kp2/4b1p1/4Q3/q1p2P2/8/PPP3P1/2KR3R,1,0
1r3r2/p3kp2/4b1p1/4QP2/q1p5/8/PPP3P1/2KR3R,0,0
1r3r2/p3kp2/4b1p1/1q2QP2/2p5/8/PPP3P1/2KR3R,1,0
1r3r2/p3kp2/4b1p1/1q3P2/2pQ4/8/PPP3P1/2KR3R,0,0
1r3r2/p3kp2/4b3/1q3p2/2pQ4/8/PPP3P1/2KR3R,1,0
1r3r2/p3kp2/4b2R/1q3p2/2pQ4/8/PPP3P1/2KR4,0,0
1r3r2/p3kp2/1q2b2R/5p2/2pQ4/8/PPP3P1/2KR4,1,0
1r3r2/p3kp2/1q2R3/5p2/2pQ4/8/PPP3P1/2KR4,0,0
1r3r2/p3k3/1q2p3/5p2/2pQ4/8/PPP3P1/2KR4,1,0
1r3r2/p3k3/1q2p3/5p2/2p4Q/8/PPP3P1/2KR4,0,0
1r6/p3k3/1q2pr2/5p2/2p4Q/8/PPP3P1/2KR4,1,0
1r6/p3k2Q/1q2pr2/5p2/2p5/8/PPP3P1/2KR4,0,0
1r6/p3kr1Q/1q2p3/5p2/2p5/8/PPP3P1/2KR4,1,0
1r6/p3kr2/1q2p3/5p2/2p4Q/8/PPP3P1/2KR4,0,0
1r6/p3k3/1q2pr2/5p2/2p4Q/8/PPP3P1/2KR4,1,0
1r3r1k/6pp/p7/3Pp3/P5P1/3bP3/1P4B1/R3R1K1,0,-1
5r1k/6pp/p7/3Pp3/P5P1/3bP3/1r4B1/R3R1K1,1,-1
5r1k/6pp/p7/3Pp3/P5P1/3bP3/1r6/R3RBK1,0,-1
5r1k/6pp/p7/3Pp3/P3b1P1/4P3/1r6/R3RBK1,1,-1
5r1k/6pp/p2P4/4p3/P3b1P1/4P3/1r6/R3RBK1,0,-1
5r1k/6pp/p2P4/4p3/P5P1/4Pb2/1r6/R3RBK1,1,-1
5r1k/6pp/p2P4/4p3/P5P1/R3Pb2/1r6/4RBK1,0,-1
5r1k/6pp/p2P4/8/P3p1P1/R3Pb2/1r6/4RBK1,1,-1
5r1k/6pp/p2P4/8/P3p1P1/2R1Pb2/1r6/4RBK1,0,-1
5r1k/6pp/p2P4/8/P3p1P1/2R1Pb2/3r4/4RBK1,1,-1
5r1k/3P2pp/p7/8/P3p1P1/2R1Pb2/3r4/4RBK1,0,-1
5r1k/3r2pp/p7/8/P3p1P1/2R1Pb2/8/4RBK1,1,-1
5r1k/3r2pp/B7/8/P3p1P1/2R1Pb2/8/4R1K1,0,-1
5r1k/3r2p1/B7/7p/P3p1P1/2R1Pb2/8/4R1K1,1,-1
5r1k/3r2p1/B7/7P/P3p3/2R1Pb2/8/4R1K1,0,-1
7k/3r2p1/B7/5r1P/P3p3/2R1Pb2/8/4R1K1,1,-1
7k/3r2p1/B7/5r1P/P3p3/4Pb2/2R5/4R1K1,0,-1
7k/3r2p1/B7/6rP/P3p3/4Pb2/2R5/4R1K1,1,-1
7k/3r2p1/B7/6rP/P3p3/4Pb2/2R4K/4R3,0,-1
7k/6p1/B2r4/6rP/P3p3/4Pb2/2R4K/4R3,1,-1
5r2/7k/2b4p/1p2p3/4Pp1B/1NP1bP2/1nB5/R6K,1,1
5r2/7k/R1b4p/1p2p3/4Pp1B/1NP1bP2/1nB5/7K,0,1
5r2/3b3k/R6p/1p2p3/4Pp1B/1NP1bP2/1nB5/7K,1,1
5r2/3b3k/3R3p/1p2p3/4Pp1B/1NP1bP2/1nB5/7K,0,1
8/3b1r1k/3R3p/1p2p3/4Pp1B/1NP1bP2/1nB5/7K,1,1
8/3b1r1k/3R3p/Np2p3/4Pp1B/2P1bP2/1nB5/7K,0,1
8/5r1k/3R3p/Np2p3/4Pp1B/2P1bP1b/1nB5/7K,1,1
8/5r1k/3R1B1p/Np2p3/4Pp2/2P1bP1b/1nB5/7K,0,1
8/r6k/3R1B1p/Np2p3/4Pp2/2P1bP1b/1nB5/7K,1,1
8/r6k/2NR1B1p/1p2p3/4Pp2/2P1bP1b/1nB5/7K,0,1
8/7k/2NR1B1p/1p2p3/4Pp2/2P1bP1b/1nB5/r6K,1,1
8/7k/2NR1B1p/1p2p3/4Pp2/2P1bP1b/1nB4K/r7,0,1
8/7k/2NR1B1p/1p2p3/4Pp2/2P1bP2/1nB4K/r4b2,1,1
8/7k/3R1B1p/1p2N3/4Pp2/2P1bP2/1nB4K/r4b2,0,1
8/7k/3R1B1p/1p2N3/2n1Pp2/2P1bP2/2B4K/r4b2,1,1
8/3R3k/5B1p/1p2N3/2n1Pp2/2P1bP2/2B4K/r4b2,0,1
6k1/3R4/5B1p/1p2N3/2n1Pp2/2P1bP2/2B4K/r4b2,1,1
3R2k1/8/5B1p/1p2N3/2n1Pp2/2P1bP2/2B4K/r4b2,0,1
3R4/7k/5B1p/1p2N3/2n1Pp2/2P1bP2/2B4K/r4b2,1,1
7R/7k/5B1p/1p2N3/2n1Pp2/2P1bP2/2B4K/r4b2,0,1
8/5R1p/1pk2bp1/2p1p3/P1P1P1Br/5P1P/2K5/8,0,0
8/5R1p/1pk3p1/2p1p1b1/P1P1P1Br/5P1P/2K5/8,1,0
2B5/5R1p/1pk3p1/2p1p1b1/P1P1P2r/5P1P/2K5/8,0,0
2B5/5R1p/1pk3p1/2p1p3/P1P1P2r/4bP1P/2K5/8,1,0
2B5/5R1p/1pk3p1/2p1p3/P1P1P2r/3KbP1P/8/8,0,0
2B5/5R1p/1pk3p1/2p1p3/P1PbP2r/3K1P1P/8/8,1,0
2B5/5R1p/1pk3p1/2p1p3/P1PbP2r/5P1P/4K3/8,0,0
2B5/5R1p/1pk3p1/2p1p2r/P1PbP3/5P1P/4K3/8,1,0
8/5R1p/1pk3p1/2p1p2r/P1PbP1B1/5P1P/4K3/8,0,0
8/5R1p/1pk3p1/2p1p3/P1PbP1Br/5P1P/4K3/8,1,0
8/5R1p/1pk3p1/2p1p3/P1PbP1Br/5P1P/8/5K2,0,0
8/5R2/1pk3p1/2p1p2p/P1PbP1Br/5P1P/8/5K2,1,0
2B5/5R2/1pk3p1/2p1p2p/P1PbP2r/5P1P/8/5K2,0,0
2B5/5R2/1pk3p1/2p1p2p/P1PbPr2/5P1P/8/5K2,1,0
8/3B1R2/1pk3p1/2p1p2p/P1PbPr2/5P1P/8/5K2,0,0
8/3B1R2/1p1k2p1/2p1p2p/P1PbPr2/5P1P/8/5K2,1,0
8/3B4/1p1k2p1/2p1p2p/P1PbPR2/5P1P/8/5K2,0,0
8/3B4/1p1k2p1/2p4p/P1PbPp2/5P1P/8/5K2,1,0
4B3/8/1p1k2p1/2p4p/P1PbPp2/5P1P/8/5K2,0,0
4B3/8/1p1k2p1/2p5/P1PbPp1p/5P1P/8/5K2,1,0
1k1r4/1bq1b2r/p1npp2p/2p3pN/4P1P1/2B4P/PPP1Q1B1/3R1RK1,1,0
1k1r4/1bq1b2r/p1npp2p/2p3pN/2Q1P1P1/2B4P/PPP3B1/3R1RK1,0,0
1k1r4/1bq1b2r/p1np3p/2p1p1pN/2Q1P1P1/2B4P/PPP3B1/3R1RK1,1,0
1k1r4/1bq1b2r/p1np3p/2p1p1p1/2Q1P1P1/2B3NP/PPP3B1/3R1RK1,0,0
1k1r4/1bq1b2r/p2p3p/2p1p1p1/2QnP1P1/2B3NP/PPP3B1/3R1RK1,1,0
1k1r4/1bq1b2r/p2p3p/2p1p1p1/2QnP1P1/6NP/PPPB2B1/3R1RK1,0,0
1k1r4/1bq1b2r/p6p/2ppp1p1/2QnP1P1/6NP/PPPB2B1/3R1RK1,1,0
1k1r4/1bq1b2r/p6p/2pPp1p1/2Qn2P1/6NP/PPPB2B1/3R1RK1,0,0
1k1r4/1bq1b2r/p6p/2pP2p1/2Qnp1P1/6NP/PPPB2B1/3R1RK1,1,0
1k1r4/1bq1b2r/p6p/2pP2p1/2QnN1P1/7P/PPPB2B1/3R1RK1,0,0
1k1r4/2q1b2r/p6p/2pb2p1/2QnN1P1/7P/PPPB2B1/3R1RK1,1,0
1k1r4/2q1b2r/Q6p/2pb2p1/3nN1P1/7P/PPPB2B1/3R1RK1,0,0
1k1r4/1bq1b2r/Q6p/2p3p1/3nN1P1/7P/PPPB2B1/3R1RK1,1,0
1k1r4/1bq1b2r/7p/2p3p1/2QnN1P1/7P/PPPB2B1/3R1RK1,0,0
1k1r4/2q1b2r/7p/2pb2p1/2QnN1P1/7P/PPPB2B1/3R1RK1,1,0
1k1r4/2q1b2r/Q6p/2pb2p1/3nN1P1/7P/PPPB2B1/3R1RK1,0,0
1k1r4/1bq1b2r/Q6p/2p3p1/3nN1P1/7P/PPPB2B1/3R1RK1,1,0
1k1r4/1bq1b2r/7p/2p3p1/2QnN1P1/7P/PPPB2B1/3R1RK1,0,0
1k1r4/2q1b2r/7p/2pb2p1/2QnN1P1/7P/PPPB2B1/3R1RK1,1,0
1k1r4/2q1b2r/Q6p/2pb2p1/3nN1P1/7P/PPPB2B1/3R1RK1,0,0
8/1p6/p1n1k3/7p/6p1/1PPKB3/1P4P1/8,0,0
8/1p6/p1n5/5k1p/6p1/1PPKB3/1P4P1/8,1,0
8/1p6/p1n5/5k1p/6p1/1PPKB1P1/1P6/8,0,0
8/1p2n3/p7/5k1p/6p1/1PPKB1P1/1P6/8,1,0
8/1p2n3/p7/5k1p/3K2p1/1PP1B1P1/1P6/8,0,0
8/1p2n3/p3k3/7p/3K2p1/1PP1B1P1/1P6/8,1,0
8/1p2n3/p3k3/7p/3K2p1/1PP3P1/1P3B2/8,0,0
8/1p6/p1n1k3/7p/3K2p1/1PP3P1/1P3B2/8,1,0
8/1p6/p1n1k3/7p/6p1/1PPK2P1/1P3B2/8,0,0
8/1p6/p1n5/3k3p/6p1/1PPK2P1/1P3B2/8,1,0
8/1p6/p1n5/3k3p/2P3p1/1P1K2P1/1P3B2/8,0,0
8/1p6/p1n5/4k2p/2P3p1/1P1K2P1/1P3B2/8,1,0
8/1p6/pBn5/4k2p/2P3p1/1P1K2P1/1P6/8,0,0
8/1p6/pBn5/5k1p/2P3p1/1P1K2P1/1P6/8,1,0
8/1p6/pBn5/5k1p/2P3p1/1P2K1P1/1P6/8,0,0
8/1p6/pBn5/4k2p/2P3p1/1P2K1P1/1P6/8,1,0
8/1p6/pBn5/4k2p/2P3p1/1P1K2P1/1P6/8,0,0
8/1p6/pBn5/5k1p/2P3p1/1P1K2P1/1P6/8,1,0
8/1p6/pBn5/5k1p/2P3p1/1P2K1P1/1P6/8,0,0
8/1p6/pBn5/4k2p/2P3p1/1P2K1P1/1P6/8,1,0
8/3k4/1p6/1Pp1p3/2P1P3/1P2N2r/3K4/8,0,0
8/8/1p2k3/1Pp1p3/2P1P3/1P2N2r/3K4/8,1,0
8/8/1p2k3/1Pp1p3/2P1P3/1P2N2r/4K3/8,0,0
8/8/1p3k2/1Pp1p3/2P1P3/1P2N2r/4K3/8,1,0
8/8/1p3k2/1PpNp3/2P1P3/1P5r/4K3/8,0,0
8/8/1p2k3/1PpNp3/2P1P3/1P5r/4K3/8,1,0
8/8/1p2k3/1Pp1p3/2P1P3/1P2N2r/4K3/8,0,0
8/8/1p2k3/1Pp1p3/2P1P3/1P2N1r1/4K3/8,1,0
8/8/1p2k3/1Pp1p3/2P1P3/1P2N1r1/3K4/8,0,0
8/8/1p2k3/1Pp1p3/2P1P3/1P2Nr2/3K4/8,1,0
8/8/1p2k3/1Pp1p3/2P1P3/1P2Nr2/4K3/8,0,0
8/8/1p2k3/1Pp1p3/2P1P3/1P2N2r/4K3/8,1,0
8/8/1p2k3/1Pp1p3/2P1P3/1P2N2r/3K4/8,0,0
8/5k2/1p6/1Pp1p3/2P1P3/1P2N2r/3K4/8,1,0
8/5k2/1p6/1Pp1p3/2P1P3/1P2N2r/4K3/8,0,0
8/8/1p4k1/1Pp1p3/2P1P3/1P2N2r/4K3/8,1,0
8/8/1p4k1/1PpNp3/2P1P3/1P5r/4K3/8,0,0
8/8/1p4k1/1PpNp3/2P1P3/1r6/4K3/8,1,0
8/8/1N4k1/1Pp1p3/2P1P3/1r6/4K3/8,0,0
8/8/1N6/1Pp1p1k1/2P1P3/1r6/4K3/8,1,0
2rr2k1/1p1b1pp1/pq2p2p/4P3/1n2N3/1Q1B1N2/2P3PP/2KR3R,0,-1
2rr2k1/1p1b1pp1/p3p2p/q3P3/1n2N3/1Q1B1N2/2P3PP/2KR3R,1,-1
2rr2k1/1p1b1pp1/p3p2p/q3P3/1n2N3/1Q1B1N2/2P3PP/1K1R3R,0,-1
2rr2k1/1p3pp1/p3p2p/q3P3/bn2N3/1Q1B1N2/2P3PP/1K1R3R,1,-1
2rr2k1/1p3pp1/p3p2p/q3P3/bn2N3/3B1N2/1QP3PP/1K1R3R,0,-1
2rr2k1/1p3pp1/p3p2p/q3P3/b3N3/3n1N2/1QP3PP/1K1R3R,1,-1
2rr2k1/1p3pp1/p3p2p/q3P3/b3N3/3R1N2/1QP3PP/1K5R,0,-1
2r3k1/1p3pp1/p3p2p/q3P3/b3N3/3r1N2/1QP3PP/1K5R,1,-1
2r3k1/1p3pp1/p3p2p/q3P3/b3N3/3P1N2/1Q4PP/1K5R,0,-1
2r3k1/1p3pp1/p3p2p/q3P3/4N3/3P1N2/1Qb3PP/1K5R,1,-1
2r3k1/1p3pp1/p3p2p/q3P3/4N3/3P1N2/2Q3PP/1K5R,0,-1
6k1/1p3pp1/p3p2p/q3P3/4N3/3P1N2/2r3PP/1K5R,1,-1
6k1/1p3pp1/p3p2p/q3P3/4N3/3P1N2/2K3PP/7R,0,-1
6k1/1p3pp1/p3p2p/4P3/4N3/3P1N2/q1K3PP/7R,1,-1
6k1/1p3pp1/p3p2p/4P3/4N3/2KP1N2/q5PP/7R,0,-1
6k1/1p3pp1/p3p2p/4P3/4N3/2KP1N2/6qP/7R,1,-1
6k1/1p3pp1/p3pN1p/4P3/8/2KP1N2/6qP/7R,0,-1
5k2/1p3pp1/p3pN1p/4P3/8/2KP1N2/6qP/7R,1,-1
5k2/1p3ppN/p3p2p/4P3/8/2KP1N2/6qP/7R,0,-1
8/1p2kppN/p3p2p/4P3/8/2KP1N2/6qP/7R,1,-1
r3k3/1q3p2/p3p3/1p4p1/2nbN1P1/P6r/1PP1Q2P/2KR3R,1,1
r3k3/1q3p2/p3p3/1p4p1/2nRN1P1/P6r/1PP1Q2P/2K4R,0,1
r4k2/1q3p2/p3p3/1p4p1/2nRN1P1/P6r/1PP1Q2P/2K4R,1,1
r4k2/1q3p2/p3p3/1p4p1/2nRN1P1/P6r/1PP1Q2P/2K2R2,0,1
r4k2/4qp2/p3p3/1p4p1/2nRN1P1/P6r/1PP1Q2P/2K2R2,1,1
r4k2/4qp2/p2Np3/1p4p1/2nR2P1/P6r/1PP1Q2P/2K2R2,0,1
3r1k2/4qp2/p2Np3/1p4p1/2nR2P1/P6r/1PP1Q2P/2K2R2,1,1
3r1k2/4qR2/p2Np3/1p4p1/2nR2P1/P6r/1PP1Q2P/2K5,0,1
3r1k2/5q2/p2Np3/1p4p1/2nR2P1/P6r/1PP1Q2P/2K5,1,1
3r1k2/5N2/p3p3/1p4p1/2nR2P1/P6r/1PP1Q2P/2K5,0,1
5k2/5N2/p3p3/1p4p1/2nr2P1/P6r/1PP1Q2P/2K5,1,1
5k2/8/p3p3/1p4N1/2nr2P1/P6r/1PP1Q2P/2K5,0,1
5k2/8/p3p3/1p4N1/2nr2P1/P3r3/1PP1Q2P/2K5,1,1
5k2/8/p3N3/1p6/2nr2P1/P3r3/1PP1Q2P/2K5,0,1
5k2/8/p3r3/1p6/2nr2P1/P7/1PP1Q2P/2K5,1,1
5k2/8/p3Q3/1p6/2nr2P1/P7/1PP4P/2K5,0,1
5k2/8/p2rQ3/1p6/2n3P1/P7/1PP4P/2K5,1,1
5k2/8/p2r4/1p3Q2/2n3P1/P7/1PP4P/2K5,0,1
8/6k1/p2r4/1p3Q2/2n3P1/P7/1PP4P/2K5,1,1
8/6k1/p2r4/1p3Q2/2n3P1/P7/1PP4P/1K6,0,1
7k/5p1n/2q1b3/4pNr1/4P3/6RQ/1P3bPP/R5K1,1,1
7k/5p1n/2q1b3/4pNr1/4P3/6RQ/1P3KPP/R7,0,1
7k/5p1n/1q2b3/4pNr1/4P3/6RQ/1P3KPP/R7,1,1
7k/5p1n/1q2b3/4pNr1/4P3/6RQ/1P4PP/R4K2,0,1
7k/5p1n/1q2b3/4pr2/4P3/6RQ/1P4PP/R4K2,1,1
7k/5p1n/1q2b3/4pP2/8/6RQ/1P4PP/R4K2,0,1
7k/5p1n/1q6/4pP2/2b5/6RQ/1P4PP/R4K2,1,1
7k/5p1n/1q6/4pP2/2b5/3R3Q/1P4PP/R4K2,0,1
3q3k/5p1n/8/4pP2/2b5/3R3Q/1P4PP/R4K2,1,1
3q3k/5p1n/8/4pP2/2b5/3R3Q/1P4PP/R5K1,0,1
3q3k/5p1n/8/4pP2/8/3b3Q/1P4PP/R5K1,1,1
3q3k/5p1n/8/4pP2/8/3bQ3/1P4PP/R5K1,0,1
7k/5p1n/8/3qpP2/8/3bQ3/1P4PP/R5K1,1,1
7k/5p1n/8/3qpP2/8/3bQ3/1P4PP/4R1K1,0,1
7k/5p1n/8/3q1P2/4p3/3bQ3/1P4PP/4R1K1,1,1
7k/5p1n/8/3q1P2/4p1P1/3bQ3/1P5P/4R1K1,0,1
7k/5p1n/8/4qP2/4p1P1/3bQ3/1P5P/4R1K1,1,1
7k/5p1n/8/4qP2/4p1P1/3Q4/1P5P/4R1K1,0,1
7k/5p2/8/4qPn1/4p1P1/3Q4/1P5P/4R1K1,1,1
3Q3k/5p2/8/4qPn1/4p1P1/8/1P5P/4R1K1,0,1
8/3kp3/5p2/5P2/6K1/3r3p/5R2/8,1,0
8/3kp3/5p2/5P2/6K1/3r3p/4R3/8,0,0
4k3/4p3/5p2/5P2/6K1/3r3p/4R3/8,1,0
4k3/4p3/5p2/5P2/6K1/3r3p/7R/8,0,0
3k4/4p3/5p2/5P2/6K1/3r3p/7R/8,1,0
3k4/4p3/5p2/5P2/6K1/3r3p/4R3/8,0,0
8/3kp3/5p2/5P2/6K1/3r3p/4R3/8,1,0
8/3kp3/5p2/5P2/6K1/3r3p/R7/8,0,0
8/4p3/3k1p2/5P2/6K1/3r3p/R7/8,1,0
8/4p3/3k1p2/5P2/6K1/3r3p/4R3/8,0,0
8/4p3/3k1p2/3r1P2/6K1/7p/4R3/8,1,0
8/4p3/3kRp2/3r1P2/6K1/7p/8/8,0,0
8/3kp3/4Rp2/3r1P2/6K1/7p/8/8,1,0
8/3kp3/5p2/3r1P2/6K1/7p/4R3/8,0,0
8/3kp3/5p2/5P2/6K1/3r3p/4R3/8,1,0
8/3kp3/5p2/5P2/6K1/3r3p/R7/8,0,0
8/4p3/3k1p2/5P2/6K1/3r3p/R7/8,1,0
8/4p3/3k1p2/5P2/6K1/3r3p/4R3/8,0,0
8/3kp3/5p2/5P2/6K1/3r3p/4R3/8,1,0
8/3kp3/5p2/5P2/6K1/3r3p/R7/8,0,0
1kr5/1p3p1P/pP2pP2/P2pP1pq/3P2Rp/3Q3P/6K1/8,1,1
1kr5/1p3p1P/pP2pP2/P2pP1pq/3P2Rp/3Q3P/7K/8,0,1
1kr5/1p3p1P/pP2pP1q/P2pP1p1/3P2Rp/3Q3P/7K/8,1,1
1kr5/1p3p1P/pP2pP1q/P2pP1p1/3P3p/3Q3P/6RK/8,0,1
1k5r/1p3p1P/pP2pP1q/P2pP1p1/3P3p/3Q3P/6RK/8,1,1
1k5r/1p3p1P/pP2pP1q/P2pP1p1/3P3p/3Q3P/6R1/7K,0,1
1k6/1p3p1r/pP2pP1q/P2pP1p1/3P3p/3Q3P/6R1/7K,1,1
1k6/1p3p1r/pP2pP1q/P2pP1p1/3P3p/2Q4P/6R1/7K,0,1
1k5r/1p3p2/pP2pP1q/P2pP1p1/3P3p/2Q4P/6R1/7K,1,1
1k5r/1p3p2/pP2pP1q/P2pP1p1/3P3p/2Q4P/2R5/7K,0,1
1k3q1r/1p3p2/pP2pP2/P2pP1p1/3P3p/2Q4P/2R5/7K,1,1
1k3q1r/1pQ2p2/pP2pP2/P2pP1p1/3P3p/7P/2R5/7K,0,1
k4q1r/1pQ2p2/pP2pP2/P2pP1p1/3P3p/7P/2R5/7K,1,1
k4q1r/1p1Q1p2/pP2pP2/P2pP1p1/3P3p/7P/2R5/7K,0,1
k3q2r/1p1Q1p2/pP2pP2/P2pP1p1/3P3p/7P/2R5/7K,1,1
k3Q2r/1p3p2/pP2pP2/P2pP1p1/3P3p/7P/2R5/7K,0,1
k3r3/1p3p2/pP2pP2/P2pP1p1/3P3p/7P/2R5/7K,1,1
k3r3/1pR2p2/pP2pP2/P2pP1p1/3P3p/7P/8/7K,0,1
k4r2/1pR2p2/pP2pP2/P2pP1p1/3P3p/7P/8/7K,1,1
k4r2/1pR2p2/pP2pP2/P2pP1p1/3P3p/7P/6K1/8,0,1
6k1/1pq1pp1p/p5p1/8/P7/2P3P1/1P3P1P/3Q2K1,0,0
6k1/1pq1pp1p/6p1/p7/P7/2P3P1/1P3P1P/3Q2K1,1,0
6k1/1pq1pp1p/6p1/p2Q4/P7/2P3P1/1P3P1P/6K1,0,0
6k1/2q1pp1p/1p4p1/p2Q4/P7/2P3P1/1P3P1P/6K1,1,0
6k1/2q1pp1p/1p4p1/p2Q4/P7/2P3P1/1P3P1P/5K2,0,0
6k1/2q2p1p/1p2p1p1/p2Q4/P7/2P3P1/1P3P1P/5K2,1,0
6k1/2q2p1p/1p2p1p1/p7/P2Q4/2P3P1/1P3P1P/5K2,0,0
6k1/5p1p/1pq1p1p1/p7/P2Q4/2P3P1/1P3P1P/5K2,1,0
6k1/5p1p/1pq1p1p1/p7/P2Q4/2P3P1/1P2KP1P/8,0,0
6k1/5p2/1pq1p1p1/p6p/P2Q4/2P3P1/1P2KP1P/8,1,0
6k1/5p2/1pq1p1p1/p6p/P2Q3P/2P3P1/1P2KP2/8,0,0
5k2/5p2/1pq1p1p1/p6p/P2Q3P/2P3P1/1P2KP2/8,1,0
5k2/5p2/1pq1p1p1/p6p/P2Q3P/2PK2P1/1P3P2/8,0,0
8/4kp2/1pq1p1p1/p6p/P2Q3P/2PK2P1/1P3P2/8,1,0
8/4kp2/1pq1p1p1/p6p/P3Q2P/2PK2P1/1P3P2/8,0,0
8/4kp2/1p2p1p1/p1q4p/P3Q2P/2PK2P1/1P3P2/8,1,0
8/4kp2/1p2p1p1/p1q4p/P2Q3P/2PK2P1/1P3P2/8,0,0
8/4kp2/1pq1p1p1/p6p/P2Q3P/2PK2P1/1P3P2/8,1,0
8/4kp2/1pq1p1p1/p6p/P3Q2P/2PK2P1/1P3P2/8,0,0
8/4kp2/1p2p1p1/p1q4p/P3Q2P/2PK2P1/1P3P2/8,1,0
8/8/4k1p1/7p/7P/6P1/5PK1/8,1,1
8/8/4k1p1/7p/7P/5KP1/5P2/8,0,1
8/8/6p1/4k2p/7P/5KP1/5P2/8,1,1
8/8/6p1/4k2p/6PP/5K2/5P2/8,0,1
8/8/6p1/4k3/6pP/5K2/5P2/8,1,1
8/8/6p1/4k3/6KP/8/5P2/8,0,1
8/8/5kp1/8/6KP/8/5P2/8,1,1
8/8/5kp1/8/5K1P/8/5P2/8,0,1
8/8/4k1p1/8/5K1P/8/5P2/8,1,1
8/8/4k1p1/6K1/7P/8/5P2/8,0,1
8/5k2/6p1/6K1/7P/8/5P2/8,1,1
8/5k2/6p1/6KP/8/8/5P2/8,0,1
8/5k2/8/6Kp/8/8/5P2/8,1,1
8/5k2/8/7K/8/8/5P2/8,0,1
8/8/5k2/7K/8/8/5P2/8,1,1
8/8/5k2/8/6K1/8/5P2/8,0,1
8/8/8/4k3/6K1/8/5P2/8,1,1
8/8/8/4k1K1/8/8/5P2/8,0,1
8/8/8/6K1/4k3/8/5P2/8,1,1
8/8/8/6K1/4kP2/8/8/8,0,1
8/3kbp2/p3p3/1p1pP3/1P1K1P2/PNP5/8/8,0,0
8/4bp2/p1k1p3/1p1pP3/1P1K1P2/PNP5/8/8,1,0
8/4bp2/p1k1p3/1p1pP3/1P3P2/PNP1K3/8/8,0,0
3b4/5p2/p1k1p3/1p1pP3/1P3P2/PNP1K3/8/8,1,0
3b4/5p2/p1k1p3/1p1pP3/1P1N1P2/P1P1K3/8/8,0,0
3b4/3k1p2/p3p3/1p1pP3/1P1N1P2/P1P1K3/8/8,1,0
3b4/3k1p2/p3p3/1p1pP3/1P1N1P2/P1P2K2/8/8,0,0
8/3k1p2/pb2p3/1p1pP3/1P1N1P2/P1P2K2/8/8,1,0
8/3k1p2/pb2p3/1p1pPP2/1P1N4/P1P2K2/8/8,0,0
8/3k1p2/p3p3/1p1pPP2/1P1b4/P1P2K2/8/8,1,0
8/3k1p2/p3p3/1p1pPP2/1P1P4/P4K2/8/8,0,0
8/3k1p2/p7/1p1pPp2/1P1P4/P4K2/8/8,1,0
8/3k1p2/p7/1p1pPp2/1P1P1K2/P7/8/8,0,0
8/5p2/p3k3/1p1pPp2/1P1P1K2/P7/8/8,1,0
8/5p2/p3k3/1p1pPpK1/1P1P4/P7/8/8,0,0
8/5p2/p3k3/1p1pP1K1/1P1P1p2/P7/8/8,1,0
8/5p2/p3k3/1p1pP3/1P1P1K2/P7/8/8,0,0
8/8/p3kp2/1p1pP3/1P1P1K2/P7/8/8,1,0
8/8/p3kP2/1p1p4/1P1P1K2/P7/8/8,0,0
8/8/p4k2/1p1p4/1P1P1K2/P7/8/8,1,0
6k1/1p3pp1/5n1p/1QB1rP2/P4bP1/4p2P/5PBq/4RK2,1,1
6k1/1p3pp1/5n1p/1QB1rP2/P4bP1/4P2P/6Bq/4RK2,0,1
6k1/1p3pp1/5n2/1QB1rP1p/P4bP1/4P2P/6Bq/4RK2,1,1
6k1/1p3pp1/5n2/1QB1rP1p/P4bP1/4P2P/4R1Bq/5K2,0,1
6k1/1p3pp1/5n2/1QB1rP2/P4bp1/4P2P/4R1Bq/5K2,1,1
6k1/1p3pp1/5n2/2B1rP2/P1Q2bp1/4P2P/4R1Bq/5K2,0,1
6k1/1p3pp1/5n2/2B2r2/P1Q2bp1/4P2P/4R1Bq/5K2,1,1
6k1/1p3pp1/5n2/2B2r2/P1Q2bp1/4P2P/5RBq/5K2,0,1
6k1/1p3pp1/5n2/2r5/P1Q2bp1/4P2P/5RBq/5K2,1,1
6k1/1p3pp1/5n2/2Q5/P4bp1/4P2P/5RBq/5K2,0,1
6k1/1p3pp1/5n2/2Q5/P5p1/4P1bP/5RBq/5K2,1,1
2Q3k1/1p3pp1/5n2/8/P5p1/4P1bP/5RBq/5K2,0,1
2Q5/1p3ppk/5n2/8/P5p1/4P1bP/5RBq/5K2,1,1
8/1p3ppk/5n2/5Q2/P5p1/4P1bP/5RBq/5K2,0,1
8/1p3pp1/5n1k/5Q2/P5p1/4P1bP/5RBq/5K2,1,1
8/1p3pp1/5n1k/5Q2/P5P1/4P1b1/5RBq/5K2,0,1
8/1p3ppn/7k/5Q2/P5P1/4P1b1/5RBq/5K2,1,1
8/1p3ppn/7k/5Q2/P5P1/4P1b1/1R4Bq/5K2,0,1
8/1p3ppn/3b3k/5Q2/P5P1/4P3/1R4Bq/5K2,1,1
8/1p3ppn/3b3k/7Q/P5P1/4P3/1R4Bq/5K2,0,1
8/R4k2/3p1b1p/4pp1P/8/2P2N2/5PPK/1r6,0,-1
8/R7/3pkb1p/4pp1P/8/2P2N2/5PPK/1r6,1,-1
8/7R/3pkb1p/4pp1P/8/2P2N2/5PPK/1r6,0,-1
8/7R/3pkb1p/4p2P/5p2/2P2N2/5PPK/1r6,1,-1
8/7R/3pkb1p/4p2P/5pP1/2P2N2/5P1K/1r6,0,-1
8/7R/3pkb1p/7P/4ppP1/2P2N2/5P1K/1r6,1,-1
8/8/3pkb1R/7P/4ppP1/2P2N2/5P1K/1r6,0,-1
8/5k2/3p1b1R/7P/4ppP1/2P2N2/5P1K/1r6,1,-1
8/5k2/3p1b1R/7P/4ppP1/2P5/3N1P1K/1r6,0,-1
8/5k2/3p1b1R/7P/5pP1/2P1p3/3N1P1K/1r6,1,-1
8/5k2/3p1b1R/7P/5pP1/2P1P3/3N3K/1r6,0,-1
8/5k2/3p1b1R/7P/6P1/2P1p3/3N3K/1r6,1,-1
8/5k2/3p1b1R/7P/6P1/2P1pN2/7K/1r6,0,-1
8/5k2/3p1b1R/7P/6P1/2P2N2/4p2K/1r6,1,-1
8/5k2/3p1b1R/6PP/8/2P2N2/4p2K/1r6,0,-1
8/5k2/3p3R/4b1PP/8/2P2N2/4p2K/1r6,1,-1
8/5k2/3p3R/4b1PP/8/2P2N2/4p1K1/1r6,0,-1
8/5k2/3p3R/4b1PP/8/2P2N2/4p1K1/5r2,1,-1
8/5k2/3p2PR/4b2P/8/2P2N2/4p1K1/5r2,0,-1
6k1/8/3p2PR/4b2P/8/2P2N2/4p1K1/5r2,1,-1
r6r/1b2kppp/p3p3/2p4Q/1p3P2/4q3/PPPRN1PP/2KR4,1,1
r6r/1b2kppp/p3p3/2p4Q/1p3P2/4q3/PPPRN1PP/1K1R4,0,1
r6r/4kppp/p3p3/2pb3Q/1p3P2/4q3/PPPRN1PP/1K1R4,1,1
r6r/4kppp/p3p3/2pb3Q/1p3P2/3Rq3/PPP1N1PP/1K1R4,0,1
r6r/4kppp/p3p3/2pb3Q/1p2qP2/3R4/PPP1N1PP/1K1R4,1,1
r6r/4kppp/p3p3/2pb3Q/1p2qP2/3R2N1/PPP3PP/1K1R4,0,1
r6r/4kppp/p3p3/2pb3Q/1p3q2/3R2N1/PPP3PP/1K1R4,1,1
r6r/4kppp/p3p3/2pR3Q/1p3q2/6N1/PPP3PP/1K1R4,0,1
r6r/4kppp/p7/2pp3Q/1p3q2/6N1/PPP3PP/1K1R4,1,1
r6r/4kppp/p7/2pp3Q/1p3q2/6N1/PPP3PP/1K3R2,0,1
r6r/4kppp/p7/2pp3Q/1p6/6N1/PPPq2PP/1K3R2,1,1
r6r/4kppp/p7/2ppQ3/1p6/6N1/PPPq2PP/1K3R2,0,1
r4k1r/5ppp/p7/2ppQ3/1p6/6N1/PPPq2PP/1K3R2,1,1
r4k1r/2Q2ppp/p7/2pp4/1p6/6N1/PPPq2PP/1K3R2,0,1
r4k1r/2Q3pp/p4p2/2pp4/1p6/6N1/PPPq2PP/1K3R2,1,1
r4k1r/2Q3pp/p4p2/2pp1N2/1p6/8/PPPq2PP/1K3R2,0,1
r4k1r/2Q3pp/p4p2/2pp1N2/1p6/8/PPP3qP/1K3R2,1,1
r4k1r/4Q1pp/p4p2/2pp1N2/1p6/8/PPP3qP/1K3R2,0,1
r5kr/4Q1pp/p4p2/2pp1N2/1p6/8/PPP3qP/1K3R2,1,1
r5kr/4Q1pp/p4p1N/2pp4/1p6/8/PPP3qP/1K3R2,0,1
8/3b4/pk1B4/8/1P6/7p/6pK/8,1,0
8/3bB3/pk6/8/1P6/7p/6pK/8,0,0
8/3bB3/p7/1k6/1P6/7p/6pK/8,1,0
8/3b4/p2B4/1k6/1P6/7p/6pK/8,0,0
8/3b4/p2B4/8/1Pk5/7p/6pK/8,1,0
8/3bB3/p7/8/1Pk5/7p/6pK/8,0,0
8/3bB3/p7/8/1P6/3k3p/6pK/8,1,0
8/3b4/p7/2B5/1P6/3k3p/6pK/8,0,0
8/3b4/p7/2B5/1P6/7p/4k1pK/8,1,0
8/3b4/pB6/8/1P6/7p/4k1pK/8,0,0
8/3b4/pB6/8/1P6/7p/6pK/5k2,1,0
8/3b4/p7/2B5/1P6/7p/6pK/5k2,0,0
8/8/p1b5/2B5/1P6/7p/6pK/5k2,1,0
8/8/pBb5/8/1P6/7p/6pK/5k2,0,0
8/8/1Bb5/p7/1P6/7p/6pK/5k2,1,0
8/8/1Bb5/P7/8/7p/6pK/5k2,0,0
8/1b6/1B6/P7/8/7p/6pK/5k2,1,0
8/1b6/PB6/8/8/7p/6pK/5k2,0,0
8/8/bB6/8/8/7p/6pK/5k2,1,0
8/8/b7/8/8/7p/6pK/5kB1,0,0
2k2r2/8/pB2pn2/4R2p/2P3b1/1P6/1K1R2P1/8,1,1
2k2r2/8/p3pn2/B3R2p/2P3b1/1P6/1K1R2P1/8,0,1
2k2r2/3n4/p3p3/B3R2p/2P3b1/1P6/1K1R2P1/8,1,1
2k2r2/3n4/p3p3/B5Rp/2P3b1/1P6/1K1R2P1/8,0,1
2k5/3n1r2/p3p3/B5Rp/2P3b1/1P6/1K1R2P1/8,1,1
2k5/3n1r2/p3p3/B5Rp/2P3b1/KP6/3R2P1/8,0,1
8/1k1n1r2/p3p3/B5Rp/2P3b1/KP6/3R2P1/8,1,1
8/1k1n1r2/p3p3/6Rp/2P3b1/KPB5/3R2P1/8,0,1
8/3n1r2/p1k1p3/6Rp/2P3b1/KPB5/3R2P1/8,1,1
8/3n1r2/p1k1p3/R6p/2P3b1/KPB5/3R2P1/8,0,1
8/1k1n1r2/p3p3/R6p/2P3b1/KPB5/3R2P1/8,1,1
8/1k1n1r2/p2Rp3/R6p/2P3b1/KPB5/6P1/8,0,1
1n6/1k3r2/p2Rp3/R6p/2P3b1/KPB5/6P1/8,1,1
1n6/1k3r2/p2Rp3/6Rp/2P3b1/KPB5/6P1/8,0,1
1n6/2k2r2/p2Rp3/6Rp/2P3b1/KPB5/6P1/8,1,1
1n6/2k2r2/p2Rp3/4B1Rp/2P3b1/KP6/6P1/8,0,1
8/2k2r2/p1nRp3/4B1Rp/2P3b1/KP6/6P1/8,1,1
8/2k2r2/p1n1R3/4B1Rp/2P3b1/KP6/6P1/8,0,1
8/1k3r2/p1n1R3/4B1Rp/2P3b1/KP6/6P1/8,1,1
8/1k3r2/p1n4R/4B1Rp/2P3b1/KP6/6P1/8,0,1
8/6k1/bBp2pp1/P3p2p/1P2P2P/1Nn2P2/6P1/6K1,0,1
8/6k1/bBp2pp1/P3p2p/nP2P2P/1N3P2/6P1/6K1,1,1
8/6k1/bBp2pp1/P3p2p/nP2P2P/1N3P2/5KP1/8,0,1
8/5k2/bBp2pp1/P3p2p/nP2P2P/1N3P2/5KP1/8,1,1
3B4/5k2/b1p2pp1/P3p2p/nP2P2P/1N3P2/5KP1/8,0,1
3B4/5k2/b1p3p1/P3pp1p/nP2P2P/1N3P2/5KP1/8,1,1
3B4/5k2/b1p3p1/P3pp1p/nP2P2P/1N3PP1/5K2/8,0,1
3B4/8/b1p1k1p1/P3pp1p/nP2P2P/1N3PP1/5K2/8,1,1
3B4/8/b1p1k1p1/P3pp1p/nP2P2P/1N2KPP1/8/8,0,1
3B4/8/2p1k1p1/P3pp1p/nPb1P2P/1N2KPP1/8/8,1,1
3B4/8/2p1k1p1/P3pp1p/nPb1P2P/4KPP1/3N4/8,0,1
3B4/8/b1p1k1p1/P3pp1p/nP2P2P/4KPP1/3N4/8,1,1
8/2B5/b1p1k1p1/P3pp1p/nP2P2P/4KPP1/3N4/8,0,1
8/2B5/b3k1p1/P1p1pp1p/nP2P2P/4KPP1/3N4/8,1,1
8/2B5/b3k1p1/P1P1pp1p/n3P2P/4KPP1/3N4/8,0,1
8/2B5/b3k1p1/P1n1pp1p/4P2P/4KPP1/3N4/8,1,1
8/8/bB2k1p1/P1n1pp1p/4P2P/4KPP1/3N4/8,0,1
8/1n6/bB2k1p1/P3pp1p/4P2P/4KPP1/3N4/8,1,1
8/1n6/bB2k1p1/P3pp1p/4PP1P/4K1P1/3N4/8,0,1
8/1n6/bB2k1p1/P4p1p/4Pp1P/4K1P1/3N4/8,1,1
8/8/8/8/8/2P4k/1PK5/3r1R2,0,-1
8/8/8/8/8/2P4k/1PK5/5r2,1,-1
8/8/8/8/1P6/2P4k/2K5/5r2,0,-1
8/8/8/8/1P4k1/2P5/2K5/5r2,1,-1
8/8/8/8/1P4k1/2PK4/8/5r2,0,-1
8/8/8/5k2/1P6/2PK4/8/5r2,1,-1
8/8/8/5k2/1P1K4/2P5/8/5r2,0,-1
8/8/4k3/8/1P1K4/2P5/8/5r2,1,-1
8/8/4k3/2K5/1P6/2P5/8/5r2,0,-1
8/3k4/8/2K5/1P6/2P5/8/5r2,1,-1
8/3k4/1K6/8/1P6/2P5/8/5r2,0,-1
2k5/8/1K6/8/1P6/2P5/8/5r2,1,-1
2k5/8/1K6/8/1PP5/8/8/5r2,0,-1
2k5/8/1K6/8/1PP2r2/8/8/8,1,-1
2k5/8/8/1K6/1PP2r2/8/8/8,0,-1
8/1k6/8/1K6/1PP2r2/8/8/8,1,-1
8/1k6/8/1KP5/1P3r2/8/8/8,0,-1
8/1k6/8/1KP5/1P5r/8/8/8,1,-1
8/1k6/8/K1P5/1P5r/8/8/8,0,-1
8/8/2k5/K1P5/1P5r/8/8/8,1,-1
3rb3/1R6/pN1ppk2/8/2P1Ppn1/2K5/P1B3r1/5R2,0,-1
3rb3/1R6/pN1ppk2/8/2P1Ppn1/2K5/P1r5/5R2,1,-1
3rb3/1R6/pN1ppk2/8/2P1Ppn1/8/P1K5/5R2,0,-1
3rb3/1R6/pN1ppk2/8/2P1Pp2/4n3/P1K5/5R2,1,-1
3rb3/1R6/pN1ppk2/8/2P1Pp2/3Kn3/P7/5R2,0,-1
3rb3/1R6/pN1ppk2/8/2P1Pp2/3K4/P7/5n2,1,-1
3rb3/7R/pN1ppk2/8/2P1Pp2/3K4/P7/5n2,0,-1
3r4/7R/pN1ppkb1/8/2P1Pp2/3K4/P7/5n2,1,-1
3r4/3N3R/p2ppkb1/8/2P1Pp2/3K4/P7/5n2,0,-1
3r4/3N3R/p2pp1b1/6k1/2P1Pp2/3K4/P7/5n2,1,-1
3r4/3NR3/p2pp1b1/6k1/2P1Pp2/3K4/P7/5n2,0,-1
3r4/3NR3/p2pp1b1/6k1/2P1Pp2/3K2n1/P7/8,1,-1
3r4/3NR3/p2pp1b1/6k1/2PKPp2/6n1/P7/8,0,-1
3r4/3NR3/p2pp1b1/6k1/2PKnp2/8/P7/8,1,-1
3r4/3NR3/p2pp1b1/2P3k1/3Knp2/8/P7/8,0,-1
3r4/3NR3/p2pp1b1/2n3k1/3K1p2/8/P7/8,1,-1
3r4/4R3/p2pp1b1/2N3k1/3K1p2/8/P7/8,0,-1
3r4/4R3/p3p1b1/2p3k1/3K1p2/8/P7/8,1,-1
3r4/4R3/p3p1b1/2p1K1k1/5p2/8/P7/8,0,-1
3r4/4R3/p3p1b1/2p1K1k1/8/5p2/P7/8,1,-1
3r1rk1/p4p1p/b1p3p1/8/4B3/7P/P2B1PP1/1RR3K1,0,0
5rk1/p4p1p/b1p3p1/8/4B3/7P/P2r1PP1/1RR3K1,1,0
5rk1/p4p1p/b1p3p1/8/P3B3/7P/3r1PP1/1RR3K1,0,0
4r1k1/p4p1p/b1p3p1/8/P3B3/7P/3r1PP1/1RR3K1,1,0
4r1k1/p4p1p/b1R3p1/8/P3B3/7P/3r1PP1/1R4K1,0,0
6k1/p4p1p/b1R3p1/8/P3r3/7P/3r1PP1/1R4K1,1,0
6k1/p4p1p/R5p1/8/P3r3/7P/3r1PP1/1R4K1,0,0
6k1/p4p1p/R5p1/8/P4r2/7P/3r1PP1/1R4K1,1,0
6k1/p4p1p/R5p1/8/P4r2/7P/3r1PP1/5RK1,0,0
6k1/p2r1p1p/R5p1/8/P4r2/7P/5PP1/5RK1,1,0
6k1/p2r1p1p/R5p1/8/P4r2/6PP/5P2/5RK1,0,0
6k1/p2r1p1p/R5p1/8/P1r5/6PP/5P2/5RK1,1,0
6k1/p2r1p1p/R5p1/8/P1r4P/6P1/5P2/5RK1,0,0
6k1/p2r1p2/R5p1/7p/P1r4P/6P1/5P2/5RK1,1,0
6k1/p2r1p2/R5p1/7p/P1r4P/6P1/5PK1/5R2,0,0
8/p2r1pk1/R5p1/7p/P1r4P/6P1/5PK1/5R2,1,0
8/p2r1pk1/R5p1/7p/P1r4P/6P1/5PK1/4R3,0,0
8/p4pk1/R5p1/7p/P1rr3P/6P1/5PK1/4R3,1,0
8/R4pk1/6p1/7p/P1rr3P/6P1/5PK1/4R3,0,0
8/R4pk1/6p1/7p/r2r3P/6P1/5PK1/4R3,1,0
8/P2k1p2/1Bbp1b2/5p2/5P1p/PKN1R3/2P3r1/8,0,-1
6r1/P2k1p2/1Bbp1b2/5p2/5P1p/PKN1R3/2P5/8,1,-1
6r1/P2k1p2/1Bbp1b2/5p2/P4P1p/1KN1R3/2P5/8,0,-1
6r1/P2k1p2/1B1p1b2/5p2/P4P1p/1KN1R3/2P3b1/8,1,-1
6r1/P2k1p2/1B1p1b2/5p2/P4P1p/1KNR4/2P3b1/8,0,-1
6r1/P2k1p2/1B1p1b2/5p2/P4P2/1KNR3p/2P3b1/8,1,-1
6r1/P2k1p2/3p1b2/5p2/P4P2/1KNR3p/2P3b1/6B1,0,-1
b5r1/P2k1p2/3p1b2/5p2/P4P2/1KNR3p/2P5/6B1,1,-1
b5r1/P2k1p2/3p1b2/3N1p2/P4P2/1K1R3p/2P5/6B1,0,-1
b2b2r1/P2k1p2/3p4/3N1p2/P4P2/1K1R3p/2P5/6B1,1,-1
b2b2r1/P2k1p2/3p4/3N1p2/P4P2/1K1R3p/2P4B/8,0,-1
b2b4/P2k1p2/3p4/3N1p2/P4P2/1K1R3p/2P3rB/8,1,-1
b2b4/P2k1p2/3p4/3N1p2/P4P2/1K1R2Bp/2P3r1/8,0,-1
b2b4/P2k1p2/3p4/3N1p2/P4P2/1K1R2rp/2P5/8,1,-1
b2b4/P2k1p2/3p4/3N1p2/P4P2/1K4Rp/2P5/8,0,-1
b2b4/P2k1p2/3p4/3N1p2/P4P2/1K4R1/2P4p/8,1,-1
b2b4/P2k1p2/3p4/3N1p2/P4P2/1K5R/2P4p/8,0,-1
3b4/P2k1p2/3p4/3b1p2/P4P2/1K5R/2P4p/8,1,-1
3b4/P2k1p2/3p4/3b1p2/P1P2P2/1K5R/7p/8,0,-1
3b4/P2k1p2/3p4/3b1p2/P1P2P2/1K5R/8/7q,1,-1
6k1/6b1/3p2p1/2pP4/2P4p/1P2Q2P/1q6/4NK2,0,-1
6k1/6b1/3p2p1/2pP4/2P4p/1P2Q2P/7q/4NK2,1,-1
6k1/6b1/3p2p1/2pP4/2P4p/1P3Q1P/7q/4NK2,0,-1
6k1/8/3p2p1/2pP4/2Pb3p/1P3Q1P/7q/4NK2,1,-1
6k1/8/3p2p1/2pP4/2Pb3p/1P5P/6Qq/4NK2,0,-1
6k1/8/3p2p1/2pP4/2Pb1q1p/1P5P/6Q1/4NK2,1,-1
6k1/8/3p2p1/2pP4/2Pb1q1p/1P3Q1P/8/4NK2,0,-1
6k1/8/3p2p1/2pP4/2Pb3p/1P3Q1P/8/2q1NK2,1,-1
6k1/8/3p2p1/2pP4/2Pb2Qp/1P5P/8/2q1NK2,0,-1
8/6k1/3p2p1/2pP4/2Pb2Qp/1P5P/8/2q1NK2,1,-1
8/6k1/3p2p1/2pP4/2Pb3Q/1P5P/8/2q1NK2,0,-1
8/6k1/3p2p1/2pP4/2Pb3Q/1P2q2P/8/4NK2,1,-1
8/6k1/3p2p1/2pP4/2Pb3Q/1P2q2P/2N5/5K2,0,-1
8/6k1/3p2p1/2pP4/2Pb3Q/1P1q3P/2N5/5K2,1,-1
8/6k1/3p2p1/2pP4/2Pb3Q/1P1q3P/2N5/4K3,0,-1
8/6k1/3p2p1/2pP4/2P4Q/1Pbq3P/2N5/4K3,1,-1
8/6k1/3p2p1/2pP4/2P4Q/1Pbq3P/2N2K2/8,0,-1
8/6k1/3p2p1/2pP4/2P4Q/1Pb4P/2q2K2/8,1,-1
8/6k1/3p2p1/2pP4/2P4Q/1Pb2K1P/2q5/8,0,-1
8/6k1/3p2p1/2pP4/2P4Q/1Pbq1K1P/8/8,1,-1
r2br2k/1pq4p/n2p1n2/p2PpBB1/P6Q/2P4P/1P3PP1/R2R2K1,0,-1
r2br1nk/1pq4p/n2p4/p2PpBB1/P6Q/2P4P/1P3PP1/R2R2K1,1,-1
r2br1nk/1pq4p/n2p4/p2PpBB1/PP5Q/2P4P/5PP1/R2R2K1,0,-1
r3r1nk/1pq4p/n2p4/p2PpBb1/PP5Q/2P4P/5PP1/R2R2K1,1,-1
r3r1nk/1pq4p/n2p4/p2PpBQ1/PP6/2P4P/5PP1/R2R2K1,0,-1
r3r1nk/1p4qp/n2p4/p2PpBQ1/PP6/2P4P/5PP1/R2R2K1,1,-1
r3r1nk/1p4qp/n2p4/p2PpB2/PP6/2P4P/3Q1PP1/R2R2K1,0,-1
r3r2k/1p2n1qp/n2p4/p2PpB2/PP6/2P4P/3Q1PP1/R2R2K1,1,-1
r3r2k/1p2n1qp/n2pB3/p2Pp3/PP6/2P4P/3Q1PP1/R2R2K1,0,-1
r3r2k/1p4qp/n2pB1n1/p2Pp3/PP6/2P4P/3Q1PP1/R2R2K1,1,-1
r3r2k/1p4qp/n2pB1n1/p2Pp3/PP6/2P3PP/3Q1P2/R2R2K1,0,-1
r3r2k/1p4qp/n2pB3/p2Pp3/PP3n2/2P3PP/3Q1P2/R2R2K1,1,-1
r3r2k/1p4qp/n2p4/p2Pp3/PP3nB1/2P3PP/3Q1P2/R2R2K1,0,-1
r3r2k/1p4q1/n2p4/p2Pp2p/PP3nB1/2P3PP/3Q1P2/R2R2K1,1,-1
r3r2k/1p4q1/n2p4/p2Pp2p/PP3n2/2P2BPP/3Q1P2/R2R2K1,0,-1
r3r2k/1p4q1/n2p4/p2Pp2p/PP6/2P2BPn/3Q1P2/R2R2K1,1,-1
r3r2k/1p4q1/n2p4/p2Pp2p/PP6/2P2BPn/3Q1P1K/R2R4,0,-1
r4r1k/1p4q1/n2p4/p2Pp2p/PP6/2P2BPn/3Q1P1K/R2R4,1,-1
r4r1k/1p4q1/n2p4/p2Pp2p/PP6/2P1QBPn/5P1K/R2R4,0,-1
r4r1k/1p4q1/n2p4/p2Pp2p/PP6/2P1QBP1/5n1K/R2R4,1,-1
r1bqk2r/4ppb1/p1np2p1/3Q3p/1p2P2P/1N2BP2/PPP1B1P1/R3K2R,0,-1
r1b1k2r/2q1ppb1/p1np2p1/3Q3p/1p2P2P/1N2BP2/PPP1B1P1/R3K2R,1,-1
r1b1k2r/2q1ppb1/p1np2p1/N2Q3p/1p2P2P/4BP2/PPP1B1P1/R3K2R,0,-1
r1b1k2r/2q1pp2/p1np2p1/N2Q3p/1p2P2P/4BP2/PbP1B1P1/R3K2R,1,-1
r1b1k2r/2q1pp2/p1np2p1/N2Q3p/1p2P2P/4BP2/PbP1B1P1/1R2K2R,0,-1
r1b1k2r/2q1pp2/p1np2p1/N2Q3p/1p2P2P/2b1BP2/P1P1B1P1/1R2K2R,1,-1
r1b1k2r/2q1pp2/p1np2p1/N2Q3p/1p2P2P/2b2P2/P1PBB1P1/1R2K2R,0,-1
r1b1k2r/2q1pp2/p2p2p1/N2Q3p/1p1nP2P/2b2P2/P1PBB1P1/1R2K2R,1,-1
r1b1k2r/2q1pp2/p2p2p1/N2Q3p/1pBnP2P/2b2P2/P1PB2P1/1R2K2R,0,-1
r1b1k2r/2q1pp2/p2p2p1/N2Q3p/1pB1P2P/2b2P2/P1nB2P1/1R2K2R,1,-1
r1b1k2r/2q1pp2/p2p2p1/N2Q3p/1pB1P2P/2b2P2/P1nB2P1/1R1K3R,0,-1
r1b1k2r/2q1pp2/p2p2p1/N2Q3p/1pB1P2P/n1b2P2/P2B2P1/1R1K3R,1,-1
r1b1k2r/2q1pQ2/p2p2p1/N6p/1pB1P2P/n1b2P2/P2B2P1/1R1K3R,0,-1
r1bk3r/2q1pQ2/p2p2p1/N6p/1pB1P2P/n1b2P2/P2B2P1/1R1K3R,1,-1
r1bk3r/2q1pQ2/p2p2p1/N5Bp/1pB1P2P/n1b2P2/P5P1/1R1K3R,0,-1
r1bkr3/2q1pQ2/p2p2p1/N5Bp/1pB1P2P/n1b2P2/P5P1/1R1K3R,1,-1
r1bkr3/2q1pQ2/p2p2p1/N2B2Bp/1p2P2P/n1b2P2/P5P1/1R1K3R,0,-1
r1bkr3/4pQ2/p2p2p1/q2B2Bp/1p2P2P/n1b2P2/P5P1/1R1K3R,1,-1
B1bkr3/4pQ2/p2p2p1/q5Bp/1p2P2P/n1b2P2/P5P1/1R1K3R,0,-1
B1bkr3/4pQ2/p2p2p1/q5Bp/1p2P2P/2b2P2/P5P1/1n1K3R,1,-1
6k1/1p1b2pp/3p1q2/p2P4/P2N1pP1/KPPQ1B1P/5r1B/8,0,-1
6k1/1p1b2pp/3p1q2/p2P4/P2N1pP1/KPPQ1B1P/7r/8,1,-1
6k1/1p1b2pp/3p1q2/p2P4/P2N1pP1/KPP2B1P/7r/5Q2,0,-1
6k1/1p1b2pp/3p4/p2P4/P2N1pPq/KPP2B1P/7r/5Q2,1,-1
6k1/1p1b2pp/3p4/p2P4/P2N1pPq/KPP4P/6Br/5Q2,0,-1
6k1/1p1b2pp/3p4/p2P4/P2N1pP1/KPP3qP/6Br/5Q2,1,-1
6k1/1p1b2pp/3p4/p2P4/P2N1pP1/KPP2BqP/7r/5Q2,0,-1
6k1/1p1b2pp/3p4/p2P4/P2N1pP1/KPP2BqP/5r2/5Q2,1,-1
6k1/1p1b2pp/3p4/p2P4/P2N1pP1/KPPQ1BqP/5r2/8,0,-1
6k1/1p1b2pp/3p4/p2P4/P2N1pP1/KPPQ1B1P/5r2/6q1,1,-1
6k1/1p1b2pp/3p4/p2P4/P2N1pP1/KPPQ3P/5r2/3B2q1,0,-1
6k1/1p1b2pp/3p4/p2P4/P2N1pP1/KPPQ3P/8/3B1rq1,1,-1
6k1/1p1b2pp/3p4/p2P4/P2N1pP1/KPP4P/4Q3/3B1rq1,0,-1
6k1/1p1b2pp/3p4/p2P4/P2N1pP1/KPP4P/4Q3/3r2q1,1,-1
6k1/1p1b2pp/3p4/p2P4/PP1N1pP1/K1P4P/4Q3/3r2q1,0,-1
6k1/1p1b2pp/3p4/p2P4/PP1N1pP1/K1P4P/4Q3/r5q1,1,-1
6k1/1p1b2pp/3p4/p2P4/PP1N1pP1/1KP4P/4Q3/r5q1,0,-1
6k1/1p4pp/3p4/p2P4/bP1N1pP1/1KP4P/4Q3/r5q1,1,-1
6k1/1p4pp/3p4/p2P4/bPKN1pP1/2P4P/4Q3/r5q1,0,-1
6k1/1p4pp/3p4/p2P4/bPKN1pP1/2P4P/4Q3/r4q2,1,-1
8/8/8/1R6/4P1PP/2p5/2krK3/8,1,1
8/8/8/1R6/4P1PP/2p1K3/2kr4/8,0,1
8/8/8/1R6/4P1PP/2prK3/2k5/8,1,1
8/8/8/1R6/4PKPP/2pr4/2k5/8,0,1
8/8/8/1R6/4PKPP/2pr4/3k4/8,1,1
8/8/8/1R5P/4PKP1/2pr4/3k4/8,0,1
8/8/8/1R5P/4PKP1/3r4/2pk4/8,1,1
8/8/8/7P/4PKP1/3r4/1Rpk4/8,0,1
8/8/8/7P/4PKP1/1r6/1Rpk4/8,1,1
8/8/8/7P/4PKP1/1r6/2Rk4/8,0,1
8/8/8/7P/4PKP1/1r6/2k5/8,1,1
8/8/7P/8/4PKP1/1r6/2k5/8,0,1
8/8/7P/8/4PKP1/7r/2k5/8,1,1
8/8/7P/6P1/4PK2/7r/2k5/8,0,1
8/8/7P/6P1/4PK2/3k3r/8/8,1,1
8/8/7P/4P1P1/5K2/3k3r/8/8,0,1
8/8/7P/4P1P1/5K2/3k4/8/7r,1,1
8/8/4P2P/6P1/5K2/3k4/8/7r,0,1
8/8/4P2P/6P1/5K2/3k4/8/5r2,1,1
8/8/4P2P/4K1P1/8/3k4/8/5r2,0,1
5rk1/1p2qp1p/pr4p1/3Pp3/3bP1BP/5RP1/P2Q1PK1/5R2,1,1
5rk1/1p2qp1p/pr4p1/3Pp2P/3bP1B1/5RP1/P2Q1PK1/5R2,0,1
5r2/1p2qpkp/pr4p1/3Pp2P/3bP1B1/5RP1/P2Q1PK1/5R2,1,1
5r2/1p2qpkp/pr4p1/3Pp2P/3bP1B1/5RP1/P2Q1PK1/7R,0,1
5r2/1p2qpkp/pr6/3Pp1pP/3bP1B1/5RP1/P2Q1PK1/7R,1,1
5r2/1p2qpkp/pr5P/3Pp1p1/3bP1B1/5RP1/P2Q1PK1/7R,0,1
5r1k/1p2qp1p/pr5P/3Pp1p1/3bP1B1/5RP1/P2Q1PK1/7R,1,1
5r1k/1p2qp1p/pr5P/3Pp1pR/3bP1B1/5RP1/P2Q1PK1/8,0,1
6rk/1p2qp1p/pr5P/3Pp1pR/3bP1B1/5RP1/P2Q1PK1/8,1,1
6rk/1p2qp1p/pr5P/3Pp1pR/3bP1B1/5RP1/P4PK1/2Q5,0,1
6rk/1p2qp1p/p2r3P/3Pp1pR/3bP1B1/5RP1/P4PK1/2Q5,1,1
6rk/1p2qp1p/p2r3P/3PpRpR/3bP1B1/6P1/P4PK1/2Q5,0,1
6rk/1p2q2p/p2r1p1P/3PpRpR/3bP1B1/6P1/P4PK1/2Q5,1,1
6rk/1p2q2p/p2r1p1P/3Pp1pR/3bP1B1/5RP1/P4PK1/2Q5,0,1
6rk/4q2p/pp1r1p1P/3Pp1pR/3bP1B1/5RP1/P4PK1/2Q5,1,1
6rk/4q2p/pp1rBp1P/3Pp1pR/3bP3/5RP1/P4PK1/2Q5,0,1
5r1k/4q2p/pp1rBp1P/3Pp1pR/3bP3/5RP1/P4PK1/2Q5,1,1
5r1k/4q2p/pp1rBp1P/3Pp1R1/3bP3/5RP1/P4PK1/2Q5,0,1
5r1k/4q2p/pp1rB2P/3Pp1p1/3bP3/5RP1/P4PK1/2Q5,1,1
5r1k/4q2p/pp1rB2P/3Pp1Q1/3bP3/5RP1/P4PK1/8,0,1
1r2kr2/2qbb2p/2pp2pP/p3pp2/2B1P3/PPN1Q3/K1PR2P1/3R4,1,-1
1r2kr2/2qbb2p/2pp2pP/p3pp2/2B1P3/PPN1Q1P1/K1PR4/3R4,0,-1
1r2kr2/2qbb2p/2pp2pP/p3p3/2B1Pp2/PPN1Q1P1/K1PR4/3R4,1,-1
1r2kr2/2qbb2p/2pp2pP/p3p3/2B1PP2/PPN1Q3/K1PR4/3R4,0,-1
1r2k3/2qbb2p/2pp2pP/p3p3/2B1Pr2/PPN1Q3/K1PR4/3R4,1,-1
1r2k3/2qbb2p/2pp2pP/p3p3/2B1Pr2/PPN1Q3/K1PR4/6R1,0,-1
1r2k3/3bb2p/1qpp2pP/p3p3/2B1Pr2/PPN1Q3/K1PR4/6R1,1,-1
1r2k3/3bb2p/1qpp2pP/p3p3/2B1Pr2/PPN5/K1PR4/4Q1R1,0,-1
1r1k4/3bb2p/1qpp2pP/p3p3/2B1Pr2/PPN5/K1PR4/4Q1R1,1,-1
1r1k2B1/3bb2p/1qpp2pP/p3p3/4Pr2/PPN5/K1PR4/4Q1R1,0,-1
1r4B1/2kbb2p/1qpp2pP/p3p3/4Pr2/PPN5/K1PR4/4Q1R1,1,-1
1r6/2kbb2B/1qpp2pP/p3p3/4Pr2/PPN5/K1PR4/4Q1R1,0,-1
1r6/2k1b2B/1qppb1pP/p3p3/4Pr2/PPN5/K1PR4/4Q1R1,1,-1
1r6/2k1b2B/1qppb1pP/p3p3/4Pr2/PPN5/K1PR4/3Q2R1,0,-1
1r6/2k1b2B/1qppb1pP/p3p3/4P3/PPN5/K1PR1r2/3Q2R1,1,-1
1r6/2k1b2B/1qppb1RP/p3p3/4P3/PPN5/K1PR1r2/3Q4,0,-1
1r6/2k1b2B/1qpp2RP/p3p3/4P3/PbN5/K1PR1r2/3Q4,1,-1
1r6/2k1b2B/1qpp2RP/p3p3/4P3/PPN5/K2R1r2/3Q4,0,-1
1r6/2k1b2B/2pp2RP/p3p3/4P3/PqN5/K2R1r2/3Q4,1,-1
1r6/2k1b2B/2pp2RP/p3p3/4P3/PqN5/3R1r2/K2Q4,0,-1
2r5/4Rpkp/p5p1/3pN3/1Pr5/2n4P/P1R2PP1/6K1,0,-1
2r5/4Rpkp/p5p1/3pN3/1P2r3/2n4P/P1R2PP1/6K1,1,-1
2r5/4Rpkp/p5p1/3pN3/1P2r3/2n4P/P1R2PPK/8,0,-1
2r5/4Rp1p/p4kp1/3pN3/1P2r3/2n4P/P1R2PPK/8,1,-1
2r5/5R1p/p4kp1/3pN3/1P2r3/2n4P/P1R2PPK/8,0,-1
2r5/5R1p/p5p1/3pk3/1P2r3/2n4P/P1R2PPK/8,1,-1
2r5/7R/p5p1/3pk3/1P2r3/2n4P/P1R2PPK/8,0,-1
2r5/7R/p5p1/3pk3/1r6/2n4P/P1R2PPK/8,1,-1
2r5/4R3/p5p1/3pk3/1r6/2n4P/P1R2PPK/8,0,-1
2r5/4R3/p4kp1/3p4/1r6/2n4P/P1R2PPK/8,1,-1
2r5/3R4/p4kp1/3p4/1r6/2n4P/P1R2PPK/8,0,-1
2r5/3R4/p4kp1/8/1r1p4/2n4P/P1R2PPK/8,1,-1
2r5/3R4/p4kp1/8/1r1p4/P1n4P/2R2PPK/8,0,-1
2r5/3R4/p4kp1/8/r2p4/P1n4P/2R2PPK/8,1,-1
2r5/3R4/p4kp1/8/r2p3P/P1n5/2R2PPK/8,0,-1
2r5/3R4/p3k1p1/8/r2p3P/P1n5/2R2PPK/8,1,-1
2r5/6R1/p3k1p1/8/r2p3P/P1n5/2R2PPK/8,0,-1
2r5/6R1/p3k1p1/8/r6P/P1np4/2R2PPK/8,1,-1
2r5/6R1/p3k1p1/8/r6P/P1np4/3R1PPK/8,0,-1
2r5/6R1/p3k1p1/8/7r/P1np4/3R1PPK/8,1,-1
8/1b2k1p1/8/P3p1p1/3b4/4p1KP/4B3/4B3,0,-1
8/1b4p1/3k4/P3p1p1/3b4/4p1KP/4B3/4B3,1,-1
8/1b4p1/P2k4/4p1p1/3b4/4p1KP/4B3/4B3,0,-1
8/6p1/P2k4/3bp1p1/3b4/4p1KP/4B3/4B3,1,-1
8/6p1/P2k4/3bp1p1/1B1b4/4p1KP/4B3/8,0,-1
8/6p1/P3k3/3bp1p1/1B1b4/4p1KP/4B3/8,1,-1
8/6p1/P3k3/3bp1p1/1B1b2B1/4p1KP/8/8,0,-1
8/6p1/P4k2/3bp1p1/1B1b2B1/4p1KP/8/8,1,-1
2B5/6p1/P4k2/3bp1p1/1B1b4/4p1KP/8/8,0,-1
2B5/6p1/P4k2/3bp1p1/1B1b4/6KP/4p3/8,1,-1
8/1B4p1/P4k2/3bp1p1/1B1b4/6KP/4p3/8,0,-1
8/1B4p1/P4k2/4p1p1/1Bbb4/6KP/4p3/8,1,-1
8/1B4p1/P4k2/4p1p1/1Bbb4/5K1P/4p3/8,0,-1
8/1B4p1/P4k2/4p1p1/1B1b4/3b1K1P/4p3/8,1,-1
8/1B4p1/P4k2/4p1p1/3b4/3b1K1P/4p3/4B3,0,-1
8/1B4p1/P3k3/4p1p1/3b4/3b1K1P/4p3/4B3,1,-1
8/1B4p1/P3k3/4p1p1/3b4/3b3P/4p1K1/4B3,0,-1
8/1B4p1/P7/4pkp1/3b4/3b3P/4p1K1/4B3,1,-1
2B5/6p1/P7/4pkp1/3b4/3b3P/4p1K1/4B3,0,-1
2B5/6p1/P7/4p1p1/3b1k2/3b3P/4p1K1/4B3,1,-1
6k1/R7/4p1P1/p3P3/2PK3P/r2B2n1/8/8,1,1
R5k1/8/4p1P1/p3P3/2PK3P/r2B2n1/8/8,0,1
R7/6k1/4p1P1/p3P3/2PK3P/r2B2n1/8/8,1,1
8/R5k1/4p1P1/p3P3/2PK3P/r2B2n1/8/8,0,1
6k1/R7/4p1P1/p3P3/2PK3P/r2B2n1/8/8,1,1
6k1/R7/4p1P1/p1P1P3/3K3P/r2B2n1/8/8,0,1
6k1/R7/4p1P1/p1P1P3/r2K3P/3B2n1/8/8,1,1
6k1/R7/4p1P1/p1P1P3/r6P/3BK1n1/8/8,0,1
6k1/R7/4p1P1/p1P1P3/7P/r2BK1n1/8/8,1,1
6k1/R7/4p1P1/p1P1P3/3K3P/r2B2n1/8/8,0,1
6k1/R7/4p1P1/p1P1P3/r2K3P/3B2n1/8/8,1,1
6k1/R7/4p1P1/p1P1P3/r6P/2KB2n1/8/8,0,1
6k1/R7/4p1P1/p1P1P3/7P/r1KB2n1/8/8,1,1
6k1/R7/4p1P1/p1P1P3/7P/r2B2n1/2K5/8,0,1
6k1/R7/4p1P1/p1P1P3/7P/3B2n1/r1K5/8,1,1
6k1/R7/4p1P1/p1P1P3/7P/1K1B2n1/r7/8,0,1
6k1/R7/4p1P1/p1P1P3/7P/1K1B2n1/3r4/8,1,1
6k1/R7/4p1P1/p1P1P3/2B4P/1K4n1/3r4/8,0,1
6k1/R7/4p1P1/2P1P3/p1B4P/1K4n1/3r4/8,1,1
6k1/R7/4p1P1/2P1P3/p1B4P/K5n1/3r4/8,0,1
8/8/p4k2/2K2pP1/1P6/8/8/8,0,-1
8/8/p7/2K2pk1/1P6/8/8/8,1,-1
8/8/pK6/5pk1/1P6/8/8/8,0,-1
8/8/pK6/6k1/1P3p2/8/8/8,1,-1
8/8/K7/6k1/1P3p2/8/8/8,0,-1
8/8/K7/6k1/1P6/5p2/8/8,1,-1
8/8/K7/1P4k1/8/5p2/8/8,0,-1
8/8/K7/1P4k1/8/8/5p2/8,1,-1
8/8/KP6/6k1/8/8/5p2/8,0,-1
8/8/KP6/6k1/8/8/8/5q2,1,-1
8/K7/1P6/6k1/8/8/8/5q2,0,-1
8/K7/1P6/6k1/8/8/8/q7,1,-1
1K6/8/1P6/6k1/8/8/8/q7,0,-1
1K6/8/1P6/4q1k1/8/8/8/8,1,-1
K7/8/1P6/4q1k1/8/8/8/8,0,-1
K7/8/1P6/q5k1/8/8/8/8,1,-1
8/1K6/1P6/q5k1/8/8/8/8,0,-1
8/1K6/1P3k2/q7/8/8/8/8,1,-1
8/8/1PK2k2/q7/8/8/8/8,0,-1
8/8/1PK5/q3k3/8/8/8/8,1,-1
2r1r3/2q1ppk1/p2p1np1/1p1Pn2p/3N4/1B3P2/PPPQ2PP/1K1RR3,1,1
2r1r3/2q1ppk1/p2p1np1/1p1Pn1Qp/3N4/1B3P2/PPP3PP/1K1RR3,0,1
2r1r3/2q1pp1k/p2p1np1/1p1Pn1Qp/3N4/1B3P2/PPP3PP/1K1RR3,1,1
2r1r3/2q1pp1k/p2p1np1/1p1Pn1Qp/3N1P2/1B6/PPP3PP/1K1RR3,0,1
2r1r3/2q1pp1k/p2p1np1/1p1P2Qp/2nN1P2/1B6/PPP3PP/1K1RR3,1,1
2r1r3/2q1pp1k/p2p1np1/1p1P1PQp/2nN4/1B6/PPP3PP/1K1RR3,0,1
2r3r1/2q1pp1k/p2p1np1/1p1P1PQp/2nN4/1B6/PPP3PP/1K1RR3,1,1
2r3r1/2q1pp1k/p1Np1np1/1p1P1PQp/2n5/1B6/PPP3PP/1K1RR3,0,1
2r3r1/2q1pp1k/p1Np2p1/1p1n1PQp/2n5/1B6/PPP3PP/1K1RR3,1,1
2r3r1/2q1pp1k/p1Np2p1/1p1n1PQp/2B5/8/PPP3PP/1K1RR3,0,1
2r3r1/2q1pp1k/p1Np2p1/3n1PQp/2p5/8/PPP3PP/1K1RR3,1,1
2r3r1/2q1Np1k/p2p2p1/3n1PQp/2p5/8/PPP3PP/1K1RR3,0,1
2r3r1/2q1Np1k/p2p2p1/5PQp/2p5/2n5/PPP3PP/1K1RR3,1,1
2r3r1/2q1Np1k/p2p2p1/5PQp/2p5/2P5/P1P3PP/1K1RR3,0,1
1r4r1/2q1Np1k/p2p2p1/5PQp/2p5/2P5/P1P3PP/1K1RR3,1,1
1r4r1/2q1Np1k/p2p2p1/5PQp/2p5/2P5/P1P3PP/2KRR3,0,1
1r4r1/4Np1k/p2p2p1/q4PQp/2p5/2P5/P1P3PP/2KRR3,1,1
1r4r1/4Np1k/p2p2P1/q5Qp/2p5/2P5/P1P3PP/2KRR3,0,1
1r6/4Np1k/p2p2r1/q5Qp/2p5/2P5/P1P3PP/2KRR3,1,1
1r6/4Np1k/p2p2r1/Q6p/2p5/2P5/P1P3PP/2KRR3,0,1
3r2k1/1p3ppp/pN6/4pPn1/6Pn/1P6/1PP1R3/2K2B2,1,1
3r2k1/1p3ppp/pN6/4RPn1/6Pn/1P6/1PP5/2K2B2,0,1
3r1k2/1p3ppp/pN6/4RPn1/6Pn/1P6/1PP5/2K2B2,1,1
3r1k2/1p3ppp/pN6/2R2Pn1/6Pn/1P6/1PP5/2K2B2,0,1
3r1k2/1p3ppp/pN6/2R2Pn1/6P1/1P3n2/1PP5/2K2B2,1,1
3r1k2/1p3ppp/pN6/2R2Pn1/6P1/1P1B1n2/1PP5/2K5,0,1
3r1k2/1p3ppp/pN6/2R2Pn1/6P1/1P1B4/1PP5/2K1n3,1,1
3r1k2/1p3ppp/pN6/2R2Pn1/6P1/1P6/1PP1B3/2K1n3,0,1
3r1k2/1p3ppp/pN6/2R2P2/4n1P1/1P6/1PP1B3/2K1n3,1,1
3r1k2/1pR2ppp/pN6/5P2/4n1P1/1P6/1PP1B3/2K1n3,0,1
3r1k2/1pR2ppp/pN6/5P2/6P1/1P4n1/1PP1B3/2K1n3,1,1
3r1k2/1pR2ppp/pN6/5P2/2B3P1/1P4n1/1PP5/2K1n3,0,1
3r1k2/1pR2pp1/pN6/5P1p/2B3P1/1P4n1/1PP5/2K1n3,1,1
3r1k2/1p3Rp1/pN6/5P1p/2B3P1/1P4n1/1PP5/2K1n3,0,1
3rk3/1p3Rp1/pN6/5P1p/2B3P1/1P4n1/1PP5/2K1n3,1,1
3rk3/1p4R1/pN6/5P1p/2B3P1/1P4n1/1PP5/2K1n3,0,1
4k3/1p4R1/pN1r4/5P1p/2B3P1/1P4n1/1PP5/2K1n3,1,1
4k1R1/1p6/pN1r4/5P1p/2B3P1/1P4n1/1PP5/2K1n3,0,1
6R1/1p2k3/pN1r4/5P1p/2B3P1/1P4n1/1PP5/2K1n3,1,1
2N3R1/1p2k3/p2r4/5P1p/2B3P1/1P4n1/1PP5/2K1n3,0,1
2r2rk1/1p2pp1p/p2p2p1/5P2/1P2P3/P1qP3P/3Q2P1/3R1RK1,1,1
2r2rk1/1p2pp1p/p2p2p1/5PQ1/1P2P3/P1qP3P/6P1/3R1RK1,0,1
2r2rk1/1p2pp1p/p2p2p1/4qPQ1/1P2P3/P2P3P/6P1/3R1RK1,1,1
2r2rk1/1p2pp1p/p2p2p1/4qPQ1/1P2PR2/P2P3P/6P1/3R2K1,0,1
2r2rk1/1p2pp1p/p2p2p1/5PQ1/1P1qPR2/P2P3P/6P1/3R2K1,1,1
2r2rk1/1p2pp1p/p2p2p1/5PQ1/1P1qPR2/P2P3P/6P1/3R3K,0,1
2r2rk1/1p2pp1p/p2p2p1/5PQ1/1P2PR2/P2Pq2P/6P1/3R3K,1,1
2r2rk1/1p2pp1p/p2p2p1/5PQ1/1P2PR2/P2Pq2P/6PK/3R4,0,1
5rk1/1p2pp1p/p2p2p1/5PQ1/1P2PR2/P2Pq2P/6PK/2rR4,1,1
5rk1/1p2pp1p/p2p2p1/5PQ1/1P2PR2/P2Pq2P/6PK/2R5,0,1
5rk1/1p2pp1p/p2p2p1/5PQ1/1P2PR2/P2P3P/6PK/2q5,1,1
5rk1/1p2pp1p/p2p2p1/5P2/1P2PR1Q/P2P3P/6PK/2q5,0,1
5rk1/1p2pp1p/p2p2p1/5P2/1P2PR1Q/q2P3P/6PK/8,1,1
5rk1/1p2Qp1p/p2p2p1/5P2/1P2PR2/q2P3P/6PK/8,0,1
5rk1/1p2Qp1p/p2p2p1/5P2/1q2PR2/3P3P/6PK/8,1,1
5rk1/1p3p1p/p2p2p1/5PQ1/1q2PR2/3P3P/6PK/8,0,1
5rk1/1p3p1p/p2p2p1/2q2PQ1/4PR2/3P3P/6PK/8,1,1
5rk1/1p3p1p/p2p2pQ/2q2P2/4PR2/3P3P/6PK/8,0,1
5rk1/1p3p1p/p2p3Q/2q2p2/4PR2/3P3P/6PK/8,1,1
5rk1/1p3p1p/p2p3Q/2q2R2/4P3/3P3P/6PK/8,0,1
3qk3/1p6/p5pP/P1Q1P3/1P3b2/5K2/3r4/5R2,1,1
3qk3/1p6/p5pP/P1Q1P3/1P3K2/8/3r4/5R2,0,1
3qk3/1p6/p5pP/P1Q1P3/1P3K2/3r4/8/5R2,1,1
3qk3/1p6/p5pP/P1Q1P3/1P2K3/3r4/8/5R2,0,1
3qk3/1p6/p5pP/P1Q1P3/1P1rK3/8/8/5R2,1,1
3qk3/1p6/p5pP/P3P3/1P1QK3/8/8/5R2,0,1
4k3/1p6/p5pP/P3P3/1P1QK2q/8/8/5R2,1,1
4k3/1p6/p5pP/P3P3/1P1QKR1q/8/8/8,0,1
4k3/1p6/p5pP/P3P3/1P1QKR2/8/8/7q,1,1
4k3/1p6/p5pP/P3P3/1P1QK3/5R2/8/7q,0,1
4k3/1p6/p5pP/P3P3/1P1QK3/5R2/8/4q3,1,1
4k3/1p6/p5pP/P2KP3/1P1Q4/5R2/8/4q3,0,1
4k3/1p6/p5pP/P2KP3/1P1Q4/5R2/4q3/8,1,1
4k3/1p6/p5pP/P2KP3/1P6/3Q1R2/4q3/8,0,1
4k3/1p6/p5pP/P2KP3/1P6/3Q1R2/q7/8,1,1
4k3/1p6/p2K2pP/P3P3/1P6/3Q1R2/q7/8,0,1
4k1q1/1p6/p2K2pP/P3P3/1P6/3Q1R2/8/8,1,1
4k1q1/1p6/p2K2pP/P2QP3/1P6/5R2/8/8,0,1
4k3/1p5q/p2K2pP/P2QP3/1P6/5R2/8/8,1,1
4k3/1p5q/p2KQ1pP/P3P3/1P6/5R2/8/8,0,1
8/1k6/1b2K3/1P6/p1R5/P1Nr4/8/8,0,0
8/1k6/1b2K3/1P6/p1R5/P1N1r3/8/8,1,0
8/1k6/1b2K3/1P6/p1R1N3/P3r3/8/8,0,0
8/1k6/1b2K3/1P6/p1R1N3/r7/8/8,1,0
8/1k6/1b1NK3/1P6/p1R5/r7/8/8,0,0
1k6/8/1b1NK3/1P6/p1R5/r7/8/8,1,0
1k6/3K4/1b1N4/1P6/p1R5/r7/8/8,0,0
1k6/3K4/1b1N4/1P6/p1R5/3r4/8/8,1,0
1k6/8/1bKN4/1P6/p1R5/3r4/8/8,0,0
1k6/2b5/2KN4/1P6/p1R5/3r4/8/8,1,0
1k6/2b5/2K5/1P6/p1R1N3/3r4/8/8,0,0
1k6/2b5/2K5/1P6/2R1N3/p2r4/8/8,1,0
1k6/2b5/2K5/1P6/R3N3/p2r4/8/8,0,0
1k6/8/2K5/1P2b3/R3N3/p2r4/8/8,1,0
1k6/8/1PK5/4b3/R3N3/p2r4/8/8,0,0
1k6/8/1PK5/4b3/R2rN3/p7/8/8,1,0
1k6/8/1PK5/4b3/3rN3/R7/8/8,0,0
1k6/8/1PK5/4b3/4r3/R7/8/8,1,0
1k6/1P6/2K5/4b3/4r3/R7/8/8,0,0
1k6/1P6/2K5/4b3/2r5/R7/8/8,1,0
8/3k2pp/p3p1P1/2P1p3/1P1bB3/P5PK/2RB1r2/3r4,0,-1
8/3k2p1/p3p1Pp/2P1p3/1P1bB3/P5PK/2RB1r2/3r4,1,-1
8/3k2p1/p3p1Pp/2P1p3/1P1bB3/P1B3PK/2R2r2/3r4,0,-1
8/3k2p1/p3p1Pp/2P1p3/1P1bB3/P1B3PK/2r5/3r4,1,-1
8/3k2p1/p3p1Pp/2P1p3/1P1b4/P1B3PK/2B5/3r4,0,-1
8/3k2p1/p3p1Pp/2P1p3/1P1b4/P1B3PK/2B5/7r,1,-1
8/3k2p1/p3p1Pp/2P1p3/1P1b4/P1B3P1/2B3K1/7r,0,-1
8/3k2p1/p3p1Pp/2P1p3/1P1b4/P1B3P1/2B3K1/6r1,1,-1
8/3k2p1/p3p1Pp/2P1p3/1P1b4/P1B3P1/2B4K/6r1,0,-1
8/3k2p1/p3p1Pp/2P1p3/1P1b4/P1B3P1/2B4K/2r5,1,-1
8/3k2p1/p3p1Pp/2P1p3/BP1b4/P1B3P1/7K/2r5,0,-1
8/4k1p1/p3p1Pp/2P1p3/BP1b4/P1B3P1/7K/2r5,1,-1
8/4k1p1/p3p1Pp/2P1p3/BP1b4/P5P1/3B3K/2r5,0,-1
8/4k1p1/p3p1Pp/2P1p3/BP1b4/P5P1/3B3K/r7,1,-1
8/4k1p1/p1P1p1Pp/4p3/BP1b4/P5P1/3B3K/r7,0,-1
8/4k1p1/pbP1p1Pp/4p3/BP6/P5P1/3B3K/r7,1,-1
8/4k1p1/pbP1p1Pp/4p3/1P6/PB4P1/3B3K/r7,0,-1
8/4k1p1/pbP1p1Pp/4p3/1P6/PB4P1/3B3K/1r6,1,-1
8/4k1p1/pbP1p1Pp/1P2p3/8/PB4P1/3B3K/1r6,0,-1
8/4k1p1/pbP1p1Pp/1P2p3/8/Pr4P1/3B3K/8,1,-1
r2r2k1/3n1p1p/bq2p1p1/1p1pP3/1P1N1P1Q/2PB1R2/6PP/R6K,0,1
r1r3k1/3n1p1p/bq2p1p1/1p1pP3/1P1N1P1Q/2PB1R2/6PP/R6K,1,1
r1r3k1/3n1p1p/bq2p1p1/1p1pP3/1P1N1P1Q/2P2R2/4B1PP/R6K,0,1
r1rq2k1/3n1p1p/b3p1p1/1p1pP3/1P1N1P1Q/2P2R2/4B1PP/R6K,1,1
r1rq2k1/3n1p1p/b3p1p1/1p1pP3/1P1N1P2/2P2R2/4B1PP/R3Q2K,0,1
r1rq2k1/5p1p/bn2p1p1/1p1pP3/1P1N1P2/2P2R2/4B1PP/R3Q2K,1,1
r1rq2k1/5p1p/bn2p1p1/1B1pP3/1P1N1P2/2P2R2/6PP/R3Q2K,0,1
r1rq2k1/5p1p/1n2p1p1/1b1pP3/1P1N1P2/2P2R2/6PP/R3Q2K,1,1
r1rq2k1/5p1p/1n2p1p1/1N1pP3/1P3P2/2P2R2/6PP/R3Q2K,0,1
2rq2k1/5p1p/1n2p1p1/1N1pP3/1P3P2/2P2R2/6PP/r3Q2K,1,1
2rq2k1/5p1p/1n2p1p1/1N1pP3/1P3P2/2P2R2/6PP/Q6K,0,1
r2q2k1/5p1p/1n2p1p1/1N1pP3/1P3P2/2P2R2/6PP/Q6K,1,1
r2q2k1/5p1p/1n2p1p1/1N1pP3/1P3P2/2P2R2/6PP/4Q2K,0,1
r2q2k1/5p1p/4p1p1/1N1pP3/1Pn2P2/2P2R2/6PP/4Q2K,1,1
r2q2k1/5p1p/4p1p1/1N1pP3/1Pn2P2/2P2R1P/6P1/4Q2K,0,1
r5k1/5p1p/1q2p1p1/1N1pP3/1Pn2P2/2P2R1P/6P1/4Q2K,1,1
r5k1/5p1p/1q2p1p1/3pP3/1PnN1P2/2P2R1P/6P1/4Q2K,0,1
6k1/5p1p/1q2p1p1/3pP3/1PnN1P2/2P2R1P/r5P1/4Q2K,1,1
6k1/5p1p/1q2p1p1/3pP3/1PnN1P2/2PR3P/r5P1/4Q2K,0,1
6k1/5p1p/q3p1p1/3pP3/1PnN1P2/2PR3P/r5P1/4Q2K,1,1
6k1/1R4pp/p7/P3B3/6r1/6P1/3n1PKP/8,1,1
6k1/1R4pp/p7/P3B3/5Pr1/6P1/3n2KP/8,0,1
6k1/1R4pp/p7/P3B3/2n2Pr1/6P1/6KP/8,1,1
6k1/1R4pp/p7/P7/2n2Pr1/2B3P1/6KP/8,0,1
6k1/1R4pp/p5r1/P7/2n2P2/2B3P1/6KP/8,1,1
6k1/1R4pp/p5r1/P7/2n2P2/2B2KP1/7P/8,0,1
6k1/1R4p1/p5r1/P6p/2n2P2/2B2KP1/7P/8,1,1
6k1/2R3p1/p5r1/P6p/2n2P2/2B2KP1/7P/8,0,1
6k1/2R3p1/p5r1/P6p/5P2/n1B2KP1/7P/8,1,1
6k1/2R3p1/p5r1/P3B2p/5P2/n4KP1/7P/8,0,1
6k1/2R3p1/p5r1/Pn2B2p/5P2/5KP1/7P/8,1,1
6k1/3R2p1/p5r1/Pn2B2p/5P2/5KP1/7P/8,0,1
8/3R2pk/p5r1/Pn2B2p/5P2/5KP1/7P/8,1,1
8/3R2pk/p5r1/Pn2B2p/5P2/5KPP/8/8,0,1
8/3R2pk/p5r1/P3B2p/5P2/n4KPP/8/8,1,1
8/3R2pk/p5r1/P3BP1p/8/n4KPP/8/8,0,1
8/3R2pk/p7/P3BPrp/8/n4KPP/8/8,1,1
8/3R2pk/p7/P3BPrp/5K2/n5PP/8/8,0,1
8/3R2p1/p6k/P3BPrp/5K2/n5PP/8/8,1,1
3R4/6p1/p6k/P3BPrp/5K2/n5PP/8/8,0,1
r5k1/8/P2R2pp/4N3/5p2/5P2/P1b3r1/K1R5,1,1
r5k1/8/P1NR2pp/8/5p2/5P2/P1b3r1/K1R5,0,1
r5k1/8/P1NR2pp/8/b4p2/5P2/P5r1/K1R5,1,1
r2R2k1/8/P1N3pp/8/b4p2/5P2/P5r1/K1R5,0,1
3r2k1/8/P1N3pp/8/b4p2/5P2/P5r1/K1R5,1,1
3N2k1/8/P5pp/8/b4p2/5P2/P5r1/K1R5,0,1
3N2k1/8/P5pp/6r1/b4p2/5P2/P7/K1R5,1,1
2RN2k1/8/P5pp/6r1/b4p2/5P2/P7/K7,0,1
2RN2k1/3b4/P5pp/6r1/5p2/5P2/P7/K7,1,1
2RN2k1/P2b4/6pp/6r1/5p2/5P2/P7/K7,0,1
2bN2k1/P7/6pp/6r1/5p2/5P2/P7/K7,1,1
Q1bN2k1/8/6pp/6r1/5p2/5P2/P7/K7,0,1
Q1bN2k1/8/6pp/8/5p2/5P2/P7/K5r1,1,1
Q1bN2k1/8/6pp/8/5p2/5P2/PK6/6r1,0,1
Q2N2k1/8/6pp/5b2/5p2/5P2/PK6/6r1,1,1
Q5k1/8/2N3pp/5b2/5p2/5P2/PK6/6r1,0,1
Q7/5k2/2N3pp/5b2/5p2/5P2/PK6/6r1,1,1
8/Q4k2/2N3pp/5b2/5p2/5P2/PK6/6r1,0,1
8/Q7/2N1k1pp/5b2/5p2/5P2/PK6/6r1,1,1
8/8/2N1k1pp/5b2/5p2/5P2/PK6/6Q1,0,1
2Nr1rk1/1pq2pp1/p1N1p2p/7Q/8/1PP5/1P4PP/3RR1K1,0,-1
2Nr1rk1/2q2pp1/p1p1p2p/7Q/8/1PP5/1P4PP/3RR1K1,1,-1
2Nr1rk1/2q2pp1/p1p1p2p/2Q5/8/1PP5/1P4PP/3RR1K1,0,-1
2qr1rk1/5pp1/p1p1p2p/2Q5/8/1PP5/1P4PP/3RR1K1,1,-1
2qr1rk1/5pp1/p1p1p2p/2Q5/2P5/1P6/1P4PP/3RR1K1,0,-1
3r1rk1/1q3pp1/p1p1p2p/2Q5/2P5/1P6/1P4PP/3RR1K1,1,-1
3r1rk1/1q3pp1/p1p1p2p/2Q5/1PP5/8/1P4PP/3RR1K1,0,-1
1r3rk1/1q3pp1/p1p1p2p/2Q5/1PP5/8/1P4PP/3RR1K1,1,-1
1r3rk1/1q3pp1/p1pRp2p/2Q5/1PP5/8/1P4PP/4R1K1,0,-1
1r3rk1/5pp1/p1pRp2p/2Q5/1qP5/8/1P4PP/4R1K1,1,-1
1r3rk1/5pp1/p1pRp2p/8/1QP5/8/1P4PP/4R1K1,0,-1
5rk1/5pp1/p1pRp2p/8/1rP5/8/1P4PP/4R1K1,1,-1
5rk1/5pp1/p1R1p2p/8/1rP5/8/1P4PP/4R1K1,0,-1
5rk1/5pp1/p1R1p2p/8/2P5/8/1r4PP/4R1K1,1,-1
5rk1/5pp1/R3p2p/8/2P5/8/1r4PP/4R1K1,0,-1
5rk1/5pp1/R3p2p/8/2P5/8/2r3PP/4R1K1,1,-1
5rk1/5pp1/2R1p2p/8/2P5/8/2r3PP/4R1K1,0,-1
3r2k1/5pp1/2R1p2p/8/2P5/8/2r3PP/4R1K1,1,-1
3r2k1/5pp1/2R1p2p/8/2P5/8/2r3PP/5RK1,0,-1
6k1/5pp1/2R1p2p/8/2P5/8/2rr2PP/5RK1,1,-1
8/6b1/2k3P1/8/4KB2/8/8/8,1,1
8/6b1/2k3P1/4B3/4K3/8/8/8,0,1
5b2/8/2k3P1/4B3/4K3/8/8/8,1,1
5b2/8/2k3P1/4BK2/8/8/8/8,0,1
5b2/3k4/6P1/4BK2/8/8/8/8,1,1
5b2/3k4/5KP1/4B3/8/8/8/8,0,1
4kb2/8/5KP1/4B3/8/8/8/8,1,1
4kb2/8/5KP1/8/5B2/8/8/8,0,1
4k3/8/5KP1/2b5/5B2/8/8/8,1,1
4k3/6K1/6P1/2b5/5B2/8/8/8,0,1
4k3/6K1/6P1/8/3b1B2/8/8/8,1,1
4k3/7K/6P1/8/3b1B2/8/8/8,0,1
8/4k2K/6P1/8/3b1B2/8/8/8,1,1
8/4k2K/6PB/8/3b4/8/8/8,0,1
8/7K/4k1PB/8/3b4/8/8/8,1,1
8/6BK/4k1P1/8/3b4/8/8/8,0,1
8/6BK/4k1P1/2b5/8/8/8/8,1,1
8/7K/4k1P1/2b5/8/8/1B6/8,0,1
5b2/7K/4k1P1/8/8/8/1B6/8,1,1
5b2/7K/4k1P1/8/8/B7/8/8,0,1
r2r2k1/7p/p2pR1p1/1p1Pb1Q1/4P3/1P6/P5PP/6K1,0,0
r4rk1/7p/p2pR1p1/1p1Pb1Q1/4P3/1P6/P5PP/6K1,1,0
r4rk1/7p/p2pR1p1/1p1Pb1Q1/4P3/1P5P/P5P1/6K1,0,0
r4rk1/7p/p2pR1p1/1p1P2Q1/4Pb2/1P5P/P5P1/6K1,1,0
r4rk1/7p/p2pR1p1/1p1P4/4Pb1Q/1P5P/P5P1/6K1,0,0
r4rk1/7p/p2pR1p1/1p1P4/4P2Q/1P2b2P/P5P1/6K1,1,0
r4rk1/7p/p2pR1p1/1p1P4/4P2Q/1P2b2P/P5PK/8,0,0
r4rk1/7p/p2pR1p1/1p1P4/4Pb1Q/1P5P/P5PK/8,1,0
r4rk1/7p/p2pR1p1/1p1P4/4Pb1Q/1P4PP/P6K/8,0,0
r4rk1/7p/p2pR1p1/1p1Pb3/4P2Q/1P4PP/P6K/8,1,0
r4rk1/4R2p/p2p2p1/1p1Pb3/4P2Q/1P4PP/P6K/8,0,0
r4rk1/4R1bp/p2p2p1/1p1P4/4P2Q/1P4PP/P6K/8,1,0
r4rk1/4R1bp/p2p2p1/1p1P4/4P1Q1/1P4PP/P6K/8,0,0
r5k1/4R1bp/p2p2p1/1p1P4/4P1Q1/1P4PP/P4r1K/8,1,0
r5k1/4R1bp/p2p2p1/1p1P4/4P1Q1/1P4PP/P4r2/6K1,0,0
5rk1/4R1bp/p2p2p1/1p1P4/4P1Q1/1P4PP/P4r2/6K1,1,0
5rk1/4R1bp/p2pQ1p1/1p1P4/4P3/1P4PP/P4r2/6K1,0,0
5r1k/4R1bp/p2pQ1p1/1p1P4/4P3/1P4PP/P4r2/6K1,1,0
4Rr1k/6bp/p2pQ1p1/1p1P4/4P3/1P4PP/P4r2/6K1,0,0
4Rr1k/6bp/p2pQ1p1/1p1P4/4P3/1P4PP/P7/5rK1,1,0
1n3rk1/4qppp/3R1bP1/2B1p2P/rp2P3/5P2/PP4Q1/1K1R4,0,-1
1n2r1k1/4qppp/3R1bP1/2B1p2P/rp2P3/5P2/PP4Q1/1K1R4,1,-1
1n2r1k1/4qppp/5bP1/2BRp2P/rp2P3/5P2/PP4Q1/1K1R4,0,-1
1n2r1k1/5ppp/4qbP1/2BRp2P/rp2P3/5P2/PP4Q1/1K1R4,1,-1
1n2r1k1/5ppP/4qb2/2BRp2P/rp2P3/5P2/PP4Q1/1K1R4,0,-1
1n2r3/5ppk/4qb2/2BRp2P/rp2P3/5P2/PP4Q1/1K1R4,1,-1
1n2r3/5ppk/4qb2/2BRp2P/rp2P3/5P2/PPQ5/1K1R4,0,-1
1n2r3/5ppk/r3qb2/2BRp2P/1p2P3/5P2/PPQ5/1K1R4,1,-1
1n2r3/5ppk/r3qb2/2BRp2P/1p2PP2/8/PPQ5/1K1R4,0,-1
1n2r3/5ppk/r4b2/2BRp2P/1p2PPq1/8/PPQ5/1K1R4,1,-1
1n2r3/5ppk/r4b2/2BRpP1P/1p2P1q1/8/PPQ5/1K1R4,0,-1
1nr5/5ppk/r4b2/2BRpP1P/1p2P1q1/8/PPQ5/1K1R4,1,-1
1nr5/5ppk/r4b2/2BRpP1P/1p2P1q1/3Q4/PP6/1K1R4,0,-1
1nr5/5ppk/2r2b2/2BRpP1P/1p2P1q1/3Q4/PP6/1K1R4,1,-1
1nr5/5ppk/2r2b2/3RpP1P/1B2P1q1/3Q4/PP6/1K1R4,0,-1
1nr5/5ppk/5b2/3RpP1P/1Br1P1q1/3Q4/PP6/1K1R4,1,-1
1nr5/5ppk/3B1b2/3RpP1P/2r1P1q1/3Q4/PP6/1K1R4,0,-1
1nr5/5ppk/3B1b2/3RpP1P/2r1Pq2/3Q4/PP6/1K1R4,1,-1
1Br5/5ppk/5b2/3RpP1P/2r1Pq2/3Q4/PP6/1K1R4,0,-1
1Br5/5ppk/5b2/3RpP1P/4Pq2/3Q4/PP6/1KrR4,1,-1
6k1/5p2/P3r2p/1P4pn/7q/2NQ3P/1P3Pp1/3R2K1,1,1
6k1/P4p2/4r2p/1P4pn/7q/2NQ3P/1P3Pp1/3R2K1,0,1
4r1k1/P4p2/7p/1P4pn/7q/2NQ3P/1P3Pp1/3R2K1,1,1
4r1k1/P4p2/7p/1P1N2pn/7q/3Q3P/1P3Pp1/3R2K1,0,1
4r1k1/P4p2/7p/1P1N3n/6pq/3Q3P/1P3Pp1/3R2K1,1,1
4r1k1/P4p2/7p/1P1N3n/6pq/3Q3P/1P3PK1/3R4,0,1
4r1k1/P4p2/7p/1P1N3n/7q/3Q3p/1P3PK1/3R4,1,1
4r1k1/P4p2/7p/1P1N3n/7q/7Q/1P3PK1/3R4,0,1
4r1k1/P4p2/7p/1P1N2qn/8/7Q/1P3PK1/3R4,1,1
4r1k1/P4p2/7p/1P1N2qn/8/7Q/1P3P2/3R3K,0,1
4r1k1/P4p2/7p/1P1Nq2n/8/7Q/1P3P2/3R3K,1,1
4r1k1/P4p2/1P5p/3Nq2n/8/7Q/1P3P2/3R3K,0,1
4r1k1/P4p2/1P5p/3N3n/8/7Q/1P2qP2/3R3K,1,1
4r1k1/P4p2/1P5p/3N3n/8/7Q/1P2qP2/6RK,0,1
4rk2/P4p2/1P5p/3N3n/8/7Q/1P2qP2/6RK,1,1
4rk2/PP3p2/7p/3N3n/8/7Q/1P2qP2/6RK,0,1
4rk2/PP3p2/7p/3N3n/4q3/7Q/1P3P2/6RK,1,1
4rk2/PP3p2/7p/3N3n/4q3/5P1Q/1P6/6RK,0,1
4rk2/PP3p2/7p/3q3n/8/5P1Q/1P6/6RK,1,1
1Q2rk2/P4p2/7p/3q3n/8/5P1Q/1P6/6RK,0,1
8/8/rp6/8/1R5P/1P1k2K1/8/8,1,1
8/8/rp6/7P/1R6/1P1k2K1/8/8,0,1
8/8/1p6/r6P/1R6/1P1k2K1/8/8,1,1
8/8/1p6/r6P/7R/1P1k2K1/8/8,0,1
8/8/1p6/r6P/7R/1Pk3K1/8/8,1,1
8/8/1p6/r6P/1P5R/2k3K1/8/8,0,1
8/8/1p6/6rP/1P5R/2k3K1/8/8,1,1
8/8/1p6/6rP/1P3K1R/2k5/8/8,0,1
6r1/8/1p6/7P/1P3K1R/2k5/8/8,1,1
6r1/8/1p6/4K2P/1P5R/2k5/8/8,0,1
6r1/8/8/1p2K2P/1P5R/2k5/8/8,1,1
6r1/8/7P/1p2K3/1P5R/2k5/8/8,0,1
7r/8/7P/1p2K3/1P5R/2k5/8/8,1,1
7r/7P/8/1p2K3/1P5R/2k5/8/8,0,1
7r/7P/8/1p2K3/1P5R/1k6/8/8,1,1
7r/7P/8/1p3K2/1P5R/1k6/8/8,0,1
7r/7P/8/1p3K2/1P5R/k7/8/8,1,1
7r/7P/6K1/1p6/1P5R/k7/8/8,0,1
7r/7P/6K1/1p6/kP5R/8/8/8,1,1
7r/6KP/8/1p6/kP5R/8/8/8,0,1
2r3k1/1p3p1p/3p2p1/p3r3/P3P3/1BN4n/1P2KP2/R2R4,1,1
2r3k1/1p3p1p/3R2p1/p3r3/P3P3/1BN4n/1P2KP2/R7,0,1
2r3k1/1p3p1p/3R2p1/p3r3/P3Pn2/1BN5/1P2KP2/R7,1,1
2r3k1/1p3p1p/3R2p1/p3r3/P3Pn2/1BN2K2/1P3P2/R7,0,1
2r3k1/1p3p1p/3R2p1/p3r3/P3P3/1BN2K1n/1P3P2/R7,1,1
2r3k1/1p1R1p1p/6p1/p3r3/P3P3/1BN2K1n/1P3P2/R7,0,1
5rk1/1p1R1p1p/6p1/p3r3/P3P3/1BN2K1n/1P3P2/R7,1,1
5rk1/1R3p1p/6p1/p3r3/P3P3/1BN2K1n/1P3P2/R7,0,1
5r1k/1R3p1p/6p1/p3r3/P3P3/1BN2K1n/1P3P2/R7,1,1
5r1k/1R3p1p/6p1/p3r3/P3P3/1BN3Kn/1P3P2/R7,0,1
5r1k/1R3p1p/6p1/p3r1n1/P3P3/1BN3K1/1P3P2/R7,1,1
5r1k/1R3p1p/6p1/p2Br1n1/P3P3/2N3K1/1P3P2/R7,0,1
4rr1k/1R3p1p/6p1/p2B2n1/P3P3/2N3K1/1P3P2/R7,1,1
4rr1k/1R3p1p/6p1/p2B2n1/P3PP2/2N3K1/1P6/R7,0,1
4rr1k/1R3p1p/4n1p1/p2B4/P3PP2/2N3K1/1P6/R7,1,1
4rr1k/1R3p1p/4B1p1/p7/P3PP2/2N3K1/1P6/R7,0,1
5r1k/1R3p1p/4r1p1/p7/P3PP2/2N3K1/1P6/R7,1,1
5r1k/1R3p1p/4r1p1/p7/P3PP2/2N3K1/1P6/3R4,0,1
5r1k/1R3p2/4r1p1/p6p/P3PP2/2N3K1/1P6/3R4,1,1
5r1k/1R3p2/4r1p1/p2R3p/P3PP2/2N3K1/1P6/8,0,1
4B3/3R4/3k4/p1b1pp2/P4r2/8/4K3/8,0,-1
4B3/3R4/4k3/p1b1pp2/P4r2/8/4K3/8,1,-1
4B3/2R5/4k3/p1b1pp2/P4r2/8/4K3/8,0,-1
4B3/2R5/4k3/p3pp2/P2b1r2/8/4K3/8,1,-1
4B3/8/4k3/p3pp2/P1Rb1r2/8/4K3/8,0,-1
4B3/8/4k3/p3pp2/P1Rb4/8/4Kr2/8,1,-1
4B3/8/4k3/p3pp2/P1Rb4/8/5r2/4K3,0,-1
4B3/8/4k3/p3pp2/P1Rb4/8/1r6/4K3,1,-1
4B3/8/2R1k3/p3pp2/P2b4/8/1r6/4K3,0,-1
4B3/8/2R5/p2kpp2/P2b4/8/1r6/4K3,1,-1
4B3/8/5R2/p2kpp2/P2b4/8/1r6/4K3,0,-1
4B3/8/5R2/p3pp2/P2bk3/8/1r6/4K3,1,-1
8/8/5RB1/p3pp2/P2bk3/8/1r6/4K3,0,-1
8/8/5RB1/p3pp2/P2b4/4k3/1r6/4K3,1,-1
8/8/5RB1/p3pp2/P2b4/4k3/1r6/5K2,0,-1
8/8/5RB1/p3p3/P2b1p2/4k3/1r6/5K2,1,-1
8/8/R5B1/p3p3/P2b1p2/4k3/1r6/5K2,0,-1
8/8/R5B1/p3p3/P2b4/4kp2/1r6/5K2,1,-1
8/8/2R3B1/p3p3/P2b4/4kp2/1r6/5K2,0,-1
8/8/2R3B1/p3p3/P2b4/4kp2/7r/5K2,1,-1
6k1/6p1/6p1/r2n4/1p4pQ/pK6/7P/8,0,-1
6k1/6p1/5np1/r7/1p4pQ/pK6/7P/8,1,-1
6k1/6p1/5np1/r7/1p4p1/pK6/7P/4Q3,0,-1
6k1/6p1/5np1/r7/1p4p1/1K6/p6P/4Q3,1,-1
6k1/6p1/5np1/r7/1p4p1/1K6/p6P/Q7,0,-1
6k1/6p1/6p1/r2n4/1p4p1/1K6/p6P/Q7,1,-1
6k1/6p1/6p1/r2n4/1pK3p1/8/p6P/Q7,0,-1
6k1/6p1/6p1/r7/1pK3p1/4n3/p6P/Q7,1,-1
6k1/6p1/6p1/r7/1p4p1/3Kn3/p6P/Q7,0,-1
6k1/6p1/6p1/8/1p4p1/r2Kn3/p6P/Q7,1,-1
6k1/6p1/6p1/8/1p4p1/r3n3/p2K3P/Q7,0,-1
6k1/6p1/6p1/8/1pn3p1/r7/p2K3P/Q7,1,-1
6k1/6p1/6p1/8/1pn3p1/r7/p3K2P/Q7,0,-1
8/6pk/6p1/8/1pn3p1/r7/p3K2P/Q7,1,-1
8/6pk/6p1/8/1pn3p1/r7/p4K1P/Q7,0,-1
8/6pk/6p1/8/1pn3p1/5r2/p4K1P/Q7,1,-1
8/6pk/6p1/8/1pn3p1/5r2/p3K2P/Q7,0,-1
8/6pk/6p1/8/1pn3p1/7r/p3K2P/Q7,1,-1
8/6pk/6p1/8/1pn3p1/7r/p3K2P/6Q1,0,-1
8/6pk/6p1/8/2n3p1/1p5r/p3K2P/6Q1,1,-1
6r1/8/8/RR4bk/5pp1/3K4/8/8,1,0
6r1/8/8/RR4bk/5pp1/8/4K3/8,0,0
6r1/8/8/RR4b1/5ppk/8/4K3/8,1,0
6r1/8/8/RR4b1/5ppk/8/5K2/8,0,0
8/8/6r1/RR4b1/5ppk/8/5K2/8,1,0
8/8/6r1/R2R2b1/5ppk/8/5K2/8,0,0
8/6r1/8/R2R2b1/5ppk/8/5K2/8,1,0
8/6r1/8/R4Rb1/5ppk/8/5K2/8,0,0
6r1/8/8/R4Rb1/5ppk/8/5K2/8,1,0
6r1/8/8/1R3Rb1/5ppk/8/5K2/8,0,0
6r1/8/8/1R3Rb1/6pk/5p2/5K2/8,1,0
6r1/8/8/R4Rb1/6pk/5p2/5K2/8,0,0
8/6r1/8/R4Rb1/6pk/5p2/5K2/8,1,0
8/6r1/8/1R3Rb1/6pk/5p2/5K2/8,0,0
8/r7/8/1R3Rb1/6pk/5p2/5K2/8,1,0
8/r7/8/1R4R1/6pk/5p2/5K2/8,0,0
8/8/8/1R4R1/6pk/5p2/r4K2/8,1,0
8/8/8/1R4R1/6pk/5p2/r7/5K2,0,0
8/8/8/1R4R1/6p1/5pk1/r7/5K2,1,0
8/8/8/1R6/6R1/5pk1/r7/5K2,0,0
3q2k1/pp3p1p/4p3/6Q1/5P2/2P3PP/PP5K/8,0,1
6k1/pp3p1p/4p3/6q1/5P2/2P3PP/PP5K/8,1,1
6k1/pp3p1p/4p3/6P1/8/2P3PP/PP5K/8,0,1
5k2/pp3p1p/4p3/6P1/8/2P3PP/PP5K/8,1,1
5k2/pp3p1p/4p3/6P1/8/2P3PP/PP4K1/8,0,1
8/pp2kp1p/4p3/6P1/8/2P3PP/PP4K1/8,1,1
8/pp2kp1p/4p3/6P1/8/2P2KPP/PP6/8,0,1
8/pp3p1p/3kp3/6P1/8/2P2KPP/PP6/8,1,1
8/pp3p1p/3kp3/6P1/4K3/2P3PP/PP6/8,0,1
8/p4p1p/3kp3/1p4P1/4K3/2P3PP/PP6/8,1,1
8/p4p1p/3kp3/1p4P1/4K3/1PP3PP/P7/8,0,1
8/p2k1p1p/4p3/1p4P1/4K3/1PP3PP/P7/8,1,1
8/p2k1p1p/4p3/1p2K1P1/8/1PP3PP/P7/8,0,1
8/p3kp1p/4p3/1p2K1P1/8/1PP3PP/P7/8,1,1
8/p3kp1p/4p3/1p2K1P1/7P/1PP3P1/P7/8,0,1
8/p2k1p1p/4p3/1p2K1P1/7P/1PP3P1/P7/8,1,1
8/p2k1p1p/4p3/1p2K1PP/8/1PP3P1/P7/8,0,1
8/p3kp1p/4p3/1p2K1PP/8/1PP3P1/P7/8,1,1
8/p3kp1p/4p3/1p2K1PP/6P1/1PP5/P7/8,0,1
8/p2k1p1p/4p3/1p2K1PP/6P1/1PP5/P7/8,1,1
rnbqkbnr/pppppppp/8/8/4P3/8/PPPP1PPP/RNBQKBNR,0,0
rnbqkbnr/pp1ppppp/8/2p5/4P3/8/PPPP1PPP/RNBQKBNR,1,0
rnbqkbnr/pp1ppppp/8/2p5/4P3/5N2/PPPP1PPP/RNBQKB1R,0,0
rnbqkbnr/pp2pppp/3p4/2p5/4P3/5N2/PPPP1PPP/RNBQKB1R,1,0
rnbqkbnr/pp2pppp/3p4/2p5/3PP3/5N2/PPP2PPP/RNBQKB1R,0,0
rnbqkbnr/pp2pppp/3p4/8/3pP3/5N2/PPP2PPP/RNBQKB1R,1,0
rnbqkbnr/pp2pppp/3p4/8/3NP3/8/PPP2PPP/RNBQKB1R,0,0
rnbqkb1r/pp2pppp/3p1n2/8/3NP3/8/PPP2PPP/RNBQKB1R,1,0
rnbqkb1r/pp2pppp/3p1n2/8/3NP3/2N5/PPP2PPP/R1BQKB1R,0,0
rnbqkb1r/1p2pppp/p2p1n2/8/3NP3/2N5/PPP2PPP/R1BQKB1R,1,0
rnbqkb1r/1p2pppp/p2p1n2/6B1/3NP3/2N5/PPP2PPP/R2QKB1R,0,0
rnbqkb1r/1p3ppp/p2ppn2/6B1/3NP3/2N5/PPP2PPP/R2QKB1R,1,0
rnbqkb1r/1p3ppp/p2ppn2/6B1/3NPP2/2N5/PPP3PP/R2QKB1R,0,0
rnbqkb1r/1p3pp1/p2ppn1p/6B1/3NPP2/2N5/PPP3PP/R2QKB1R,1,0
rnbqkb1r/1p3pp1/p2ppB1p/8/3NPP2/2N5/PPP3PP/R2QKB1R,0,0
1k2rr2/1pq2p2/p1npb3/3N2p1/3BPQPp/2R4P/PPP5/1K1R4,1,1
1k2rr2/1pN2p2/p1npb3/6p1/3BPQPp/2R4P/PPP5/1K1R4,0,1
1k2rr2/1pN2p2/p1npb3/8/3BPpPp/2R4P/PPP5/1K1R4,1,1
1k2Nr2/1p3p2/p1npb3/8/3BPpPp/2R4P/PPP5/1K1R4,0,1
1k2r3/1p3p2/p1npb3/8/3BPpPp/2R4P/PPP5/1K1R4,1,1
1k2r3/1p3p2/p1npb3/8/3BPpPp/5R1P/PPP5/1K1R4,0,1
1k2r3/1p3p2/p1np4/8/2bBPpPp/5R1P/PPP5/1K1R4,1,1
1k2r3/1p3p2/p1np4/8/2bBPRPp/7P/PPP5/1K1R4,0,1
1k2r3/1p3p2/p1n5/3p4/2bBPRPp/7P/PPP5/1K1R4,1,1
1k2r3/1p3p2/p1n5/3P4/2bB1RPp/7P/PPP5/1K1R4,0,1
1k2r3/1p3p2/p1n5/3b4/3B1RPp/7P/PPP5/1K1R4,1,1
1k2r3/1p3p2/p1n5/3b4/5RPp/7P/PPP2B2/1K1R4,0,1
1k2r3/1p3p2/p1n5/8/5RPp/7P/PPP2Bb1/1K1R4,1,1
1k2r3/1p3p2/p1n5/8/5RPp/7P/PPP2Bb1/1K2R3,0,1
1k1r4/1p3p2/p1n5/8/5RPp/7P/PPP2Bb1/1K2R3,1,1
1k1r4/1p3p2/p1n5/8/5RPB/7P/PPP3b1/1K2R3,0,1
1k5r/1p3p2/p1n5/8/5RPB/7P/PPP3b1/1K2R3,1,1
1k5r/1p3p2/p1n5/6P1/5R1B/7P/PPP3b1/1K2R3,0,1
1k5r/1p3p2/p1n5/6P1/5R1B/7b/PPP5/1K2R3,1,1
1k5r/1p3p2/p1n5/6P1/5R2/6Bb/PPP5/1K2R3,0,1
7k/7p/pq6/3pPQP1/Pp6/8/1P6/7K,0,0
7k/7p/p5q1/3pPQP1/Pp6/8/1P6/7K,1,0
5Q1k/7p/p5q1/3pP1P1/Pp6/8/1P6/7K,0,0
5Qqk/7p/p7/3pP1P1/Pp6/8/1P6/7K,1,0
6qk/7p/p4Q2/3pP1P1/Pp6/8/1P6/7K,0,0
7k/6qp/p4Q2/3pP1P1/Pp6/8/1P6/7K,1,0
7k/6qp/p4Q2/3pP1P1/Pp6/8/1P4K1/8,0,0
6k1/6qp/p4Q2/3pP1P1/Pp6/8/1P4K1/8,1,0
6k1/6qp/p4Q2/3pP1P1/Pp6/5K2/1P6/8,0,0
6k1/7p/p4Qq1/3pP1P1/Pp6/5K2/1P6/8,1,0
3Q2k1/7p/p5q1/3pP1P1/Pp6/5K2/1P6/8,0,0
3Q4/6kp/p5q1/3pP1P1/Pp6/5K2/1P6/8,1,0
8/6kp/p4Qq1/3pP1P1/Pp6/5K2/1P6/8,0,0
6k1/7p/p4Qq1/3pP1P1/Pp6/5K2/1P6/8,1,0
3Q2k1/7p/p5q1/3pP1P1/Pp6/5K2/1P6/8,0,0
3Q4/6kp/p5q1/3pP1P1/Pp6/5K2/1P6/8,1,0
8/4Q1kp/p5q1/3pP1P1/Pp6/5K2/1P6/8,0,0
6k1/4Q2p/p5q1/3pP1P1/Pp6/5K2/1P6/8,1,0
6k1/4Q2p/p3P1q1/3p2P1/Pp6/5K2/1P6/8,0,0
6k1/4Q2p/p3P3/3p2P1/Pp2q3/5K2/1P6/8,1,0
r4rk1/p1q1bppp/2bppn2/1N4B1/1p1NP2P/3Q4/PPP2PP1/1K1R3R,0,1
r4rk1/pq2bppp/2bppn2/1N4B1/1p1NP2P/3Q4/PPP2PP1/1K1R3R,1,1
r4rk1/pq2bppp/2bppB2/1N6/1p1NP2P/3Q4/PPP2PP1/1K1R3R,0,1
r4rk1/pq2bppp/3ppB2/1N6/1p1Nb2P/3Q4/PPP2PP1/1K1R3R,1,1
r4rk1/pq2bppp/3ppB2/1N6/1p1Nb2P/6Q1/PPP2PP1/1K1R3R,0,1
r4rk1/pq3ppp/3ppb2/1N6/1p1Nb2P/6Q1/PPP2PP1/1K1R3R,1,1
r4rk1/pq3ppp/3Npb2/8/1p1Nb2P/6Q1/PPP2PP1/1K1R3R,0,1
r4rk1/p4ppp/1q1Npb2/8/1p1Nb2P/6Q1/PPP2PP1/1K1R3R,1,1
r4rk1/p4ppp/1q2pb2/8/1p1NN2P/6Q1/PPP2PP1/1K1R3R,0,1
r4rk1/p4ppp/1q2p3/8/1p1bN2P/6Q1/PPP2PP1/1K1R3R,1,1
r4rk1/p4ppp/1q2p3/8/1p1bNP1P/6Q1/PPP3P1/1K1R3R,0,1
r4rk1/p5pp/1q2p3/5p2/1p1bNP1P/6Q1/PPP3P1/1K1R3R,1,1
r4rk1/p5pp/1q2p3/5pN1/1p1b1P1P/6Q1/PPP3P1/1K1R3R,0,1
r4rk1/p5pp/1q2pb2/5pN1/1p3P1P/6Q1/PPP3P1/1K1R3R,1,1
r4rk1/p5pp/1q2pb2/5pN1/1p3P1P/1Q6/PPP3P1/1K1R3R,0,1
4rrk1/p5pp/1q2pb2/5pN1/1p3P1P/1Q6/PPP3P1/1K1R3R,1,1
4rrk1/p5pp/1q2pb2/5pN1/1p3P1P/1Q6/PPP3P1/1K2R2R,0,1
4rrk1/p5pp/1q2p3/5pb1/1p3P1P/1Q6/PPP3P1/1K2R2R,1,1
4rrk1/p5pp/1q2p3/5pP1/1p3P2/1Q6/PPP3P1/1K2R2R,0,1
4rrk1/p6p/1q2p1p1/5pP1/1p3P2/1Q6/PPP3P1/1K2R2R,1,1
8/4kp2/4p1p1/1pr4p/p3PP1P/P1P5/2K3P1/3R4,1,1
8/4kp2/4p1p1/1pr4p/p3PP1P/P1P3P1/2K5/3R4,0,1
8/4k3/4ppp1/1pr4p/p3PP1P/P1P3P1/2K5/3R4,1,1
8/4k3/4ppp1/1pr4p/p3PP1P/P1P3P1/2K5/1R6,0,1
8/8/3kppp1/1pr4p/p3PP1P/P1P3P1/2K5/1R6,1,1
8/8/3kppp1/1pr4p/p3PP1P/P1PK2P1/8/1R6,0,1
8/8/2k1ppp1/1pr4p/p3PP1P/P1PK2P1/8/1R6,1,1
8/8/2k1ppp1/1pr4p/pR2PP1P/P1PK2P1/8/8,0,1
8/8/2k2pp1/1pr1p2p/pR2PP1P/P1PK2P1/8/8,1,1
8/8/2k2pp1/1pr1P2p/pR2P2P/P1PK2P1/8/8,0,1
8/8/2k3p1/1pr1p2p/pR2P2P/P1PK2P1/8/8,1,1
8/8/2k3p1/1pr1p2p/pRP1P2P/P2K2P1/8/8,0,1
8/8/1k4p1/1pr1p2p/pRP1P2P/P2K2P1/8/8,1,1
8/8/1k4p1/1Pr1p2p/pR2P2P/P2K2P1/8/8,0,1
8/8/1k4p1/1r2p2p/pR2P2P/P2K2P1/8/8,1,1
8/8/1k4p1/1r2p2p/pRK1P2P/P5P1/8/8,0,1
8/8/1k4p1/4p2p/prK1P2P/P5P1/8/8,1,1
8/8/1k4p1/4p2p/pK2P2P/P5P1/8/8,0,1
8/8/2k3p1/4p2p/pK2P2P/P5P1/8/8,1,1
8/8/2k3p1/4p2p/p1K1P2P/P5P1/8/8,0,1
2k5/1R6/1PP5/6p1/5p2/7P/3K4/1r6,1,1
2k5/1R6/1PP5/6p1/5p2/7P/2K5/1r6,0,1
2k5/1R6/1PP5/1r4p1/5p2/7P/2K5/8,1,1
2k5/1R6/1PP5/1r4p1/5p2/3K3P/8/8,0,1
2k5/1R6/1PP5/6p1/5p2/1r1K3P/8/8,1,1
2k5/1R6/1PP5/6p1/2K2p2/1r5P/8/8,0,1
2k5/1R6/1PP5/6p1/2K2p2/7P/1r6/8,1,1
2k5/1R6/1PP5/2K3p1/5p2/7P/1r6/8,0,1
2k5/1R6/1PP5/2K3p1/5p2/7P/2r5/8,1,1
2k5/1R6/1PPK4/6p1/5p2/7P/2r5/8,0,1
2k5/1R6/1PPK4/6p1/5p2/7P/3r4/8,1,1
2k5/1R6/1PP5/4K1p1/5p2/7P/3r4/8,0,1
2k5/1R6/1PP5/4K1p1/5p2/7P/1r6/8,1,1
2k5/5R2/1PP5/4K1p1/5p2/7P/1r6/8,0,1
2k5/5R2/1rP5/4K1p1/5p2/7P/8/8,1,1
2k5/5R2/1rPK4/6p1/5p2/7P/8/8,0,1
1k6/5R2/1rPK4/6p1/5p2/7P/8/8,1,1
1k6/3K1R2/1rP5/6p1/5p2/7P/8/8,0,1
8/k2K1R2/1rP5/6p1/5p2/7P/8/8,1,1
8/k1PK1R2/1r6/6p1/5p2/7P/8/8,0,1
r4rk1/1pq1bppp/p2pbn2/4n1B1/P2NP3/2NB4/1PP3PP/R2Q1R1K,0,0
r4rk1/1pq1bppp/p2pb3/4n1B1/P2NP1n1/2NB4/1PP3PP/R2Q1R1K,1,0
r4rk1/1pq1Bppp/p2pb3/4n3/P2NP1n1/2NB4/1PP3PP/R2Q1R1K,0,0
r4rk1/1p2qppp/p2pb3/4n3/P2NP1n1/2NB4/1PP3PP/R2Q1R1K,1,0
r4rk1/1p2qppp/p2pb3/4n3/P2NP1n1/2NB4/1PP3PP/R3QR1K,0,0
r4rk1/1p3ppp/p2pb3/4n1q1/P2NP1n1/2NB4/1PP3PP/R3QR1K,1,0
r4rk1/1p3ppp/p2pb3/4n1q1/P2NP1n1/2NB2Q1/1PP3PP/R4R1K,0,0
r4rk1/1p3ppp/p2pb3/6q1/P2NP1n1/2Nn2Q1/1PP3PP/R4R1K,1,0
r4rk1/1p3ppp/p2pb3/6q1/P2NP1n1/2NP2Q1/1P4PP/R4R1K,0,0
r4rk1/1p3ppp/p2pb3/4q3/P2NP1n1/2NP2Q1/1P4PP/R4R1K,1,0
r4rk1/1p3ppp/p2pb3/4Q3/P2NP1n1/2NP4/1P4PP/R4R1K,0,0
r4rk1/1p3ppp/p3b3/4p3/P2NP1n1/2NP4/1P4PP/R4R1K,1,0
r4rk1/1p3ppp/p3b3/4pN2/P3P1n1/2NP4/1P4PP/R4R1K,0,0
r4rk1/1p3ppp/p3bn2/4pN2/P3P3/2NP4/1P4PP/R4R1K,1,0
r4rk1/1p3ppp/p2Nbn2/4p3/P3P3/2NP4/1P4PP/R4R1K,0,0
1r3rk1/1p3ppp/p2Nbn2/4p3/P3P3/2NP4/1P4PP/R4R1K,1,0
1r3rk1/1p3ppp/p3bn2/4p3/P1N1P3/2NP4/1P4PP/R4R1K,0,0
1r3rk1/1p3ppp/p3b3/4p3/P1N1P1n1/2NP4/1P4PP/R4R1K,1,0
1r3rk1/1p3ppp/pN2b3/4p3/P3P1n1/2NP4/1P4PP/R4R1K,0,0
1r3rk1/1p3ppp/pN2bn2/4p3/P3P3/2NP4/1P4PP/R4R1K,1,0
6k1/4bpp1/4p2p/4P3/2r5/1NnnBN2/5PPP/5RK1,0,-1
6k1/4bp2/4p2p/4P1p1/2r5/1NnnBN2/5PPP/5RK1,1,-1
6k1/4bp2/4p2p/4P1p1/2r5/1NnnBN1P/5PP1/5RK1,0,-1
6k1/4bp2/4p2p/3nP1p1/2r5/1N1nBN1P/5PP1/5RK1,1,-1
6k1/4bp2/4p2p/3nP1p1/2r5/1N1nBN1P/5PP1/3R2K1,0,-1
6k1/4bp2/4p2p/3nP1p1/8/1NrnBN1P/5PP1/3R2K1,1,-1
6k1/4bp2/4p2p/3nP1p1/3N4/2rnBN1P/5PP1/3R2K1,0,-1
6k1/4bp2/4p2p/4P1p1/3N4/2rnnN1P/5PP1/3R2K1,1,-1
6k1/4bp2/4p2p/4P1p1/3N4/2rnPN1P/6P1/3R2K1,0,-1
6k1/5p2/4p2p/2b1P1p1/3N4/2rnPN1P/6P1/3R2K1,1,-1
6k1/5p2/4p2p/2b1P1p1/3N4/2rnPN1P/6P1/3R1K2,0,-1
6k1/5p2/4p2p/2b1P1p1/3N4/2r1PN1P/1n4P1/3R1K2,1,-1
6k1/5p2/4p2p/2b1P1p1/3N4/2r1PN1P/1n4P1/1R3K2,0,-1
6k1/5p2/4p2p/2b1P1p1/2nN4/2r1PN1P/6P1/1R3K2,1,-1
1R4k1/5p2/4p2p/2b1P1p1/2nN4/2r1PN1P/6P1/5K2,0,-1
1R6/5pk1/4p2p/2b1P1p1/2nN4/2r1PN1P/6P1/5K2,1,-1
8/1R3pk1/4p2p/2b1P1p1/2nN4/2r1PN1P/6P1/5K2,0,-1
8/1R3p2/4p1kp/2b1P1p1/2nN4/2r1PN1P/6P1/5K2,1,-1
8/1R3p2/4p1kp/2b1P1p1/2nN2P1/2r1PN1P/8/5K2,0,-1
8/1R3p2/4p1kp/4P1p1/2nb2P1/2r1PN1P/8/5K2,1,-1
2k5/pp3p1p/2n1p3/2br1qN1/8/1QR4P/PP3PP1/R5K1,0,-1
2k5/pp3p1p/2n1p3/2br2N1/8/1QR4P/PP3qP1/R5K1,1,-1
2k5/pp3p1p/2n1p3/2br2N1/8/1QR4P/PP3qP1/R6K,0,-1
2k5/pp3p1p/2n1p3/2b3r1/8/1QR4P/PP3qP1/R6K,1,-1
2k5/pp3p1p/2n1p3/2b3r1/8/1Q5P/PPR2qP1/R6K,0,-1
2k5/pp3p1p/2n1p3/2b3r1/5q2/1Q5P/PPR3P1/R6K,1,-1
2k5/pp3p1p/2n1p3/2b3r1/5q2/1Q5P/PPR3P1/3R3K,0,-1
2k5/pp3p1p/2nbp3/6r1/5q2/1Q5P/PPR3P1/3R3K,1,-1
2k5/pp3p1p/2nbp3/6r1/5qP1/1Q5P/PPR5/3R3K,0,-1
2k5/pp3p1p/2nbp3/3r4/5qP1/1Q5P/PPR5/3R3K,1,-1
2k5/pp3p1p/2nbp3/3r4/5qP1/1Q5P/PP4R1/3R3K,0,-1
2k5/pp3p1p/2nbp3/8/5qP1/1Q5P/PP4R1/3r3K,1,-1
2k5/pp3p1p/2nbp3/8/5qP1/7P/PP4R1/3Q3K,0,-1
2k5/pp3p1p/3bp3/8/3n1qP1/7P/PP4R1/3Q3K,1,-1
2k5/pp3p1p/3bp3/8/3n1qP1/1P5P/P5R1/3Q3K,0,-1
2k5/pp3p1p/3bp3/8/3nq1P1/1P5P/P5R1/3Q3K,1,-1
2k5/pp3p1p/3bp3/8/3nq1P1/1P5P/P2Q2R1/7K,0,-1
2k5/pp3p1p/3bp3/8/3n2P1/1P5P/P2Q2R1/1q5K,1,-1
2k5/pp3p1p/3bp3/8/3n2P1/1P5P/P2Q4/1q4RK,0,-1
2k5/pp3p1p/3bp3/8/3n2P1/1P5P/P2Q4/6qK,1,-1
R1nqrbk1/3n1p2/2Qp2p1/1N1P3p/1BP5/4P1PP/6B1/6K1,0,-1
R1nqrbk1/5p2/2Qp2p1/1N1Pn2p/1BP5/4P1PP/6B1/6K1,1,-1
R1nqrbk1/2Q2p2/3p2p1/1N1Pn2p/1BP5/4P1PP/6B1/6K1,0,-1
R1n1rbk1/2Q2p2/3p2p1/1N1Pn1qp/1BP5/4P1PP/6B1/6K1,1,-1
R1n1rbk1/2Q2p2/3p2p1/1N1Pn1qp/2P5/4P1PP/6B1/4B1K1,0,-1
R1n1rbk1/2Q2p2/3p2p1/1N1P2qp/2P5/3nP1PP/6B1/4B1K1,1,-1
R1n1rbk1/2Q2p2/3p2p1/1N1P2qp/2P5/3nP1PP/3B2B1/6K1,0,-1
R1n1rbk1/2Q2p2/3p2p1/1N1P1q1p/2P5/3nP1PP/3B2B1/6K1,1,-1
2n1rbk1/2Q2p2/3p2p1/1N1P1q1p/2P5/3nP1PP/R2B2B1/6K1,0,-1
2n1rbk1/2Q2p2/3p2p1/1N1P3p/2P5/3nP1PP/R2B1qB1/6K1,1,-1
2n1rbk1/2Q2p2/3p2p1/1N1P3p/2P5/3nP1PP/R2B1qB1/7K,0,-1
2n1rbk1/2Q2p2/3p2p1/1N1P3p/2P5/4P1PP/R2B1qB1/4n2K,1,-1
2n1rbk1/2Q2p2/3p2p1/1N1P3p/2P5/4P1PP/R4qB1/4B2K,0,-1
2n1rbk1/2Q2p2/3p2p1/1N1P3p/2P5/4P1PP/R5B1/4q2K,1,-1
2n1rbk1/2Q2p2/3p2p1/1N1P3p/2P5/4P1PP/R5BK/4q3,0,-1
2n2bk1/2Q2p2/3p2p1/1N1P3p/2P5/4r1PP/R5BK/4q3,1,-1
2n2bk1/2Q2p2/3p2p1/1N1P3p/2P5/4r1PP/R6K/4qB2,0,-1
2n2bk1/2Q2p2/3p2p1/1N1P3p/2P5/4r1qP/R6K/5B2,1,-1
2n2bk1/2Q2p2/3p2p1/1N1P3p/2P5/4r1qP/R7/5B1K,0,-1
2n2bk1/2Q2p2/3p2p1/1N1P3p/2P5/6qP/R7/4rB1K,1,-1
1rbqr1k1/2n2pbp/3p2p1/1pp5/4PP2/2PPN2P/1P4BK/R1BQ1R2,1,1
1rbqr1k1/2n2pbp/3p2p1/1pp2P2/4P3/2PPN2P/1P4BK/R1BQ1R2,0,1
1r1qr1k1/1bn2pbp/3p2p1/1pp2P2/4P3/2PPN2P/1P4BK/R1BQ1R2,1,1
1r1qr1k1/Rbn2pbp/3p2p1/1pp2P2/4P3/2PPN2P/1P4BK/2BQ1R2,0,1
1r1qr1k1/Rbn2pbp/6p1/1ppp1P2/4P3/2PPN2P/1P4BK/2BQ1R2,1,1
1r1qr1k1/Rbn2pbp/6p1/1ppp1P2/4P1N1/2PP3P/1P4BK/2BQ1R2,0,1
1r1qr1k1/Rbn2pbp/6p1/1pp2P2/4p1N1/2PP3P/1P4BK/2BQ1R2,1,1
1r1qr1k1/Rbn2pbp/6p1/1pp2P2/4P1N1/2P4P/1P4BK/2BQ1R2,0,1
1r1qr1k1/Rbn2pbp/8/1pp2p2/4P1N1/2P4P/1P4BK/2BQ1R2,1,1
1r1Qr1k1/Rbn2pbp/8/1pp2p2/4P1N1/2P4P/1P4BK/2B2R2,0,1
1r1r2k1/Rbn2pbp/8/1pp2p2/4P1N1/2P4P/1P4BK/2B2R2,1,1
1r1r2k1/Rbn2pbp/8/1pp2p2/4PBN1/2P4P/1P4BK/5R2,0,1
1r4k1/Rbnr1pbp/8/1pp2p2/4PBN1/2P4P/1P4BK/5R2,1,1
1r4k1/Rbnr1pbp/8/1pp2P2/5BN1/2P4P/1P4BK/5R2,0,1
1r4k1/R1nr1pbp/8/1pp2P2/5BN1/2P4P/1P4bK/5R2,1,1
1r4k1/R1nr1pbp/8/1pp2P2/5BN1/2P4P/1P4K1/5R2,0,1
2r3k1/R1nr1pbp/8/1pp2P2/5BN1/2P4P/1P4K1/5R2,1,1
2r3k1/R1nr1pbp/5P2/1pp5/5BN1/2P4P/1P4K1/5R2,0,1
2r3k1/R1nr1pb1/5P2/1pp4p/5BN1/2P4P/1P4K1/5R2,1,1
2r3k1/R1nr1pb1/5P2/1pp1N2p/5B2/2P4P/1P4K1/5R2,0,1
5b2/4rpk1/6qp/3P4/1Q2p3/1B3RP1/1PP2PK1/8,1,1
5b2/4rpk1/6qp/3P4/1Q2p3/1B2R1P1/1PP2PK1/8,0,1
5b2/5pk1/6qp/3Pr3/1Q2p3/1B2R1P1/1PP2PK1/8,1,1
5b2/5pk1/6qp/3Pr3/3Qp3/1B2R1P1/1PP2PK1/8,0,1
5b2/6k1/5pqp/3Pr3/3Qp3/1B2R1P1/1PP2PK1/8,1,1
5b2/Q5k1/5pqp/3Pr3/4p3/1B2R1P1/1PP2PK1/8,0,1
5b2/Q3r1k1/5pqp/3P4/4p3/1B2R1P1/1PP2PK1/8,1,1
5b2/4r1k1/5pqp/3P4/3Qp3/1B2R1P1/1PP2PK1/8,0,1
5b2/6k1/5pqp/3Pr3/3Qp3/1B2R1P1/1PP2PK1/8,1,1
5b2/6k1/3P1pqp/4r3/3Qp3/1B2R1P1/1PP2PK1/8,0,1
4qb2/6k1/3P1p1p/4r3/3Qp3/1B2R1P1/1PP2PK1/8,1,1
4qb2/3P2k1/5p1p/4r3/3Qp3/1B2R1P1/1PP2PK1/8,0,1
3q1b2/3P2k1/5p1p/4r3/3Qp3/1B2R1P1/1PP2PK1/8,1,1
3q1b2/3P2k1/5p1p/4r3/3QR3/1B4P1/1PP2PK1/8,0,1
3q1b2/3P2k1/5p1p/8/3Qr3/1B4P1/1PP2PK1/8,1,1
3q1b2/3P2k1/5p1p/8/4Q3/1B4P1/1PP2PK1/8,0,1
5b2/3q2k1/5p1p/8/4Q3/1B4P1/1PP2PK1/8,1,1
5b2/3q2k1/5p1p/8/2Q5/1B4P1/1PP2PK1/8,0,1
8/3q2k1/3b1p1p/8/2Q5/1B4P1/1PP2PK1/8,1,1
6Q1/3q2k1/3b1p1p/8/8/1B4P1/1PP2PK1/8,0,1
r3kb1r/1p1n1p2/pq1pbnp1/4p1Bp/4P3/2N4P/PPP1BPP1/R2QKN1R,1,-1
r3kb1r/1p1n1p2/pq1pbnp1/4p1Bp/4P3/2N4P/PPPQBPP1/R3KN1R,0,-1
r3kb1r/1p1n1p2/p2pbnp1/4p1Bp/4P3/2N4P/PqPQBPP1/R3KN1R,1,-1
r3kb1r/1p1n1p2/p2pbnp1/4p1Bp/4P3/2N4P/PqPQBPP1/1R2KN1R,0,-1
r3kb1r/1p1n1p2/p2pbnp1/4p1Bp/4P3/q1N4P/P1PQBPP1/1R2KN1R,1,-1
r3kb1r/1R1n1p2/p2pbnp1/4p1Bp/4P3/q1N4P/P1PQBPP1/4KN1R,0,-1
2r1kb1r/1R1n1p2/p2pbnp1/4p1Bp/4P3/q1N4P/P1PQBPP1/4KN1R,1,-1
2r1kb1r/3R1p2/p2pbnp1/4p1Bp/4P3/q1N4P/P1PQBPP1/4KN1R,0,-1
2r1kb1r/3n1p2/p2pb1p1/4p1Bp/4P3/q1N4P/P1PQBPP1/4KN1R,1,-1
2r1kb1r/3n1p2/p2pb1p1/4p1Bp/4P3/q6P/P1PQBPP1/3NKN1R,0,-1
2r1kb1r/3n1p2/p3b1p1/3pp1Bp/4P3/q6P/P1PQBPP1/3NKN1R,1,-1
2r1kb1r/3n1p2/p3b1p1/3Pp1Bp/8/q6P/P1PQBPP1/3NKN1R,0,-1
2r1k2r/3n1p2/p3b1p1/3Pp1Bp/1b6/q6P/P1PQBPP1/3NKN1R,1,-1
2r1k2r/3n1p2/p3b1p1/3Pp1Bp/1b6/q1P4P/P2QBPP1/3NKN1R,0,-1
4k2r/3n1p2/p3b1p1/3Pp1Bp/1b6/q1r4P/P2QBPP1/3NKN1R,1,-1
4k2r/3n1p2/p3P1p1/4p1Bp/1b6/q1r4P/P2QBPP1/3NKN1R,0,-1
4k2r/2rn1p2/p3P1p1/4p1Bp/1b6/q6P/P2QBPP1/3NKN1R,1,-1
4k2r/2rP1p2/p5p1/4p1Bp/1b6/q6P/P2QBPP1/3NKN1R,0,-1
4k2r/3r1p2/p5p1/4p1Bp/1b6/q6P/P2QBPP1/3NKN1R,1,-1
4k2r/3r1p2/p5p1/4p1Bp/1bB5/q6P/P2Q1PP1/3NKN1R,0,-1
8/6p1/p6p/3p3P/3kb3/P1Np2K1/1P3r2/4R3,0,-1
8/6p1/p6p/3p3P/3kb3/P1Np2K1/1r6/4R3,1,-1
8/6p1/p6p/3p3P/3kb3/P2p2K1/1r6/3NR3,0,-1
8/6p1/p6p/3p3P/3kb3/P2p2K1/4r3/3NR3,1,-1
8/6p1/p6p/3p3P/3kb3/P2p2K1/4r3/3N1R2,0,-1
8/6p1/p6p/3p3P/3kb3/P5K1/3pr3/3N1R2,1,-1
8/6p1/p6p/3p3P/3kb3/P5K1/1N1pr3/5R2,0,-1
8/6p1/p6p/3p3P/3kb3/P5K1/1N1p4/4rR2,1,-1
8/6p1/p6p/3p3P/3kb3/P7/1N1p1K2/4rR2,0,-1
8/6p1/p6p/3p3P/3kb3/P7/1N1p1K2/5r2,1,-1
8/6p1/p6p/3p3P/3kb3/P7/1N1p4/5K2,0,-1
8/6p1/p6p/3p3P/4b3/P1k5/1N1p4/5K2,1,-1
8/6p1/p6p/3p3P/4b3/P1k5/3p4/3N1K2,0,-1
8/6p1/p6p/3p3P/4b3/P7/2kp4/3N1K2,1,-1
8/6p1/p6p/3p3P/4b3/P3N3/2kp4/5K2,0,-1
8/6p1/p6p/3p3P/4b3/P3N3/3p4/2k2K2,1,-1
8/6p1/p6p/3p3P/4b3/P3N3/3pK3/2k5,0,-1
8/6p1/p6p/7P/3pb3/P3N3/3pK3/2k5,1,-1
8/6p1/p6p/7P/3pb3/P7/3pK3/2kN4,0,-1
8/6p1/p6p/7P/3p4/P4b2/3pK3/2kN4,1,-1
2r3k1/3qbpp1/Q2p4/Np2p2p/1Bn1P2P/5PP1/PP6/1KR5,0,0
2r3k1/3qbpp1/Q7/Np1pp2p/1Bn1P2P/5PP1/PP6/1KR5,1,0
2r3k1/3qbpp1/Q7/1p1pp2p/1BN1P2P/5PP1/PP6/1KR5,0,0
2r3k1/3q1pp1/Q7/1p1pp2p/1bN1P2P/5PP1/PP6/1KR5,1,0
2r3k1/3q1pp1/Q7/1p1pN2p/1b2P2P/5PP1/PP6/1KR5,0,0
6k1/3q1pp1/Q7/1p1pN2p/1b2P2P/5PP1/PP6/1Kr5,1,0
6k1/3q1pp1/Q7/1p1pN2p/1b2P2P/5PP1/PP6/2K5,0,0
6k1/2q2pp1/Q7/1p1pN2p/1b2P2P/5PP1/PP6/2K5,1,0
6k1/2q2pp1/Q1N5/1p1p3p/1b2P2P/5PP1/PP6/2K5,0,0
6k1/2q2pp1/Q1N5/1p5p/1b2p2P/5PP1/PP6/2K5,1,0
6k1/2q2pp1/Q1N5/1p5p/1b2P2P/6P1/PP6/2K5,0,0
6k1/5pp1/Q1N5/1p5p/1b2P2P/6q1/PP6/2K5,1,0
2Q3k1/5pp1/2N5/1p5p/1b2P2P/6q1/PP6/2K5,0,0
2Q5/5ppk/2N5/1p5p/1b2P2P/6q1/PP6/2K5,1,0
8/5ppk/2N5/1p3Q1p/1b2P2P/6q1/PP6/2K5,0,0
6k1/5pp1/2N5/1p3Q1p/1b2P2P/6q1/PP6/2K5,1,0
2Q3k1/5pp1/2N5/1p5p/1b2P2P/6q1/PP6/2K5,0,0
2Q5/5ppk/2N5/1p5p/1b2P2P/6q1/PP6/2K5,1,0
8/5ppk/2N5/1p3Q1p/1b2P2P/6q1/PP6/2K5,0,0
6k1/5pp1/2N5/1p3Q1p/1b2P2P/6q1/PP6/2K5,1,0
2r1kb1r/pp2pppp/3p1n2/8/2PRP3/1PN5/P4PPP/R1B3K1,0,-1
2r1kb1r/pp2pp1p/3p1np1/8/2PRP3/1PN5/P4PPP/R1B3K1,1,-1
2r1kb1r/pp2pp1p/3p1np1/8/2P1P3/1PNR4/P4PPP/R1B3K1,0,-1
2r1k2r/pp2ppbp/3p1np1/8/2P1P3/1PNR4/P4PPP/R1B3K1,1,-1
2r1k2r/pp2ppbp/3p1np1/8/2P1P3/1PNR1P2/P5PP/R1B3K1,0,-1
2r1k2r/1p2ppbp/p2p1np1/8/2P1P3/1PNR1P2/P5PP/R1B3K1,1,-1
2r1k2r/1p2ppbp/p2p1np1/8/P1P1P3/1PNR1P2/6PP/R1B3K1,0,-1
2r1k2r/1p1nppbp/p2p2p1/8/P1P1P3/1PNR1P2/6PP/R1B3K1,1,-1
2r1k2r/1p1nppbp/p2p2p1/8/P1P1P3/BPNR1P2/6PP/R5K1,0,-1
2r1k2r/3nppbp/p2p2p1/1p6/P1P1P3/BPNR1P2/6PP/R5K1,1,-1
2r1k2r/3nppbp/p2p2p1/1P6/2P1P3/BPNR1P2/6PP/R5K1,0,-1
2r1k2r/3nppbp/3p2p1/1p6/2P1P3/BPNR1P2/6PP/R5K1,1,-1
2r1k2r/3nppbp/3p2p1/1p6/1BP1P3/1PNR1P2/6PP/R5K1,0,-1
2r1k2r/4ppbp/3p2p1/1p2n3/1BP1P3/1PNR1P2/6PP/R5K1,1,-1
2r1k2r/4ppbp/3p2p1/1p1Rn3/1BP1P3/1PN2P2/6PP/R5K1,0,-1
2r1k2r/4ppbp/3p2p1/3Rn3/1Bp1P3/1PN2P2/6PP/R5K1,1,-1
2r1k2r/4ppbp/3p2p1/3Rn3/1BP1P3/2N2P2/6PP/R5K1,0,-1
2r1k2r/4ppbp/2np2p1/3R4/1BP1P3/2N2P2/6PP/R5K1,1,-1
2r1k2r/4ppbp/2nB2p1/3R4/2P1P3/2N2P2/6PP/R5K1,0,-1
2r1k2r/4pp1p/2nB2p1/3R4/2P1P3/2b2P2/6PP/R5K1,1,-1
7k/4N1p1/p6p/4p3/2qbP3/3Q3P/1Pr3PK/5R2,1,1
7k/4N1p1/p6p/4p3/2qbP3/5Q1P/1Pr3PK/5R2,0,1
7k/4N1p1/p6p/4p3/2q1P3/4bQ1P/1Pr3PK/5R2,1,1
5Q1k/4N1p1/p6p/4p3/2q1P3/4b2P/1Pr3PK/5R2,0,1
5Q2/4N1pk/p6p/4p3/2q1P3/4b2P/1Pr3PK/5R2,1,1
8/4N1pk/p6p/4pQ2/2q1P3/4b2P/1Pr3PK/5R2,0,1
7k/4N1p1/p6p/4pQ2/2q1P3/4b2P/1Pr3PK/5R2,1,1
7k/4N1p1/p6p/4pQ2/2q1P3/1P2b2P/2r3PK/5R2,0,1
7k/4N1p1/p6p/4pQ2/4P3/1q2b2P/2r3PK/5R2,1,1
7k/4N1p1/p6p/4pQ2/4P3/1q2b2P/2r3PK/1R6,0,1
7k/4N1p1/p6p/4pQ2/4P3/1q2b2P/6rK/1R6,1,1
7k/4N1p1/p6p/4pQ2/4P3/1q2b2P/6K1/1R6,0,1
7k/4N1p1/p6p/4pQ2/4P3/4b2P/2q3K1/1R6,1,1
7k/4N1p1/p6p/4pQ2/4P3/4b1KP/2q5/1R6,0,1
7k/4N1p1/p6p/4pQ2/4Pb2/6KP/2q5/1R6,1,1
7k/4N1p1/p6p/4pQ2/4Pb1K/7P/2q5/1R6,0,1
7k/4N1p1/p6p/4pQ2/4Pb1K/7P/5q2/1R6,1,1
7k/4N1p1/p6p/4pQ1K/4Pb2/7P/5q2/1R6,0,1
7k/4N1p1/p6p/4pQ1K/4Pb2/5q1P/8/1R6,1,1
7k/4N1p1/p5Kp/4pQ2/4Pb2/5q1P/8/1R6,0,1
8/8/p4B2/1p5K/2k4P/6b1/8/8,0,-1
8/8/p4B2/7K/1pk4P/6b1/8/8,1,-1
8/8/p4B2/8/1pk3KP/6b1/8/8,0,-1
8/8/p4B2/8/1pk3Kb/8/8/8,1,-1
8/8/p4B2/8/1pk4K/8/8/8,0,-1
8/8/p4B2/8/1p5K/3k4/8/8,1,-1
8/8/p4B2/8/1p6/3k2K1/8/8,0,-1
8/8/5B2/p7/1p6/3k2K1/8/8,1,-1
8/8/5B2/p7/1p6/3k4/5K2/8,0,-1
8/8/5B2/8/pp6/3k4/5K2/8,1,-1
8/4B3/8/8/pp6/3k4/5K2/8,0,-1
8/4B3/8/8/1p6/p2k4/5K2/8,1,-1
8/4B3/8/8/1p6/p2k4/8/4K3,0,-1
8/4B3/8/8/1p6/3k4/p7/4K3,1,-1
8/8/5B2/8/1p6/3k4/p7/4K3,0,-1
8/8/5B2/8/1p6/8/p1k5/4K3,1,-1
8/8/5B2/8/1p6/8/p1k1K3/8,0,-1
8/8/5B2/8/8/1p6/p1k1K3/8,1,-1
8/8/8/8/8/1p6/p1k1K3/B7,0,-1
8/8/8/8/8/8/ppk1K3/B7,1,-1
r1b2rk1/2Bn1ppp/2N1qb2/1N1pp3/1PB5/P5QP/5PP1/1KR4R,0,-1
r1b2rk1/2Bn1ppp/2N1qb2/1N2p3/1Pp5/P5QP/5PP1/1KR4R,1,-1
r1b2rk1/2Bn1ppp/2NNqb2/4p3/1Pp5/P5QP/5PP1/1KR4R,0,-1
r1b2rk1/2Bn1ppp/2NNqb2/8/1Pp1p3/P5QP/5PP1/1KR4R,1,-1
r1b2rk1/2Bn1ppp/2NNqb2/8/1PR1p3/P5QP/5PP1/1K5R,0,-1
r4rk1/2Bn1ppp/b1NNqb2/8/1PR1p3/P5QP/5PP1/1K5R,1,-1
r4rk1/2Bn1ppp/b1NNqb2/8/1P2R3/P5QP/5PP1/1K5R,0,-1
r4rk1/2Bn1ppp/b1NN1b2/3q4/1P2R3/P5QP/5PP1/1K5R,1,-1
r4rk1/2Bn1ppp/b1NN1b2/1P1q4/4R3/P5QP/5PP1/1K5R,0,-1
r4rk1/2Bn1ppp/2NN1b2/1b1q4/4R3/P5QP/5PP1/1K5R,1,-1
r4rk1/2Bn1ppp/3N1b2/1b1q4/1N2R3/P5QP/5PP1/1K5R,0,-1
r4rk1/2Bn1ppp/3N1b2/1b6/1N2R3/P5QP/3q1PP1/1K5R,1,-1
r4rk1/2Bn1ppp/3N1b2/1b6/1N2R3/PQ5P/3q1PP1/1K5R,0,-1
r4rk1/2B2ppp/3N1b2/1bn5/1N2R3/PQ5P/3q1PP1/1K5R,1,-1
r4rk1/2B2ppp/3N1b2/1bn5/1N2R3/P6P/2Qq1PP1/1K5R,0,-1
5rk1/2B2ppp/3N1b2/1bn5/1N2R3/r6P/2Qq1PP1/1K5R,1,-1
5rk1/2B2ppp/3N1b2/1bn5/1N2R3/r6P/3Q1PP1/1K5R,0,-1
5rk1/2B2ppp/3N1b2/1bn5/1N2R3/7P/3Q1PP1/rK5R,1,-1
5rk1/2B2ppp/3N1b2/1bn5/1N2R3/7P/2KQ1PP1/r6R,0,-1
5rk1/2B2ppp/3N1b2/2n5/bN2R3/7P/2KQ1PP1/r6R,1,-1
4k2r/2qnbppp/p2p4/4pP2/1r2n1P1/1NN1B2P/1PPQ4/1K1R1R2,1,1
4k2r/2qnbppp/p2p4/4pP2/1r2N1P1/1N2B2P/1PPQ4/1K1R1R2,0,1
4k2r/2qnbppp/p2p4/4pP2/4r1P1/1N2B2P/1PPQ4/1K1R1R2,1,1
4k2r/2qnbppp/p2p4/4pPP1/4r3/1N2B2P/1PPQ4/1K1R1R2,0,1
4k2r/2qnbppp/3p4/p3pPP1/4r3/1N2B2P/1PPQ4/1K1R1R2,1,1
4k2r/2qnbppp/3p1P2/p3p1P1/4r3/1N2B2P/1PPQ4/1K1R1R2,0,1
4k2r/2qnbp1p/3p1p2/p3p1P1/4r3/1N2B2P/1PPQ4/1K1R1R2,1,1
4k2r/2qnbp1p/3p1P2/p3p3/4r3/1N2B2P/1PPQ4/1K1R1R2,0,1
4kb1r/2qn1p1p/3p1P2/p3p3/4r3/1N2B2P/1PPQ4/1K1R1R2,1,1
4kb1r/2qn1p1p/3p1P2/p3p1B1/4r3/1N5P/1PPQ4/1K1R1R2,0,1
4kb1r/2qn1p1p/3p1P2/4p1B1/p3r3/1N5P/1PPQ4/1K1R1R2,1,1
4kb1r/2qn1p1p/3p1P2/3Qp1B1/p3r3/1N5P/1PP5/1K1R1R2,0,1
4kb1r/2qn1p1p/3p1P2/3Qp1B1/p1r5/1N5P/1PP5/1K1R1R2,1,1
4kb1r/2qn1p1p/3pQP2/4p1B1/p1r5/1N5P/1PP5/1K1R1R2,0,1
3k1b1r/2qn1p1p/3pQP2/4p1B1/p1r5/1N5P/1PP5/1K1R1R2,1,1
3k1b1r/2qn1Q1p/3p1P2/4p1B1/p1r5/1N5P/1PP5/1K1R1R2,0,1
3k1b1r/2qn1Q1p/3p1P2/4p1B1/p7/1N5P/1Pr5/1K1R1R2,1,1
3kQb1r/2qn3p/3p1P2/4p1B1/p7/1N5P/1Pr5/1K1R1R2,0,1
4kb1r/2qn3p/3p1P2/4p1B1/p7/1N5P/1Pr5/1K1R1R2,1,1
4kb1r/2qn1P1p/3p4/4p1B1/p7/1N5P/1Pr5/1K1R1R2,0,1
r2r2k1/1p3ppp/p4b2/q2bpP2/4P3/3Q1N2/PPP3PP/1K1R3R,1,1
r2r2k1/1p3ppp/p4b2/q2PpP2/8/3Q1N2/PPP3PP/1K1R3R,0,1
r5k1/1p3ppp/p2r1b2/q2PpP2/8/3Q1N2/PPP3PP/1K1R3R,1,1
r5k1/1p3ppp/p2r1b2/q2PpP2/4Q3/5N2/PPP3PP/1K1R3R,0,1
3r2k1/1p3ppp/p2r1b2/q2PpP2/4Q3/5N2/PPP3PP/1K1R3R,1,1
3r2k1/1p3ppp/p2r1b2/q2PpP2/2P1Q3/5N2/PP4PP/1K1R3R,0,1
3r2k1/5ppp/p2r1b2/qp1PpP2/2P1Q3/5N2/PP4PP/1K1R3R,1,1
3r2k1/5ppp/p2r1b2/qpPPpP2/4Q3/5N2/PP4PP/1K1R3R,0,1
3r2k1/3r1ppp/p4b2/qpPPpP2/4Q3/5N2/PP4PP/1K1R3R,1,1
3r2k1/3r1ppp/p4b2/qpPPpP2/4Q1P1/5N2/PP5P/1K1R3R,0,1
3r2k1/3r1pp1/p4b1p/qpPPpP2/4Q1P1/5N2/PP5P/1K1R3R,1,1
3r2k1/3r1pp1/p4b1p/qpPPpP2/4Q1PP/5N2/PP6/1K1R3R,0,1
2r3k1/3r1pp1/p4b1p/qpPPpP2/4Q1PP/5N2/PP6/1K1R3R,1,1
2r3k1/3r1pp1/p4b1p/qpPPpPP1/4Q2P/5N2/PP6/1K1R3R,0,1
2r3k1/3rbpp1/p6p/qpPPpPP1/4Q2P/5N2/PP6/1K1R3R,1,1
2r3k1/3rbpp1/p2P3p/qpP1pPP1/4Q2P/5N2/PP6/1K1R3R,0,1
2r2bk1/3r1pp1/p2P3p/qpP1pPP1/4Q2P/5N2/PP6/1K1R3R,1,1
2r2bk1/3r1pp1/p2P3p/qpP1NPP1/4Q2P/8/PP6/1K1R3R,0,1
2rr1bk1/5pp1/p2P3p/qpP1NPP1/4Q2P/8/PP6/1K1R3R,1,1
2rr1bk1/5pp1/p1NP3p/qpP2PP1/4Q2P/8/PP6/1K1R3R,0,1
8/6b1/3k2P1/3P4/1pP3P1/3K4/8/3B4,1,1
8/6b1/3k2P1/3P4/1pP3P1/8/2K5/3B4,0,1
8/6b1/6P1/2kP4/1pP3P1/8/2K5/3B4,1,1
8/6b1/6P1/2kP4/1pP3P1/1K6/8/3B4,0,1
8/8/6P1/2kP4/1pP3P1/1Kb5/8/3B4,1,1
8/8/6P1/2kP4/1pP3P1/1Kb2B2/8/8,0,1
8/6b1/6P1/2kP4/1pP3P1/1K3B2/8/8,1,1
8/6b1/6P1/2kP4/1pP3P1/1K6/4B3/8,0,1
8/8/6P1/2kP4/1pP3P1/1Kb5/4B3/8,1,1
8/8/6P1/2kP4/KpP3P1/2b5/4B3/8,0,1
8/6b1/6P1/2kP4/KpP3P1/8/4B3/8,1,1
8/6b1/6P1/2kP4/1pP3P1/1K6/4B3/8,0,1
8/8/5bP1/2kP4/1pP3P1/1K6/4B3/8,1,1
8/8/3P1bP1/2k5/1pP3P1/1K6/4B3/8,0,1
8/8/3k1bP1/8/1pP3P1/1K6/4B3/8,1,1
8/8/3k1bP1/8/1KP3P1/8/4B3/8,0,1
8/8/3k2P1/8/1KPb2P1/8/4B3/8,1,1
8/8/3k2P1/1K6/2Pb2P1/8/4B3/8,0,1
8/8/3k2P1/1K6/2P3P1/4b3/4B3/8,1,1
8/6P1/3k4/1K6/2P3P1/4b3/4B3/8,0,1
1r3rk1/2q2ppb/3p4/p1pP2P1/B1Pb1B2/2R5/PP1Q3P/K6R,0,-1
5rk1/2q2ppb/3p4/p1pP2P1/BrPb1B2/2R5/PP1Q3P/K6R,1,-1
5rk1/2q2ppb/3p4/pBpP2P1/1rPb1B2/2R5/PP1Q3P/K6R,0,-1
1r4k1/2q2ppb/3p4/pBpP2P1/1rPb1B2/2R5/PP1Q3P/K6R,1,-1
1r4k1/2q2ppb/3p4/pBpP2P1/1rPb1B2/2R5/PP1Q3P/K3R3,0,-1
1r4k1/2q2pp1/3p4/pBpP1bP1/1rPb1B2/2R5/PP1Q3P/K3R3,1,-1
1r4k1/2q2pp1/3p4/pBpP1bP1/1rPb1B1P/2R5/PP1Q4/K3R3,0,-1
1r4k1/2q2pp1/3p4/pBpP1bP1/1rP2B1P/2b5/PP1Q4/K3R3,1,-1
1r4k1/2q2pp1/3p4/pBpP1bP1/1rP2B1P/2P5/P2Q4/K3R3,0,-1
1r4k1/2q2pp1/3p4/prpP1bP1/2P2B1P/2P5/P2Q4/K3R3,1,-1
1r4k1/2q2pp1/3p4/pPpP1bP1/5B1P/2P5/P2Q4/K3R3,0,-1
6k1/2q2pp1/3p4/prpP1bP1/5B1P/2P5/P2Q4/K3R3,1,-1
6k1/2q2pp1/3p4/prpP1bP1/5B1P/2P5/P2Q4/K1R5,0,-1
6k1/2q2pp1/3p4/1rpP1bP1/p4B1P/2P5/P2Q4/K1R5,1,-1
6k1/2q2pp1/3p4/1rpP1bPP/p4B2/2P5/P2Q4/K1R5,0,-1
6k1/2q2pp1/3p4/1rpP1bPP/5B2/p1P5/P2Q4/K1R5,1,-1
6k1/2q2pp1/3p4/1rpP1bPP/5B2/p1P5/P7/K1R1Q3,0,-1
1r4k1/2q2pp1/3p4/2pP1bPP/5B2/p1P5/P7/K1R1Q3,1,-1
1r4k1/2q2pp1/3p2P1/2pP1b1P/5B2/p1P5/P7/K1R1Q3,0,-1
1r4k1/1q3pp1/3p2P1/2pP1b1P/5B2/p1P5/P7/K1R1Q3,1,-1
8/8/3k4/3p2KQ/4rP2/8/8/8,1,1
8/8/3k4/3p2K1/4rP2/5Q2/8/8,0,1
4r3/8/3k4/3p2K1/5P2/5Q2/8/8,1,1
4r3/8/3k4/3p1PK1/8/5Q2/8/8,0,1
6r1/8/3k4/3p1PK1/8/5Q2/8/8,1,1
6r1/8/3k1K2/3p1P2/8/5Q2/8/8,0,1
6r1/8/3k1K2/5P2/3p4/5Q2/8/8,1,1
6r1/5K2/3k4/5P2/3p4/5Q2/8/8,0,1
2r5/5K2/3k4/5P2/3p4/5Q2/8/8,1,1
2r5/5K2/3k1P2/8/3p4/5Q2/8/8,0,1
2r5/5K2/5P2/4k3/3p4/5Q2/8/8,1,1
2r5/6K1/5P2/4k3/3p4/5Q2/8/8,0,1
8/6K1/5P2/4k3/3p4/2r2Q2/8/8,1,1
8/6K1/5P2/4k2Q/3p4/2r5/8/8,0,1
8/6K1/5P2/7Q/3pk3/2r5/8/8,1,1
8/6K1/5PQ1/8/3pk3/2r5/8/8,0,1
8/6K1/5PQ1/8/3p1k2/2r5/8/8,1,1
8/5PK1/6Q1/8/3p1k2/2r5/8/8,0,1
8/2r2PK1/6Q1/8/3p1k2/8/8/8,1,1
8/2r2PK1/3Q4/8/3p1k2/8/8/8,0,1
6k1/1q2bpp1/3pb2p/4p3/2P1P3/2NQ1P2/1p1B2PP/5K2,1,1
6k1/1q2bpp1/3pb2p/4p3/2P1P3/3Q1P2/1p1B2PP/1N3K2,0,1
6k1/4bpp1/2qpb2p/4p3/2P1P3/3Q1P2/1p1B2PP/1N3K2,1,1
6k1/4bpp1/2qpb2p/4p3/2P1P3/3Q1P2/1p1B2PP/1N2K3,0,1
6k1/4bpp1/2qp3p/4p3/2b1P3/3Q1P2/1p1B2PP/1N2K3,1,1
6k1/4bpp1/2qp3p/4p3/2b1P3/2Q2P2/1p1B2PP/1N2K3,0,1
6k1/4bpp1/3p3p/1q2p3/2b1P3/2Q2P2/1p1B2PP/1N2K3,1,1
6k1/4bpp1/3p3p/1q2p3/2b1P3/2Q2P2/1p1B2PP/1N1K4,0,1
3b2k1/5pp1/3p3p/1q2p3/2b1P3/2Q2P2/1p1B2PP/1N1K4,1,1
3b2k1/5pp1/3p3p/1q2p3/2b1P3/2Q2P2/1pKB2PP/1N6,0,1
3b2k1/5pp1/3p3p/4p3/q1b1P3/2Q2P2/1pKB2PP/1N6,1,1
3b2k1/5pp1/3p3p/4p3/q1b1P3/2Q2P2/1K1B2PP/1N6,0,1
6k1/5pp1/1b1p3p/4p3/q1b1P3/2Q2P2/1K1B2PP/1N6,1,1
6k1/5pp1/1b1p3p/4p3/q1b1P3/2Q2P2/3B2PP/1NK5,0,1
6k1/5pp1/3p3p/4p3/q1bbP3/2Q2P2/3B2PP/1NK5,1,1
6k1/5pp1/3p3p/4p3/qQbbP3/5P2/3B2PP/1NK5,0,1
6k1/5pp1/3p3p/4p3/1QbbP3/5P2/q2B2PP/1NK5,1,1
6k1/5pp1/3p3p/4p3/1QbbP3/2N2P2/q2B2PP/2K5,0,1
6k1/5pp1/3p3p/4p3/1Q1bP3/2Nb1P2/q2B2PP/2K5,1,1
6k1/5pp1/3p3p/4p3/1Q1bP3/3b1P2/N2B2PP/2K5,0,1
8/5pk1/1r2p1n1/4PN2/p1b3Pq/2p1QB1p/P1P4K/3R4,0,0
8/5pk1/1r4n1/4Pp2/p1b3Pq/2p1QB1p/P1P4K/3R4,1,0
8/5pk1/1Q4n1/4Pp2/p1b3Pq/2p2B1p/P1P4K/3R4,0,0
8/5pk1/1Q4n1/4P3/p1b3pq/2p2B1p/P1P4K/3R4,1,0
8/5pk1/5Qn1/4P3/p1b3pq/2p2B1p/P1P4K/3R4,0,0
8/5pk1/5qn1/4P3/p1b3p1/2p2B1p/P1P4K/3R4,1,0
8/5pk1/5Pn1/8/p1b3p1/2p2B1p/P1P4K/3R4,0,0
8/5p2/5kn1/8/p1b3p1/2p2B1p/P1P4K/3R4,1,0
8/5p2/5kn1/8/p1b3B1/2p4p/P1P4K/3R4,0,0
8/5p2/5kn1/8/p5B1/2p4p/b1P4K/3R4,1,0
8/5p2/5kn1/8/p5B1/2p4p/b1P4K/R7,0,0
8/5p2/5kn1/8/p5B1/1bp4p/2P4K/R7,1,0
8/5p2/5kn1/8/p7/1bp4p/2P4K/R2B4,0,0
8/5p2/4bkn1/8/p7/2p4p/2P4K/R2B4,1,0
8/5p2/4bkn1/8/R7/2p4p/2P4K/3B4,0,0
8/5p2/4b1n1/4k3/R7/2p4p/2P4K/3B4,1,0
8/5p2/4b1n1/4k3/R7/2p4p/2P1B2K/8,0,0
8/5p2/4b3/4k3/R4n2/2p4p/2P1B2K/8,1,0
8/5p2/4b3/4k3/R4n2/2p4p/2P4K/5B2,0,0
8/5p2/8/4kb2/R4n2/2p4p/2P4K/5B2,1,0
r3k2r/1q3ppp/p3pn2/8/P1P5/5P2/1P2BKP1/R2Q3R,1,0
r3k2r/1q3ppp/p2Qpn2/8/P1P5/5P2/1P2BKP1/R6R,0,0
3rk2r/1q3ppp/p2Qpn2/8/P1P5/5P2/1P2BKP1/R6R,1,0
3rk2r/1q3ppp/p3pn2/2Q5/P1P5/5P2/1P2BKP1/R6R,0,0
2r1k2r/1q3ppp/p3pn2/2Q5/P1P5/5P2/1P2BKP1/R6R,1,0
2r1k2r/1q3ppp/p3pn2/8/P1P5/Q4P2/1P2BKP1/R6R,0,0
2r1k2r/5ppp/pq2pn2/8/P1P5/Q4P2/1P2BKP1/R6R,1,0
2r1k2r/5ppp/pq2pn2/8/P1P5/Q4P2/1P2B1P1/R4K1R,0,0
2r1k2r/5ppp/1q2pn2/p7/P1P5/Q4P2/1P2B1P1/R4K1R,1,0
2r1k2r/5ppp/1q2pn2/p7/P1P5/Q4P2/1P2B1P1/3R1K1R,0,0
2r1k2r/3n1ppp/1q2p3/p7/P1P5/Q4P2/1P2B1P1/3R1K1R,1,0
2r1k2r/3n1ppp/1q2p3/p6R/P1P5/Q4P2/1P2B1P1/3R1K2,0,0
2r1k2r/5ppp/1q2p3/p1n4R/P1P5/Q4P2/1P2B1P1/3R1K2,1,0
2r1k2r/5ppp/1q2p3/p1n4R/P1P5/Q4P2/1P2B1P1/1R3K2,0,0
2r2rk1/5ppp/1q2p3/p1n4R/P1P5/Q4P2/1P2B1P1/1R3K2,1,0
2r2rk1/5ppp/1q2p3/p1n4R/PPP5/Q4P2/4B1P1/1R3K2,0,0
2r2rk1/5p1p/1q2p1p1/p1n4R/PPP5/Q4P2/4B1P1/1R3K2,1,0
2r2rk1/5p1p/1q2p1p1/p1n1R3/PPP5/Q4P2/4B1P1/1R3K2,0,0
2r2rk1/7p/1q2ppp1/p1n1R3/PPP5/Q4P2/4B1P1/1R3K2,1,0
2r2rk1/7p/1q2ppp1/p1n5/PPP5/Q3RP2/4B1P1/1R3K2,0,0
R2b1rk1/5pp1/Q5bp/4N3/4P3/3P3P/6P1/3q2BK,0,0
R2b1r2/5ppk/Q5bp/4N3/4P3/3P3P/6P1/3q2BK,1,0
R2b1r2/3N1ppk/Q5bp/8/4P3/3P3P/6P1/3q2BK,0,0
R2br3/3N1ppk/Q5bp/8/4P3/3P3P/6P1/3q2BK,1,0
R2br3/3N1ppk/2Q3bp/8/4P3/3P3P/6P1/3q2BK,0,0
R2br3/3N2pk/2Q3bp/5p2/4P3/3P3P/6P1/3q2BK,1,0
R2br3/6pk/2Q3bp/4Np2/4P3/3P3P/6P1/3q2BK,0,0
R2br3/6pk/2Q4p/4Np1b/4P3/3P3P/6P1/3q2BK,1,0
R2br3/3Q2pk/7p/4Np1b/4P3/3P3P/6P1/3q2BK,0,0
R2b4/3Q2pk/7p/4rp1b/4P3/3P3P/6P1/3q2BK,1,0
3R4/3Q2pk/7p/4rp1b/4P3/3P3P/6P1/3q2BK,0,0
3R4/3Q2pk/7p/4r2b/4p3/3P3P/6P1/3q2BK,1,0
3R4/3Q2pk/7p/4r2b/4P3/7P/6P1/3q2BK,0,0
3R4/3q2pk/7p/4r2b/4P3/7P/6P1/6BK,1,0
8/3R2pk/7p/4r2b/4P3/7P/6P1/6BK,0,0
4b3/3R2pk/7p/4r3/4P3/7P/6P1/6BK,1,0
4b3/3R2pk/7p/4r3/3BP3/7P/6P1/7K,0,0
8/3b2pk/7p/4r3/3BP3/7P/6P1/7K,1,0
8/3b2pk/7p/4B3/4P3/7P/6P1/7K,0,0
8/6pk/2b4p/4B3/4P3/7P/6P1/7K,1,0
6k1/6p1/5p2/R3p3/2N1K2b/2P2P2/7P/1r6,0,0
6k1/6p1/5p2/R3p3/2N1K2b/2P2P2/7P/2r5,1,0
6k1/6p1/5p2/4p3/2N1K2b/R1P2P2/7P/2r5,0,0
6k1/6p1/5p2/4p3/2N1K2b/R1P2P2/7P/4r3,1,0
6k1/6p1/5p2/4pK2/2N4b/R1P2P2/7P/4r3,0,0
8/6pk/5p2/4pK2/2N4b/R1P2P2/7P/4r3,1,0
8/6pk/3N1p2/4pK2/7b/R1P2P2/7P/4r3,0,0
8/6pk/3N1p2/4pK2/7b/R1P2P2/7P/5r2,1,0
8/6pk/3N1p2/4pK2/2P4b/R4P2/7P/5r2,0,0
8/6pk/3N1p2/4pK2/2P5/R4P2/5b1P/5r2,1,0
8/6pk/5p2/4pK2/2P1N3/R4P2/5b1P/5r2,0,0
8/6pk/5p2/4pK2/2PbN3/R4P2/7P/5r2,1,0
8/6pk/5p2/4pK2/2PbN2P/R4P2/8/5r2,0,0
8/6pk/5p2/4pK2/2PbN2P/R4P2/8/2r5,1,0
8/6pk/5p2/4pK2/R1PbN2P/5P2/8/2r5,0,0
8/6pk/5p2/4pK2/R1PbN2P/5P2/8/5r2,1,0
8/6pk/5p2/4pK2/2PbN2P/R4P2/8/5r2,0,0
8/6pk/5p2/4pK2/2PbN2P/R4P2/8/2r5,1,0
8/6pk/5p2/4pK2/R1PbN2P/5P2/8/2r5,0,0
8/6pk/5p2/4pK2/R1PbN2P/5P2/8/5r2,1,0
8/8/R2p4/p2Pkp2/P1P2r2/1P6/5K2/8,1,1
8/8/R2p4/p2Pkp2/P1P2r2/1P6/4K3/8,0,1
8/8/R2p4/p2Pkp2/P1P1r3/1P6/4K3/8,1,1
8/8/R2p4/p2Pkp2/P1P1r3/1P6/3K4/8,0,1
8/8/R2p4/p2Pkp2/P1Pr4/1P6/3K4/8,1,1
8/8/R2p4/p2Pkp2/P1Pr4/1PK5/8/8,0,1
8/8/R2p4/p2Pkp2/P1P4r/1PK5/8/8,1,1
8/8/3p4/R2Pkp2/P1P4r/1PK5/8/8,0,1
8/8/3p4/R2Pkp2/P1P5/1PK4r/8/8,1,1
8/8/3p4/R2Pkp2/PKP5/1P5r/8/8,0,1
8/8/3p4/R2Pk3/PKP2p2/1P5r/8/8,1,1
R7/8/3p4/3Pk3/PKP2p2/1P5r/8/8,0,1
R7/8/3p4/3Pk3/PKP5/1P3p1r/8/8,1,1
5R2/8/3p4/3Pk3/PKP5/1P3p1r/8/8,0,1
5R2/8/3p4/3P4/PKP1k3/1P3p1r/8/8,1,1
5R2/8/3p4/P2P4/1KP1k3/1P3p1r/8/8,0,1
5R2/8/3p4/P2P4/1KP5/1P2kp1r/8/8,1,1
5R2/8/P2p4/3P4/1KP5/1P2kp1r/8/8,0,1
5R2/8/P2p4/3P4/1KP5/1P2k2r/5p2/8,1,1
5R2/P7/3p4/3P4/1KP5/1P2k2r/5p2/8,0,1
r6r/2k2p1p/5p1b/q2b1p2/1p2p3/1P4N1/P1P1Q1PP/1K2RB1R,1,-1
r6r/2k2p1p/5p1b/q2b1p2/Pp2p3/1P4N1/2P1Q1PP/1K2RB1R,0,-1
r6r/2k2p1p/5p1b/q2b1p2/4p3/pP4N1/2P1Q1PP/1K2RB1R,1,-1
r6r/2k2p1p/5p1b/q2b1p2/4p3/pP4N1/K1P1Q1PP/4RB1R,0,-1
r6r/2k2p1p/5p1b/3b1p2/4p3/pPq3N1/K1P1Q1PP/4RB1R,1,-1
r6r/2k2p1p/5p1b/3b1p2/4p3/pPq3N1/K1P1Q1PP/1R3B1R,0,-1
r6r/2k2p1p/5p2/3b1p2/4p3/pPq3N1/K1P1Q1PP/1Rb2B1R,1,-1
r6r/2k2p1p/5p2/3b1N2/4p3/pPq5/K1P1Q1PP/1Rb2B1R,0,-1
r6r/2k2p1p/5p2/3b1N2/4p3/pP6/KqP1Q1PP/1Rb2B1R,1,-1
r6r/2k2p1p/5p2/3b1N2/4p3/pP6/KRP1Q1PP/2b2B1R,0,-1
r6r/2k2p1p/5p2/3b1N2/4p3/1P6/KpP1Q1PP/2b2B1R,1,-1
r6r/2k2p1p/Q4p2/3b1N2/4p3/1P6/KpP3PP/2b2B1R,0,-1
7r/2k2p1p/r4p2/3b1N2/4p3/1P6/KpP3PP/2b2B1R,1,-1
7r/2k2p1p/B4p2/3b1N2/4p3/1P6/KpP3PP/2b4R,0,-1
r7/2k2p1p/B4p2/3b1N2/4p3/1P6/KpP3PP/2b4R,1,-1
r7/2k2p1p/B4p2/3b1N2/4p3/KP6/1pP3PP/2b4R,0,-1
r7/2k2p1p/B4p2/3b1N2/4p3/KP6/2P3PP/1qb4R,1,-1
r7/2k2p1p/B4p2/3b1N2/1K2p3/1P6/2P3PP/1qb4R,0,-1
8/2k2p1p/r4p2/3b1N2/1K2p3/1P6/2P3PP/1qb4R,1,-1
8/2k2p1p/r4p2/2Kb1N2/4p3/1P6/2P3PP/1qb4R,0,-1
2r2r1k/2qbbp1p/p2ppp2/1p3P2/3QP3/1BN5/PPP3PP/3R1R1K,1,1
2r2r1k/2qbbp1p/p2ppp2/1p3P2/3QP3/1BN2R2/PPP3PP/3R3K,0,1
2r2r1k/3bbp1p/p2ppp2/1pq2P2/3QP3/1BN2R2/PPP3PP/3R3K,1,1
2r2r1k/3bbp1p/p2ppp2/1pq2P2/4P3/1BN2R2/PPPQ2PP/3R3K,0,1
2r3rk/3bbp1p/p2ppp2/1pq2P2/4P3/1BN2R2/PPPQ2PP/3R3K,1,1
2r3rk/3bbp1p/p2ppp2/1pq2P2/4P3/1B3R2/PPPQN1PP/3R3K,0,1
2r3rk/3bbp1p/p2ppp2/1p2qP2/4P3/1B3R2/PPPQN1PP/3R3K,1,1
2r3rk/3bbp1p/p2ppp2/1p2qP2/4PN2/1B3R2/PPPQ2PP/3R3K,0,1
2r4k/3bbp1p/p2ppp2/1p2qPr1/4PN2/1B3R2/PPPQ2PP/3R3K,1,1
2r4k/3bbp1p/p2ppp2/1p2qPr1/4PN2/1B2QR2/PPP3PP/3R3K,0,1
6rk/3bbp1p/p2ppp2/1p2qPr1/4PN2/1B2QR2/PPP3PP/3R3K,1,1
6rk/Q2bbp1p/p2ppp2/1p2qPr1/4PN2/1B3R2/PPP3PP/3R3K,0,1
3r3k/Q2bbp1p/p2ppp2/1p2qPr1/4PN2/1B3R2/PPP3PP/3R3K,1,1
3r3k/Q2bbp1p/p2pPp2/1p2q1r1/4PN2/1B3R2/PPP3PP/3R3K,0,1
3r3k/Q2bb2p/p2ppp2/1p2q1r1/4PN2/1B3R2/PPP3PP/3R3K,1,1
3r3k/Q2bb2p/p2pNp2/1p2q1r1/4P3/1B3R2/PPP3PP/3R3K,0,1
3r3k/Q2bb2p/p3Np2/1p1pq1r1/4P3/1B3R2/PPP3PP/3R3K,1,1
3N3k/Q2bb2p/p4p2/1p1pq1r1/4P3/1B3R2/PPP3PP/3R3K,0,1
3N3k/Q3b2p/p4p2/1p1pq1r1/4P1b1/1B3R2/PPP3PP/3R3K,1,1
7k/Q3bN1p/p4p2/1p1pq1r1/4P1b1/1B3R2/PPP3PP/3R3K,0,1
4k2r/2qnbppp/p2p4/4pP2/1r2n1P1/1NN1B2P/1PPQ4/1K1R1R2,1,1
4k2r/2qnbppp/p2p4/4pP2/1r2N1P1/1N2B2P/1PPQ4/1K1R1R2,0,1
4k2r/2qnbppp/p2p4/4pP2/4r1P1/1N2B2P/1PPQ4/1K1R1R2,1,1
4k2r/2qnbppp/p2p4/4pPP1/4r3/1N2B2P/1PPQ4/1K1R1R2,0,1
4k2r/2qnbppp/3p4/p3pPP1/4r3/1N2B2P/1PPQ4/1K1R1R2,1,1
4k2r/2qnbppp/3p1P2/p3p1P1/4r3/1N2B2P/1PPQ4/1K1R1R2,0,1
4k2r/2qnbp1p/3p1p2/p3p1P1/4r3/1N2B2P/1PPQ4/1K1R1R2,1,1
4k2r/2qnbp1p/3p1P2/p3p3/4r3/1N2B2P/1PPQ4/1K1R1R2,0,1
4kb1r/2qn1p1p/3p1P2/p3p3/4r3/1N2B2P/1PPQ4/1K1R1R2,1,1
4kb1r/2qn1p1p/3p1P2/p3p1B1/4r3/1N5P/1PPQ4/1K1R1R2,0,1
4kb1r/2qn1p1p/3p1P2/4p1B1/p3r3/1N5P/1PPQ4/1K1R1R2,1,1
4kb1r/2qn1p1p/3p1P2/3Qp1B1/p3r3/1N5P/1PP5/1K1R1R2,0,1
4kb1r/2qn1p1p/3p1P2/3Qp1B1/p1r5/1N5P/1PP5/1K1R1R2,1,1
4kb1r/2qn1p1p/3pQP2/4p1B1/p1r5/1N5P/1PP5/1K1R1R2,0,1
3k1b1r/2qn1p1p/3pQP2/4p1B1/p1r5/1N5P/1PP5/1K1R1R2,1,1
3k1b1r/2qn1Q1p/3p1P2/4p1B1/p1r5/1N5P/1PP5/1K1R1R2,0,1
3k1b1r/2qn1Q1p/3p1P2/4p1B1/p7/1N5P/1Pr5/1K1R1R2,1,1
3kQb1r/2qn3p/3p1P2/4p1B1/p7/1N5P/1Pr5/1K1R1R2,0,1
4kb1r/2qn3p/3p1P2/4p1B1/p7/1N5P/1Pr5/1K1R1R2,1,1
4kb1r/2qn1P1p/3p4/4p1B1/p7/1N5P/1Pr5/1K1R1R2,0,1
5k2/8/r7/p3pB2/6R1/1PK5/P7/8,1,1
5k2/8/r7/p3p3/6R1/1PKB4/P7/8,0,1
5k2/r7/8/p3p3/6R1/1PKB4/P7/8,1,1
5k2/r7/8/p3p3/2B3R1/1PK5/P7/8,0,1
5k2/7r/8/p3p3/2B3R1/1PK5/P7/8,1,1
5kR1/7r/8/p3p3/2B5/1PK5/P7/8,0,1
6R1/4k2r/8/p3p3/2B5/1PK5/P7/8,1,1
R7/4k2r/8/p3p3/2B5/1PK5/P7/8,0,1
R7/4k3/8/p3p3/2B5/1PK4r/P7/8,1,1
R7/4k3/8/p3p3/2B5/1P5r/PK6/8,0,1
R7/8/5k2/p3p3/2B5/1P5r/PK6/8,1,1
8/8/5k2/R3p3/2B5/1P5r/PK6/8,0,1
8/8/8/R3pk2/2B5/1P5r/PK6/8,1,1
R7/8/8/4pk2/2B5/1P5r/PK6/8,0,1
R7/8/8/5k2/2B1p3/1P5r/PK6/8,1,1
R7/8/8/5k2/P1B1p3/1P5r/1K6/8,0,1
R7/8/8/5k2/P1B5/1P2p2r/1K6/8,1,1
4R3/8/8/5k2/P1B5/1P2p2r/1K6/8,0,1
4R3/8/8/8/P1B2k2/1P2p2r/1K6/8,1,1
4R3/8/8/P7/2B2k2/1P2p2r/1K6/8,0,1
r1b1k2r/2qnbppp/p2p1n2/3P1NB1/1p3PP1/8/PPP1Q2P/2KR1B1R,0,-1
r1b1k2r/2q1bppp/pn1p1n2/3P1NB1/1p3PP1/8/PPP1Q2P/2KR1B1R,1,-1
r1b1k2r/2q1bpNp/pn1p1n2/3P2B1/1p3PP1/8/PPP1Q2P/2KR1B1R,0,-1
r1bk3r/2q1bpNp/pn1p1n2/3P2B1/1p3PP1/8/PPP1Q2P/2KR1B1R,1,-1
r1bk3r/2q1bpNp/pn1p1n2/3P2B1/1p3PP1/8/PPP1Q2P/2KR1BR1,0,-1
r1bk3r/2q1bpN1/pn1p1n1p/3P2B1/1p3PP1/8/PPP1Q2P/2KR1BR1,1,-1
r1bk3r/2q1bpN1/pn1p1B1p/3P4/1p3PP1/8/PPP1Q2P/2KR1BR1,0,-1
r1bk3r/2q2pN1/pn1p1b1p/3P4/1p3PP1/8/PPP1Q2P/2KR1BR1,1,-1
r1bk3r/2q2p2/pn1p1b1p/3P3N/1p3PP1/8/PPP1Q2P/2KR1BR1,0,-1
r1bk3r/2q2p2/pn1p3p/3P3N/1p3PP1/8/PbP1Q2P/2KR1BR1,1,-1
r1bk3r/2q2p2/pn1p3p/3P3N/1p3PP1/8/PKP1Q2P/3R1BR1,0,-1
r1bk3r/5p2/pn1p3p/3P3N/1p3PP1/2q5/PKP1Q2P/3R1BR1,1,-1
r1bk3r/5p2/pn1p3p/3P3N/1p3PP1/2q5/P1P1Q2P/2KR1BR1,0,-1
r1bk3r/5p2/pn1p3p/3P3N/1p3PP1/8/P1P1Q2P/q1KR1BR1,1,-1
r1bk3r/5p2/pn1p3p/3P3N/1p3PP1/8/P1PKQ2P/q2R1BR1,0,-1
r1bk3r/5p2/pn1p3p/3P3N/1p1q1PP1/8/P1PKQ2P/3R1BR1,1,-1
r1bk3r/5p2/pn1p3p/3P3N/1p1q1PP1/8/P1P1Q2P/2KR1BR1,0,-1
r1bk3r/5p2/pn1p3p/3P3N/1p3PP1/8/P1P1Q2P/2KR1Bq1,1,-1
r1bk3r/5p2/pn1p3p/3P3N/1p3PP1/8/P1P1Q2P/2K1RBq1,0,-1
2bk3r/r4p2/pn1p3p/3P3N/1p3PP1/8/P1P1Q2P/2K1RBq1,1,-1
2rr2k1/2q2pbp/pp1ppnp1/2n5/2P1P3/1PN1QP2/PBN3PP/3R1RK1,1,1
2rr2k1/2q2pbp/pp1ppnp1/2n5/2P1P3/1PN1QP2/PBNR2PP/5RK1,0,1
1r1r2k1/2q2pbp/pp1ppnp1/2n5/2P1P3/1PN1QP2/PBNR2PP/5RK1,1,1
1r1r2k1/2q2pbp/pp1ppnp1/2n5/2P1P3/1PN1QP2/PBNR2PP/3R2K1,0,1
1r1rn1k1/2q2pbp/pp1pp1p1/2n5/2P1P3/1PN1QP2/PBNR2PP/3R2K1,1,1
1r1rn1k1/2q2pbp/pp1pp1p1/2n5/2PNP3/1PN1QP2/PB1R2PP/3R2K1,0,1
1r1r2k1/2q2pbp/pp1ppnp1/2n5/2PNP3/1PN1QP2/PB1R2PP/3R2K1,1,1
1r1r2k1/2q2pbp/pp1ppnp1/2n5/2PNP3/1PN1QP2/PB1R2PP/3R3K,0,1
1r1rn1k1/2q2pbp/pp1pp1p1/2n5/2PNP3/1PN1QP2/PB1R2PP/3R3K,1,1
1r1rn1k1/2q2pbp/pp1pp1p1/2n5/2PNPP2/1PN1Q3/PB1R2PP/3R3K,0,1
1r1r2k1/2q2pbp/pp1ppnp1/2n5/2PNPP2/1PN1Q3/PB1R2PP/3R3K,1,1
1r1r2k1/2q2pbp/pp1ppnp1/2n5/2P1PP2/1PN1QN2/PB1R2PP/3R3K,0,1
1r1rn1k1/2q2pbp/pp1pp1p1/2n5/2P1PP2/1PN1QN2/PB1R2PP/3R3K,1,1
1r1rn1k1/2q2pbp/pp1pp1p1/2n5/2P1PP2/1PN2N2/PB1RQ1PP/3R3K,0,1
1r1r2k1/2q2pbp/pp1ppnp1/2n5/2P1PP2/1PN2N2/PB1RQ1PP/3R3K,1,1
1r1r2k1/2q2pbp/pp1ppnp1/2n1P3/2P2P2/1PN2N2/PB1RQ1PP/3R3K,0,1
1r1r2k1/2q2pbp/pp2pnp1/2n1p3/2P2P2/1PN2N2/PB1RQ1PP/3R3K,1,1
1r1r2k1/2q2pbp/pp2pnp1/2n1Q3/2P2P2/1PN2N2/PB1R2PP/3R3K,0,1
1r1r2k1/4qpbp/pp2pnp1/2n1Q3/2P2P2/1PN2N2/PB1R2PP/3R3K,1,1
1r1r2k1/4qpbp/pp2pnp1/2nNQ3/2P2P2/1P3N2/PB1R2PP/3R3K,0,1
2r1kb1r/4p3/p3b3/1ppPB1pp/8/5B2/PPP2PP1/2KR4,1,1
2r1kb1r/4p3/p3P3/1pp1B1pp/8/5B2/PPP2PP1/2KR4,0,1
2r1kb2/4p3/p3P2r/1pp1B1pp/8/5B2/PPP2PP1/2KR4,1,1
2r1kb2/4p3/p3P2r/1pp3pp/8/5B2/PPP2PPB/2KR4,0,1
2r1kb2/4p3/p3P2r/1p4pp/2p5/5B2/PPP2PPB/2KR4,1,1
2r1kb2/4p3/p3P2r/1p2B1pp/2p5/5B2/PPP2PP1/2KR4,0,1
2r1kb2/4p3/p3P2r/1p2B2p/2p3p1/5B2/PPP2PP1/2KR4,1,1
2r1kb2/1B2p3/p3P2r/1p2B2p/2p3p1/8/PPP2PP1/2KR4,0,1
4kb2/1B2p3/p3P2r/1pr1B2p/2p3p1/8/PPP2PP1/2KR4,1,1
4kb2/1B2p3/p3P2r/1pr4p/2pB2p1/8/PPP2PP1/2KR4,0,1
4kb2/1Br1p3/p3P2r/1p5p/2pB2p1/8/PPP2PP1/2KR4,1,1
4kb2/1Br1p3/pB2P2r/1p5p/2p3p1/8/PPP2PP1/2KR4,0,1
4kb2/1Br1p3/pB2r3/1p5p/2p3p1/8/PPP2PP1/2KR4,1,1
4kb2/1BB1p3/p3r3/1p5p/2p3p1/8/PPP2PP1/2KR4,0,1
4k3/1BB1p3/p3r2b/1p5p/2p3p1/8/PPP2PP1/2KR4,1,1
4k3/1BB1p3/p3r2b/1p5p/2p3p1/8/PPP2PP1/1K1R4,0,1
4k3/1BB1p3/p3r3/1p4bp/2p3p1/8/PPP2PP1/1K1R4,1,1
3Rk3/1BB1p3/p3r3/1p4bp/2p3p1/8/PPP2PP1/1K6,0,1
3R4/1BB1pk2/p3r3/1p4bp/2p3p1/8/PPP2PP1/1K6,1,1
3R4/2B1pk2/p3r3/1p1B2bp/2p3p1/8/PPP2PP1/1K6,0,1
1r5k/5qb1/2Q4p/2B1pp2/8/5P2/PPP4P/1K4R1,1,1
1r5k/5qb1/2Q4p/2B1pp2/8/2P2P2/PP5P/1K4R1,0,1
1r5k/6b1/2Q4p/2B1pp2/2q5/2P2P2/PP5P/1K4R1,1,1
1r5k/2Q3b1/7p/2B1pp2/2q5/2P2P2/PP5P/1K4R1,0,1
6rk/2Q3b1/7p/2B1pp2/2q5/2P2P2/PP5P/1K4R1,1,1
6rk/6b1/3Q3p/2B1pp2/2q5/2P2P2/PP5P/1K4R1,0,1
r6k/6b1/3Q3p/2B1pp2/2q5/2P2P2/PP5P/1K4R1,1,1
r6k/6b1/3Q3p/2B1pp2/2q5/P1P2P2/1P5P/1K4R1,0,1
6rk/6b1/3Q3p/2B1pp2/2q5/P1P2P2/1P5P/1K4R1,1,1
6rk/6b1/3Q3p/4pp2/2q5/P1P1BP2/1P5P/1K4R1,0,1
6rk/6b1/3Q3p/4p3/2q2p2/P1P1BP2/1P5P/1K4R1,1,1
6rk/6b1/1B1Q3p/4p3/2q2p2/P1P2P2/1P5P/1K4R1,0,1
6rk/6b1/1B1Q3p/4p3/5p2/P1P2P2/1P2q2P/1K4R1,1,1
3B2rk/6b1/3Q3p/4p3/5p2/P1P2P2/1P2q2P/1K4R1,0,1
3B2rk/6b1/3Q3p/4p3/5p2/P1P2q2/1P5P/1K4R1,1,1
6rk/6b1/3Q1B1p/4p3/5p2/P1P2q2/1P5P/1K4R1,0,1
6rk/6b1/3Q1B1p/4p3/4qp2/P1P5/1P5P/1K4R1,1,1
6rk/6b1/3Q1B1p/4p3/4qp2/P1P5/1P5P/K5R1,0,1
6rk/6b1/3Q1B1p/4pq2/5p2/P1P5/1P5P/K5R1,1,1
6rk/6R1/3Q1B1p/4pq2/5p2/P1P5/1P5P/K7,0,1
8/5R2/r7/8/1P2p1P1/8/2P1k3/2K5,1,1
8/5R2/r7/6P1/1P2p3/8/2P1k3/2K5,0,1
8/5R2/r7/6P1/1P6/4p3/2P1k3/2K5,1,1
8/8/r4R2/6P1/1P6/4p3/2P1k3/2K5,0,1
8/8/5R2/6P1/1P6/4p3/2P1k3/r1K5,1,1
8/8/5R2/6P1/1P6/4p3/1KP1k3/r7,0,1
8/8/5R2/6P1/1P6/4p3/1KP1k3/6r1,1,1
8/8/5RP1/8/1P6/4p3/1KP1k3/6r1,0,1
8/8/5RP1/8/1P6/4p3/1KP5/4k1r1,1,1
8/8/5RP1/1P6/8/4p3/1KP5/4k1r1,0,1
8/8/5RP1/1P6/8/8/1KP1p3/4k1r1,1,1
8/8/1P3RP1/8/8/8/1KP1p3/4k1r1,0,1
8/8/1P3RP1/8/8/8/1KP1p3/4kr2,1,1
8/8/1P2R1P1/8/8/8/1KP1p3/4kr2,0,1
5r2/8/1P2R1P1/8/8/8/1KP1p3/4k3,1,1
5r2/6P1/1P2R3/8/8/8/1KP1p3/4k3,0,1
6r1/6P1/1P2R3/8/8/8/1KP1p3/4k3,1,1
6r1/1P4P1/4R3/8/8/8/1KP1p3/4k3,0,1
6r1/1P4P1/4R3/8/8/8/1KP1pk2/8,1,1
6r1/1P4P1/4R3/8/2P5/8/1K2pk2/8,0,1
8/8/p1n2k2/4r1p1/1P6/1P6/P1R2K2/8,0,-1
8/8/p4k2/4r1p1/1n6/1P6/P1R2K2/8,1,-1
8/8/p4k2/4r1p1/1n6/1P6/P2R1K2/8,0,-1
8/8/p4k2/3r2p1/1n6/1P6/P2R1K2/8,1,-1
8/8/p4k2/3r2p1/1n6/1P6/P3RK2/8,0,-1
8/8/p7/3r1kp1/1n6/1P6/P3RK2/8,1,-1
8/8/p7/3r1kp1/1n6/PP6/4RK2/8,0,-1
8/8/p7/3r1kp1/8/PP1n4/4RK2/8,1,-1
8/8/p7/3r1kp1/8/PP1n2K1/4R3/8,0,-1
8/8/p7/3r1kp1/5n2/PP4K1/4R3/8,1,-1
8/8/p7/3r1kp1/5n2/PP4K1/1R6/8,0,-1
8/8/p7/5kp1/5n2/PP1r2K1/1R6/8,1,-1
8/8/p7/5kp1/5n2/PP1r4/1R3K2/8,0,-1
8/8/p7/5k2/5np1/PP1r4/1R3K2/8,1,-1
8/8/p7/5k2/P4np1/1P1r4/1R3K2/8,0,-1
8/8/p7/5k2/P4n2/1P1r2p1/1R3K2/8,1,-1
8/8/p7/5k2/P4n2/1P1r2p1/1R6/4K3,0,-1
8/8/p7/5k2/P4n2/1P1r4/1R4p1/4K3,1,-1
8/8/p7/5k2/P4n2/1P1r4/1R3Kp1/8,0,-1
8/8/p7/5k2/P4n2/1P6/1R3Kp1/3r4,1,-1
8/8/6q1/4RRpk/7p/7P/6PK/8,1,0
8/8/6q1/4RRpk/7p/7P/6P1/6K1,0,0
8/8/1q6/4RRpk/7p/7P/6P1/6K1,1,0
8/8/1q6/2R2Rpk/7p/7P/6P1/6K1,0,0
8/8/8/2R2Rpk/7p/7P/6P1/1q4K1,1,0
8/8/8/2R2Rpk/7p/7P/6PK/1q6,0,0
1q6/8/8/2R2Rpk/7p/7P/6PK/8,1,0
1q6/8/8/4RRpk/7p/7P/6PK/8,0,0
3q4/8/8/4RRpk/7p/7P/6PK/8,1,0
3q4/8/8/3R1Rpk/7p/7P/6PK/8,0,0
8/4q3/8/3R1Rpk/7p/7P/6PK/8,1,0
8/4q3/8/3RR1pk/7p/7P/6PK/8,0,0
8/2q5/8/3RR1pk/7p/7P/6PK/8,1,0
8/2q5/8/3RR1pk/7p/7P/6P1/6K1,0,0
8/8/8/3RR1pk/7p/7P/6P1/2q3K1,1,0
8/8/8/3RR1pk/7p/7P/5KP1/2q5,0,0
8/8/8/3RR1pk/5q1p/7P/5KP1/8,1,0
8/8/8/3RR1pk/5q1p/7P/4K1P1/8,0,0
8/8/8/3RR1pk/2q4p/7P/4K1P1/8,1,0
8/8/8/3RR1pk/2q4p/7P/5KP1/8,0,0
r2r2k1/1b1n1pb1/p2qp1pp/8/1n2PPP1/1NN1B2P/1PP3B1/3R1RK1,1,1
r2r2k1/1b1n1pb1/p2Rp1pp/8/1n2PPP1/1NN1B2P/1PP3B1/5RK1,0,1
r2r2k1/1b1n1pb1/p2Rp1pp/8/4PPP1/1NN1B2P/1Pn3B1/5RK1,1,1
r2r2k1/1b1n1pb1/p2Rp1pp/8/4PPP1/1NN4P/1Pn2BB1/5RK1,0,1
r2r2k1/1b1n1p2/p2Rp1pp/8/4PPP1/1Nb4P/1Pn2BB1/5RK1,1,1
r2r2k1/1b1n1p2/p2Rp1pp/8/4PPP1/1NP4P/2n2BB1/5RK1,0,1
r2r2k1/1b3p2/p2Rpnpp/8/4PPP1/1NP4P/2n2BB1/5RK1,1,1
r2R2k1/1b3p2/p3pnpp/8/4PPP1/1NP4P/2n2BB1/5RK1,0,1
3r2k1/1b3p2/p3pnpp/8/4PPP1/1NP4P/2n2BB1/5RK1,1,1
3r2k1/1b3p2/p3pnpp/8/4PPP1/1NP4P/2n2BB1/2R3K1,0,1
3r2k1/1b3p2/p3pnpp/8/4PPP1/nNP4P/5BB1/2R3K1,1,1
3r2k1/1b3p2/p3pnpp/2B5/4PPP1/nNP4P/6B1/2R3K1,0,1
3r2k1/5p2/p3pnpp/2B5/4bPP1/nNP4P/6B1/2R3K1,1,1
3r2k1/5p2/p3pnpp/8/4bPP1/BNP4P/6B1/2R3K1,0,1
6k1/5p2/p3pnpp/8/4bPP1/BNPr3P/6B1/2R3K1,1,1
6k1/5p2/p3pnpp/2N5/4bPP1/B1Pr3P/6B1/2R3K1,0,1
6k1/5p2/p3pnpp/2N5/4bPP1/B1P3rP/6B1/2R3K1,1,1
6k1/5p2/p3pnpp/8/4NPP1/B1P3rP/6B1/2R3K1,0,1
6k1/5p2/p3p1pp/8/4nPP1/B1P3rP/6B1/2R3K1,1,1
6k1/5p2/p3p1pp/8/1B2nPP1/2P3rP/6B1/2R3K1,0,1
1r5k/6p1/1rp4p/p4Q1P/1P1pPp2/P1P4R/6P1/2KRq3,0,-1
1r5k/6p1/1rp4p/p4Q1P/1P1pPp2/P1P4R/4q1P1/2KR4,1,-1
1r5k/6p1/1rp4p/p4Q1P/1P1pPp2/P1P4R/3Rq1P1/2K5,0,-1
1r5k/6p1/1rp4p/p4Q1P/1P1pPp2/P1P4R/3R2P1/2K2q2,1,-1
1r5k/6p1/1rp4p/p4Q1P/1P1pPp2/P1P4R/2KR2P1/5q2,0,-1
1r5k/6p1/1rp4p/p4Q1P/1P2Pp2/P1p4R/2KR2P1/5q2,1,-1
1r5k/6p1/1rp4p/p4Q1P/1P2Pp2/P1R5/2KR2P1/5q2,0,-1
1r5k/6p1/1rp4p/5Q1P/1p2Pp2/P1R5/2KR2P1/5q2,1,-1
1r5k/6p1/1rp4p/5Q1P/1p2Pp2/P2R4/2KR2P1/5q2,0,-1
6rk/6p1/1rp4p/5Q1P/1p2Pp2/P2R4/2KR2P1/5q2,1,-1
6rk/6p1/1rp4p/2Q4P/1p2Pp2/P2R4/2KR2P1/5q2,0,-1
6rk/6p1/2p4p/1rQ4P/1p2Pp2/P2R4/2KR2P1/5q2,1,-1
6rk/6p1/2Q4p/1r5P/1p2Pp2/P2R4/2KR2P1/5q2,0,-1
1r4rk/6p1/2Q4p/7P/1p2Pp2/P2R4/2KR2P1/5q2,1,-1
1r4rk/3R2p1/2Q4p/7P/1p2Pp2/P7/2KR2P1/5q2,0,-1
1r4rk/3R2p1/2Q4p/7P/4Pp2/p7/2KR2P1/5q2,1,-1
1r4rk/6R1/2Q4p/7P/4Pp2/p7/2KR2P1/5q2,0,-1
1r4rk/6R1/2Q4p/7P/4Pp2/p7/2KR2P1/1q6,1,-1
1r4rk/6R1/2Q4p/7P/4Pp2/p1K5/3R2P1/1q6,0,-1
1r4rk/6R1/2Q4p/7P/4Pp2/p1K5/3R2P1/q7,1,-1
2rqk2r/1p3p2/pn1p2p1/3np1bp/7P/1N1B1P2/PPPQ2P1/1K1R3R,1,0
2rqk2r/1p3p2/pn1p2p1/3np1Pp/8/1N1B1P2/PPPQ2P1/1K1R3R,0,0
2rqk2r/1p3p2/pn1p2p1/4p1Pp/5n2/1N1B1P2/PPPQ2P1/1K1R3R,1,0
2rqk2r/1p3p2/pn1p2p1/4p1Pp/5n2/1N1B1PP1/PPPQ4/1K1R3R,0,0
2rqk2r/1p3p2/pn1p2p1/4p1Pp/8/1N1n1PP1/PPPQ4/1K1R3R,1,0
2rqk2r/1p3p2/pn1p2p1/4p1Pp/8/1N1Q1PP1/PPP5/1K1R3R,0,0
2rqk2r/1p3p2/p2p2p1/4p1Pp/2n5/1N1Q1PP1/PPP5/1K1R3R,1,0
2rqk2r/1p3p2/p2p2p1/4p1Pp/2n5/3Q1PP1/PPPN4/1K1R3R,0,0
2rqk2r/1p3p2/p2p2p1/4p1Pp/8/3Q1PP1/PPPn4/1K1R3R,1,0
2rqk2r/1p3p2/p2p2p1/4p1Pp/8/5PP1/PPPQ4/1K1R3R,0,0
3qk2r/1p3p2/p2p2p1/4p1Pp/2r5/5PP1/PPPQ4/1K1R3R,1,0
3qk2r/1p3p2/p2p2p1/4p1Pp/2r5/2P2PP1/PP1Q4/1K1R3R,0,0
3q1k1r/1p3p2/p2p2p1/4p1Pp/2r5/2P2PP1/PP1Q4/1K1R3R,1,0
3q1k1r/1p3p2/p2p2p1/4p1Pp/2r5/2P2PP1/PP1Q4/1K1RR3,0,0
3q3r/1p3pk1/p2p2p1/4p1Pp/2r5/2P2PP1/PP1Q4/1K1RR3,1,0
3q3r/1p3pk1/p2Q2p1/4p1Pp/2r5/2P2PP1/PP6/1K1RR3,0,0
7r/1p3pk1/p2Q2p1/4p1qp/2r5/2P2PP1/PP6/1K1RR3,1,0
7r/1p3pk1/p5p1/3Qp1qp/2r5/2P2PP1/PP6/1K1RR3,0,0
7r/1p3pk1/p1r3p1/3Qp1qp/8/2P2PP1/PP6/1K1RR3,1,0
7r/1p3pk1/p1r3p1/4Q1qp/8/2P2PP1/PP6/1K1RR3,0,0
3r3k/2R2B2/1n6/6p1/8/p7/1bP3PP/5R1K,0,1
3r3k/2R2B2/8/6p1/n7/p7/1bP3PP/5R1K,1,1
3r3k/2R5/8/6p1/n7/pB6/1bP3PP/5R1K,0,1
3r3k/2R5/8/6p1/8/pBn5/1bP3PP/5R1K,1,1
3r3k/R7/8/6p1/8/pBn5/1bP3PP/5R1K,0,1
3r3k/R7/8/1n4p1/8/pB6/1bP3PP/5R1K,1,1
3r3k/8/8/Rn4p1/8/pB6/1bP3PP/5R1K,0,1
3r3k/8/8/R5p1/3n4/pB6/1bP3PP/5R1K,1,1
3r3k/8/8/R5p1/3n4/pB5P/1bP3P1/5R1K,0,1
3r4/7k/8/R5p1/3n4/pB5P/1bP3P1/5R1K,1,1
3r4/5R1k/8/R5p1/3n4/pB5P/1bP3P1/7K,0,1
3r3k/5R2/8/R5p1/3n4/pB5P/1bP3P1/7K,1,1
3r3k/5R2/8/R5p1/3n4/p6P/BbP3P1/7K,0,1
3r3k/5R2/2n5/R5p1/8/p6P/BbP3P1/7K,1,1
3r3k/5R2/2n5/6R1/8/p6P/BbP3P1/7K,0,1
7k/5R2/2n5/6R1/8/p6P/BbP3P1/3r3K,1,1
7k/5R2/2n5/6R1/8/p6P/BbP3PK/3r4,0,1
7k/5R2/2n5/6R1/8/p6P/BbP3PK/r7,1,1
7k/5R2/2n5/3B2R1/8/p6P/1bP3PK/r7,0,1
7k/5R2/8/3B2R1/1n6/p6P/1bP3PK/r7,1,1
8/6bk/p2R4/1r1PNpp1/4pPp1/6P1/P6P/6K1,0,-1
8/7k/p2R4/1r1Pbpp1/4pPp1/6P1/P6P/6K1,1,-1
8/7k/p2R4/1r1PPpp1/4p1p1/6P1/P6P/6K1,0,-1
8/7k/p2R4/1r1PP1p1/4ppp1/6P1/P6P/6K1,1,-1
8/7k/p2R4/1r1PP1p1/4pPp1/8/P6P/6K1,0,-1
8/7k/p2R4/1r1PP3/4ppp1/8/P6P/6K1,1,-1
8/7k/p4R2/1r1PP3/4ppp1/8/P6P/6K1,0,-1
8/7k/p4R2/3PP3/4ppp1/8/P6P/1r4K1,1,-1
8/7k/p4R2/3PP3/4ppp1/8/P5KP/1r6,0,-1
8/7k/p4R2/3PP3/4ppp1/8/Pr4KP/8,1,-1
8/7k/p4R2/3PP3/4ppp1/8/Pr5P/6K1,0,-1
8/7k/p4R2/3PP3/4p1p1/5p2/Pr5P/6K1,1,-1
8/7k/p1R5/3PP3/4p1p1/5p2/Pr5P/6K1,0,-1
8/7k/p1R5/3PP3/6p1/4pp2/Pr5P/6K1,1,-1
8/7k/p7/3PP3/6p1/4pp2/Pr5P/2R3K1,0,-1
8/7k/p7/3PP3/6p1/4pp2/P5rP/2R3K1,1,-1
8/7k/p7/3PP3/6p1/4pp2/P5rP/2R4K,0,-1
8/7k/p7/3PP3/6p1/5p2/P3p1rP/2R4K,1,-1
8/7k/p2P4/4P3/6p1/5p2/P3p1rP/2R4K,0,-1
8/7k/p2P4/4P3/6p1/8/P3pprP/2R4K,1,-1
2rqkb1r/1p3ppp/p2p1n2/8/1n2PB2/1bN4P/PPP1Q1P1/2KR1B1R,1,0
2rqkb1r/1p3ppp/p2p1n2/8/1n2PB2/1PN4P/1PP1Q1P1/2KR1B1R,0,0
2r1kb1r/1p3ppp/p2p1n2/q7/1n2PB2/1PN4P/1PP1Q1P1/2KR1B1R,1,0
2r1kb1r/1p3ppp/p2p1n2/q7/1n2PB2/1PN4P/1PP1Q1P1/1K1R1B1R,0,0
2r1kb1r/1p3ppp/p2p4/q6n/1n2PB2/1PN4P/1PP1Q1P1/1K1R1B1R,1,0
2r1kb1r/1p3ppp/p2p4/q2R3n/1n2PB2/1PN4P/1PP1Q1P1/1K3B1R,0,0
2r1kb1r/1p3ppp/p2p4/q2R4/1n2Pn2/1PN4P/1PP1Q1P1/1K3B1R,1,0
2r1kb1r/1p3ppp/p2p4/R7/1n2Pn2/1PN4P/1PP1Q1P1/1K3B1R,0,0
2r1kb1r/1p3ppp/p2p4/R7/1n2P3/1PN4P/1PP1n1P1/1K3B1R,1,0
2r1kb1r/1p3ppp/p2p4/R7/1n2P3/1PN4P/1PP1B1P1/1K5R,0,0
2r1k2r/1p2bppp/p2p4/R7/1n2P3/1PN4P/1PP1B1P1/1K5R,1,0
2r1k2r/1p2bppp/p2p4/R7/1n2P3/1PN4P/1PP1B1P1/1K1R4,0,0
2r2rk1/1p2bppp/p2p4/R7/1n2P3/1PN4P/1PP1B1P1/1K1R4,1,0
2r2rk1/1p2bppp/p2p4/5R2/1n2P3/1PN4P/1PP1B1P1/1K1R4,0,0
2r2rk1/1p2bp1p/p2p2p1/5R2/1n2P3/1PN4P/1PP1B1P1/1K1R4,1,0
2r2rk1/1p2bp1p/p2p2p1/3N1R2/1n2P3/1P5P/1PP1B1P1/1K1R4,0,0
2r1r1k1/1p2bp1p/p2p2p1/3N1R2/1n2P3/1P5P/1PP1B1P1/1K1R4,1,0
2r1r1k1/1p2bp1p/p2p2p1/3N4/1n2PR2/1P5P/1PP1B1P1/1K1R4,0,0
2r1r1k1/1p2bp1p/p2p2p1/3n4/4PR2/1P5P/1PP1B1P1/1K1R4,1,0
2r1r1k1/1p2bp1p/p2p2p1/3R4/4PR2/1P5P/1PP1B1P1/1K6,0,0
8/8/3K4/1P6/3N1R1p/8/6bk/1r6,1,1
8/8/3K4/1P6/3N3R/8/6bk/1r6,0,1
8/8/3K4/1P6/3N3R/6k1/6b1/1r6,1,1
8/8/3K4/1P3N2/7R/6k1/6b1/1r6,0,1
8/8/3K4/1P3N2/7R/8/5kb1/1r6,1,1
8/8/3K4/1P3N2/5R2/8/5kb1/1r6,0,1
8/8/3K4/1P3N2/5R2/8/6b1/1r4k1,1,1
8/8/8/1PK2N2/5R2/8/6b1/1r4k1,0,1
8/8/8/1PK2N2/5R2/8/6b1/5rk1,1,1
8/8/8/1PK2N2/8/8/6b1/5Rk1,0,1
8/8/8/1PK2N2/8/8/8/5bk1,1,1
8/8/1P6/2K2N2/8/8/8/5bk1,0,1
8/8/1P6/2K2N2/8/8/6b1/6k1,1,1
8/8/1P1K4/5N2/8/8/6b1/6k1,0,1
b7/8/1P1K4/5N2/8/8/8/6k1,1,1
b7/2K5/1P6/5N2/8/8/8/6k1,0,1
b7/2K5/1P6/5N2/8/8/5k2/8,1,1
b7/2K5/1P1N4/8/8/8/5k2/8,0,1
b7/2K5/1P1N4/8/8/8/8/6k1,1,1
b7/1NK5/1P6/8/8/8/8/6k1,0,1
r1b2rk1/4ppbp/p4np1/1p2q3/3N4/2NQ1B2/PPP3PP/2KR3R,1,1
B1b2rk1/4ppbp/p4np1/1p2q3/3N4/2NQ4/PPP3PP/2KR3R,0,1
B1b2rk1/4ppbp/p5p1/1p2q3/3N2n1/2NQ4/PPP3PP/2KR3R,1,1
B1b2rk1/4ppbp/p1N3p1/1p2q3/6n1/2NQ4/PPP3PP/2KR3R,0,1
B1b2rk1/4ppbp/p1N2qp1/1p6/6n1/2NQ4/PPP3PP/2KR3R,1,1
B1b2rk1/4ppbp/p1N2qp1/1p6/6n1/2NQ4/PPP3PP/2KRR3,0,1
B4rk1/4ppbp/p1N1bqp1/1p6/6n1/2NQ4/PPP3PP/2KRR3,1,1
B4rk1/4ppbp/p1N1bqp1/1p6/6n1/2N2Q2/PPP3PP/2KRR3,0,1
B4rk1/4ppbp/p1N1b1p1/1p4q1/6n1/2N2Q2/PPP3PP/2KRR3,1,1
B4rk1/4ppbp/p1N1b1p1/1p4q1/6n1/2N2Q2/PPP3PP/1K1RR3,0,1
B4rk1/4ppbp/p1N1b1p1/1p4q1/8/2N2Q2/PPP3Pn/1K1RR3,1,1
B4rk1/4ppbp/p1N1b1p1/1p4q1/4Q3/2N5/PPP3Pn/1K1RR3,0,1
B4rk1/4ppbp/p1N1b1p1/6q1/1p2Q3/2N5/PPP3Pn/1K1RR3,1,1
B4rk1/4ppbp/p1N1b1p1/3N2q1/1p2Q3/8/PPP3Pn/1K1RR3,0,1
r5k1/4ppbp/p1N1b1p1/3N2q1/1p2Q3/8/PPP3Pn/1K1RR3,1,1
r5k1/4Npbp/p1N1b1p1/6q1/1p2Q3/8/PPP3Pn/1K1RR3,0,1
r6k/4Npbp/p1N1b1p1/6q1/1p2Q3/8/PPP3Pn/1K1RR3,1,1
r2N3k/4Npbp/p3b1p1/6q1/1p2Q3/8/PPP3Pn/1K1RR3,0,1
r2N3k/4Npbp/p3bqp1/8/1p2Q3/8/PPP3Pn/1K1RR3,1,1
r6k/4NNbp/p3bqp1/8/1p2Q3/8/PPP3Pn/1K1RR3,0,1
6k1/1p2pp2/p5p1/q1PPb2p/4P3/4B1PP/2Q2P2/6K1,1,1
6k1/1p2pp2/p5p1/q1PPb2p/4P3/1Q2B1PP/5P2/6K1,0,1
6k1/1p2pp2/p5p1/1qPPb2p/4P3/1Q2B1PP/5P2/6K1,1,1
6k1/1p2pp2/p5p1/1QPPb2p/4P3/4B1PP/5P2/6K1,0,1
6k1/1p2pp2/6p1/1pPPb2p/4P3/4B1PP/5P2/6K1,1,1
6k1/1p2pp2/6p1/1pPPb2p/4PB2/6PP/5P2/6K1,0,1
6k1/1p2pp2/6p1/1pPP3p/4Pb2/6PP/5P2/6K1,1,1
6k1/1p2pp2/6p1/1pPP3p/4PP2/7P/5P2/6K1,0,1
5k2/1p2pp2/6p1/1pPP3p/4PP2/7P/5P2/6K1,1,1
5k2/1p2pp2/6p1/1pPP3p/4PP2/7P/5P2/5K2,0,1
5k2/1p2p3/5pp1/1pPP3p/4PP2/7P/5P2/5K2,1,1
5k2/1p2p3/5pp1/1pPP3p/4PP2/7P/4KP2/8,0,1
5k2/1p6/5pp1/1pPPp2p/4PP2/7P/4KP2/8,1,1
5k2/1p6/5pp1/1pPPP2p/4P3/7P/4KP2/8,0,1
5k2/1p6/6p1/1pPPp2p/4P3/7P/4KP2/8,1,1
5k2/1p6/6p1/1pPPp2p/4P3/7P/3K1P2/8,0,1
5k2/1p6/8/1pPPp1pp/4P3/7P/3K1P2/8,1,1
5k2/1p6/8/1pPPp1pp/4P3/2K4P/5P2/8,0,1
5k2/1p6/8/1pPPp1p1/4P2p/2K4P/5P2/8,1,1
5k2/1p6/8/1pPPp1p1/4P2p/2K2P1P/8/8,0,1
6k1/1N6/3P4/p3bp2/6p1/1P2K1P1/P1R1B3/r5r1,0,-1
6k1/1N6/3P4/p3bp2/6p1/1P2K1r1/P1R1B3/r7,1,-1
6k1/1N6/3P4/p3bp2/6p1/1P4r1/P1R1BK2/r7,0,-1
6k1/1N6/3P4/p3b3/5pp1/1P4r1/P1R1BK2/r7,1,-1
6k1/1N6/3P4/p3b3/2B2pp1/1P4r1/P1R2K2/r7,0,-1
8/1N4k1/3P4/p3b3/2B2pp1/1P4r1/P1R2K2/r7,1,-1
8/1N1P2k1/8/p3b3/2B2pp1/1P4r1/P1R2K2/r7,0,-1
8/1N1P2k1/8/p7/2Bb1pp1/1P4r1/P1R2K2/r7,1,-1
8/1N1P2k1/8/p7/2Bb1pp1/1P4r1/P1R1K3/r7,0,-1
8/1N1P2k1/8/p7/2Bb2p1/1P3pr1/P1R1K3/r7,1,-1
8/1N1P2k1/8/p7/2Bb2p1/1P1K1pr1/P1R5/r7,0,-1
8/1N1P2k1/8/p7/2Bb2p1/1P1K1pr1/P1R5/3r4,1,-1
8/1N1P2k1/8/p7/2BbK1p1/1P3pr1/P1R5/3r4,0,-1
8/1N1P2k1/1b6/p7/2B1K1p1/1P3pr1/P1R5/3r4,1,-1
8/1N1P2k1/1b6/p7/4K1p1/1P1B1pr1/P1R5/3r4,0,-1
8/1N1P2k1/1b6/p7/4K1p1/1P1r1pr1/P1R5/8,1,-1
8/1N1P2k1/1b6/p7/6p1/1P1K1pr1/P1R5/8,0,-1
8/1N1P2k1/1b6/p7/6p1/1P1K2r1/P1R2p2/8,1,-1
8/1N1P2k1/1b6/p7/6p1/1P4r1/P1R1Kp2/8,0,-1
8/1N1P2k1/1b6/p7/6p1/1P6/P1R1Kp2/6r1,1,-1
7k/2r2pb1/b2p2p1/p2Pp2P/4P3/1QP1B1Nq/5P2/2R4K,1,1
7k/2r2pb1/b2p2p1/p2Pp2P/4P3/1QP1B1Nq/5P2/2R3K1,0,1
7k/2r2pb1/b2p4/p2Pp2p/4P3/1QP1B1Nq/5P2/2R3K1,1,1
7k/2r2pb1/bQ1p4/p2Pp2p/4P3/2P1B1Nq/5P2/2R3K1,0,1
7k/2r2pb1/bQ1p4/p2Pp3/4P2p/2P1B1Nq/5P2/2R3K1,1,1
7k/2r2pb1/bQ1p4/p2PpN2/4P2p/2P1B2q/5P2/2R3K1,0,1
2r4k/5pb1/bQ1p4/p2PpN2/4P2p/2P1B2q/5P2/2R3K1,1,1
2r4k/5pb1/bQ1N4/p2Pp3/4P2p/2P1B2q/5P2/2R3K1,0,1
2r4k/5pb1/1Q1N4/p2Pp3/4P2p/2P1B2q/4bP2/2R3K1,1,1
2r4k/5Nb1/1Q6/p2Pp3/4P2p/2P1B2q/4bP2/2R3K1,0,1
2r3k1/5Nb1/1Q6/p2Pp3/4P2p/2P1B2q/4bP2/2R3K1,1,1
2r3k1/6b1/1Q6/p2Pp1N1/4P2p/2P1B2q/4bP2/2R3K1,0,1
2r3k1/3q2b1/1Q6/p2Pp1N1/4P2p/2P1B3/4bP2/2R3K1,1,1
2r3k1/3q2b1/6Q1/p2Pp1N1/4P2p/2P1B3/4bP2/2R3K1,0,1
2r3k1/3q2b1/6Q1/p2Pp1N1/4P1bp/2P1B3/5P2/2R3K1,1,1
2r3k1/3q2b1/6Q1/p2Pp1N1/4P1bp/2P1BP2/8/2R3K1,0,1
2r3k1/3q2b1/6Q1/p2Pp1N1/4P2p/2P1BP1b/8/2R3K1,1,1
2r3k1/3q2bQ/8/p2Pp1N1/4P2p/2P1BP1b/8/2R3K1,0,1
2r2k2/3q2bQ/8/p2Pp1N1/4P2p/2P1BP1b/8/2R3K1,1,1
2r2k2/3q2b1/8/p2Pp1N1/4P2Q/2P1BP1b/8/2R3K1,0,1
3r4/1p1q1pbk/3N2b1/3Qp2p/1B6/2P5/P1P5/1K4R1,0,-1
3r4/3q1pbk/1p1N2b1/3Qp2p/1B6/2P5/P1P5/1K4R1,1,-1
3r4/3q1pbk/1p1N2b1/4p2p/1B6/2P5/P1P3Q1/1K4R1,0,-1
3r4/5pbk/1p1Nq1b1/4p2p/1B6/2P5/P1P3Q1/1K4R1,1,-1
3r4/5pbk/1p2q1b1/4p2p/1B2N3/2P5/P1P3Q1/1K4R1,0,-1
3r2k1/5pb1/1p2q1b1/4p2p/1B2N3/2P5/P1P3Q1/1K4R1,1,-1
3r2k1/5pb1/1p2q1b1/4p1Qp/1B2N3/2P5/P1P5/1K4R1,0,-1
r5k1/5pb1/1p2q1b1/4p1Qp/1B2N3/2P5/P1P5/1K4R1,1,-1
r5k1/5pb1/1p2q1b1/4p1Qp/1B2N3/P1P5/2P5/1K4R1,0,-1
r5k1/5pb1/1p4b1/3qp1Qp/1B2N3/P1P5/2P5/1K4R1,1,-1
r5k1/5pb1/1p4b1/3qp1Qp/1B6/P1P5/2PN4/1K4R1,0,-1
r7/5pbk/1p4b1/3qp1Qp/1B6/P1P5/2PN4/1K4R1,1,-1
r7/5pbk/1p4b1/3qp1Qp/1B6/P1P5/1KPN4/6R1,0,-1
r7/5p1k/1p4bb/3qp1Qp/1B6/P1P5/1KPN4/6R1,1,-1
r7/5p1k/1p4bb/3qp2p/1B6/P1P5/1KPN2Q1/6R1,0,-1
r7/5p1k/1p4bb/4p2p/1B6/P1P5/1KPq2Q1/6R1,1,-1
Q7/5p1k/1p4bb/4p2p/1B6/P1P5/1KPq4/6R1,0,-1
Q7/5p1k/1p4bb/4p2p/1B6/P1P5/1Kq5/6R1,1,-1
Q7/5p1k/1p4bb/4p2p/1B6/P1P5/2q5/K5R1,0,-1
Q7/5p1k/1p4b1/4p2p/1B6/P1P5/2q5/K1b3R1,1,-1
3k4/8/p4R2/3B4/1KP1P3/8/r4r1P/8,1,1
3k4/8/p2R4/3B4/1KP1P3/8/r4r1P/8,0,1
8/2k5/p2R4/3B4/1KP1P3/8/r4r1P/8,1,1
8/2k5/p1R5/3B4/1KP1P3/8/r4r1P/8,0,1
8/3k4/p1R5/3B4/1KP1P3/8/r4r1P/8,1,1
8/3k4/p1R5/3B4/1KP1P2P/8/r4r2/8,0,1
8/3k4/2R5/p2B4/1KP1P2P/8/r4r2/8,1,1
8/3k4/2R5/p1KB4/2P1P2P/8/r4r2/8,0,1
8/3k4/2R5/2KB4/p1P1P2P/8/r4r2/8,1,1
8/3k4/R7/2KB4/p1P1P2P/8/r4r2/8,0,1
8/3k4/R7/2KB4/2P1P2P/p7/r4r2/8,1,1
8/3k4/R7/2KBP3/2P4P/p7/r4r2/8,0,1
8/4k3/R7/2KBP3/2P4P/p7/r4r2/8,1,1
8/R3k3/8/2KBP3/2P4P/p7/r4r2/8,0,1
5k2/R7/8/2KBP3/2P4P/p7/r4r2/8,1,1
5k2/R7/4P3/2KB4/2P4P/p7/r4r2/8,0,1
5k2/R7/4P3/2KB4/2P4P/p7/r3r3/8,1,1
5k2/R7/3KP3/3B4/2P4P/p7/r3r3/8,0,1
5k2/R7/3KP3/3B4/2P4P/p7/1r2r3/8,1,1
5k2/8/3KP3/3B4/2P4P/R7/1r2r3/8,0,1
8/1r2ppk1/3p4/2PP3p/1P6/2K2P2/8/R7,0,1
8/1r2ppk1/8/2pP3p/1P6/2K2P2/8/R7,1,1
8/1r2ppk1/8/2PP3p/8/2K2P2/8/R7,0,1
8/1r2pp2/5k2/2PP3p/8/2K2P2/8/R7,1,1
8/1r2pp2/2P2k2/3P3p/8/2K2P2/8/R7,0,1
1r6/4pp2/2P2k2/3P3p/8/2K2P2/8/R7,1,1
1r6/4pp2/2P2k2/3P3p/3K4/5P2/8/R7,0,1
1r6/4pp2/2P2k2/3P4/3K3p/5P2/8/R7,1,1
1r6/4pp2/2P2k2/2KP4/7p/5P2/8/R7,0,1
1r6/4pp2/2P2k2/2KP4/8/5P1p/8/R7,1,1
1r6/2P1pp2/5k2/2KP4/8/5P1p/8/R7,0,1
6r1/2P1pp2/5k2/2KP4/8/5P1p/8/R7,1,1
6r1/2P1pp2/5k2/2KP4/8/5P1p/8/7R,0,1
8/2P1pp2/5k2/2KP4/8/5P1p/6r1/7R,1,1
8/2P1pp2/5k2/2KP4/8/5P1R/6r1/8,0,1
8/2P1pp2/5k2/2KP4/8/5P1R/2r5/8,1,1
8/2P1pp2/1K3k2/3P4/8/5P1R/2r5/8,0,1
8/2P1pp2/1K6/3Pk3/8/5P1R/2r5/8,1,1
7R/2P1pp2/1K6/3Pk3/8/5P2/2r5/8,0,1
7R/2P1pp2/1K6/3k4/8/5P2/2r5/8,1,1
3r1bk1/pp1q2pp/5p2/2p1p3/2Pr1n2/BP1PR2P/P1Q2PP1/4RBK1,1,0
3r1bk1/pp1q2pp/5p2/2p1p3/2Pr1n2/1P1PR2P/PBQ2PP1/4RBK1,0,0
3r1bk1/pp1q2pp/5p2/2p1p3/2Pr4/1P1nR2P/PBQ2PP1/4RBK1,1,0
3r1bk1/pp1q2pp/5p2/2p1p3/2PB4/1P1nR2P/P1Q2PP1/4RBK1,0,0
3r1bk1/pp1q2pp/5p2/2p1p3/2PB4/1P2R2P/P1Q2PP1/4nBK1,1,0
3r1bk1/pp1q2pp/5p2/2p1p3/2PB4/1P5P/P1Q2PP1/4RBK1,0,0
3r1bk1/pp1q2pp/5p2/4p3/2Pp4/1P5P/P1Q2PP1/4RBK1,1,0
3r1bk1/pp1q2pp/5p2/4p3/2Pp4/1P1B3P/P1Q2PP1/4R1K1,0,0
3r1bk1/pp1q3p/5pp1/4p3/2Pp4/1P1B3P/P1Q2PP1/4R1K1,1,0
3r1bk1/pp1q3p/5pp1/2P1p3/3p4/1P1B3P/P1Q2PP1/4R1K1,0,0
3r1b2/pp1q2kp/5pp1/2P1p3/3p4/1P1B3P/P1Q2PP1/4R1K1,1,0
3r1b2/pp1q2kp/5pp1/2P1p3/1P1p4/3B3P/P1Q2PP1/4R1K1,0,0
3r1b2/pp4kp/5pp1/2Pqp3/1P1p4/3B3P/P1Q2PP1/4R1K1,1,0
3r1b2/pp4kp/5pp1/2Pqp3/1PBp4/7P/P1Q2PP1/4R1K1,0,0
3r1b2/pp1q2kp/5pp1/2P1p3/1PBp4/7P/P1Q2PP1/4R1K1,1,0
3r1b2/pp1q2kp/5pp1/2P1p3/1P1p4/3B3P/P1Q2PP1/4R1K1,0,0
3r1b2/pp4kp/5pp1/2Pqp3/1P1p4/3B3P/P1Q2PP1/4R1K1,1,0
3r1b2/pp4kp/5pp1/2Pqp3/1PBp4/7P/P1Q2PP1/4R1K1,0,0
3r1b2/pp1q2kp/5pp1/2P1p3/1PBp4/7P/P1Q2PP1/4R1K1,1,0
3r1b2/pp1q2kp/5pp1/2P1p3/1P1p4/3B3P/P1Q2PP1/4R1K1,0,0
2br4/2k2pR1/p2ppN2/5r2/2P2P1p/KP6/2PR3P/8,1,0
2br4/2k2R2/p2ppN2/5r2/2P2P1p/KP6/2PR3P/8,0,0
2br4/5R2/p1kppN2/5r2/2P2P1p/KP6/2PR3P/8,1,0
2br4/5R2/p1kppN2/5r2/2P2P1p/KP6/2P3RP/8,0,0
2br4/5R2/p1kppN2/8/2P2r1p/KP6/2P3RP/8,1,0
2br4/5RR1/p1kppN2/8/2P2r1p/KP6/2P4P/8,0,0
2br4/5RR1/p1kppN2/8/2P4p/KP6/2P2r1P/8,1,0
2br4/5RR1/p1kppN2/8/1PP4p/K7/2P2r1P/8,0,0
2br4/5RR1/p1kppN2/8/1PP4p/K7/2r4P/8,1,0
2br4/5RR1/p1kppN2/8/1PP4p/1K6/2r4P/8,0,0
2br4/5RR1/p1kppN2/8/1PP4p/1K6/4r2P/8,1,0
2br4/4R1R1/p1kppN2/8/1PP4p/1K6/4r2P/8,0,0
2b2r2/4R1R1/p1kppN2/8/1PP4p/1K6/4r2P/8,1,0
2b1Rr2/6R1/p1kppN2/8/1PP4p/1K6/4r2P/8,0,0
2b1R3/6R1/p1kppr2/8/1PP4p/1K6/4r2P/8,1,0
2R5/6R1/p1kppr2/8/1PP4p/1K6/4r2P/8,0,0
2R5/6R1/pk1ppr2/8/1PP4p/1K6/4r2P/8,1,0
1R6/6R1/pk1ppr2/8/1PP4p/1K6/4r2P/8,0,0
1R6/6R1/p1kppr2/8/1PP4p/1K6/4r2P/8,1,0
2R5/6R1/p1kppr2/8/1PP4p/1K6/4r2P/8,0,0
8/1p2n1p1/pk1p1b2/3P2p1/6R1/2PKN3/PP3r2/6R1,0,0
8/1pk1n1p1/p2p1b2/3P2p1/6R1/2PKN3/PP3r2/6R1,1,0
8/1pk1n1p1/p2p1b2/3P2p1/6R1/2PKN3/PP3rR1/8,0,0
8/1pk1n1p1/p2p1b2/3P2p1/6R1/2PKNr2/PP4R1/8,1,0
8/1pk1n1p1/p2p1b2/3P2p1/4K1R1/2P1Nr2/PP4R1/8,0,0
8/1pk1n1p1/p2p1b2/3P2p1/4K1R1/2P1N2r/PP4R1/8,1,0
8/1pk1n1p1/p2p1b2/3P1Np1/4K1R1/2P4r/PP4R1/8,0,0
8/1pk3p1/p2p1b2/3P1np1/4K1R1/2P4r/PP4R1/8,1,0
8/1pk3p1/p2p1b2/3P1Kp1/6R1/2P4r/PP4R1/8,0,0
8/1pk3p1/p2p1b2/3P1Kp1/6R1/2P1r3/PP4R1/8,1,0
8/1pk3p1/p2p1b2/3P1Kp1/4R3/2P1r3/PP4R1/8,0,0
8/1pk5/p2p1bp1/3P1Kp1/4R3/2P1r3/PP4R1/8,1,0
8/1pk5/p2p1bK1/3P2p1/4R3/2P1r3/PP4R1/8,0,0
8/1pk5/p2p1bK1/3P2p1/4r3/2P5/PP4R1/8,1,0
8/1pk5/p2p1K2/3P2p1/4r3/2P5/PP4R1/8,0,0
8/1p6/pk1p1K2/3P2p1/4r3/2P5/PP4R1/8,1,0
8/1p6/pk1p4/3P2K1/4r3/2P5/PP4R1/8,0,0
8/1p6/pk1p4/3Pr1K1/8/2P5/PP4R1/8,1,0
8/1p6/pk1p4/3Pr3/5K2/2P5/PP4R1/8,0,0
8/1p6/pk1p4/3r4/5K2/2P5/PP4R1/8,1,0
2k1r3/4bR2/2b5/2P3p1/3B2P1/3N4/pKP5/8,1,0
2k1r3/4bR2/2b5/2P3p1/1N1B2P1/8/pKP5/8,0,0
2k1r3/3bbR2/8/2P3p1/1N1B2P1/8/pKP5/8,1,0
2k1r3/3bbR2/8/2PN2p1/3B2P1/8/pKP5/8,0,0
2kbr3/3b1R2/8/2PN2p1/3B2P1/8/pKP5/8,1,0
2kbr3/3b1R2/1N6/2P3p1/3B2P1/8/pKP5/8,0,0
2k1r3/3b1R2/1b6/2P3p1/3B2P1/8/pKP5/8,1,0
2k1r3/3b1R2/1P6/6p1/3B2P1/8/pKP5/8,0,0
2k5/3b1R2/1P6/6p1/3B2P1/8/pKP5/4r3,1,0
2k2R2/3b4/1P6/6p1/3B2P1/8/pKP5/4r3,0,0
2k1rR2/3b4/1P6/6p1/3B2P1/8/pKP5/8,1,0
2k1r3/3b4/1P6/6p1/3B2P1/5R2/pKP5/8,0,0
2k5/3b4/1P6/6p1/3Br1P1/5R2/pKP5/8,1,0
2k5/3b4/1P6/6p1/3Br1P1/2R5/pKP5/8,0,0
1k6/3b4/1P6/6p1/3Br1P1/2R5/pKP5/8,1,0
1k6/3b4/1P6/2B3p1/4r1P1/2R5/pKP5/8,0,0
1k6/8/1P2b3/2B3p1/4r1P1/2R5/pKP5/8,1,0
1k6/8/1P2b3/2B3p1/4r1P1/4R3/pKP5/8,0,0
1k6/8/1P2b3/2B3p1/6P1/4r3/pKP5/8,1,0
1k6/8/1P2b3/6p1/6P1/4B3/pKP5/8,0,0
3rrbk1/1b3p2/p1qp2pp/3N4/2PQP3/1P6/P4PP1/1BRR2K1,0,1
3rr1k1/1b3pb1/p1qp2pp/3N4/2PQP3/1P6/P4PP1/1BRR2K1,1,1
3rr1k1/1b3pb1/p1qp2pp/3N4/2P1P3/1P6/P2Q1PP1/1BRR2K1,0,1
2qrr1k1/1b3pb1/p2p2pp/3N4/2P1P3/1P6/P2Q1PP1/1BRR2K1,1,1
2qrr1k1/1b3pb1/p2p2pp/3N4/1PP1P3/8/P2Q1PP1/1BRR2K1,0,1
3rr1k1/1b3pb1/p2p2pp/3N4/1PP1P1q1/8/P2Q1PP1/1BRR2K1,1,1
3rr1k1/1b3pb1/p2p2pp/2PN4/1P2P1q1/8/P2Q1PP1/1BRR2K1,0,1
3rr1k1/5pb1/p2p2pp/2Pb4/1P2P1q1/8/P2Q1PP1/1BRR2K1,1,1
3rr1k1/5pb1/p2p2pp/2PP4/1P4q1/8/P2Q1PP1/1BRR2K1,0,1
3rr1k1/5pb1/p2p2pp/2PP4/1P5q/8/P2Q1PP1/1BRR2K1,1,1
3rr1k1/5pb1/p2p2pp/2PP4/1P5q/6P1/P2Q1P2/1BRR2K1,0,1
3rr1k1/5pb1/p2p2pp/2PP3q/1P6/6P1/P2Q1P2/1BRR2K1,1,1
3rr1k1/5pb1/p1Pp2pp/3P3q/1P6/6P1/P2Q1P2/1BRR2K1,0,1
3r2k1/5pb1/p1Pp2pp/3P3q/1P6/6P1/P2QrP2/1BRR2K1,1,1
3r2k1/5pb1/p1Pp2pp/3P3q/1P6/3Q2P1/P3rP2/1BRR2K1,0,1
4r1k1/5pb1/p1Pp2pp/3P3q/1P6/3Q2P1/P3rP2/1BRR2K1,1,1
4r1k1/5pb1/p1Pp2pp/3P3q/1P6/3Q2P1/P3rP2/1BR2RK1,0,1
4r1k1/5pb1/p1Pp2pp/3Pr2q/1P6/3Q2P1/P4P2/1BR2RK1,1,1
4r1k1/5pb1/p1Pp2pp/3Pr2q/1P6/3Q2P1/P4PK1/1BR2R2,0,1
4r1k1/5pb1/p1Pp2pp/3r3q/1P6/3Q2P1/P4PK1/1BR2R2,1,1
8/4p1k1/3pBq2/3P2pQ/4P3/P5P1/5PK1/4n3,1,0
8/4p1k1/3pBq2/3P2pQ/4P3/P5PK/5P2/4n3,0,0
8/4p1k1/3pBq2/3P2pQ/4P3/P2n2PK/5P2/8,1,0
8/4p1k1/3pBq2/3P2pQ/4P3/P2n1PPK/8/8,0,0
8/4p1k1/3pBq2/3P2pQ/4P3/P4PPK/5n2/8,1,0
8/4p1k1/3pBq2/3P2pQ/4P3/P4PP1/5nK1/8,0,0
8/4p1k1/3pBq2/3P2pQ/4P3/P2n1PP1/6K1/8,1,0
8/4p1k1/3pBq2/3P2pQ/4P3/P2n1PPK/8/8,0,0
8/4p1k1/3pBq2/3P2pQ/4P3/P4PPK/5n2/8,1,0
8/4p1k1/3pBq2/3P2pQ/4P3/P4PP1/5n1K/8,0,0
8/4p1k1/3pBq2/3P2pQ/4P3/P2n1PP1/7K/8,1,0
8/4p1k1/3pBq2/3PP1pQ/8/P2n1PP1/7K/8,0,0
8/4p1k1/3pBq2/3Pn1pQ/8/P4PP1/7K/8,1,0
8/4p1k1/3pBq2/3Pn1pQ/8/P4PP1/6K1/8,0,0
8/4p1k1/3pBq2/3P2pQ/8/P2n1PP1/6K1/8,1,0
8/4p1k1/3pBq2/3P2pQ/8/P2n1PPK/8/8,0,0
8/4p1k1/3pBq2/3P2pQ/8/P4PPK/5n2/8,1,0
8/4p1k1/3pBq2/3P2pQ/8/P4PP1/5nK1/8,0,0
8/4p1k1/3pBq2/3P2pQ/8/P2n1PP1/6K1/8,1,0
8/4p1k1/3pBq2/3P2pQ/8/P2n1PPK/8/8,0,0
r1b2rk1/p3pp1p/6pQ/q2p4/7P/5P2/PPP3P1/2KR1B1R,0,0
r1b2rk1/p3pp1p/6pQ/3p4/7P/5P2/qPP3P1/2KR1B1R,1,0
r1b2rk1/p3pp1p/6pQ/3p3P/8/5P2/qPP3P1/2KR1B1R,0,0
r4rk1/p3pp1p/6pQ/3p1b1P/8/5P2/qPP3P1/2KR1B1R,1,0
r4rk1/p3pp1p/6PQ/3p1b2/8/5P2/qPP3P1/2KR1B1R,0,0
r4rk1/p3pp1p/6bQ/3p4/8/5P2/qPP3P1/2KR1B1R,1,0
r4rk1/p3pp1p/6bQ/3p4/8/3B1P2/qPP3P1/2KR3R,0,0
r4rk1/p3pp1p/6bQ/3p4/8/3B1P2/1PP3P1/q1KR3R,1,0
r4rk1/p3pp1p/6bQ/3p4/8/3B1P2/1PPK2P1/q2R3R,0,0
r4rk1/p3pp1p/6bQ/q2p4/8/3B1P2/1PPK2P1/3R3R,1,0
r4rk1/p3pp1p/6bQ/q2p4/8/3B1P2/1PP3P1/2KR3R,0,0
r4rk1/p3pp1p/6bQ/3p4/8/3B1P2/1PP3P1/q1KR3R,1,0
r4rk1/p3pp1p/6bQ/3p4/8/3B1P2/1PPK2P1/q2R3R,0,0
r4rk1/p3pp1p/6bQ/q2p4/8/3B1P2/1PPK2P1/3R3R,1,0
r4rk1/p3pp1p/6bQ/q2p4/8/3B1P2/1PP3P1/2KR3R,0,0
r4rk1/p3pp1p/6bQ/3p4/8/3B1P2/1PP3P1/q1KR3R,1,0
r4rk1/p3pp1p/6bQ/3p4/8/3B1P2/1PPK2P1/q2R3R,0,0
r4rk1/p3pp1p/6bQ/q2p4/8/3B1P2/1PPK2P1/3R3R,1,0
r4rk1/p3pp1p/6bQ/q2p4/8/3B1P2/1PP3P1/2KR3R,0,0
r4rk1/p3pp1p/6bQ/3p4/8/3B1P2/1PP3P1/q1KR3R,1,0
rnbqkbnr/pppppppp/8/8/4P3/8/PPPP1PPP/RNBQKBNR,0,0
rnbqkbnr/pp1ppppp/8/2p5/4P3/8/PPPP1PPP/RNBQKBNR,1,0
rnbqkbnr/pp1ppppp/8/2p5/4P3/5N2/PPPP1PPP/RNBQKB1R,0,0
r1bqkbnr/pp1ppppp/2n5/2p5/4P3/5N2/PPPP1PPP/RNBQKB1R,1,0
r1bqkbnr/pp1ppppp/2n5/2p5/3PP3/5N2/PPP2PPP/RNBQKB1R,0,0
r1bqkbnr/pp1ppppp/2n5/8/3pP3/5N2/PPP2PPP/RNBQKB1R,1,0
r1bqkbnr/pp1ppppp/2n5/8/3NP3/8/PPP2PPP/RNBQKB1R,0,0
r1bqkb1r/pp1ppppp/2n2n2/8/3NP3/8/PPP2PPP/RNBQKB1R,1,0
r1bqkb1r/pp1ppppp/2n2n2/8/3NP3/2N5/PPP2PPP/R1BQKB1R,0,0
r1bqkb1r/pp2pppp/2np1n2/8/3NP3/2N5/PPP2PPP/R1BQKB1R,1,0
r1bqkb1r/pp2pppp/2np1n2/8/3NP3/2N5/PPP1BPPP/R1BQK2R,0,0
r1bqkb1r/pp3ppp/2np1n2/4p3/3NP3/2N5/PPP1BPPP/R1BQK2R,1,0
r1bqkb1r/pp3ppp/2np1n2/4p3/4P3/2N2N2/PPP1BPPP/R1BQK2R,0,0
r1bqkb1r/pp3pp1/2np1n1p/4p3/4P3/2N2N2/PPP1BPPP/R1BQK2R,1,0
r1bqkb1r/pp3pp1/2np1n1p/4p3/4P3/2N2N2/PPP1BPPP/R1BQ1RK1,0,0
r1bqk2r/pp2bpp1/2np1n1p/4p3/4P3/2N2N2/PPP1BPPP/R1BQ1RK1,1,0
r1bqk2r/pp2bpp1/2np1n1p/4p3/4P3/2N2N2/PPP1BPPP/R1BQR1K1,0,0
r1bq1rk1/pp2bpp1/2np1n1p/4p3/4P3/2N2N2/PPP1BPPP/R1BQR1K1,1,0
r1bq1rk1/pp2bpp1/2np1n1p/4p3/4P3/2N2N2/PPP2PPP/R1BQRBK1,0,0
8/5k1p/1N1P4/p2P2p1/P7/1b2K3/7P/8,0,0
8/5k2/1N1P4/p2P2pp/P7/1b2K3/7P/8,1,0
8/5k2/1N1P4/p2P2pp/P3K3/1b6/7P/8,0,0
8/5k2/1N1P4/p2P2pp/P3K3/8/2b4P/8,1,0
8/5k2/1N1P4/p2P2pp/P7/5K2/2b4P/8,0,0
8/5k2/1N1P4/p2P2pp/P7/1b3K2/7P/8,1,0
8/5k2/1N1P4/p2P2pp/P7/1b2K3/7P/8,0,0
8/5k2/1N1P4/p2P2p1/P6p/1b2K3/7P/8,1,0
8/5k2/1N1P4/p2P2p1/P6p/1b2K2P/8/8,0,0
4k3/8/1N1P4/p2P2p1/P6p/1b2K2P/8/8,1,0
4k3/8/1N1P4/p2P2p1/P6p/1b3K1P/8/8,0,0
4k3/8/1N1P4/p2P2p1/P6p/5K1P/8/3b4,1,0
4k3/8/1N1P4/p2P2p1/P6p/7P/6K1/3b4,0,0
4k3/8/1N1P4/p2P2p1/P6p/1b5P/6K1/8,1,0
4k3/8/1N1P4/p2P2p1/P6p/1b5P/5K2/8,0,0
8/5k2/1N1P4/p2P2p1/P6p/1b5P/5K2/8,1,0
8/5k2/1N1P4/p2P2p1/P6p/1b2K2P/8/8,0,0
4k3/8/1N1P4/p2P2p1/P6p/1b2K2P/8/8,1,0
4k3/8/1N1P4/p2P2p1/P6p/1b3K1P/8/8,0,0
4k3/8/1N1P4/p2P2p1/P6p/5K1P/8/3b4,1,0
1q2n1k1/4bpp1/3p3B/5P2/1p2p3/pPr4P/P1PQ4/K2R2R1,1,1
1q2n1k1/4bpB1/3p4/5P2/1p2p3/pPr4P/P1PQ4/K2R2R1,0,1
1q4k1/4bpn1/3p4/5P2/1p2p3/pPr4P/P1PQ4/K2R2R1,1,1
1q4k1/4bpn1/3p3Q/5P2/1p2p3/pPr4P/P1P5/K2R2R1,0,1
5qk1/4bpn1/3p3Q/5P2/1p2p3/pPr4P/P1P5/K2R2R1,1,1
5qk1/4bpn1/3p1P1Q/8/1p2p3/pPr4P/P1P5/K2R2R1,0,1
5qk1/5pn1/3p1b1Q/8/1p2p3/pPr4P/P1P5/K2R2R1,1,1
5qk1/5pn1/3p1Q2/8/1p2p3/pPr4P/P1P5/K2R2R1,0,1
5qk1/5pn1/3p1Q2/8/1p2p3/pP3r1P/P1P5/K2R2R1,1,1
5qk1/5pn1/3p3Q/8/1p2p3/pP3r1P/P1P5/K2R2R1,0,1
5qk1/5pn1/3p3Q/8/1p6/pP2pr1P/P1P5/K2R2R1,1,1
5qk1/5pn1/3p3Q/8/1p6/pP2pr1P/P1P5/1K1R2R1,0,1
5qk1/5pn1/3p3Q/8/1p6/pP3r1P/P1P1p3/1K1R2R1,1,1
5qk1/5pn1/3p3Q/8/1p6/pP3r1P/P1P1p3/1K2R1R1,0,1
5qk1/5pn1/3p3Q/8/1p6/pP5P/P1P1pr2/1K2R1R1,1,1
5qk1/5pn1/3p4/8/1p6/pP2Q2P/P1P1pr2/1K2R1R1,0,1
5qk1/5pn1/3p1r2/8/1p6/pP2Q2P/P1P1p3/1K2R1R1,1,1
5qk1/5pn1/3p1r2/8/1p6/pP5P/P1P1Q3/1K2R1R1,0,1
5qk1/5pn1/3pr3/8/1p6/pP5P/P1P1Q3/1K2R1R1,1,1
5qk1/5pn1/3pr3/8/1p4Q1/pP5P/P1P5/1K2R1R1,0,1
8/1p3rk1/p4ppp/P2Np3/q1Pb2PP/3Q1P1K/8/1R6,0,-1
8/1p1q1rk1/p4ppp/P2Np3/2Pb2PP/3Q1P1K/8/1R6,1,-1
8/1p1q1rk1/p4ppp/P2Np3/2Pb2PP/3Q1P1K/8/3R4,0,-1
8/1p1q1rk1/p5pp/P2Npp2/2Pb2PP/3Q1P1K/8/3R4,1,-1
8/1p1q1rk1/p5pp/P2Npp2/2Pb2PP/3Q1P1K/3R4/8,0,-1
8/1p1q1rk1/p5pp/P2Np3/2Pb2pP/3Q1P1K/3R4/8,1,-1
8/1p1q1rk1/p5pp/P2Np3/2Pb2PP/3Q3K/3R4/8,0,-1
2q5/1p3rk1/p5pp/P2Np3/2Pb2PP/3Q3K/3R4/8,1,-1
2q5/1p3rk1/p5pp/P2Np3/2Pb2PP/3Q3K/6R1/8,0,-1
5q2/1p3rk1/p5pp/P2Np3/2Pb2PP/3Q3K/6R1/8,1,-1
5q2/1p3rk1/p5pp/P2Np3/2PbQ1PP/7K/6R1/8,0,-1
5q2/1p4k1/p5pp/P2Np3/2PbQ1PP/5r1K/6R1/8,1,-1
5q2/1p4k1/p5pp/P2Np3/2PbQ1PP/5r2/6RK/8,0,-1
8/1p4k1/p5pp/P2Np3/2PbQ1PP/q4r2/6RK/8,1,-1
8/1p4k1/p5pp/P2Np3/2PbQ1PP/q4rR1/7K/8,0,-1
8/1p4k1/p5pp/P2Np3/2PbQ1PP/q5r1/7K/8,1,-1
8/1p4k1/p5pp/P3p3/2PbQNPP/q5r1/7K/8,0,-1
8/1p4k1/p5pp/P3p3/2P1QNPP/q5r1/7K/6b1,1,-1
8/1p4k1/p5pp/P3p3/2P1QNPP/q5r1/8/6bK,0,-1
8/1p4k1/p5pp/P3p3/2P1QNPP/5qr1/8/6bK,1,-1
5r2/1p4kp/3p1pp1/p1bNp3/4P1P1/PqPQ3P/1P1R1P2/6K1,1,1
5r2/1p4kp/3p1pp1/p1bNp3/4P1P1/PqPQ3P/1P1R1PK1/8,0,1
5r2/1p4kp/3p1pp1/2bNp3/p3P1P1/PqPQ3P/1P1R1PK1/8,1,1
5r2/1p4kp/3p1pp1/2bNp3/p3P1P1/PqP4P/1P1RQPK1/8,0,1
5r1k/1p5p/3p1pp1/2bNp3/p3P1P1/PqP4P/1P1RQPK1/8,1,1
5r1k/1p5p/3p1pp1/2bNp3/p3P1PP/PqP5/1P1RQPK1/8,0,1
5r1k/1p5p/3p2p1/2bNpp2/p3P1PP/PqP5/1P1RQPK1/8,1,1
5r1k/1p5p/3p2p1/2bNpP2/p5PP/PqP5/1P1RQPK1/8,0,1
5r1k/1p5p/3p4/2bNpp2/p5PP/PqP5/1P1RQPK1/8,1,1
5r1k/1p5p/3p4/2bNpP2/p6P/PqP5/1P1RQPK1/8,0,1
7k/1p5p/3p4/2bNpr2/p6P/PqP5/1P1RQPK1/8,1,1
7k/1p5p/3p4/2bNpr2/p4P1P/PqP5/1P1RQ1K1/8,0,1
5r1k/1p5p/3p4/2bNp3/p4P1P/PqP5/1P1RQ1K1/8,1,1
5r1k/1p5p/3p4/2bNp3/p4P1P/PqP5/1P1RQ2K/8,0,1
6rk/1p5p/3p4/2bNp3/p4P1P/PqP5/1P1RQ2K/8,1,1
6rk/1p5p/3p4/2bNP3/p6P/PqP5/1P1RQ2K/8,0,1
6rk/1p5p/3p4/2bNP3/p6P/P1P5/qP1RQ2K/8,1,1
6rk/1p5p/3p4/2bNP3/p6P/P1P5/qP1R3K/5Q2,0,1
6rk/1p5p/3p4/3NP3/p6P/P1P5/qP1R3K/5Qb1,1,1
6rk/1p5p/3p4/3NP3/p6P/P1P4K/qP1R4/5Qb1,0,1
8/2k2pp1/4p3/4r2p/PR5P/6P1/5P2/5K2,1,0
8/2k2pp1/4p3/4r2p/P4R1P/6P1/5P2/5K2,0,0
8/2k3p1/4pp2/4r2p/P4R1P/6P1/5P2/5K2,1,0
8/2k3p1/4pp2/4r2p/P4R1P/6P1/5PK1/8,0,0
8/6p1/1k2pp2/4r2p/P4R1P/6P1/5PK1/8,1,0
8/6p1/1k2pp2/4r2p/P4RPP/8/5PK1/8,0,0
8/6p1/4pp2/k3r2p/P4RPP/8/5PK1/8,1,0
8/6p1/4pp2/k3r2p/P4RPP/6K1/5P2/8,0,0
8/6p1/4pp2/k2r3p/P4RPP/6K1/5P2/8,1,0
8/6p1/4pp2/k2r3P/P4R1P/6K1/5P2/8,0,0
8/6p1/4pp2/k6r/P4R1P/6K1/5P2/8,1,0
8/6p1/4pp2/k6r/P3R2P/6K1/5P2/8,0,0
8/8/4pp2/k5pr/P3R2P/6K1/5P2/8,1,0
8/8/4pp2/k5Pr/P3R3/6K1/5P2/8,0,0
8/8/4pp2/k5r1/P3R3/6K1/5P2/8,1,0
8/8/4pp2/k5r1/P3R3/5K2/5P2/8,0,0
8/8/5p2/k3p1r1/P3R3/5K2/5P2/8,1,0
8/8/5p2/k3p1r1/P3R3/4K3/5P2/8,0,0
8/8/5p2/k3p2r/P3R3/4K3/5P2/8,1,0
8/8/5p2/k3p2r/P3RP2/4K3/8/8,0,0
8/8/8/p2kpp2/7K/1P6/P4P2/8,1,0
8/8/8/p2kpp2/7K/PP6/5P2/8,0,0
8/8/8/p2k1p2/4p2K/PP6/5P2/8,1,0
8/8/8/p2k1pK1/4p3/PP6/5P2/8,0,0
8/8/8/p3kpK1/4p3/PP6/5P2/8,1,0
8/8/8/p3kpK1/1P2p3/P7/5P2/8,0,0
8/8/8/4kpK1/1p2p3/P7/5P2/8,1,0
8/8/8/4kpK1/1P2p3/8/5P2/8,0,0
8/8/8/4k1K1/1P2pp2/8/5P2/8,1,0
8/8/8/4k3/1P2ppK1/8/5P2/8,0,0
8/8/8/4k3/1P3pK1/4p3/5P2/8,1,0
8/8/8/4k3/1P3pK1/4P3/8/8,0,0
8/8/8/4k3/1P4K1/4p3/8/8,1,0
8/8/8/4k3/1P6/4pK2/8/8,0,0
8/8/8/8/1P1k4/4pK2/8/8,1,0
8/8/8/8/1P1k4/4p3/4K3/8,0,0
8/8/8/8/1Pk5/4p3/4K3/8,1,0
8/8/8/8/1Pk5/4K3/8/8,0,0
8/8/8/8/1k6/4K3/8/8,1,0
8/8/8/8/1k1K4/8/8/8,0,0
r1r5/4kpp1/b2ppb2/4n2p/PqP5/R3B1PP/BPN1QK2/3R4,0,-1
r1r5/1q2kpp1/b2ppb2/4n2p/P1P5/R3B1PP/BPN1QK2/3R4,1,-1
r1r5/1q2kpp1/b2ppb2/4n2p/P1P5/RP2B1PP/B1N1QK2/3R4,0,-1
r1r5/4kpp1/b2ppb2/4n2p/P1P1q3/RP2B1PP/B1N1QK2/3R4,1,-1
r1r5/4kpp1/b2ppb2/4n2p/P1P1qB2/RP4PP/B1N1QK2/3R4,0,-1
r1r5/4kpp1/b2ppb2/4nq1p/P1P2B2/RP4PP/B1N1QK2/3R4,1,-1
r1r5/4kpp1/b2ppb2/4nq1p/P1P2B2/RP4PP/B1N1Q1K1/3R4,0,-1
r1r5/1b2kpp1/3ppb2/4nq1p/P1P2B2/RP4PP/B1N1Q1K1/3R4,1,-1
r1r5/1b2kpp1/3ppb2/4nq1p/P1P2B2/RP4PP/B1N1QK2/3R4,0,-1
r1r5/1b2kpp1/3ppb2/4n2p/P1P2B2/RP4Pq/B1N1QK2/3R4,1,-1
r1r5/1b2kpp1/3ppb2/4n2p/P1PN1B2/RP4Pq/B3QK2/3R4,0,-1
r1r5/1b2kpp1/3ppb2/4n3/P1PN1B1p/RP4Pq/B3QK2/3R4,1,-1
r1r5/1b2kpp1/3ppb2/4n3/PPPN1B1p/R5Pq/B3QK2/3R4,0,-1
r1r5/1b2kp2/3ppb2/4n1p1/PPPN1B1p/R5Pq/B3QK2/3R4,1,-1
r1r5/1b2kp2/3ppb2/4B1p1/PPPN3p/R5Pq/B3QK2/3R4,0,-1
r1r5/1b2kp2/3pp3/4b1p1/PPPN3p/R5Pq/B3QK2/3R4,1,-1
r1r5/1b2kp2/3pp3/4b1p1/PPPN3p/R5Pq/B3Q3/3RK3,0,-1
r1r5/1b2kp2/3pp3/6p1/PPPN3p/R5bq/B3Q3/3RK3,1,-1
r1r5/1b2kp2/3pp3/6p1/PPPN3p/R5bq/B2KQ3/3R4,0,-1
r1r5/1b2kp2/3pp3/6p1/PPPN1b1p/R6q/B2KQ3/3R4,1,-1
2r3k1/pp2pp1p/2r1b2P/4p1N1/5nP1/P4P2/1PPR4/1K3B1R,1,1
2r3k1/pp2pp1p/2r1b2P/1B2p1N1/5nP1/P4P2/1PPR4/1K5R,0,1
2r3k1/pp2pp1p/3rb2P/1B2p1N1/5nP1/P4P2/1PPR4/1K5R,1,1
2r3k1/pp2pp1p/3Rb2P/1B2p1N1/5nP1/P4P2/1PP5/1K5R,0,1
2r3k1/pp3p1p/3pb2P/1B2p1N1/5nP1/P4P2/1PP5/1K5R,1,1
2r3k1/pp3p1p/3pb2P/1B2p3/4NnP1/P4P2/1PP5/1K5R,0,1
2r3k1/1p3p1p/p2pb2P/1B2p3/4NnP1/P4P2/1PP5/1K5R,1,1
2r3k1/1p3p1p/p2pb2P/4p3/4NnP1/P2B1P2/1PP5/1K5R,0,1
2r3k1/1p3p1p/p2pb2P/4p3/4N1P1/P2n1P2/1PP5/1K5R,1,1
2r3k1/1p3p1p/p2pb2P/4p3/4N1P1/P2P1P2/1P6/1K5R,0,1
2r3k1/1p3p1p/p3b2P/3pp3/4N1P1/P2P1P2/1P6/1K5R,1,1
2r3k1/1p3p1p/p3bN1P/3pp3/6P1/P2P1P2/1P6/1K5R,0,1
2r2k2/1p3p1p/p3bN1P/3pp3/6P1/P2P1P2/1P6/1K5R,1,1
2r2k2/1p3p1p/p3bN1P/3pp3/6P1/P2P1P2/1P6/1KR5,0,1
5k2/1p3p1p/p1r1bN1P/3pp3/6P1/P2P1P2/1P6/1KR5,1,1
5k2/1p3p1N/p1r1b2P/3pp3/6P1/P2P1P2/1P6/1KR5,0,1
8/1p2kp1N/p1r1b2P/3pp3/6P1/P2P1P2/1P6/1KR5,1,1
8/1p2kp1N/p1R1b2P/3pp3/6P1/P2P1P2/1P6/1K6,0,1
8/4kp1N/p1p1b2P/3pp3/6P1/P2P1P2/1P6/1K6,1,1
8/4kp2/p1p1b2P/3pp1N1/6P1/P2P1P2/1P6/1K6,0,1
3Q1bk1/5p1p/6p1/P4p2/1P2n3/2P5/K5PP/5r2,1,0
3Q1bk1/5p1p/P5p1/5p2/1P2n3/2P5/K5PP/5r2,0,0
3Q1bk1/5p1p/P5p1/5p2/1P6/2n5/K5PP/5r2,1,0
3Q1bk1/5p1p/P5p1/5p2/1P6/1Kn5/6PP/5r2,0,0
3Q1bk1/5p1p/P5p1/5p2/1P6/1Kn5/6PP/r7,1,0
3Q1bk1/5p1p/P5p1/5p2/1P6/2K5/6PP/r7,0,0
3Q1bk1/5p1p/r5p1/5p2/1P6/2K5/6PP/8,1,0
3Q1bk1/5p1p/r5p1/1P3p2/8/2K5/6PP/8,0,0
3Q1bk1/5p1p/3r2p1/1P3p2/8/2K5/6PP/8,1,0
5bk1/2Q2p1p/3r2p1/1P3p2/8/2K5/6PP/8,0,0
6k1/2Q2pbp/3r2p1/1P3p2/8/2K5/6PP/8,1,0
6k1/2Q2pbp/3r2p1/1P3p2/8/8/2K3PP/8,0,0
6k1/2Q2p1p/3r2p1/1P2bp2/8/8/2K3PP/8,1,0
2Q3k1/5p1p/3r2p1/1P2bp2/8/8/2K3PP/8,0,0
2Q5/5pkp/3r2p1/1P2bp2/8/8/2K3PP/8,1,0
2Q5/5pkp/3r2p1/1P2bp2/8/7P/2K3P1/8,0,0
2Q5/5pkp/3r2p1/1P3p2/3b4/7P/2K3P1/8,1,0
8/2Q2pkp/3r2p1/1P3p2/3b4/7P/2K3P1/8,0,0
8/2Q2pkp/4r1p1/1P3p2/3b4/7P/2K3P1/8,1,0
8/5pkp/4r1p1/1P3p2/2Qb4/7P/2K3P1/8,0,0
8/5p2/5k2/1N1p3p/1b6/3K1NP1/7P/8,1,1
8/2N2p2/5k2/3p3p/1b6/3K1NP1/7P/8,0,1
8/2N2p2/8/3p1k1p/1b6/3K1NP1/7P/8,1,1
8/5p2/8/3N1k1p/1b6/3K1NP1/7P/8,0,1
8/5p2/3b4/3N1k1p/8/3K1NP1/7P/8,1,1
8/5p2/3b4/5k1p/8/3KNNP1/7P/8,0,1
8/5p2/3b2k1/7p/8/3KNNP1/7P/8,1,1
8/5p2/3b2k1/7p/4K3/4NNP1/7P/8,0,1
1b6/5p2/6k1/7p/4K3/4NNP1/7P/8,1,1
1b6/5p2/6k1/4N2p/4K3/4N1P1/7P/8,0,1
1b6/5pk1/8/4N2p/4K3/4N1P1/7P/8,1,1
1b6/5pk1/8/4NN1p/4K3/6P1/7P/8,0,1
1b4k1/5p2/8/4NN1p/4K3/6P1/7P/8,1,1
1b4k1/3N1p2/8/5N1p/4K3/6P1/7P/8,0,1
6k1/b2N1p2/8/5N1p/4K3/6P1/7P/8,1,1
6k1/b4p2/5N2/5N1p/4K3/6P1/7P/8,0,1
5k2/b4p2/5N2/5N1p/4K3/6P1/7P/8,1,1
5k2/b4p2/8/5N1N/4K3/6P1/7P/8,0,1
5k2/5p2/8/5N1N/4K3/6P1/7P/6b1,1,1
5k2/5p2/8/5N1N/4K3/6PP/8/6b1,0,1
r1bqkb1r/pp1ppppp/2n2n2/8/3NP3/8/PPP2PPP/RNBQKB1R,1,0
r1bqkb1r/pp1ppppp/2n2n2/8/3NP3/2N5/PPP2PPP/R1BQKB1R,0,0
r1bqkb1r/pp2pppp/2np1n2/8/3NP3/2N5/PPP2PPP/R1BQKB1R,1,0
r1bqkb1r/pp2pppp/2np1n2/8/3NP3/2N2P2/PPP3PP/R1BQKB1R,0,0
r1bqkb1r/pp3ppp/2np1n2/4p3/3NP3/2N2P2/PPP3PP/R1BQKB1R,1,0
r1bqkb1r/pp3ppp/2np1n2/4p3/4P3/1NN2P2/PPP3PP/R1BQKB1R,0,0
r1bqk2r/pp2bppp/2np1n2/4p3/4P3/1NN2P2/PPP3PP/R1BQKB1R,1,0
r1bqk2r/pp2bppp/2np1n2/4p3/4P3/1NN1BP2/PPP3PP/R2QKB1R,0,0
r1bq1rk1/pp2bppp/2np1n2/4p3/4P3/1NN1BP2/PPP3PP/R2QKB1R,1,0
r1bq1rk1/pp2bppp/2np1n2/4p3/4P3/1NN1BP2/PPPQ2PP/R3KB1R,0,0
r2q1rk1/pp2bppp/2npbn2/4p3/4P3/1NN1BP2/PPPQ2PP/R3KB1R,1,0
r2q1rk1/pp2bppp/2npbn2/4p3/4P3/1NN1BP2/PPPQ2PP/2KR1B1R,0,0
r2q1rk1/1p2bppp/2npbn2/p3p3/4P3/1NN1BP2/PPPQ2PP/2KR1B1R,1,0
r2q1rk1/1p2bppp/2npbn2/pB2p3/4P3/1NN1BP2/PPPQ2PP/2KR3R,0,0
r2q1rk1/np2bppp/3pbn2/pB2p3/4P3/1NN1BP2/PPPQ2PP/2KR3R,1,0
r2q1rk1/np2bppp/3pbn2/p3p3/4P3/1NN1BP2/PPPQB1PP/2KR3R,0,0
r2q1rk1/1p2bppp/2npbn2/p3p3/4P3/1NN1BP2/PPPQB1PP/2KR3R,1,0
r2q1rk1/1p2bppp/2npbn2/pB2p3/4P3/1NN1BP2/PPPQ2PP/2KR3R,0,0
r2q1rk1/np2bppp/3pbn2/pB2p3/4P3/1NN1BP2/PPPQ2PP/2KR3R,1,0
r2q1rk1/np2bppp/3pbn2/p3p3/4P3/1NN1BP2/PPPQB1PP/2KR3R,0,0
4r1k1/pp2pp1p/3p2pB/2nP4/2qRPP2/4Q2P/P5K1/8,0,-1
4r1k1/pp2pp1p/3p2pB/2nP4/3RPP2/4Q2P/q5K1/8,1,-1
4r1k1/pp2pp1p/3p2pB/2nP4/3RPP2/4Q2P/q7/6K1,0,-1
4r1k1/pp2pp1p/3p2pB/2nP4/3RPP2/1q2Q2P/8/6K1,1,-1
4r1k1/pp2pp1p/3p2pB/2nP4/3RPP2/1q5P/3Q4/6K1,0,-1
4r1k1/pp2pp1p/3p2pB/2nP4/3RPP2/6qP/3Q4/6K1,1,-1
4r1k1/pp2pp1p/3p2pB/2nP4/3RPP2/6qP/6Q1/6K1,0,-1
4r1k1/pp2pp1p/3p2pB/2nP4/3RPP2/7P/6q1/6K1,1,-1
4r1k1/pp2pp1p/3p2pB/2nP4/3RPP2/7P/6K1/8,0,-1
4r1k1/p3pp1p/3p2pB/1pnP4/3RPP2/7P/6K1/8,1,-1
4r1k1/p3pp1p/3p2pB/1pnP1P2/3RP3/7P/6K1/8,0,-1
1r4k1/p3pp1p/3p2pB/1pnP1P2/3RP3/7P/6K1/8,1,-1
1r4k1/p3pp1p/3p2p1/1pnP1PB1/3RP3/7P/6K1/8,0,-1
1r4k1/p3p2p/3p1pp1/1pnP1PB1/3RP3/7P/6K1/8,1,-1
1r4k1/p3p2p/3p1pp1/1pnP1P2/3RP3/4B2P/6K1/8,0,-1
1r4k1/p3p2p/3p1pp1/2nP1P2/1p1RP3/4B2P/6K1/8,1,-1
1r4k1/p3p2p/3p1pp1/2nP1P2/1p2P3/4B2P/6K1/3R4,0,-1
1r4k1/p3p2p/3p1pp1/2nP1P2/4P3/1p2B2P/6K1/3R4,1,-1
1r4k1/p3p2p/3p1pp1/2nP1P2/4P3/1p2B2P/6K1/1R6,0,-1
1r4k1/4p2p/3p1pp1/p1nP1P2/4P3/1p2B2P/6K1/1R6,1,-1
r4rk1/1p2bppp/1B1p4/p1n5/PnB1P3/2N5/1P3RPP/3R2K1,1,0
r4rk1/1p2bppp/3p4/p1B5/PnB1P3/2N5/1P3RPP/3R2K1,0,0
r4rk1/1p2bppp/8/p1p5/PnB1P3/2N5/1P3RPP/3R2K1,1,0
r4rk1/1p1Rbppp/8/p1p5/PnB1P3/2N5/1P3RPP/6K1,0,0
r4rk1/1p1R1ppp/5b2/p1p5/PnB1P3/2N5/1P3RPP/6K1,1,0
r4rk1/1p1R1ppp/5b2/p1p1P3/PnB5/2N5/1P3RPP/6K1,0,0
r4rk1/1p1R1ppp/8/p1p1b3/PnB5/2N5/1P3RPP/6K1,1,0
r4rk1/1p3Rpp/8/p1p1b3/PnB5/2N5/1P3RPP/6K1,0,0
r5k1/1p3rpp/8/p1p1b3/PnB5/2N5/1P3RPP/6K1,1,0
r5k1/1p3Rpp/8/p1p1b3/PnB5/2N5/1P4PP/6K1,0,0
r6k/1p3Rpp/8/p1p1b3/PnB5/2N5/1P4PP/6K1,1,0
r6k/1R4pp/8/p1p1b3/PnB5/2N5/1P4PP/6K1,0,0
5r1k/1R4pp/8/p1p1b3/PnB5/2N5/1P4PP/6K1,1,0
5r1k/1R4pp/8/p1p1b3/PnB5/2N3P1/1P5P/6K1,0,0
5r1k/1R4pp/8/p1p1b3/P1B5/2N3P1/1Pn4P/6K1,1,0
5r1k/1R4pp/8/p1pNb3/P1B5/6P1/1Pn4P/6K1,0,0
1r5k/1R4pp/8/p1pNb3/P1B5/6P1/1Pn4P/6K1,1,0
1r5k/4R1pp/8/p1pNb3/P1B5/6P1/1Pn4P/6K1,0,0
1r5k/4R1pp/8/p1pN4/P1B5/6P1/1bn4P/6K1,1,0
1r5k/R5pp/8/p1pN4/P1B5/6P1/1bn4P/6K1,0,0
2r2k1r/1b2b1q1/p2N2P1/1p1n1p2/n7/8/PPP1QP2/1KBR1BR1,1,1
2r2k1r/1b2b1q1/p2N2P1/1p1R1p2/n7/8/PPP1QP2/1KB2BR1,0,1
2r2k1r/4b1q1/p2N2P1/1p1b1p2/n7/8/PPP1QP2/1KB2BR1,1,1
2N2k1r/4b1q1/p5P1/1p1b1p2/n7/8/PPP1QP2/1KB2BR1,0,1
2N2k1r/6q1/p5P1/1p1b1p2/n7/b7/PPP1QP2/1KB2BR1,1,1
2N2k1r/6q1/p5P1/1p1b1p2/n7/b2Q4/PPP2P2/1KB2BR1,0,1
2N2k1r/6q1/p5P1/1p1b1p2/n7/3Q4/PbP2P2/1KB2BR1,1,1
2N2k1r/6q1/p5P1/1p1b1Q2/n7/8/PbP2P2/1KB2BR1,0,1
2N1k2r/6q1/p5P1/1p1b1Q2/n7/8/PbP2P2/1KB2BR1,1,1
2N1k2r/6q1/p5P1/1B1b1Q2/n7/8/PbP2P2/1KB3R1,0,1
2N1k2r/6q1/6P1/1p1b1Q2/n7/8/PbP2P2/1KB3R1,1,1
2N1k2r/6q1/6P1/1p1b1Q2/n7/8/PbP2P2/1KB1R3,0,1
2Nk3r/6q1/6P1/1p1b1Q2/n7/8/PbP2P2/1KB1R3,1,1
2Nk3r/6q1/6P1/1p1Q4/n7/8/PbP2P2/1KB1R3,0,1
2k4r/6q1/6P1/1p1Q4/n7/8/PbP2P2/1KB1R3,1,1
2k4r/6q1/2Q3P1/1p6/n7/8/PbP2P2/1KB1R3,0,1
1k5r/6q1/2Q3P1/1p6/n7/8/PbP2P2/1KB1R3,1,1
1k5r/6q1/6P1/1Q6/n7/8/PbP2P2/1KB1R3,0,1
7r/2k3q1/6P1/1Q6/n7/8/PbP2P2/1KB1R3,1,1
7r/2k3q1/6P1/1Q6/n4B2/8/PbP2P2/1K2R3,0,1
8/2b1k3/6p1/3B4/3B2p1/8/5PK1/8,1,1
8/2b1k3/6p1/8/2BB2p1/8/5PK1/8,0,1
8/4k3/3b2p1/8/2BB2p1/8/5PK1/8,1,1
8/4k3/3b2p1/8/3B2p1/8/4BPK1/8,0,1
8/5k2/3b2p1/8/3B2p1/8/4BPK1/8,1,1
8/5k2/3b2p1/8/3B2B1/8/5PK1/8,0,1
6k1/8/3b2p1/8/3B2B1/8/5PK1/8,1,1
6k1/8/3b2p1/8/3B2B1/5K2/5P2/8,0,1
8/7k/3b2p1/8/3B2B1/5K2/5P2/8,1,1
8/7k/3b2p1/8/3BK1B1/8/5P2/8,0,1
8/4b2k/6p1/8/3BK1B1/8/5P2/8,1,1
8/4b2k/6p1/3K4/3B2B1/8/5P2/8,0,1
8/7k/6p1/3K4/3B2Bb/8/5P2/8,1,1
8/7k/4K1p1/8/3B2Bb/8/5P2/8,0,1
8/7k/4K1p1/6b1/3B2B1/8/5P2/8,1,1
8/5K1k/6p1/6b1/3B2B1/8/5P2/8,0,1
8/5K1k/6p1/8/3B2B1/8/3b1P2/8,1,1
8/5K1k/6p1/8/3B4/8/3bBP2/8,0,1
8/5K1k/8/6p1/3B4/8/3bBP2/8,1,1
8/5KBk/8/6p1/8/8/3bBP2/8,0,1
1k1r4/1p2bpp1/p2ppn2/qb4BP/4PP2/2P1QB2/P1P5/1K1R2R1,0,-1
1kr5/1p2bpp1/p2ppn2/qb4BP/4PP2/2P1QB2/P1P5/1K1R2R1,1,-1
1kr5/1p2bpp1/p2ppn2/qb4BP/4PP2/2P1QB2/PKP5/3R2R1,0,-1
1kr5/1p2bpp1/p3pn2/qb1p2BP/4PP2/2P1QB2/PKP5/3R2R1,1,-1
1kr5/1p2bpp1/p3pn2/qb1p2BP/P3PP2/2P1QB2/1KP5/3R2R1,0,-1
1kr5/1p3pp1/p3pn2/qb1p2BP/P3PP2/b1P1QB2/1KP5/3R2R1,1,-1
1kr5/1p3pp1/p3pn2/qb1p2BP/P3PP2/K1P1QB2/2P5/3R2R1,0,-1
1k6/1p3pp1/p3pn2/qb1p2BP/P3PP2/K1r1QB2/2P5/3R2R1,1,-1
1k6/1p3pp1/p3pn2/qb1p2BP/P3PP2/K1Q2B2/2P5/3R2R1,0,-1
1k6/1p3pp1/p3pn2/1b1p2BP/P3PP2/K1q2B2/2P5/3R2R1,1,-1
1k6/1p3pp1/p3pn2/1b1p2BP/P3PP2/2q2B2/K1P5/3R2R1,0,-1
1k6/1p3pp1/p3pn2/3p2BP/P1b1PP2/2q2B2/K1P5/3R2R1,1,-1
1k6/1p3pp1/p3pn2/3p2BP/P1b1PP2/2q2B2/2P5/1K1R2R1,0,-1
1k6/1p3pp1/p3pn2/3p2BP/P1b1PP2/q4B2/2P5/1K1R2R1,1,-1
1k6/1p3pp1/p3pn2/3p2BP/P1b1PP2/q4B2/2P3R1/1K1R4,0,-1
1k6/1p3pp1/p3pn2/3p2BP/P1b1PP2/5q2/2P3R1/1K1R4,1,-1
1k6/1p3pp1/p3pn2/3p2BP/P1b1PP2/5q2/2P3R1/1K4R1,0,-1
1k6/1p3pp1/p3p3/3p2BP/P1b1nP2/5q2/2P3R1/1K4R1,1,-1
1k6/1p3pp1/p3p2P/3p2B1/P1b1nP2/5q2/2P3R1/1K4R1,0,-1
1k6/1p3pp1/p3p2P/3p2B1/P1b1nP2/q7/2P3R1/1K4R1,1,-1
5rk1/2Q1bp1p/3p2p1/p3p1P1/Pp1N3q/3R4/1PP1BP2/1K6,0,0
3b1rk1/2Q2p1p/3p2p1/p3p1P1/Pp1N3q/3R4/1PP1BP2/1K6,1,0
3b1rk1/5p1p/3Q2p1/p3p1P1/Pp1N3q/3R4/1PP1BP2/1K6,0,0
3b1rk1/5p1p/3Q2p1/p5P1/Pp1p3q/3R4/1PP1BP2/1K6,1,0
3b1rk1/5p1p/3Q2p1/p5P1/Pp1p1P1q/3R4/1PP1B3/1K6,0,0
3b1rk1/5p1p/3Q2p1/p5P1/Pp1p1P2/3R4/1PP1B3/1K2q3,1,0
3b1rk1/5p1p/3Q2p1/p5P1/Pp1p1P2/3R4/1PP5/1K1Bq3,0,0
5rk1/4bp1p/3Q2p1/p5P1/Pp1p1P2/3R4/1PP5/1K1Bq3,1,0
5rk1/4bp1p/6p1/p5P1/Pp1Q1P2/3R4/1PP5/1K1Bq3,0,0
3r2k1/4bp1p/6p1/p5P1/Pp1Q1P2/3R4/1PP5/1K1Bq3,1,0
3r2k1/4bp1p/6p1/p5P1/PpQ2P2/3R4/1PP5/1K1Bq3,0,0
6k1/4bp1p/6p1/p5P1/PpQ2P2/3r4/1PP5/1K1Bq3,1,0
6k1/4bp1p/6p1/p5P1/Pp3P2/3Q4/1PP5/1K1Bq3,0,0
6k1/4bp1p/6p1/p5P1/Pp3P2/3Q4/1PP2q2/1K1B4,1,0
6k1/4bp1p/6p1/p5P1/Pp3P2/3Q1B2/1PP2q2/1K6,0,0
6k1/4bp1p/6p1/p5P1/Pp3P2/3Q1Bq1/1PP5/1K6,1,0
6k1/3Qbp1p/6p1/p5P1/Pp3P2/5Bq1/1PP5/1K6,0,0
6k1/3Qbp1p/6p1/p5P1/Pp3P2/5B2/1PP5/1K2q3,1,0
6k1/3Qbp1p/6p1/p5P1/Pp3P2/5B2/KPP5/4q3,0,0
6k1/3Qbp1p/4q1p1/p5P1/Pp3P2/5B2/KPP5/8,1,0
1r6/8/p5p1/P5P1/K1P5/1P1k2N1/7N/8,0,1
1r6/8/p5p1/P5P1/K1P5/1P2k1N1/7N/8,1,1
1r6/8/p5p1/P5P1/K1P5/1P2k1N1/8/5N2,0,1
1r6/8/p5p1/P5P1/K1P5/1P1k2N1/8/5N2,1,1
1r6/8/p5p1/P5P1/K1P5/1P1k2N1/7N/8,0,1
1r6/8/p5p1/P5P1/K1P5/1P2k1N1/7N/8,1,1
1r6/8/p5p1/P5P1/K1P5/1P2k3/7N/5N2,0,1
1r6/8/p5p1/P5P1/K1P5/1P6/4k2N/5N2,1,1
1r6/8/p5p1/P5P1/KPP5/8/4k2N/5N2,0,1
1r6/8/p5p1/P5P1/KPP5/3k4/7N/5N2,1,1
1r6/8/p5p1/P5P1/1PP5/1K1k4/7N/5N2,0,1
5r2/8/p5p1/P5P1/1PP5/1K1k4/7N/5N2,1,1
5r2/8/p5p1/PP4P1/2P5/1K1k4/7N/5N2,0,1
5r2/8/6p1/Pp4P1/2P5/1K1k4/7N/5N2,1,1
5r2/8/6p1/PP4P1/8/1K1k4/7N/5N2,0,1
5r2/8/6p1/PP4P1/3k4/1K6/7N/5N2,1,1
5r2/8/6p1/PP4P1/1K1k4/8/7N/5N2,0,1
8/8/6p1/PP4P1/1K1k4/8/5r1N/5N2,1,1
8/8/6p1/PP4P1/1K1k4/8/3N1r1N/8,0,1
8/8/6p1/PP1k2P1/1K6/8/3N1r1N/8,1,1
6k1/1bqrb1pp/p3p3/1pp1nrP1/4NP1P/P3B2R/1PP1Q1B1/R5K1,0,-1
6k1/1bqrb1pp/p3p1n1/1pp2rP1/4NP1P/P3B2R/1PP1Q1B1/R5K1,1,-1
6k1/1bqrb1pp/p3p1n1/1pp2rP1/4NP1P/P3B2R/1PP1Q1B1/5RK1,0,-1
6k1/1bqrb1pp/p3p3/1pp2rP1/4Nn1P/P3B2R/1PP1Q1B1/5RK1,1,-1
6k1/1bqrb1pp/p3p3/1pp2rP1/4NB1P/P6R/1PP1Q1B1/5RK1,0,-1
6k1/1bqrb1pp/p3p3/1pp3P1/4Nr1P/P6R/1PP1Q1B1/5RK1,1,-1
6k1/1bqrb1pp/p3p3/1pp3P1/4Nr1P/P6R/1PP1Q1B1/4R1K1,0,-1
6k1/1bqrb1pp/p3p3/1p4P1/2p1Nr1P/P6R/1PP1Q1B1/4R1K1,1,-1
6k1/1bqrb1pp/p3p3/1p4P1/2p1Nr1P/P6R/1PP1Q1B1/4R2K,0,-1
6k1/1bq1b1pp/p3p3/1p4P1/2prNr1P/P6R/1PP1Q1B1/4R2K,1,-1
6k1/1bq1b1pp/p3p3/1p4P1/2pr1r1P/P6R/1PP1QNB1/4R2K,0,-1
6k1/2q1b1pp/p3p3/1p4P1/2pr1r1P/P6R/1PP1QNb1/4R2K,1,-1
6k1/2q1b1pp/p3p3/1p4P1/2pr1r1P/P6R/1PP1QNK1/4R3,0,-1
6k1/4b1pp/p1q1p3/1p4P1/2pr1r1P/P6R/1PP1QNK1/4R3,1,-1
6k1/4b1pp/p1q1p3/1p4P1/2pr1r1P/P4R2/1PP1QNK1/4R3,0,-1
6k1/4b1pp/p1q5/1p2p1P1/2pr1r1P/P4R2/1PP1QNK1/4R3,1,-1
6k1/4b1pp/p1q5/1p2p1P1/2pr1r1P/P4RK1/1PP1QN2/4R3,0,-1
6k1/4b1pp/p1q5/1p2p1P1/2p2r1P/P4RK1/1PPrQN2/4R3,1,-1
6k1/4b1pp/p1q5/1p2p1P1/2p2r1P/P3QRK1/1PPr1N2/4R3,0,-1
6k1/6pp/p1q5/1pb1p1P1/2p2r1P/P3QRK1/1PPr1N2/4R3,1,-1
4kb1r/5p1p/3ppQ2/n1q5/4PP2/8/1PP3PP/2KRR3,0,-1
4kbr1/5p1p/3ppQ2/n1q5/4PP2/8/1PP3PP/2KRR3,1,-1
4kbr1/5p1p/3ppQ2/n1qR4/4PP2/8/1PP3PP/2K1R3,0,-1
4kbr1/5p1p/3ppQ2/n2R4/1q2PP2/8/1PP3PP/2K1R3,1,-1
4kbr1/5p1p/3ppQ2/n2R4/1q2PP2/2P5/1P4PP/2K1R3,0,-1
4kbr1/5p1p/3ppQ2/n2R4/q3PP2/2P5/1P4PP/2K1R3,1,-1
4kbr1/5p1p/3ppQ2/n4R2/q3PP2/2P5/1P4PP/2K1R3,0,-1
4kbr1/5p1p/3ppQ2/5R2/q3PP2/1nP5/1P4PP/2K1R3,1,-1
4kbr1/5p1p/3ppQ2/5R2/q3PP2/1nP5/1P4PP/1K2R3,0,-1
4kbr1/q4p1p/3ppQ2/5R2/4PP2/1nP5/1P4PP/1K2R3,1,-1
4kbr1/q4p1p/3ppQ2/5R2/4PP2/1nP3P1/1P5P/1K2R3,0,-1
4kbr1/q4p1p/3p1Q2/5p2/4PP2/1nP3P1/1P5P/1K2R3,1,-1
4kbr1/q4p1p/3p1Q2/5P2/5P2/1nP3P1/1P5P/1K2R3,0,-1
4k1r1/q3bp1p/3p1Q2/5P2/5P2/1nP3P1/1P5P/1K2R3,1,-1
4k1r1/q3bp1p/3p1Q2/5P2/5P2/1nP3P1/1P2R2P/1K6,0,-1
4k1r1/4bp1p/3p1Q2/5P2/5P2/1nP3P1/1P2R2P/qK6,1,-1
4k1r1/4bp1p/3p1Q2/5P2/5P2/1nP3P1/1PK1R2P/q7,0,-1
4k1r1/4bp1p/3p1Q2/5P2/5P2/1nP3P1/1PK1R2P/2q5,1,-1
4k1r1/4bp1p/3p1Q2/5P2/5P2/1KP3P1/1P2R2P/2q5,0,-1
4k1r1/4bp1p/3p1Q2/5P2/5P2/1KP3P1/1P2R2P/3q4,1,-1
3Q4/1p2pk2/1Bqppn1p/4b2P/4Prp1/PB1R1n2/KPP5/5R2,1,0
3Q4/1p2pk2/2qppn1p/4b2P/4Prp1/PB1RBn2/KPP5/5R2,0,0
3Q4/1p2pk2/3ppn1p/4b2P/4qrp1/PB1RBn2/KPP5/5R2,1,0
3Q4/1p2pk2/3ppn1p/4b2P/4qBp1/PB1R1n2/KPP5/5R2,0,0
3Q4/1p2pk2/3ppn1p/7P/4qbp1/PB1R1n2/KPP5/5R2,1,0
3Q4/1p2pk2/3ppn1p/7P/4qbp1/PBR2n2/KPP5/5R2,0,0
3Q4/1p2pk2/3pp2p/7n/4qbp1/PBR2n2/KPP5/5R2,1,0
2RQ4/1p2pk2/3pp2p/7n/4qbp1/PB3n2/KPP5/5R2,0,0
2RQ4/1p2pkn1/3pp2p/8/4qbp1/PB3n2/KPP5/5R2,1,0
2R3Q1/1p2pkn1/3pp2p/8/4qbp1/PB3n2/KPP5/5R2,0,0
2R3Q1/1p2p1n1/3pp1kp/8/4qbp1/PB3n2/KPP5/5R2,1,0
5RQ1/1p2p1n1/3pp1kp/8/4qbp1/PB3n2/KPP5/5R2,0,0
5RQ1/1p2p1n1/3pp1kp/6b1/4q1p1/PB3n2/KPP5/5R2,1,0
5R2/1p2pQn1/3pp1kp/6b1/4q1p1/PB3n2/KPP5/5R2,0,0
5R2/1p2pQnk/3pp2p/6b1/4q1p1/PB3n2/KPP5/5R2,1,0
5RQ1/1p2p1nk/3pp2p/6b1/4q1p1/PB3n2/KPP5/5R2,0,0
5RQ1/1p2p1n1/3pp1kp/6b1/4q1p1/PB3n2/KPP5/5R2,1,0
5R2/1p2pQn1/3pp1kp/6b1/4q1p1/PB3n2/KPP5/5R2,0,0
5R2/1p2pQnk/3pp2p/6b1/4q1p1/PB3n2/KPP5/5R2,1,0
5RQ1/1p2p1nk/3pp2p/6b1/4q1p1/PB3n2/KPP5/5R2,0,0
r7/3k4/1p1p2p1/rNnPpp1n/1KP4p/P4P2/1p1R2PP/1B2R3,0,-1
2r5/3k4/1p1p2p1/rNnPpp1n/1KP4p/P4P2/1p1R2PP/1B2R3,1,-1
2r5/3k4/1p1p2p1/rNnPpp1n/1KP4p/P4P2/1R4PP/1B2R3,0,-1
2r5/3k4/1p1p2p1/rNnPpp2/1KP2n1p/P4P2/1R4PP/1B2R3,1,-1
2r5/3k4/1p1p2p1/rNnPpp2/1KP2n1p/P4P2/1R4PP/1B1R4,0,-1
2r5/3k4/1p1p2p1/rNnP1p2/1KP1pn1p/P4P2/1R4PP/1B1R4,1,-1
2r5/3k4/1p1p2p1/rNnP1p2/1KP1Pn1p/P7/1R4PP/1B1R4,0,-1
2r5/3k4/1p1p2p1/1NnP1p2/rKP1Pn1p/P7/1R4PP/1B1R4,1,-1
2r5/3k4/1p1p2p1/1NnP1p2/r1P1Pn1p/P1K5/1R4PP/1B1R4,0,-1
2r5/3k4/1p1p2p1/1N1P1p2/r1P1nn1p/P1K5/1R4PP/1B1R4,1,-1
2r5/3k4/1p1p2p1/1N1P1p2/r1P1Bn1p/P1K5/1R4PP/3R4,0,-1
2r5/3k4/1p1p2p1/1N1P1p2/2r1Bn1p/P1K5/1R4PP/3R4,1,-1
2r5/3k4/1p1p2p1/1N1P1p2/2r1Bn1p/PK6/1R4PP/3R4,0,-1
2r5/3k4/1p1p2p1/1N1P1p2/4rn1p/PK6/1R4PP/3R4,1,-1
2r5/3k4/1p1p2p1/1N1P1p2/4rn1p/PK4P1/1R5P/3R4,0,-1
2r5/3k4/1p1p2p1/1N1P1p2/4rn2/PK4p1/1R5P/3R4,1,-1
2r5/3k4/1p1p2p1/1N1P1p2/4rn2/PK4P1/1R6/3R4,0,-1
2r5/3k4/1p1p2p1/1N1P1p2/4r3/PK4P1/1R2n3/3R4,1,-1
2r5/3k4/1p1p2p1/1N1P1p2/4r3/PK4P1/1R2n3/7R,0,-1
2r5/3k4/1p1p2p1/1N1P1p2/4r3/PK4P1/1R6/2n4R,1,-1
6k1/5pp1/3p3p/R3pP2/2r1n1P1/2n1B2P/2P3K1/5R2,0,0
6k1/5pp1/7p/R2ppP2/2r1n1P1/2n1B2P/2P3K1/5R2,1,0
6k1/5pp1/7p/R2ppP2/2r1n1PP/2n1B3/2P3K1/5R2,0,0
6k1/5pp1/7p/R3pP2/2rpn1PP/2n1B3/2P3K1/5R2,1,0
6k1/5pp1/7p/R3pP2/2rpn1PP/2n5/2P3K1/2B2R2,0,0
6k1/5pp1/7p/R1n1pP2/2rp2PP/2n5/2P3K1/2B2R2,1,0
6k1/5pp1/7p/R1n1pPP1/2rp3P/2n5/2P3K1/2B2R2,0,0
8/5ppk/7p/R1n1pPP1/2rp3P/2n5/2P3K1/2B2R2,1,0
8/R4ppk/7p/2n1pPP1/2rp3P/2n5/2P3K1/2B2R2,0,0
8/R4ppk/7p/2n1pPP1/2rpn2P/8/2P3K1/2B2R2,1,0
8/5Rpk/7p/2n1pPP1/2rpn2P/8/2P3K1/2B2R2,0,0
8/5Rpk/7p/2n1pPP1/3pn2P/8/2r3K1/2B2R2,1,0
8/5Rpk/7p/2n1pPP1/3pn2P/7K/2r5/2B2R2,0,0
8/5Rpk/7p/2n1pPP1/3pn2P/2r4K/8/2B2R2,1,0
8/5Rpk/7p/2n1pPP1/3pn2P/2r5/7K/2B2R2,0,0
8/5Rpk/7p/2n1pPP1/3pn2P/8/2r4K/2B2R2,1,0
8/5Rpk/7p/2n1pPP1/3pn2P/7K/2r5/2B2R2,0,0
8/5Rpk/7p/2n1pPP1/3pn2P/2r4K/8/2B2R2,1,0
8/5Rpk/7p/2n1pPP1/3pn2P/2r5/7K/2B2R2,0,0
8/5Rpk/7p/2n1pPP1/3pn2P/8/2r4K/2B2R2,1,0
8/p5kp/6p1/2r5/2P2p2/6PP/P2RK3/8,1,0
8/p5kp/6p1/2r5/2P2P2/7P/P2RK3/8,0,0
8/p5kp/6p1/8/2r2P2/7P/P2RK3/8,1,0
8/p2R2kp/6p1/8/2r2P2/7P/P3K3/8,0,0
8/p2R3p/6pk/8/2r2P2/7P/P3K3/8,1,0
8/R6p/6pk/8/2r2P2/7P/P3K3/8,0,0
8/R6p/6pk/8/5r2/7P/P3K3/8,1,0
8/7p/6pk/8/5r2/R6P/P3K3/8,0,0
8/7p/6p1/7k/5r2/R6P/P3K3/8,1,0
8/7p/6p1/7k/5r2/5R1P/P3K3/8,0,0
8/7p/6p1/7k/r7/5R1P/P3K3/8,1,0
8/7p/6p1/7k/r7/P4R1P/4K3/8,0,0
8/7p/6p1/8/r6k/P4R1P/4K3/8,1,0
8/7p/6p1/8/r6k/P4R1P/5K2/8,0,0
8/7p/6p1/8/2r4k/P4R1P/5K2/8,1,0
8/7p/6p1/8/2r4k/P4R1P/8/6K1,0,0
8/7p/6p1/8/7k/P4R1P/2r5/6K1,1,0
8/7p/6p1/8/7k/P4R1P/2r5/7K,0,0
8/8/6p1/7p/7k/P4R1P/2r5/7K,1,0
8/8/6p1/7p/7k/P4R1P/2r5/6K1,0,0
2rrk3/5p2/p2qnPpN/Pb2p1P1/n2pP3/3P2QB/8/R1N2RK1,1,1
2rrk3/5p2/p2qnPpN/Pb2p1P1/n2pP3/3P2QB/R7/2N2RK1,0,1
2rrk3/5p2/p2qnPpN/Pb2p1P1/3pP3/2nP2QB/R7/2N2RK1,1,1
2rrk3/5p2/p2qnPpN/Pb2p1P1/3pP3/2nP2QB/7R/2N2RK1,0,1
2rrk3/5p2/p2qnPpN/Pb2p1P1/3pn3/3P2QB/7R/2N2RK1,1,1
2rrk3/5p2/p2qnPpN/Pb2p1P1/3pn2Q/3P3B/7R/2N2RK1,0,1
3rk3/5p2/p2qnPpN/Pb2p1P1/3pn2Q/3P3B/7R/2r2RK1,1,1
3rk3/5p2/p2qnPpN/Pb2p1P1/3pn2Q/3P3B/7R/2R3K1,0,1
3rk3/5p2/p2qnPpN/Pb2p1n1/3p3Q/3P3B/7R/2R3K1,1,1
3rk3/5p2/p2qnPpN/Pb2p1n1/3p3Q/3P4/6BR/2R3K1,0,1
3rk3/5p2/p3nPpN/Pb2p1n1/3p3Q/q2P4/6BR/2R3K1,1,1
3rk3/5p2/p3nPpN/Pb2p1n1/3p3Q/q2P4/6BR/4R1K1,0,1
2r1k3/5p2/p3nPpN/Pb2p1n1/3p3Q/q2P4/6BR/4R1K1,1,1
2r1k3/5p2/p3nPp1/Pb2p1n1/3p2NQ/q2P4/6BR/4R1K1,0,1
4k3/5p2/p3nPp1/Pb2p1n1/3p2NQ/q2P4/6BR/2r1R1K1,1,1
4k3/5p2/p3nPp1/Pb2N1n1/3p3Q/q2P4/6BR/2r1R1K1,0,1
4k3/5p2/p3nPp1/Pb2N1n1/3p3Q/2qP4/6BR/2r1R1K1,1,1
4k2Q/5p2/p3nPp1/Pb2N1n1/3p4/2qP4/6BR/2r1R1K1,0,1
4kn1Q/5p2/p4Pp1/Pb2N1n1/3p4/2qP4/6BR/2r1R1K1,1,1
4kQ2/5p2/p4Pp1/Pb2N1n1/3p4/2qP4/6BR/2r1R1K1,0,1
2rr4/p3qpk1/1pb1p1p1/n2nP2p/2pN1P1P/P1P3Q1/1PBN2P1/R3R1K1,0,1
2rr3k/p3qp2/1pb1p1p1/n2nP2p/2pN1P1P/P1P3Q1/1PBN2P1/R3R1K1,1,1
2rr3k/p3qp2/1pb1p1p1/n2nP2p/2pNNP1P/P1P3Q1/1PB3P1/R3R1K1,0,1
2rr3k/pn2qp2/1pb1p1p1/3nP2p/2pNNP1P/P1P3Q1/1PB3P1/R3R1K1,1,1
2rr3k/pn2qp2/1pb1p1p1/3nP1Np/2pN1P1P/P1P3Q1/1PB3P1/R3R1K1,0,1
2rr3k/p3qp2/1pb1p1p1/2nnP1Np/2pN1P1P/P1P3Q1/1PB3P1/R3R1K1,1,1
2rr3k/p3qp2/1pb1p1p1/2nnP1Np/2pN1P1P/P1P3Q1/1PB3P1/R4RK1,0,1
2rr3k/p2bqp2/1p2p1p1/2nnP1Np/2pN1P1P/P1P3Q1/1PB3P1/R4RK1,1,1
2rr3k/p2bqp2/1p2p1p1/2nnP1Np/2pN1P1P/P1P2Q2/1PB3P1/R4RK1,0,1
2rrb2k/p3qp2/1p2p1p1/2nnP1Np/2pN1P1P/P1P2Q2/1PB3P1/R4RK1,1,1
2rrb2k/p3qp2/1p2p1p1/2nnP1Np/2pN1P1P/P1P2Q2/1PB3P1/4RRK1,0,1
2rrbq1k/p4p2/1p2p1p1/2nnP1Np/2pN1P1P/P1P2Q2/1PB3P1/4RRK1,1,1
2rrbq1k/p4p2/1p2p1p1/2nnPPNp/2pN3P/P1P2Q2/1PB3P1/4RRK1,0,1
2rrbq1k/p4p2/1p4p1/2nnPpNp/2pN3P/P1P2Q2/1PB3P1/4RRK1,1,1
2rrbq1k/p4p2/1p4p1/2nnPBNp/2pN3P/P1P2Q2/1P4P1/4RRK1,0,1
2rrbq1k/p4p2/1p4p1/3nPBNp/2pN3P/P1Pn1Q2/1P4P1/4RRK1,1,1
2Brbq1k/p4p2/1p4p1/3nP1Np/2pN3P/P1Pn1Q2/1P4P1/4RRK1,0,1
2r1bq1k/p4p2/1p4p1/3nP1Np/2pN3P/P1Pn1Q2/1P4P1/4RRK1,1,1
2r1bq1k/p4p2/1p4p1/3QP1Np/2pN3P/P1Pn4/1P4P1/4RRK1,0,1
r3bq1k/p4p2/1p4p1/3QP1Np/2pN3P/P1Pn4/1P4P1/4RRK1,1,1
2r1r1k1/pp3pbp/6p1/1P6/4P1n1/2N2N2/PP3KPP/3RR3,1,0
2r1r1k1/pp3pbp/6p1/1P6/4P1n1/2N2NK1/PP4PP/3RR3,0,0
2r1r1k1/pp3p1p/6p1/1P6/4P1n1/2b2NK1/PP4PP/3RR3,1,0
2r1r1k1/pp3p1p/6p1/1P6/4P1n1/2P2NK1/P5PP/3RR3,0,0
2r1r1k1/pp3p1p/5np1/1P6/4P3/2P2NK1/P5PP/3RR3,1,0
2r1r1k1/pp3p1p/5np1/1P2P3/8/2P2NK1/P5PP/3RR3,0,0
2r1r1k1/pp3p1p/6p1/1P2P2n/8/2P2NK1/P5PP/3RR3,1,0
2r1r1k1/pp3p1p/6p1/1P2P2n/8/2P2N2/P4KPP/3RR3,0,0
4r1k1/pp3p1p/6p1/1P2P2n/8/2r2N2/P4KPP/3RR3,1,0
4r1k1/pp1R1p1p/6p1/1P2P2n/8/2r2N2/P4KPP/4R3,0,0
4r1k1/pp1R1p1p/6p1/1P2P3/5n2/2r2N2/P4KPP/4R3,1,0
4r1k1/pp1R1p1p/6p1/1P2P3/5n2/2r2N2/P4KPP/3R4,0,0
4r1k1/pp1R1p1p/6p1/1P2P3/5n2/5N2/P1r2KPP/3R4,1,0
4r1k1/pp1R1p1p/6p1/1P2P3/5n2/5N2/P1rR1KPP/8,0,0
4r1k1/pp1R1p1p/6p1/1P2P3/5n2/5N2/P2r1KPP/8,1,0
4r1k1/pp3p1p/6p1/1P2P3/5n2/5N2/P2R1KPP/8,0,0
4r1k1/pp3p1p/4n1p1/1P2P3/8/5N2/P2R1KPP/8,1,0
4r1k1/pp1R1p1p/4n1p1/1P2P3/8/5N2/P4KPP/8,0,0
2r3k1/pp1R1p1p/4n1p1/1P2P3/8/5N2/P4KPP/8,1,0
2r3k1/pR3p1p/4n1p1/1P2P3/8/5N2/P4KPP/8,0,0
2q3k1/1p1nrpb1/p2p2p1/3P2P1/2PN3R/1P2BP2/P2Q4/1K6,0,-1
2q3k1/1p2rpb1/p2p2p1/3Pn1P1/2PN3R/1P2BP2/P2Q4/1K6,1,-1
2q3k1/1p2rpb1/p2p2p1/3Pn1P1/2PN1P1R/1P2B3/P2Q4/1K6,0,-1
2q3k1/1p2rpb1/p2p2p1/3P2P1/2PN1PnR/1P2B3/P2Q4/1K6,1,-1
2q3k1/1p2rpb1/p2p2p1/3P2P1/2PN1PnR/1P6/P2Q4/1K4B1,0,-1
2q3k1/1p3pb1/p2p2p1/3P2P1/2PNrPnR/1P6/P2Q4/1K4B1,1,-1
2q3k1/1p3pb1/p2p2p1/3P2P1/2PNrPn1/1P5R/P2Q4/1K4B1,0,-1
2q3k1/1p3pb1/p2p2p1/3P2P1/2PNrP2/1P5R/P2Q1n2/1K4B1,1,-1
2q3k1/1p3pb1/p2p2p1/3P2P1/2PNrP2/1P6/P2Q1n1R/1K4B1,0,-1
2q3k1/1p3pb1/p2p2p1/3P2P1/2Pr1P2/1P6/P2Q1n1R/1K4B1,1,-1
2q3k1/1p3pb1/p2p2p1/3P2P1/2Pr1P2/1P6/P4Q1R/1K4B1,0,-1
6k1/1p3pb1/p2p2p1/3P1qP1/2Pr1P2/1P6/P4Q1R/1K4B1,1,-1
6k1/1p3pb1/p2p2p1/3P1qP1/2Pr1P2/1P6/P4Q1R/2K3B1,0,-1
6k1/1p3pb1/p2p2p1/3P1qP1/2P2r2/1P6/P4Q1R/2K3B1,1,-1
6k1/1p3pb1/p2p2p1/3P1qP1/2P2r2/1P2Q3/P6R/2K3B1,0,-1
6k1/1p3pb1/p2p2p1/3P1qP1/2P1r3/1P2Q3/P6R/2K3B1,1,-1
6k1/1p3pb1/pQ1p2p1/3P1qP1/2P1r3/1P6/P6R/2K3B1,0,-1
6k1/1p3pb1/pQ1p2p1/3P2q1/2P1r3/1P6/P6R/2K3B1,1,-1
6k1/1p3pb1/pQ1p2p1/3P2q1/2P1r3/1P6/P1K4R/6B1,0,-1
6k1/1p3pb1/pQ1p2p1/3P2q1/2P5/1P6/P1K4R/4r1B1,1,-1
2kr4/q2b1Q2/6p1/1pP1p1P1/1N6/P1P2pP1/8/2KR4,1,1
2kr4/q2b1Q2/6p1/1pP1p1P1/1N6/P1P2pP1/1K6/3R4,0,1
2kr4/3b1Q2/6p1/1pq1p1P1/1N6/P1P2pP1/1K6/3R4,1,1
2kr4/3b4/6p1/1pq1p1P1/1N6/P1P2QP1/1K6/3R4,0,1
2kr4/q2b4/6p1/1p2p1P1/1N6/P1P2QP1/1K6/3R4,1,1
2kr4/q2b4/2N3p1/1p2p1P1/8/P1P2QP1/1K6/3R4,0,1
2kr4/1q1b4/2N3p1/1p2p1P1/8/P1P2QP1/1K6/3R4,1,1
2kr4/1q1bN3/6p1/1p2p1P1/8/P1P2QP1/1K6/3R4,0,1
1k1r4/1q1bN3/6p1/1p2p1P1/8/P1P2QP1/1K6/3R4,1,1
1k1r4/1Q1bN3/6p1/1p2p1P1/8/P1P3P1/1K6/3R4,0,1
3r4/1k1bN3/6p1/1p2p1P1/8/P1P3P1/1K6/3R4,1,1
3r4/1k1b4/6N1/1p2p1P1/8/P1P3P1/1K6/3R4,0,1
3r4/1k1b4/6N1/1p4P1/4p3/P1P3P1/1K6/3R4,1,1
3r4/1k1b4/8/1p2N1P1/4p3/P1P3P1/1K6/3R4,0,1
3r4/1k1b4/8/1p2N1P1/8/P1P1p1P1/1K6/3R4,1,1
3r4/1k1R4/8/1p2N1P1/8/P1P1p1P1/1K6/8,0,1
8/1k1r4/8/1p2N1P1/8/P1P1p1P1/1K6/8,1,1
8/1k1N4/8/1p4P1/8/P1P1p1P1/1K6/8,0,1
8/1k1N4/8/1p4P1/8/P1P3P1/1K2p3/8,1,1
8/1k6/8/1pN3P1/8/P1P3P1/1K2p3/8,0,1
8/6N1/5p2/4p1p1/6p1/4k3/2K4P/8,0,-1
8/6N1/5p2/4p1p1/6p1/5k2/2K4P/8,1,-1
8/8/5p2/4pNp1/6p1/5k2/2K4P/8,0,-1
8/8/5p2/4pNp1/6p1/8/2K3kP/8,1,-1
8/8/5p2/4p1p1/6p1/4N3/2K3kP/8,0,-1
8/8/5p2/4p1p1/6p1/4N2k/2K4P/8,1,-1
8/8/5p2/4p1p1/6p1/3KN2k/7P/8,0,-1
8/8/8/4ppp1/6p1/3KN2k/7P/8,1,-1
8/8/8/4pNp1/6p1/3K3k/7P/8,0,-1
8/8/8/4pNp1/6p1/3K4/7k/8,1,-1
8/8/8/4pNp1/4K1p1/8/7k/8,0,-1
8/8/8/4pNp1/4K3/6p1/7k/8,1,-1
8/8/8/4KNp1/8/6p1/7k/8,0,-1
8/8/8/4KNp1/8/8/6pk/8,1,-1
8/8/8/4K1p1/3N4/8/6pk/8,0,-1
8/8/8/4K1p1/3N4/6k1/6p1/8,1,-1
8/8/8/6p1/3NK3/6k1/6p1/8,0,-1
8/8/8/6p1/3NK3/8/5kp1/8,1,-1
8/8/8/6p1/4K3/5N2/5kp1/8,0,-1
8/8/8/8/4K1p1/5N2/5kp1/8,1,-1
r2qr1k1/pp3pbp/2b1pnp1/3p4/3NP1P1/2N1BP2/PPPQ3P/1K1R3R,1,1
r2qr1k1/pp3pbp/2b1pnp1/3pP3/3N2P1/2N1BP2/PPPQ3P/1K1R3R,0,1
r2qr1k1/pp1n1pbp/2b1p1p1/3pP3/3N2P1/2N1BP2/PPPQ3P/1K1R3R,1,1
r2qr1k1/pp1n1pbp/2b1p1p1/3pP3/3N1PP1/2N1B3/PPPQ3P/1K1R3R,0,1
r2qr1k1/pp1n2bp/2b1ppp1/3pP3/3N1PP1/2N1B3/PPPQ3P/1K1R3R,1,1
r2qr1k1/pp1n2bp/2b1ppp1/3pPP2/3N2P1/2N1B3/PPPQ3P/1K1R3R,0,1
r2qrnk1/pp4bp/2b1ppp1/3pPP2/3N2P1/2N1B3/PPPQ3P/1K1R3R,1,1
r2qrnk1/pp4bp/2b1ppp1/3pPPP1/3N4/2N1B3/PPPQ3P/1K1R3R,0,1
r2qrnk1/pp4bp/2b1p1p1/3ppPP1/3N4/2N1B3/PPPQ3P/1K1R3R,1,1
r2qrnk1/pp4bp/2N1p1p1/3ppPP1/8/2N1B3/PPPQ3P/1K1R3R,0,1
r2qrnk1/p5bp/2p1p1p1/3ppPP1/8/2N1B3/PPPQ3P/1K1R3R,1,1
r2qrnk1/p5bp/2p1pPp1/3pp1P1/8/2N1B3/PPPQ3P/1K1R3R,0,1
r2qrnk1/p5bp/2p1pPp1/4p1P1/3p4/2N1B3/PPPQ3P/1K1R3R,1,1
r2qrnk1/p5Pp/2p1p1p1/4p1P1/3p4/2N1B3/PPPQ3P/1K1R3R,0,1
r2qrn2/p5kp/2p1p1p1/4p1P1/3p4/2N1B3/PPPQ3P/1K1R3R,1,1
r2qrn2/p5kp/2p1p1p1/4p1P1/3pN3/4B3/PPPQ3P/1K1R3R,0,1
r2qrn2/p5kp/2p1p1p1/4p1P1/4N3/4p3/PPPQ3P/1K1R3R,1,1
r2qrn2/p5kp/2p1p1p1/4p1P1/4N3/2Q1p3/PPP4P/1K1R3R,0,1
r3rn2/p1q3kp/2p1p1p1/4p1P1/4N3/2Q1p3/PPP4P/1K1R3R,1,1
r3rn2/p1q3kp/2pRp1p1/4p1P1/4N3/2Q1p3/PPP4P/1K5R,0,1
6k1/7p/p7/1pp5/4N3/4n2P/PPP2RPK/3r4,1,1
6k1/7p/p7/1pp5/4N3/4n1KP/PPP2RP1/3r4,0,1
6k1/7p/p7/1pp5/4N3/4n1KP/PPP2RP1/r7,1,1
6k1/7p/p7/1pp5/4NK2/4n2P/PPP2RP1/r7,0,1
6k1/7p/p7/1pp5/2n1NK2/7P/PPP2RP1/r7,1,1
6k1/7p/p7/1pp5/2n1NK2/1P5P/P1P2RP1/r7,0,1
6k1/7p/pn6/1pp5/4NK2/1P5P/P1P2RP1/r7,1,1
6k1/7p/pn6/1pN5/5K2/1P5P/P1P2RP1/r7,0,1
6k1/7p/pn6/1pN5/5K2/1P5P/r1P2RP1/8,1,1
6k1/7p/pn6/1pN1K3/8/1P5P/r1P2RP1/8,0,1
6k1/7p/1n6/ppN1K3/8/1P5P/r1P2RP1/8,1,1
6k1/7p/1n2N3/pp2K3/8/1P5P/r1P2RP1/8,0,1
6k1/8/1n2N2p/pp2K3/8/1P5P/r1P2RP1/8,1,1
5Rk1/8/1n2N2p/pp2K3/8/1P5P/r1P3P1/8,0,1
5R2/7k/1n2N2p/pp2K3/8/1P5P/r1P3P1/8,1,1
8/5R1k/1n2N2p/pp2K3/8/1P5P/r1P3P1/8,0,1
7k/5R2/1n2N2p/pp2K3/8/1P5P/r1P3P1/8,1,1
7k/1R6/1n2N2p/pp2K3/8/1P5P/r1P3P1/8,0,1
2n4k/1R6/4N2p/pp2K3/8/1P5P/r1P3P1/8,1,1
2n4k/1R6/7p/pp2K3/3N4/1P5P/r1P3P1/8,0,1
8/5pk1/4p3/1p2R1p1/p3P3/Pb2N1r1/1P1K4/8,0,-1
8/5p2/4p1k1/1p2R1p1/p3P3/Pb2N1r1/1P1K4/8,1,-1
8/5p2/4p1k1/1R4p1/p3P3/Pb2N1r1/1P1K4/8,0,-1
8/5p2/4p1k1/1R4p1/p3P3/Pb2Nr2/1P1K4/8,1,-1
8/5p2/4p1k1/1R4p1/p3P1N1/Pb3r2/1P1K4/8,0,-1
8/8/4ppk1/1R4p1/p3P1N1/Pb3r2/1P1K4/8,1,-1
8/8/4ppk1/6p1/pR2P1N1/Pb3r2/1P1K4/8,0,-1
8/8/4pp2/6pk/pR2P1N1/Pb3r2/1P1K4/8,1,-1
8/8/4pp2/4P1pk/pR4N1/Pb3r2/1P1K4/8,0,-1
8/8/4p3/4Pppk/pR4N1/Pb3r2/1P1K4/8,1,-1
8/8/4pN2/4Pppk/pR6/Pb3r2/1P1K4/8,0,-1
8/8/4pNk1/4Ppp1/pR6/Pb3r2/1P1K4/8,1,-1
8/3N4/4p1k1/4Ppp1/pR6/Pb3r2/1P1K4/8,0,-1
8/3N4/4p1k1/4Ppp1/pR6/Pb6/1P1K1r2/8,1,-1
8/3N4/4p1k1/4Ppp1/pR6/Pb6/1P3r2/4K3,0,-1
8/3N4/4p1k1/4Ppp1/pR6/Pb6/1r6/4K3,1,-1
8/8/4p1k1/2N1Ppp1/pR6/Pb6/1r6/4K3,0,-1
8/8/4p1k1/2N1Ppp1/pR6/Pb6/r7/4K3,1,-1
8/8/1R2p1k1/2N1Ppp1/p7/Pb6/r7/4K3,0,-1
8/8/1R2p1k1/2N1P1p1/p4p2/Pb6/r7/4K3,1,-1
r1bqkb1r/pp3ppp/2np1n2/2p1p3/4P3/2PB1N1P/PP1P1PP1/RNBQ1RK1,0,0
r1bqk2r/pp2bppp/2np1n2/2p1p3/4P3/2PB1N1P/PP1P1PP1/RNBQ1RK1,1,0
r1bqk2r/pp2bppp/2np1n2/2p1p3/4P3/2PB1N1P/PP1P1PP1/RNBQR1K1,0,0
r1bq1rk1/pp2bppp/2np1n2/2p1p3/4P3/2PB1N1P/PP1P1PP1/RNBQR1K1,1,0
r1bq1rk1/pp2bppp/2np1n2/2p1p3/4P3/2P2N1P/PPBP1PP1/RNBQR1K1,0,0
r1b2rk1/ppq1bppp/2np1n2/2p1p3/4P3/2P2N1P/PPBP1PP1/RNBQR1K1,1,0
r1b2rk1/ppq1bppp/2np1n2/2p1p3/B3P3/2P2N1P/PP1P1PP1/RNBQR1K1,0,0
r1b2rk1/ppq1bp1p/2np1np1/2p1p3/B3P3/2P2N1P/PP1P1PP1/RNBQR1K1,1,0
r1b2rk1/ppq1bp1p/2np1np1/2p1p3/B3P3/N1P2N1P/PP1P1PP1/R1BQR1K1,0,0
r1b2rk1/ppq1bp1p/2np2p1/2p1p2n/B3P3/N1P2N1P/PP1P1PP1/R1BQR1K1,1,0
r1b2rk1/ppq1bp1p/2np2p1/2p1p2n/B2PP3/N1P2N1P/PP3PP1/R1BQR1K1,0,0
r1b2rk1/p1q1bp1p/1pnp2p1/2p1p2n/B2PP3/N1P2N1P/PP3PP1/R1BQR1K1,1,0
r1b2rk1/p1q1bp1p/1pnp2pB/2p1p2n/B2PP3/N1P2N1P/PP3PP1/R2QR1K1,0,0
r1br2k1/p1q1bp1p/1pnp2pB/2p1p2n/B2PP3/N1P2N1P/PP3PP1/R2QR1K1,1,0
r1br2k1/p1q1bp1p/1pnp2pB/2p1p2n/3PP3/NBP2N1P/PP3PP1/R2QR1K1,0,0
r1br2k1/p1q2p1p/1pnp1bpB/2p1p2n/3PP3/NBP2N1P/PP3PP1/R2QR1K1,1,0
r1br2k1/p1q2p1p/1pnp1bpB/2p1p1Nn/3PP3/NBP4P/PP3PP1/R2QR1K1,0,0
r1b3k1/p1qr1p1p/1pnp1bpB/2p1p1Nn/3PP3/NBP4P/PP3PP1/R2QR1K1,1,0
r1b3k1/p1qr1p1p/1pnp1bpB/2pBp1Nn/3PP3/N1P4P/PP3PP1/R2QR1K1,0,0
r5k1/pbqr1p1p/1pnp1bpB/2pBp1Nn/3PP3/N1P4P/PP3PP1/R2QR1K1,1,0
5rk1/1bqnbpp1/p4P1p/4p3/3pPP2/1NNBBQ2/1PP4P/1K5R,0,-1
5rk1/1bqn1pp1/p4b1p/4p3/3pPP2/1NNBBQ2/1PP4P/1K5R,1,-1
5rk1/1bqn1pp1/p4b1p/3Np3/3pPP2/1N1BBQ2/1PP4P/1K5R,0,-1
5rk1/2qn1pp1/p4b1p/3bp3/3pPP2/1N1BBQ2/1PP4P/1K5R,1,-1
5rk1/2qn1pp1/p4b1p/3Pp3/3p1P2/1N1BBQ2/1PP4P/1K5R,0,-1
5rk1/2qn1pp1/p4b1p/3Pp3/5P2/1N1BpQ2/1PP4P/1K5R,1,-1
5rk1/2qn1pp1/p4b1p/3Pp3/4QP2/1N1Bp3/1PP4P/1K5R,0,-1
1r4k1/2qn1pp1/p4b1p/3Pp3/4QP2/1N1Bp3/1PP4P/1K5R,1,-1
1r4k1/2qn1pp1/p4b1p/3PP3/4Q3/1N1Bp3/1PP4P/1K5R,0,-1
1r4k1/2q2pp1/p4b1p/3Pn3/4Q3/1N1Bp3/1PP4P/1K5R,1,-1
1r4k1/2q2pp1/B4b1p/3Pn3/4Q3/1N2p3/1PP4P/1K5R,0,-1
1r4k1/q4pp1/B4b1p/3Pn3/4Q3/1N2p3/1PP4P/1K5R,1,-1
1r4k1/q4pp1/5b1p/3Pn3/4Q3/1N2p3/1PP1B2P/1K5R,0,-1
r5k1/q4pp1/5b1p/3Pn3/4Q3/1N2p3/1PP1B2P/1K5R,1,-1
r5k1/q4pp1/5b1p/3Pn3/4Q3/1NP1p3/1P2B2P/1K5R,0,-1
r5k1/5pp1/5b1p/3Pn3/4Q3/1NP1p3/qP2B2P/1K5R,1,-1
r5k1/5pp1/5b1p/3Pn3/4Q3/1NP1p3/qPK1B2P/7R,0,-1
1r4k1/5pp1/5b1p/3Pn3/4Q3/1NP1p3/qPK1B2P/7R,1,-1
1r4k1/5pp1/5b1p/3Pn3/2B1Q3/1NP1p3/qPK4P/7R,0,-1
1r4k1/5pp1/5b1p/3Pn3/q1B1Q3/1NP1p3/1PK4P/7R,1,-1
1q1r1bk1/R4p1p/3ppp2/1P6/4P2P/2N1Q3/2P2PP1/6K1,1,1
1q1r1bk1/R4p1p/1P1ppp2/8/4P2P/2N1Q3/2P2PP1/6K1,0,1
1qr2bk1/R4p1p/1P1ppp2/8/4P2P/2N1Q3/2P2PP1/6K1,1,1
1qr2bk1/RP3p1p/3ppp2/8/4P2P/2N1Q3/2P2PP1/6K1,0,1
1q3bk1/RP3p1p/3ppp2/8/4P2P/2r1Q3/2P2PP1/6K1,1,1
1q3bk1/RP3p1p/3ppp2/8/4P2P/2Q5/2P2PP1/6K1,0,1
5bk1/qP3p1p/3ppp2/8/4P2P/2Q5/2P2PP1/6K1,1,1
2Q2bk1/qP3p1p/3ppp2/8/4P2P/8/2P2PP1/6K1,0,1
2Q2bk1/1P3p1p/3ppp2/8/4P2P/8/2P2PP1/q5K1,1,1
2Q2bk1/1P3p1p/3ppp2/8/4P2P/8/2P2PPK/q7,0,1
2Q2bk1/1P3p1p/3ppp2/4q3/4P2P/8/2P2PPK/8,1,1
2Q2bk1/1P3p1p/3ppp2/4q3/4P2P/6P1/2P2P1K/8,0,1
2Q2bk1/1P3p1p/3ppp2/8/3qP2P/6P1/2P2P1K/8,1,1
2Q2bk1/1P3p1p/3ppp2/8/3qP2P/6P1/2P2P2/6K1,0,1
2Q2bk1/1P3p1p/3ppp2/8/4P2P/6P1/2P2P2/3q2K1,1,1
2Q2bk1/1P3p1p/3ppp2/8/4P2P/6P1/2P2PK1/3q4,0,1
2Q2bk1/1P3p1p/3ppp2/8/4P2P/6P1/2P2PK1/4q3,1,1
1QQ2bk1/5p1p/3ppp2/8/4P2P/6P1/2P2PK1/4q3,0,1
1QQ2bk1/5p1p/3ppp2/8/4q2P/6P1/2P2PK1/8,1,1
1QQ2bk1/5p1p/3ppp2/8/4q2P/6P1/2P2P1K/8,0,1
2qr3k/5p1p/4pp2/1p6/5Q2/1P1P1N2/4rPPP/3R2K1,0,-1
3r3k/5p1p/4pp2/1p6/5Q2/1PqP1N2/4rPPP/3R2K1,1,-1
3r3k/5p1p/4pp2/1p6/3P1Q2/1Pq2N2/4rPPP/3R2K1,0,-1
3r4/5pkp/4pp2/1p6/3P1Q2/1Pq2N2/4rPPP/3R2K1,1,-1
3r4/5pkp/4pp2/1p6/3P1Q2/1Pq2N1P/4rPP1/3R2K1,0,-1
3r4/5pkp/4pp2/1p6/3P1Q2/1P3N1P/2q1rPP1/3R2K1,1,-1
3r4/5pkp/4pp2/1p6/3P1Q2/1P3N1P/2q1rPP1/2R3K1,0,-1
3r4/5pkp/4ppq1/1p6/3P1Q2/1P3N1P/4rPP1/2R3K1,1,-1
3r4/5pkp/4ppq1/1p1P4/5Q2/1P3N1P/4rPP1/2R3K1,0,-1
8/5pkp/4ppq1/1p1r4/5Q2/1P3N1P/4rPP1/2R3K1,1,-1
1Q6/5pkp/4ppq1/1p1r4/8/1P3N1P/4rPP1/2R3K1,0,-1
1Q6/5pkp/4ppq1/1p1r4/8/1P3N1P/2r2PP1/2R3K1,1,-1
1Q6/5pkp/4ppq1/1p1r4/8/1P3N1P/2r2PP1/R5K1,0,-1
1Q6/5pkp/4ppq1/1pr5/8/1P3N1P/2r2PP1/R5K1,1,-1
1Q6/R4pkp/4ppq1/1pr5/8/1P3N1P/2r2PP1/6K1,0,-1
1Q6/R4pkp/4ppq1/1p6/8/1Pr2N1P/2r2PP1/6K1,1,-1
1Q6/R4pkp/4ppq1/1p6/3N4/1Pr4P/2r2PP1/6K1,0,-1
1Q6/R4pkp/4ppq1/1p6/3N4/1Pr4P/5PP1/2r3K1,1,-1
1Q6/R4pkp/4ppq1/1p6/3N4/1Pr4P/5PPK/2r5,0,-1
1Q6/R4pkp/4ppq1/1p6/3N4/1P5r/5PPK/2r5,1,-1
6r1/5k1p/p2pp1r1/1p2bp1N/4nB2/2P4P/PP2R1P1/3R2K1,0,-1
6r1/4k2p/p2pp1r1/1p2bp1N/4nB2/2P4P/PP2R1P1/3R2K1,1,-1
6r1/4k2p/p2pp1r1/1p2Bp1N/4n3/2P4P/PP2R1P1/3R2K1,0,-1
6r1/4k2p/p3p1r1/1p2pp1N/4n3/2P4P/PP2R1P1/3R2K1,1,-1
6r1/4k2p/p3p1r1/1p2pp1N/4n1P1/2P4P/PP2R3/3R2K1,0,-1
6r1/4k2p/p3p3/1p2pprN/4n1P1/2P4P/PP2R3/3R2K1,1,-1
6r1/4k2p/p3p3/1p2pprN/4R1P1/2P4P/PP6/3R2K1,0,-1
6r1/4k2p/p3p3/1p2pp1r/4R1P1/2P4P/PP6/3R2K1,1,-1
6r1/4k2p/p3p3/1p2Rp1r/6P1/2P4P/PP6/3R2K1,0,-1
6r1/4k2p/p3p3/1p2Rp2/6P1/2P4r/PP6/3R2K1,1,-1
6r1/4k2p/p3p3/1p2Rp2/6P1/2P4r/PP4K1/3R4,0,-1
6r1/4k2p/p3p3/1p2Rp2/6Pr/2P5/PP4K1/3R4,1,-1
6r1/4k2p/p3p3/1p2Rp2/6Pr/2P5/PP4K1/4R3,0,-1
8/4k2p/p3p3/1p2Rp2/6rr/2P5/PP4K1/4R3,1,-1
8/4k2p/p3p3/1p2Rp2/6rr/2P5/PP3K2/4R3,0,-1
8/4k2p/p3p3/1p2Rp2/5r1r/2P5/PP3K2/4R3,1,-1
8/4k2p/p3p3/1p2Rp2/5r1r/2P5/PP4K1/4R3,0,-1
8/4k2p/p3p3/1p2Rp2/5rr1/2P5/PP4K1/4R3,1,-1
8/4k2p/p3p3/1p2Rp2/5rr1/2P4K/PP6/4R3,0,-1
8/4k2p/p3p3/1p2Rp2/4r1r1/2P4K/PP6/4R3,1,-1
1k3b2/1bq2p2/p4p1p/n4B2/Pp6/1P1N1N2/2P3PP/1K1Q4,1,1
1k3b2/1bq2p2/p4p1p/n4B2/Pp6/1P1N1N2/2P3PP/1K2Q3,0,1
1k3b2/1b2qp2/p4p1p/n4B2/Pp6/1P1N1N2/2P3PP/1K2Q3,1,1
1k3b2/1b2qp2/p4p1p/n4B2/Pp6/1P1N1NQ1/2P3PP/1K6,0,1
1k3b2/1b3p2/p2q1p1p/n4B2/Pp6/1P1N1NQ1/2P3PP/1K6,1,1
1k3b2/1b3p2/p2q1p1p/n4B2/Pp5Q/1P1N1N2/2P3PP/1K6,0,1
1k3b2/1b3p2/p1nq1p1p/5B2/Pp5Q/1P1N1N2/2P3PP/1K6,1,1
1k3b2/1b3p2/p1nq1p1p/8/Pp2B2Q/1P1N1N2/2P3PP/1K6,0,1
1k3b2/1b3p2/p1nq3p/5p2/Pp2B2Q/1P1N1N2/2P3PP/1K6,1,1
1k3b2/1b3p2/p1nq3p/5B2/Pp5Q/1P1N1N2/2P3PP/1K6,0,1
1k6/1b3pb1/p1nq3p/5B2/Pp5Q/1P1N1N2/2P3PP/1K6,1,1
1k6/1b3pb1/p1nq3p/8/Pp2B2Q/1P1N1N2/2P3PP/1K6,0,1
1k6/1b3pb1/2nq3p/p7/Pp2B2Q/1P1N1N2/2P3PP/1K6,1,1
1k6/1b3pb1/2nq3p/p7/Pp2B2Q/1P1N1N2/2P3PP/2K5,0,1
8/1bk2pb1/2nq3p/p7/Pp2B2Q/1P1N1N2/2P3PP/2K5,1,1
8/1bk2pb1/2nq3p/p6Q/Pp2B3/1P1N1N2/2P3PP/2K5,0,1
8/1bk2pb1/2n2q1p/p6Q/Pp2B3/1P1N1N2/2P3PP/2K5,1,1
8/1bk2pb1/2B2q1p/p6Q/Pp6/1P1N1N2/2P3PP/2K5,0,1
8/1bk2pb1/2B4p/p6Q/Pp6/1P1N1N2/2P3PP/q1K5,1,1
8/1bk2pb1/2B4p/p6Q/Pp6/1P1N1N2/2PK2PP/q7,0,1
2k5/1pq5/1Bn3p1/p2B4/P3p3/1P6/8/1K6,1,-1
2k5/1pB5/2n3p1/p2B4/P3p3/1P6/8/1K6,0,-1
8/1pk5/2n3p1/p2B4/P3p3/1P6/8/1K6,1,-1
8/1pk5/2n3p1/p7/P3B3/1P6/8/1K6,0,-1
8/1pk5/2n5/p5p1/P3B3/1P6/8/1K6,1,-1
8/1pk5/2n5/p5p1/P3B3/1P6/2K5/8,0,-1
8/1p6/2nk4/p5p1/P3B3/1P6/2K5/8,1,-1
8/1p6/2nk4/p5p1/P3B3/1P1K4/8/8,0,-1
8/1p6/2n5/p1k3p1/P3B3/1P1K4/8/8,1,-1
8/1p6/2n5/p1k3p1/P7/1P1K4/6B1/8,0,-1
8/1p6/2n5/p1k5/P5p1/1P1K4/6B1/8,1,-1
8/1p6/2n5/p1k5/P5p1/1P2K3/6B1/8,0,-1
8/8/1pn5/p1k5/P5p1/1P2K3/6B1/8,1,-1
8/8/1pn5/p1k5/P5p1/1P2K3/8/5B2,0,-1
8/8/1p6/p1k5/P2n2p1/1P2K3/8/5B2,1,-1
8/8/1p6/p1k5/P1Bn2p1/1P2K3/8/8,0,-1
8/8/1p6/p1k5/P1Bn4/1P2K1p1/8/8,1,-1
6B1/8/1p6/p1k5/P2n4/1P2K1p1/8/8,0,-1
6B1/8/1p6/p7/Pk1n4/1P2K1p1/8/8,1,-1
6B1/8/1p6/p7/Pk1K4/1P4p1/8/8,0,-1
8/1pr1k2p/pR5B/4pp2/P2p4/b6K/4B2P/8,1,0
8/1pr1k2p/pR6/4ppB1/P2p4/b6K/4B2P/8,0,0
8/1prk3p/pR6/4ppB1/P2p4/b6K/4B2P/8,1,0
8/1prk3p/p4R2/4ppB1/P2p4/b6K/4B2P/8,0,0
8/1p1k3p/p4R2/4ppB1/P2p4/b6K/2r1B2P/8,1,0
8/1p1k3p/p4R2/4ppBB/P2p4/b6K/2r4P/8,0,0
8/1p1k4/p4R1p/4ppBB/P2p4/b6K/2r4P/8,1,0
8/1p1k4/p4R1B/4pp1B/P2p4/b6K/2r4P/8,0,0
8/1p1k4/p1r2R1B/4pp1B/P2p4/b6K/7P/8,1,0
8/1p1k1R2/p1r4B/4pp1B/P2p4/b6K/7P/8,0,0
8/1p3R2/p1r1k2B/4pp1B/P2p4/b6K/7P/8,1,0
8/1p3RB1/p1r1k3/4pp1B/P2p4/b6K/7P/8,0,0
8/1p3RB1/p3k3/4pp1B/P2p4/b1r4K/7P/8,1,0
8/1p3RB1/p3k3/4pp1B/P2p4/b1r5/6KP/8,0,0
8/1p3RB1/p3k3/4pp1B/P2p4/b7/2r3KP/8,1,0
8/1p3RB1/p3k3/4pp1B/P2p4/b6K/2r4P/8,0,0
8/1p3RB1/p3k3/4pp1B/P2p4/b1r4K/7P/8,1,0
8/1p3RB1/p3k3/4pp1B/P2p4/b1r5/6KP/8,0,0
8/1p3RB1/p3k3/4pp1B/P2p4/b7/2r3KP/8,1,0
8/1p3RB1/p3k3/4pp1B/P2p4/b6K/2r4P/8,0,0
2r2r2/1p1bbp1k/p2pp1p1/2q2PPp/3NP2P/1PNQ4/1PP5/2KR1R2,1,1
2r2r2/1p1bbp1k/p2pp1p1/2q2PPp/3NP2P/1PN4Q/1PP5/2KR1R2,0,1
2r2r2/1p1bbp1k/p2pp1p1/4qPPp/3NP2P/1PN4Q/1PP5/2KR1R2,1,1
2r2r2/1p1bbp1k/p2pp1p1/3NqPPp/3NP2P/1P5Q/1PP5/2KR1R2,0,1
2r2r2/1p1bbp1k/p2p2p1/3pqPPp/3NP2P/1P5Q/1PP5/2KR1R2,1,1
2r2r2/1p1bbp1k/p2p2P1/3pq1Pp/3NP2P/1P5Q/1PP5/2KR1R2,0,1
2r2r2/1p1bb2k/p2p2p1/3pq1Pp/3NP2P/1P5Q/1PP5/2KR1R2,1,1
2r2r2/1p1Qb2k/p2p2p1/3pq1Pp/3NP2P/1P6/1PP5/2KR1R2,0,1
3r1r2/1p1Qb2k/p2p2p1/3pq1Pp/3NP2P/1P6/1PP5/2KR1R2,1,1
3r1r2/1Q2b2k/p2p2p1/3pq1Pp/3NP2P/1P6/1PP5/2KR1R2,0,1
3r4/1Q2b2k/p2p2p1/3pq1Pp/3NP2P/1P6/1PP5/2KR1r2,1,1
3r4/1Q2b2k/p2p2p1/3pq1Pp/3NP2P/1P6/1PP5/2K2R2,0,1
3r4/1Q2b2k/p2p2p1/3p2Pp/3Nq2P/1P6/1PP5/2K2R2,1,1
3r4/1Q2bR1k/p2p2p1/3p2Pp/3Nq2P/1P6/1PP5/2K5,0,1
3r2k1/1Q2bR2/p2p2p1/3p2Pp/3Nq2P/1P6/1PP5/2K5,1,1
3r2k1/4QR2/p2p2p1/3p2Pp/3Nq2P/1P6/1PP5/2K5,0,1
3r2k1/4QR2/p2p2p1/3p2Pp/3q3P/1P6/1PP5/2K5,1,1
3r2k1/4Q3/p2p2p1/3p2Pp/3q3P/1P6/1PP5/2K2R2,0,1
r5k1/4Q3/p2p2p1/3p2Pp/3q3P/1P6/1PP5/2K2R2,1,1
r5k1/5Q2/p2p2p1/3p2Pp/3q3P/1P6/1PP5/2K2R2,0,1
1Q6/5pk1/6pp/6n1/P3q3/1P4P1/6K1/5R2,1,0
1Q6/5pk1/6pp/6n1/P3q3/1P4P1/8/5RK1,0,0
1Q6/5pk1/6pp/6n1/P7/1P2q1P1/8/5RK1,1,0
1Q6/5pk1/6pp/6n1/P7/1P2q1P1/6K1/5R2,0,0
1Q6/5pk1/6pp/6n1/P3q3/1P4P1/6K1/5R2,1,0
1Q6/5pk1/6pp/6n1/P3q3/1P4P1/8/5RK1,0,0
1Q6/5pk1/6pp/6n1/P7/1P4P1/4q3/5RK1,1,0
8/5pk1/6pp/1Q4n1/P7/1P4P1/4q3/5RK1,0,0
8/5pk1/6pp/1Q4n1/P7/1P2q1P1/8/5RK1,1,0
8/5pk1/6pp/1Q4n1/P7/1P2q1P1/6K1/5R2,0,0
8/5pk1/6pp/1Q4n1/P3q3/1P4P1/6K1/5R2,1,0
8/5pk1/6pp/1Q4n1/P3q3/1P4P1/7K/5R2,0,0
8/5pk1/6pp/1Q4n1/P7/1P4P1/2q4K/5R2,1,0
8/5pk1/6pp/1Q4n1/P7/1P4P1/2q5/5R1K,0,0
8/5pk1/6pp/1Q4n1/P3q3/1P4P1/8/5R1K,1,0
8/5pk1/6pp/1Q4n1/P3q3/1P4P1/7K/5R2,0,0
8/5pk1/6pp/1Q4n1/P7/1P4P1/2q4K/5R2,1,0
8/5pk1/6pp/1Q4n1/P7/1P4P1/2q5/5R1K,0,0
8/5pk1/6pp/1Q4n1/P3q3/1P4P1/8/5R1K,1,0
8/5pk1/6pp/1Q4n1/P3q3/1P4P1/7K/5R2,0,0
r4rk1/2qnbppp/3p4/pBnPp3/P7/1NP1B3/5PPP/R2QR1K1,1,0
r4rk1/2qnbppp/3p4/pBnPp3/P7/2P1B3/3N1PPP/R2QR1K1,0,0
r4rk1/2qnb1pp/3p4/pBnPpp2/P7/2P1B3/3N1PPP/R2QR1K1,1,0
r4rk1/2qnb1pp/3p4/pBnPpp2/P4P2/2P1B3/3N2PP/R2QR1K1,0,0
r4rk1/2qn2pp/3p1b2/pBnPpp2/P4P2/2P1B3/3N2PP/R2QR1K1,1,0
r4rk1/2qn2pp/3p1b2/pBnPPp2/P7/2P1B3/3N2PP/R2QR1K1,0,0
r4rk1/2q3pp/3p1b2/pBnPnp2/P7/2P1B3/3N2PP/R2QR1K1,1,0
r4rk1/2q3pp/3p1b2/pBnPnp2/P2B4/2P5/3N2PP/R2QR1K1,0,0
2r2rk1/2q3pp/3p1b2/pBnPnp2/P2B4/2P5/3N2PP/R2QR1K1,1,0
2r2rk1/2q3pp/3p1b2/pBnPnp2/P2B4/2P5/3N2PP/R2Q1RK1,0,0
2r2rk1/2q4p/3p1bp1/pBnPnp2/P2B4/2P5/3N2PP/R2Q1RK1,1,0
2r2rk1/2q4p/3p1bp1/pBnPnp2/P2B4/2P5/3N2PP/1R1Q1RK1,0,0
2r2rk1/5q1p/3p1bp1/pBnPnp2/P2B4/2P5/3N2PP/1R1Q1RK1,1,0
2r2rk1/5q1p/3p1bp1/pBnPnp2/P2B4/2P5/3N2PP/1R1Q1R1K,0,0
2r2r1k/5q1p/3p1bp1/pBnPnp2/P2B4/2P5/3N2PP/1R1Q1R1K,1,0
2r2r1k/5q1p/3p1bp1/pBnPnp2/P1PB4/8/3N2PP/1R1Q1R1K,0,0
2r2r1k/6qp/3p1bp1/pBnPnp2/P1PB4/8/3N2PP/1R1Q1R1K,1,0
2r2r1k/6qp/3p1bp1/pBnPnp2/P1P5/8/3N2PP/1R1Q1RBK,0,0
2r2r1k/7p/3p1bpq/pBnPnp2/P1P5/8/3N2PP/1R1Q1RBK,1,0
2r2r1k/7p/3p1bpq/pBnPnp2/P1P5/8/3N2PP/1R2QRBK,0,0
3r1rk1/5p1p/B3p1p1/2P5/4Q3/1Pq3P1/P4RKP/8,0,-1
3r1rk1/5p1p/B3p1p1/2q5/4Q3/1P4P1/P4RKP/8,1,-1
3r1rk1/5p1p/B3p1p1/2q5/P3Q3/1P4P1/5RKP/8,0,-1
5rk1/5p1p/B3p1p1/2q5/P2rQ3/1P4P1/5RKP/8,1,-1
5rk1/5p1p/B3p1p1/2q5/P2r4/1P3QP1/5RKP/8,0,-1
5rk1/5p1p/B3p1p1/2qr4/P7/1P3QP1/5RKP/8,1,-1
5rk1/5p1p/4p1p1/2qr4/P7/1P1B1QP1/5RKP/8,0,-1
5rk1/5p1p/4p1p1/3r4/P2q4/1P1B1QP1/5RKP/8,1,-1
5rk1/5p1p/4p1p1/3r4/P2qB3/1P3QP1/5RKP/8,0,-1
5rk1/5p1p/4p1p1/4r3/P2qB3/1P3QP1/5RKP/8,1,-1
5rk1/5p1p/4p1p1/4r3/P2q4/1P3QP1/2B2RKP/8,0,-1
5rk1/5p1p/4p1p1/8/P2q4/1P2rQP1/2B2RKP/8,1,-1
5rk1/1Q3p1p/4p1p1/8/P2q4/1P2r1P1/2B2RKP/8,0,-1
5rk1/1Q3p1p/4p1p1/4q3/P7/1P2r1P1/2B2RKP/8,1,-1
5rk1/1Q3p1p/4p1p1/4q3/PP6/4r1P1/2B2RKP/8,0,-1
5rk1/1Q3p1p/4p1p1/4q3/PP6/6P1/2B1rRKP/8,1,-1
5rk1/1Q3p1p/4p1p1/1P2q3/P7/6P1/2B1rRKP/8,0,-1
5rk1/1Q3p1p/4p1p1/1P2q3/P7/6P1/2B2rKP/8,1,-1
5rk1/1Q3p1p/4p1p1/1P2q3/P7/6P1/2B2K1P/8,0,-1
5rk1/1Q3p1p/4p1p1/1Pq5/P7/6P1/2B2K1P/8,1,-1
8/3b1p2/p2k2n1/Pp2p1R1/1Pp1P2p/2P1KP2/4B2P/8,1,1
8/3b1p2/p2k2n1/Pp2p1R1/1Pp1PP1p/2P1K3/4B2P/8,0,1
8/3b1p2/p2k2n1/Pp4R1/1Pp1Pp1p/2P1K3/4B2P/8,1,1
8/3b1p2/p2k2n1/Pp4R1/1PpKPp1p/2P5/4B2P/8,0,1
4b3/5p2/p2k2n1/Pp4R1/1PpKPp1p/2P5/4B2P/8,1,1
4b3/5p2/p2k2n1/Pp3R2/1PpKPp1p/2P5/4B2P/8,0,1
4bn2/5p2/p2k4/Pp3R2/1PpKPp1p/2P5/4B2P/8,1,1
4bn2/5p2/p2k4/Pp1R4/1PpKPp1p/2P5/4B2P/8,0,1
4bn2/4kp2/p7/Pp1R4/1PpKPp1p/2P5/4B2P/8,1,1
4bn2/4kp2/p7/Pp1R4/1PpKPpBp/2P5/7P/8,0,1
4b3/4kp2/p3n3/Pp1R4/1PpKPpBp/2P5/7P/8,1,1
4b3/4kp2/p3B3/Pp1R4/1PpKPp1p/2P5/7P/8,0,1
4b3/4k3/p3p3/Pp1R4/1PpKPp1p/2P5/7P/8,1,1
4b3/4k3/p3p3/PpR5/1PpKPp1p/2P5/7P/8,0,1
4b3/8/p2kp3/PpR5/1PpKPp1p/2P5/7P/8,1,1
4b3/8/p2kp3/Pp4R1/1PpKPp1p/2P5/7P/8,0,1
8/8/p1bkp3/Pp4R1/1PpKPp1p/2P5/7P/8,1,1
8/8/p1bkp3/Pp2P1R1/1PpK1p1p/2P5/7P/8,0,1
8/3k4/p1b1p3/Pp2P1R1/1PpK1p1p/2P5/7P/8,1,1
8/3k4/p1b1p3/Pp2P3/1PpK1pRp/2P5/7P/8,0,1
3b1rk1/1R4pp/4p3/P7/1P4NP/6P1/r3pPK1/4R3,0,0
3b1rk1/1R4p1/4p3/P6p/1P4NP/6P1/r3pPK1/4R3,1,0
3b1rk1/1R4p1/4p3/P3N2p/1P5P/6P1/r3pPK1/4R3,0,0
5rk1/1R4p1/4pb2/P3N2p/1P5P/6P1/r3pPK1/4R3,1,0
5rk1/1R4p1/4pb2/P3N2p/1P3P1P/6P1/r3p1K1/4R3,0,0
5rk1/1R4p1/4p3/P3b2p/1P3P1P/6P1/r3p1K1/4R3,1,0
5rk1/1R4p1/4p3/P3P2p/1P5P/6P1/r3p1K1/4R3,0,0
6k1/1R4p1/4p3/P3Pr1p/1P5P/6P1/r3p1K1/4R3,1,0
6k1/6p1/1R2p3/P3Pr1p/1P5P/6P1/r3p1K1/4R3,0,0
6k1/6p1/1R2p3/P3r2p/1P5P/6P1/r3p1K1/4R3,1,0
6k1/6p1/2R1p3/P3r2p/1P5P/6P1/r3p1K1/4R3,0,0
6k1/6p1/2R1p3/P6p/1P2r2P/6P1/r3p1K1/4R3,1,0
6k1/6p1/P1R1p3/7p/1P2r2P/6P1/r3p1K1/4R3,0,0
6k1/6p1/P1R1p3/7p/1r5P/6P1/r3p1K1/4R3,1,0
6k1/6p1/P3R3/7p/1r5P/6P1/r3p1K1/4R3,0,0
6k1/6p1/P3R3/7p/r6P/6P1/r3p1K1/4R3,1,0
6k1/6p1/P7/7p/r6P/6P1/r3R1K1/4R3,0,0
6k1/6p1/r7/7p/7P/6P1/r3R1K1/4R3,1,0
6k1/6p1/r7/7p/7P/6P1/R5K1/4R3,0,0
6k1/6p1/8/7p/7P/6P1/r5K1/4R3,1,0
5rk1/q3pp1p/6p1/3Pp3/1PR1P3/1Q5P/3b1PP1/5BK1,1,1
5rk1/q3pp1p/6p1/3Pp3/1PR1P3/7P/1Q1b1PP1/5BK1,0,1
5rk1/q3pp1p/6p1/3Pp3/1PR1Pb2/7P/1Q3PP1/5BK1,1,1
5rk1/q3pp1p/6p1/1P1Pp3/2R1Pb2/7P/1Q3PP1/5BK1,0,1
1r4k1/q3pp1p/6p1/1P1Pp3/2R1Pb2/7P/1Q3PP1/5BK1,1,1
1r4k1/q3pp1p/6p1/1P1Pp3/2R1Pb2/2Q4P/5PP1/5BK1,0,1
1r6/q3ppkp/6p1/1P1Pp3/2R1Pb2/2Q4P/5PP1/5BK1,1,1
1r6/q3ppkp/6p1/1P1Pp3/2R1Pb1P/2Q5/5PP1/5BK1,0,1
8/q3ppkp/1r4p1/1P1Pp3/2R1Pb1P/2Q5/5PP1/5BK1,1,1
8/q3ppkp/1r4p1/1P1Pp3/2R1Pb1P/2Q3P1/5P2/5BK1,0,1
8/q3ppkp/1r4pb/1P1Pp3/2R1P2P/2Q3P1/5P2/5BK1,1,1
8/q1R1ppkp/1r4pb/1P1Pp3/4P2P/2Q3P1/5P2/5BK1,0,1
8/2R1ppkp/1r4pb/1P1Pp3/4P2P/2Q3P1/q4P2/5BK1,1,1
8/2R1ppkp/1r4pb/1P1PQ3/4P2P/6P1/q4P2/5BK1,0,1
8/2R1ppkp/5rpb/1P1PQ3/4P2P/6P1/q4P2/5BK1,1,1
8/2R1ppkp/5rpb/1P1PQ3/4PP1P/6P1/q7/5BK1,0,1
8/2R1ppkp/5rpb/1P1PQ3/4PP1P/1q4P1/8/5BK1,1,1
8/2R1ppkp/5rpb/1P1P4/4PP1P/1qQ3P1/8/5BK1,0,1
8/2R1ppkp/5rpb/1P1P4/4PP1P/2Q3P1/8/3q1BK1,1,1
8/2R1ppkp/5rpb/1P1PP3/5P1P/2Q3P1/8/3q1BK1,0,1
r3k2r/3nppb1/pq1p2p1/1p1P2Pp/3N3P/P3Q3/1PP1B3/1K1R3R,0,-1
r3k2r/3nppb1/pq1p2p1/3P2Pp/1p1N3P/P3Q3/1PP1B3/1K1R3R,1,-1
r3k2r/3nppb1/pq1p2p1/3P2Pp/1P1N3P/4Q3/1PP1B3/1K1R3R,0,-1
r4rk1/3nppb1/pq1p2p1/3P2Pp/1P1N3P/4Q3/1PP1B3/1K1R3R,1,-1
r4rk1/3nppb1/pq1p2p1/3P2Pp/1P1N3P/2P1Q3/1P2B3/1K1R3R,0,-1
r4rk1/3nppb1/1q1p2p1/p2P2Pp/1P1N3P/2P1Q3/1P2B3/1K1R3R,1,-1
r4rk1/3nppb1/1q1p2p1/pP1P2Pp/3N3P/2P1Q3/1P2B3/1K1R3R,0,-1
r4rk1/3nppb1/1q1p2p1/1P1P2Pp/p2N3P/2P1Q3/1P2B3/1K1R3R,1,-1
r4rk1/3nppb1/1q1p2p1/1P1P2Pp/p2N3P/2P1Q3/KP2B3/3R3R,0,-1
r4rk1/3nppb1/3p2p1/1PqP2Pp/p2N3P/2P1Q3/KP2B3/3R3R,1,-1
r4rk1/3nppb1/3p2p1/1PqP2Pp/p6P/2P1Q3/KPN1B3/3R3R,0,-1
r4rk1/3nppb1/3p2p1/1P1P2Pp/p6P/2P1q3/KPN1B3/3R3R,1,-1
r4rk1/3nppb1/3p2p1/1P1P2Pp/p6P/2P1N3/KP2B3/3R3R,0,-1
r4rk1/3nppb1/3p2p1/1P1P2Pp/7P/p1P1N3/KP2B3/3R3R,1,-1
r4rk1/3nppb1/3p2p1/1P1P2Pp/7P/P1P1N3/K3B3/3R3R,0,-1
r4rk1/4ppb1/3p2p1/1PnP2Pp/7P/P1P1N3/K3B3/3R3R,1,-1
r4rk1/4ppb1/3p2p1/1PnP2Pp/7P/P1P1N3/K3B3/1R5R,0,-1
r4rk1/4pp2/3p2p1/1PnP2Pp/7P/P1b1N3/K3B3/1R5R,1,-1
r4rk1/4pp2/3p2p1/1PnP2Pp/7P/P1b1N2R/K3B3/1R6,0,-1
5rk1/4pp2/3p2p1/1PnP2Pp/7P/r1b1N2R/K3B3/1R6,1,-1
2r1rbk1/6pp/p1pp2Q1/7n/PPP2p2/2N1B2P/5PP1/2RR2K1,0,0
2r1rbk1/6p1/p1pp2p1/7n/PPP2p2/2N1B2P/5PP1/2RR2K1,1,0
2r1rbk1/6p1/pBpp2p1/7n/PPP2p2/2N4P/5PP1/2RR2K1,0,0
2r1rbk1/6p1/pBpp1np1/8/PPP2p2/2N4P/5PP1/2RR2K1,1,0
2r1rbk1/6p1/pBpp1np1/1P6/P1P2p2/2N4P/5PP1/2RR2K1,0,0
2r1rbk1/3n2p1/pBpp2p1/1P6/P1P2p2/2N4P/5PP1/2RR2K1,1,0
2r1rbk1/3n2p1/pBpp2p1/PP6/2P2p2/2N4P/5PP1/2RR2K1,0,0
2r1rbk1/6p1/pBpp2p1/PP2n3/2P2p2/2N4P/5PP1/2RR2K1,1,0
2r1rbk1/6p1/pBPp2p1/P3n3/2P2p2/2N4P/5PP1/2RR2K1,0,0
4rbk1/6p1/pBrp2p1/P3n3/2P2p2/2N4P/5PP1/2RR2K1,1,0
4rbk1/6p1/pBrp2p1/P2Nn3/2P2p2/7P/5PP1/2RR2K1,0,0
2r2bk1/6p1/pBrp2p1/P2Nn3/2P2p2/7P/5PP1/2RR2K1,1,0
2r2bk1/6p1/pBrp2p1/P3n3/1NP2p2/7P/5PP1/2RR2K1,0,0
2r2bk1/6p1/pB1p2p1/P3n3/1Nr2p2/7P/5PP1/2RR2K1,1,0
2r2bk1/6p1/pB1p2p1/P3n3/1NR2p2/7P/5PP1/3R2K1,0,0
2r2bk1/6p1/pB1p2p1/P7/1Nn2p2/7P/5PP1/3R2K1,1,0
2r2bk1/6p1/NB1p2p1/P7/2n2p2/7P/5PP1/3R2K1,0,0
2r2bk1/6p1/NB1p2p1/n7/5p2/7P/5PP1/3R2K1,1,0
2r2bk1/6p1/N2p2p1/B7/5p2/7P/5PP1/3R2K1,0,0
r4bk1/6p1/N2p2p1/B7/5p2/7P/5PP1/3R2K1,1,0
4rrk1/1b1n1pbp/3ppnp1/p1q2PB1/1p2P2Q/1P1B1NN1/P1P3PP/3R1R1K,0,1
4rrk1/1b1n1pbp/1q1ppnp1/p4PB1/1p2P2Q/1P1B1NN1/P1P3PP/3R1R1K,1,1
4rrk1/1b1n1pbp/1q1ppnp1/p4PB1/1pB1P2Q/1P3NN1/P1P3PP/3R1R1K,0,1
4rrk1/1b1n1pbp/1q1p1np1/p4pB1/1pB1P2Q/1P3NN1/P1P3PP/3R1R1K,1,1
4rrk1/1b1n1pbp/1q1p1np1/p4PB1/1pB4Q/1P3NN1/P1P3PP/3R1R1K,0,1
4rrk1/1b1n1pbp/1q3np1/p2p1PB1/1pB4Q/1P3NN1/P1P3PP/3R1R1K,1,1
4rrk1/1b1n1pbp/1q3np1/p2p1PB1/1p5Q/1P1B1NN1/P1P3PP/3R1R1K,0,1
4rrk1/1b3pbp/1q3np1/p1np1PB1/1p5Q/1P1B1NN1/P1P3PP/3R1R1K,1,1
4rrk1/1b3pbp/1q3npB/p1np1P2/1p5Q/1P1B1NN1/P1P3PP/3R1R1K,0,1
4rrk1/1b3pbp/1q3npB/p2p1P2/1p2n2Q/1P1B1NN1/P1P3PP/3R1R1K,1,1
4rrk1/1b3pbp/1q3npB/p2p1PN1/1p2n2Q/1P1B2N1/P1P3PP/3R1R1K,0,1
4rrk1/1b3p1p/1q3npb/p2p1PN1/1p2n2Q/1P1B2N1/P1P3PP/3R1R1K,1,1
4rrk1/1b3p1p/1q3npQ/p2p1PN1/1p2n3/1P1B2N1/P1P3PP/3R1R1K,0,1
4rrk1/1b3p1p/1q3npQ/p2p1PN1/1p6/1P1B2N1/P1P2nPP/3R1R1K,1,1
4rrk1/1b3p1p/1q3npQ/p2p1PN1/1p6/1P1B2N1/P1P2RPP/3R3K,0,1
4rrk1/1b3p1p/5npQ/p2p1PN1/1p6/1P1B2N1/P1P2qPP/3R3K,1,1
4rrk1/1b3p1p/5npQ/p2p1PN1/1p6/1P1B2N1/P1P2qPP/5R1K,0,1
4rrk1/1b3p1p/5npQ/p2p1PN1/1p6/1P1B2N1/P1Pq2PP/5R1K,1,1
4rrk1/1b3p1p/5nPQ/p2p2N1/1p6/1P1B2N1/P1Pq2PP/5R1K,0,1
4rrk1/1b5p/5npQ/p2p2N1/1p6/1P1B2N1/P1Pq2PP/5R1K,1,1
r6r/1bNnbkpp/pP1p1n2/q7/B4B2/2N5/PP3PPP/R2Q2K1,0,0
r6r/1bN1bkpp/pn1p1n2/q7/B4B2/2N5/PP3PPP/R2Q2K1,1,0
r6r/1bN1bkpp/pn1p1n2/q7/5B2/1BN5/PP3PPP/R2Q2K1,0,0
r6r/1bN1bkpp/pn3n2/q2p4/5B2/1BN5/PP3PPP/R2Q2K1,1,0
r6r/1bN1bkpp/pn3n2/q2p4/5B2/1BN5/PP2QPPP/R5K1,0,0
3r3r/1bN1bkpp/pn3n2/q2p4/5B2/1BN5/PP2QPPP/R5K1,1,0
3r3r/1bN1bkpp/pn2Qn2/q2p4/5B2/1BN5/PP3PPP/R5K1,0,0
3r1k1r/1bN1b1pp/pn2Qn2/q2p4/5B2/1BN5/PP3PPP/R5K1,1,0
3r1k1r/1bN1b1pp/pn2Qn2/q2p4/5B2/1BN5/PP3PPP/4R1K1,0,0
3r1k1r/1bN1b1pp/pn2Qn2/2qp4/5B2/1BN5/PP3PPP/4R1K1,1,0
3r1k1r/1bN1b1pp/pn2Qn2/2qp4/4NB2/1B6/PP3PPP/4R1K1,0,0
3r1k1r/1bN1b1pp/pn2Q3/2qp4/4nB2/1B6/PP3PPP/4R1K1,1,0
3r1k1r/1bN1b1pp/pn6/2qp1Q2/4nB2/1B6/PP3PPP/4R1K1,0,0
3r2kr/1bN1b1pp/pn6/2qp1Q2/4nB2/1B6/PP3PPP/4R1K1,1,0
3r2kr/1bN1b1pp/pn2Q3/2qp4/4nB2/1B6/PP3PPP/4R1K1,0,0
3r1k1r/1bN1b1pp/pn2Q3/2qp4/4nB2/1B6/PP3PPP/4R1K1,1,0
3r1k1r/1bN1b1pp/pn6/2qp1Q2/4nB2/1B6/PP3PPP/4R1K1,0,0
3r2kr/1bN1b1pp/pn6/2qp1Q2/4nB2/1B6/PP3PPP/4R1K1,1,0
3r2kr/1bN1b1pp/pn2Q3/2qp4/4nB2/1B6/PP3PPP/4R1K1,0,0
3r1k1r/1bN1b1pp/pn2Q3/2qp4/4nB2/1B6/PP3PPP/4R1K1,1,0
4k3/2R4R/p6p/1p6/4p3/P5q1/1PP5/4KB2,1,1
4k3/2R4R/p6p/1p6/4p3/P5q1/1PP5/3K1B2,0,1
4k3/2R4R/p6p/1p6/4p1q1/P7/1PP5/3K1B2,1,1
4k3/2R4R/p6p/1p6/4p1q1/P7/1PP1B3/3K4,0,1
4k3/2R4R/p6p/1p6/4p3/P7/1PP1B3/3K2q1,1,1
4k3/2R4R/p6p/1p6/4p3/P7/1PPKB3/6q1,0,1
4k3/2R4R/p6p/1p4q1/4p3/P7/1PPKB3/8,1,1
4k3/2R4R/p6p/1p4q1/4p3/P1K5/1PP1B3/8,0,1
3k4/2R4R/p6p/1p4q1/4p3/P1K5/1PP1B3/8,1,1
3k4/R6R/p6p/1p4q1/4p3/P1K5/1PP1B3/8,0,1
3k4/R6R/p6p/1p6/4p3/P1K1q3/1PP1B3/8,1,1
3k4/R6R/p6p/1p6/1K2p3/P3q3/1PP1B3/8,0,1
3k4/R6R/p6p/1p6/1K2p3/P7/1PPqB3/8,1,1
3k4/R6R/p6p/1p6/4p3/PK6/1PPqB3/8,0,1
3k4/R6R/p6p/1p1q4/4p3/PK6/1PP1B3/8,1,1
3k4/R6R/p6p/1p1q4/2P1p3/PK6/1P2B3/8,0,1
3k4/R6R/p6p/3q4/2p1p3/PK6/1P2B3/8,1,1
3k4/R6R/p6p/3q4/2B1p3/PK6/1P6/8,0,1
3k4/R6R/p6p/8/2B1p3/PK6/1P6/3q4,1,1
3k4/R6R/p6p/8/2B1p3/P7/KP6/3q4,0,1
5bk1/1p1n1ppp/1q1p4/1r1P2PP/pNr2B2/P7/1PPQ4/1K1R3R,1,1
5bk1/1p1n1ppp/1q1p4/1r1P2PP/pNr2B2/P6R/1PPQ4/1K1R4,0,1
5bk1/1p3ppp/1q1p4/1rnP2PP/pNr2B2/P6R/1PPQ4/1K1R4,1,1
5bk1/1p3ppp/1q1p4/1rnP2PP/pNr5/P3B2R/1PPQ4/1K1R4,0,1
5bk1/1pq2ppp/3p4/1rnP2PP/pNr5/P3B2R/1PPQ4/1K1R4,1,1
5bk1/1pq2ppp/3p2P1/1rnP3P/pNr5/P3B2R/1PPQ4/1K1R4,0,1
5bk1/1pq2ppp/3p2P1/1r1P3P/pNr1n3/P3B2R/1PPQ4/1K1R4,1,1
5bk1/1pq2ppP/3p4/1r1P3P/pNr1n3/P3B2R/1PPQ4/1K1R4,0,1
5b1k/1pq2ppP/3p4/1r1P3P/pNr1n3/P3B2R/1PPQ4/1K1R4,1,1
5b1k/1pq2ppP/3p4/1r1P3P/pNr1n3/P2QB2R/1PP5/1K1R4,0,1
7k/1pq1bppP/3p4/1r1P3P/pNr1n3/P2QB2R/1PP5/1K1R4,1,1
7k/1pq1bppP/3p4/1r1P3P/pNrBn3/P2Q3R/1PP5/1K1R4,0,1
7k/1pq1bppP/3p1n2/1r1P3P/pNrB4/P2Q3R/1PP5/1K1R4,1,1
7k/1pq1bppP/3p1n1P/1r1P4/pNrB4/P2Q3R/1PP5/1K1R4,0,1
7k/1pq1bp1P/3p1npP/1r1P4/pNrB4/P2Q3R/1PP5/1K1R4,1,1
7k/1pq1bp1P/3p1npP/1r1P4/pNrB4/P2Q3R/1PP5/1K3R2,0,1
7k/1pq1bp1P/3p1npP/1r1P4/pN1r4/P2Q3R/1PP5/1K3R2,1,1
7k/1pq1bp1P/3p1npP/1r1P4/pN1Q4/P6R/1PP5/1K3R2,0,1
3q3k/1p2bp1P/3p1npP/1r1P4/pN1Q4/P6R/1PP5/1K3R2,1,1
3q3k/1p2bp1P/3p1npP/1r1P4/pN1Q4/P4R2/1PP5/1K3R2,0,1
8/6p1/r4kp1/PN5p/1K2B3/5P2/6PP/8,1,1
8/1B4p1/r4kp1/PN5p/1K6/5P2/6PP/8,0,1
8/1B4p1/4rkp1/PN5p/1K6/5P2/6PP/8,1,1
8/1B4p1/P3rkp1/1N5p/1K6/5P2/6PP/8,0,1
8/1B4p1/P3r1p1/1N2k2p/1K6/5P2/6PP/8,1,1
8/PB4p1/4r1p1/1N2k2p/1K6/5P2/6PP/8,0,1
4r3/PB4p1/6p1/1N2k2p/1K6/5P2/6PP/8,1,1
Q3r3/1B4p1/6p1/1N2k2p/1K6/5P2/6PP/8,0,1
r7/1B4p1/6p1/1N2k2p/1K6/5P2/6PP/8,1,1
B7/6p1/6p1/1N2k2p/1K6/5P2/6PP/8,0,1
B7/6p1/6p1/1N5p/1K3k2/5P2/6PP/8,1,1
B7/6p1/3N2p1/7p/1K3k2/5P2/6PP/8,0,1
B7/6p1/3N2p1/8/1K3k1p/5P2/6PP/8,1,1
8/6p1/3N2p1/8/1K2Bk1p/5P2/6PP/8,0,1
8/6p1/3N4/6p1/1K2Bk1p/5P2/6PP/8,1,1
8/6p1/3N4/5Bp1/1K3k1p/5P2/6PP/8,0,1
8/6p1/3N4/5Bp1/1K5p/4kP2/6PP/8,1,1
8/6p1/3N4/6p1/1K4Bp/4kP2/6PP/8,0,1
8/6p1/3N4/6p1/1K4Bp/5P2/5kPP/8,1,1
8/6p1/3N4/6p1/1K4Bp/5P1P/5kP1/8,0,1
3b2R1/3k1p2/2qp1P2/3rp3/1P2N3/5Q2/1P5P/1K6,0,0
3b2R1/3k1p2/3p1P2/3rp3/1Pq1N3/5Q2/1P5P/1K6,1,0
3b1R2/3k1p2/3p1P2/3rp3/1Pq1N3/5Q2/1P5P/1K6,0,0
3b1R2/3k1p2/3p1P2/4p3/1PqrN3/5Q2/1P5P/1K6,1,0
3b1R2/3k1p2/3p1P2/4p1N1/1Pqr4/5Q2/1P5P/1K6,0,0
3b1R2/3k1p2/3p1P2/6N1/1Pqrp3/5Q2/1P5P/1K6,1,0
3b1R2/3k1p2/3p1P2/5QN1/1Pqrp3/8/1P5P/1K6,0,0
3b1R2/5p2/2kp1P2/5QN1/1Pqrp3/8/1P5P/1K6,1,0
2Qb1R2/5p2/2kp1P2/6N1/1Pqrp3/8/1P5P/1K6,0,0
2Q2R2/2b2p2/2kp1P2/6N1/1Pqrp3/8/1P5P/1K6,1,0
4QR2/2b2p2/2kp1P2/6N1/1Pqrp3/8/1P5P/1K6,0,0
4QR2/2b2p2/1k1p1P2/6N1/1Pqrp3/8/1P5P/1K6,1,0
5R2/2b2p2/1k1p1P2/6N1/QPqrp3/8/1P5P/1K6,0,0
5R2/2b2p2/1k1p1P2/6N1/QP1rp3/8/1P5P/1K3q2,1,0
5R2/2b2p2/1k1p1P2/6N1/QP1rp3/8/KP5P/5q2,0,0
5R2/2b2p2/1k1p1P2/6N1/QPqrp3/8/KP5P/8,1,0
5R2/2b2p2/1k1p1P2/6N1/QPqrp3/8/1P5P/1K6,0,0
5R2/2b2p2/1k1p1P2/6N1/QP1rp3/8/1P5P/1K3q2,1,0
5R2/2b2p2/1k1p1P2/6N1/QP1rp3/8/KP5P/5q2,0,0
5R2/2b2p2/1k1p1P2/6N1/QPqrp3/8/KP5P/8,1,0
r2q1rk1/1b2b2p/p2p4/1p2ppPP/3Bp1B1/P1N5/1PPQ4/R3K1R1,1,0
r2q1rk1/1b2b2p/p2p4/1p2ppPP/3Bp3/P1N4B/1PPQ4/R3K1R1,0,0
r2q1rk1/1b2b2p/p2p4/1p3pPP/3pp3/P1N4B/1PPQ4/R3K1R1,1,0
r2q1rk1/1b2b2p/p2p4/1p3pPP/3Qp3/P1N4B/1PP5/R3K1R1,0,0
r3qrk1/1b2b2p/p2p4/1p3pPP/3Qp3/P1N4B/1PP5/R3K1R1,1,0
r3qrk1/1b2b2p/p2p3P/1p3pP1/3Qp3/P1N4B/1PP5/R3K1R1,0,0
r4rk1/1b2b2p/p2p2qP/1p3pP1/3Qp3/P1N4B/1PP5/R3K1R1,1,0
r4rk1/1b2b2p/p2p2qP/1p3pP1/3Qp3/P6B/1PP1N3/R3K1R1,0,0
r4rk1/1b5p/p2p2qP/1p3pb1/3Qp3/P6B/1PP1N3/R3K1R1,1,0
r4rk1/1b5p/p2p2qP/1p3pb1/3QpN2/P6B/1PP5/R3K1R1,0,0
r4rk1/1b5p/p2p3q/1p3pb1/3QpN2/P6B/1PP5/R3K1R1,1,0
r4rk1/1b5p/p2pN2q/1p3pb1/3Qp3/P6B/1PP5/R3K1R1,0,0
r4rk1/1b5p/p2pN3/1p3pb1/3Qp2q/P6B/1PP5/R3K1R1,1,0
r4rk1/1b5p/p2pN3/1p3pb1/3Qp2q/P6B/1PP1K3/R5R1,0,0
r4rk1/1b5p/p2pN3/1p3pbq/3Qp3/P6B/1PP1K3/R5R1,1,0
r4rk1/1b5p/p2pN3/1p3pbq/3Qp3/P6B/1PP5/R3K1R1,0,0
r4rk1/1b5p/p2pN3/1p3pb1/3Qp2q/P6B/1PP5/R3K1R1,1,0
r4rk1/1b5p/p2pN3/1p3pb1/3Qp2q/P6B/1PP1K3/R5R1,0,0
r4rk1/1b5p/p2pN3/1p3pbq/3Qp3/P6B/1PP1K3/R5R1,1,0
r4rk1/1b5p/p2pN3/1p3pbq/3Qp3/P6B/1PP5/R3K1R1,0,0
3r1rk1/5ppp/pq1P1n2/1pb2Q2/8/1P3B2/P1N3PP/R2R3K,0,-1
3r1rk1/5ppp/pq1b1n2/1p3Q2/8/1P3B2/P1N3PP/R2R3K,1,-1
3r1rk1/5ppp/pq1b1n2/1p3Q2/3N4/1P3B2/P5PP/R2R3K,0,-1
3r1rk1/5ppp/pq3n2/1p3Q2/3N4/1P3B2/P5Pb/R2R3K,1,-1
3r1rk1/5ppp/pqN2n2/1p3Q2/8/1P3B2/P5Pb/R2R3K,0,-1
5rk1/5ppp/pqN2n2/1p3Q2/8/1P3B2/P5Pb/R2r3K,1,-1
5rk1/5ppp/pqN2n2/1p3Q2/8/1P3B2/P5Pb/3R3K,0,-1
5rk1/2b2ppp/pqN2n2/1p3Q2/8/1P3B2/P5P1/3R3K,1,-1
5rk1/2b2ppp/pqN2n2/1p3Q2/1P6/5B2/P5P1/3R3K,0,-1
5rk1/2b2ppp/p1N2n2/1p3Q2/1P6/4qB2/P5P1/3R3K,1,-1
5rk1/2b2ppp/p1N2n2/1pQ5/1P6/4qB2/P5P1/3R3K,0,-1
5rk1/2b2ppp/p1N2n2/1pQ5/1P3q2/5B2/P5P1/3R3K,1,-1
5rk1/2b1Nppp/p4n2/1pQ5/1P3q2/5B2/P5P1/3R3K,0,-1
5r1k/2b1Nppp/p4n2/1pQ5/1P3q2/5B2/P5P1/3R3K,1,-1
5r1k/2b2ppp/p4nN1/1pQ5/1P3q2/5B2/P5P1/3R3K,0,-1
5r1k/2b2pp1/p4np1/1pQ5/1P3q2/5B2/P5P1/3R3K,1,-1
5Q1k/2b2pp1/p4np1/1p6/1P3q2/5B2/P5P1/3R3K,0,-1
5Q2/2b2ppk/p4np1/1p6/1P3q2/5B2/P5P1/3R3K,1,-1
5Q2/2b2ppk/p4np1/1p6/1P3q2/5B2/P5P1/3R2K1,0,-1
5Q2/5ppk/pb3np1/1p6/1P3q2/5B2/P5P1/3R2K1,1,-1
qr1r2k1/5pp1/4pn1p/3p4/b5P1/Q1R2P2/PPP1B2P/2KN3R,0,-1
qr1r2k1/5pp1/4pn1p/8/b2p2P1/Q1R2P2/PPP1B2P/2KN3R,1,-1
qr1r2k1/5pp1/4pn1p/2R5/b2p2P1/Q4P2/PPP1B2P/2KN3R,0,-1
qr1r2k1/3n1pp1/4p2p/2R5/b2p2P1/Q4P2/PPP1B2P/2KN3R,1,-1
qr1r2k1/2Rn1pp1/4p2p/8/b2p2P1/Q4P2/PPP1B2P/2KN3R,0,-1
qr1r2k1/2R2pp1/4p2p/4n3/b2p2P1/Q4P2/PPP1B2P/2KN3R,1,-1
qr1r2k1/2R2pp1/4p2p/2Q1n3/b2p2P1/5P2/PPP1B2P/2KN3R,0,-1
qr1r2k1/2R2pp1/4p2p/2Q1n3/b5P1/3p1P2/PPP1B2P/2KN3R,1,-1
qr1r2k1/2R2pp1/4p2p/4Q3/b5P1/3p1P2/PPP1B2P/2KN3R,0,-1
qr1r2k1/2R2pp1/4p2p/4Q3/6P1/3p1P2/PPb1B2P/2KN3R,1,-1
qr1r2k1/2R2pp1/4p2p/4Q3/6P1/2Np1P2/PPb1B2P/2K4R,0,-1
qr1r2k1/2R2pp1/4p2p/4Q3/6P1/2N2P2/PPb1p2P/2K4R,1,-1
qr1r2k1/2R2pp1/4p2p/4Q3/6P1/2N2P2/PPK1p2P/7R,0,-1
1r1r2k1/2R2pp1/4p2p/4Q3/6P1/2N2q2/PPK1p2P/7R,1,-1
1r1r2k1/2R2pp1/4p2p/8/4Q1P1/2N2q2/PPK1p2P/7R,0,-1
1r1r2k1/2R2pp1/4p2p/8/4q1P1/2N5/PPK1p2P/7R,1,-1
1r1r2k1/2R2pp1/4p2p/8/4N1P1/8/PPK1p2P/7R,0,-1
1r4k1/2R2pp1/4p2p/8/4N1P1/8/PPK1p2P/3r3R,1,-1
1r4k1/2R2pp1/4p2p/8/4N1P1/8/PPK1p2P/3R4,0,-1
6k1/2R2pp1/4p2p/8/4N1P1/8/PrK1p2P/3R4,1,-1
1r6/1P5R/3K4/2P1b3/5k2/6p1/6B1/8,1,1
1r6/1P5R/2K5/2P1b3/5k2/6p1/6B1/8,0,1
4r3/1P5R/2K5/2P1b3/5k2/6p1/6B1/8,1,1
4r3/1P6/2K5/2P1b3/5k1R/6p1/6B1/8,0,1
4r3/1P6/2K5/2P1b3/7R/4k1p1/6B1/8,1,1
4r3/1P6/2K5/2P1b3/4R3/4k1p1/6B1/8,0,1
4r3/1P6/2K5/2P1b3/4R3/6p1/5kB1/8,1,1
4r3/1P6/2K5/2P1R3/8/6p1/5kB1/8,0,1
8/1P6/2K5/2P1r3/8/6p1/5kB1/8,1,1
1Q6/8/2K5/2P1r3/8/6p1/5kB1/8,0,1
1Q6/8/2K5/2r5/8/6p1/5kB1/8,1,1
1Q6/8/8/2K5/8/6p1/5kB1/8,0,1
1Q6/8/8/2K5/8/6p1/6k1/8,1,1
1Q6/8/8/8/3K4/6p1/6k1/8,0,1
1Q6/8/8/8/3K4/6p1/8/7k,1,1
1Q6/8/8/8/8/4K1p1/8/7k,0,1
1Q6/8/8/8/8/4K3/6p1/7k,1,1
7Q/8/8/8/8/4K3/6p1/7k,0,1
7Q/8/8/8/8/4K3/6p1/6k1,1,1
7Q/8/8/8/8/5K2/6p1/6k1,0,1
2r5/pR3pk1/1p2r1p1/8/8/1R3P2/P4P1P/6K1,1,0
2r5/R4pk1/1p2r1p1/8/8/1R3P2/P4P1P/6K1,0,0
8/R4pk1/1p2r1p1/8/8/1R3P2/P1r2P1P/6K1,1,0
8/R4pk1/1p2r1p1/8/P7/1R3P2/2r2P1P/6K1,0,0
8/R4pk1/1p4p1/8/P7/1R3P2/2r2P1P/4r1K1,1,0
8/R4pk1/1p4p1/8/P7/1R3P2/2r2PKP/4r3,0,0
8/R4pk1/1p4p1/8/P7/1R3P2/2r1rPKP/8,1,0
8/R4pk1/1R4p1/8/P7/5P2/2r1rPKP/8,0,0
8/R4pk1/1R4p1/8/P7/5P2/2r2rKP/8,1,0
8/R4pk1/1R4p1/8/P7/5PK1/2r2r1P/8,0,0
8/R4pk1/1R6/6p1/P7/5PK1/2r2r1P/8,1,0
8/R4pk1/1R6/6p1/P5K1/5P2/2r2r1P/8,0,0
8/R4pk1/1R6/6p1/P5K1/5P2/2r3rP/8,1,0
8/R4pk1/1R6/6pK/P7/5P2/2r3rP/8,0,0
8/R4pk1/1R6/6pK/P1r5/5P2/6rP/8,1,0
8/R4pk1/6R1/6pK/P1r5/5P2/6rP/8,0,0
5k2/R4p2/6R1/6pK/P1r5/5P2/6rP/8,1,0
R4k2/5p2/6R1/6pK/P1r5/5P2/6rP/8,0,0
R7/4kp2/6R1/6pK/P1r5/5P2/6rP/8,1,0
8/R3kp2/6R1/6pK/P1r5/5P2/6rP/8,0,0
8/4kp2/1p2bn2/pP2p2R/r4p2/2NB4/2PK4/8,0,-1
8/4kp2/1p2bn2/pP5R/r3pp2/2NB4/2PK4/8,1,-1
8/4kp2/1p2bn2/pP5R/N3pp2/3B4/2PK4/8,0,-1
8/4kp2/1p2bn2/pP5R/N4p2/3Bp3/2PK4/8,1,-1
8/4kp2/1p2bn2/pP5R/N4p2/3Bp3/2P1K3/8,0,-1
8/4kp2/1p2b3/pP5n/N4p2/3Bp3/2P1K3/8,1,-1
8/4kp2/1N2b3/pP5n/5p2/3Bp3/2P1K3/8,0,-1
8/5p2/1N1kb3/pP5n/5p2/3Bp3/2P1K3/8,1,-1
8/5p2/3kb3/pP5n/2N2p2/3Bp3/2P1K3/8,0,-1
8/5p2/3k4/pP5n/2b2p2/3Bp3/2P1K3/8,1,-1
8/5p2/3k4/pP5n/2B2p2/4p3/2P1K3/8,0,-1
8/5p2/3k4/pP6/2B2p2/4p1n1/2P1K3/8,1,-1
8/5p2/3k4/pP6/2B2p2/4pKn1/2P5/8,0,-1
8/5p2/8/pPk5/2B2p2/4pKn1/2P5/8,1,-1
8/5p2/8/pPk5/5p2/3BpKn1/2P5/8,0,-1
8/5p2/8/1Pk5/p4p2/3BpKn1/2P5/8,1,-1
8/5p2/8/1Pk5/p1P2p2/3BpKn1/8/8,0,-1
8/5p2/8/1Pk5/2P2p2/p2BpKn1/8/8,1,-1
8/5p2/8/1Pk5/2P2p2/p3pKn1/8/1B6,0,-1
8/5p2/8/1Pk5/2P1np2/p3pK2/8/1B6,1,-1
2R5/8/3kpp2/4n3/4P3/r5p1/4B1P1/4K3,0,0
2R5/5n2/3kpp2/8/4P3/r5p1/4B1P1/4K3,1,0
5R2/5n2/3kpp2/8/4P3/r5p1/4B1P1/4K3,0,0
5R2/4kn2/4pp2/8/4P3/r5p1/4B1P1/4K3,1,0
6R1/4kn2/4pp2/8/4P3/r5p1/4B1P1/4K3,0,0
6R1/4k3/4pp2/6n1/4P3/r5p1/4B1P1/4K3,1,0
6R1/4k3/4pp2/4P1n1/8/r5p1/4B1P1/4K3,0,0
6R1/4k3/4pp2/4P1n1/8/6p1/4B1P1/r3K3,1,0
6R1/4k3/4pp2/4P1n1/8/6p1/3KB1P1/r7,0,0
6R1/5k2/4pp2/4P1n1/8/6p1/3KB1P1/r7,1,0
1R6/5k2/4pp2/4P1n1/8/6p1/3KB1P1/r7,0,0
1R6/5k2/4p3/4p1n1/8/6p1/3KB1P1/r7,1,0
8/5k2/4p3/4p1n1/8/1R4p1/3KB1P1/r7,0,0
8/5k2/4p3/4p1n1/8/1R4p1/3KB1P1/6r1,1,0
8/5k2/4p3/4p1n1/8/1R3Bp1/3K2P1/6r1,0,0
8/5k2/4p3/6n1/4p3/1R3Bp1/3K2P1/6r1,1,0
8/5k2/4p3/6nB/4p3/1R4p1/3K2P1/6r1,0,0
8/8/4pk2/6nB/4p3/1R4p1/3K2P1/6r1,1,0
8/8/4pk2/6nB/4p3/6R1/3K2P1/6r1,0,0
8/8/4p3/5knB/4p3/6R1/3K2P1/6r1,1,0
r4rk1/1b1qbp1p/p5pP/1p2p3/4P3/P2QB3/1PP1N1P1/R4RK1,0,-1
r4rk1/1b2bp1p/p3q1pP/1p2p3/4P3/P2QB3/1PP1N1P1/R4RK1,1,-1
r4rk1/1b2bp1p/p3q1pP/1p2p3/4P3/P2QB1N1/1PP3P1/R4RK1,0,-1
3r1rk1/1b2bp1p/p3q1pP/1p2p3/4P3/P2QB1N1/1PP3P1/R4RK1,1,-1
3r1rk1/1b2bp1p/p3q1pP/1p2p3/4P3/P3B1N1/1PP1Q1P1/R4RK1,0,-1
3r1rk1/1b2b2p/p3q1pP/1p2pp2/4P3/P3B1N1/1PP1Q1P1/R4RK1,1,-1
3r1rk1/1b2b2p/p3q1pP/1p2pP2/8/P3B1N1/1PP1Q1P1/R4RK1,0,-1
3r1rk1/1b2b2p/p3q2P/1p2pp2/8/P3B1N1/1PP1Q1P1/R4RK1,1,-1
3r1rk1/1b2b2p/p3q2P/1p2pp2/8/P3B1N1/1PP1Q1P1/4RRK1,0,-1
3r1rk1/1b2b2p/p5qP/1p2pp2/8/P3B1N1/1PP1Q1P1/4RRK1,1,-1
3r1rk1/1b2b2p/p5qP/1p2pp2/5B2/P5N1/1PP1Q1P1/4RRK1,0,-1
3r1rk1/1b5p/p5qP/1pb1pp2/5B2/P5N1/1PP1Q1P1/4RRK1,1,-1
3r1rk1/1b5p/p5qP/1pb1pp2/8/P3B1N1/1PP1Q1P1/4RRK1,0,-1
3r1rk1/1b5p/p2b2qP/1p2pp2/8/P3B1N1/1PP1Q1P1/4RRK1,1,-1
3r1rk1/1b5p/p2b2qP/1p2pR2/8/P3B1N1/1PP1Q1P1/4R1K1,0,-1
3r2k1/1b5p/p2b2qP/1p2pr2/8/P3B1N1/1PP1Q1P1/4R1K1,1,-1
3r2k1/1b5p/p2b2qP/1p2pN2/8/P3B3/1PP1Q1P1/4R1K1,0,-1
3r2k1/1b5p/p2b3P/1p2pq2/8/P3B3/1PP1Q1P1/4R1K1,1,-1
3r2k1/1b5p/p2b3P/1p2pq2/8/P3B3/1PP1Q1P1/5RK1,0,-1
3r2k1/1b5p/p2b2qP/1p2p3/8/P3B3/1PP1Q1P1/5RK1,1,-1
8/1R3pk1/3q1bp1/4n2p/8/6QP/5PP1/6K1,0,-1
8/1R3pk1/5bp1/4n2p/8/6QP/5PP1/3q2K1,1,-1
8/1R3pk1/5bp1/4n2p/8/6QP/5PPK/3q4,0,-1
8/1R3pk1/5bp1/4n3/7p/6QP/5PPK/3q4,1,-1
8/1R3pk1/5bp1/4n3/7p/1Q5P/5PPK/3q4,0,-1
8/1R3pk1/5bp1/4n3/7p/1Q5P/3q1PPK/8,1,-1
8/1R3pk1/5bp1/4n3/7p/4Q2P/3q1PPK/8,0,-1
8/1R3pk1/3q1bp1/4n3/7p/4Q2P/5PPK/8,1,-1
8/1R3pk1/3q1bp1/4n3/7p/4Q2P/5PP1/6K1,0,-1
8/1R3pk1/5bp1/4n3/7p/4Q2P/5PP1/3q2K1,1,-1
8/1R3pk1/5bp1/4n3/7p/4Q2P/5PPK/3q4,0,-1
8/1R3pk1/5bp1/8/2n4p/4Q2P/5PPK/3q4,1,-1
8/1R3pk1/5bp1/8/2n1Q2p/7P/5PPK/3q4,0,-1
8/1R3pk1/5bp1/8/4Q2p/7P/3n1PPK/3q4,1,-1
8/1R3pk1/5bp1/8/6Qp/7P/3n1PPK/3q4,0,-1
8/1R3pk1/6p1/4b3/6Qp/7P/3n1PPK/3q4,1,-1
8/1R3pk1/6p1/4b3/6Qp/6PP/3n1P1K/3q4,0,-1
8/1R3pk1/6p1/4b3/6Q1/6pP/3n1P1K/3q4,1,-1
8/1R3pk1/6p1/4b3/6Q1/6PP/3n3K/3q4,0,-1
8/1R3pk1/6p1/4b3/6Q1/6PP/3n3K/5q2,1,-1
8/8/2nkp3/7b/q2pB2P/1pB3P1/1P3P2/3Q2K1,1,1
8/8/2nkp3/7b/q2pB2P/1pB2PP1/1P6/3Q2K1,0,1
8/4k3/2n1p3/7b/q2pB2P/1pB2PP1/1P6/3Q2K1,1,1
8/4k3/2n1p3/7b/q2pB2P/1p3PP1/1P1B4/3Q2K1,0,1
8/4k3/4p3/4n2b/q2pB2P/1p3PP1/1P1B4/3Q2K1,1,1
8/4k3/4p3/4n1Bb/q2pB2P/1p3PP1/1P6/3Q2K1,0,1
8/5k2/4p3/4n1Bb/q2pB2P/1p3PP1/1P6/3Q2K1,1,1
8/5k2/4p3/4n1Bb/q2pB2P/1p3PP1/1P6/2Q3K1,0,1
8/5k2/4p3/q3n1Bb/3pB2P/1p3PP1/1P6/2Q3K1,1,1
8/5k2/4p3/q3n1Bb/3pB2P/1p3PP1/1P4K1/2Q5,0,1
8/5k2/4p3/1q2n1Bb/3pB2P/1p3PP1/1P4K1/2Q5,1,1
8/2Q2k2/4p3/1q2n1Bb/3pB2P/1p3PP1/1P4K1/8,0,1
8/2Qn1k2/4p3/1q4Bb/3pB2P/1p3PP1/1P4K1/8,1,1
8/2Qn1k2/4p3/1q4Bb/3pB2P/1p3PP1/1P3K2/8,0,1
8/2Qn1k2/4p3/1q4Bb/4B2P/1p1p1PP1/1P3K2/8,1,1
8/2Qn1k2/4p3/1q4Bb/4B1PP/1p1p1P2/1P3K2/8,0,1
8/2Qn1k2/4p1b1/1q4B1/4B1PP/1p1p1P2/1P3K2/8,1,1
8/3n1k2/4p1b1/1q4B1/4BQPP/1p1p1P2/1P3K2/8,0,1
8/3n2k1/4p1b1/1q4B1/4BQPP/1p1p1P2/1P3K2/8,1,1
8/3n2k1/4p1bB/1q6/4BQPP/1p1p1P2/1P3K2/8,0,1
6k1/4b2p/p2Np1p1/4P1r1/1p3r2/8/PPP1R2P/3R3K,1,1
6k1/4b2p/p2Np1p1/4P1r1/1pP2r2/8/PP2R2P/3R3K,0,1
6k1/4b2p/p2Np1p1/4P1r1/5r2/2p5/PP2R2P/3R3K,1,1
6k1/4b2p/p2Np1p1/4P1r1/5r2/2P5/P3R2P/3R3K,0,1
6k1/4b2p/p2Np1p1/4P1r1/8/2P2r2/P3R2P/3R3K,1,1
6k1/4b2p/p2Np1p1/4P1r1/2P5/5r2/P3R2P/3R3K,0,1
6k1/4b2p/p2Np1p1/4P3/2P3r1/5r2/P3R2P/3R3K,1,1
6k1/4b2p/p2Np1p1/4P3/2P3r1/5r2/P1R4P/3R3K,0,1
6k1/4b2p/p2Np1p1/4P3/2P3r1/4r3/P1R4P/3R3K,1,1
6k1/4b2p/p2Np1p1/2P1P3/6r1/4r3/P1R4P/3R3K,0,1
6k1/4b2p/p2Np1p1/2P1r3/6r1/8/P1R4P/3R3K,1,1
6k1/1N2b2p/p3p1p1/2P1r3/6r1/8/P1R4P/3R3K,0,1
6k1/1N2b2p/p3p1p1/2P2r2/6r1/8/P1R4P/3R3K,1,1
6k1/1N2b2p/p1P1p1p1/5r2/6r1/8/P1R4P/3R3K,0,1
5rk1/1N2b2p/p1P1p1p1/8/6r1/8/P1R4P/3R3K,1,1
5rk1/1NP1b2p/p3p1p1/8/6r1/8/P1R4P/3R3K,0,1
2r3k1/1NP1b2p/p3p1p1/8/6r1/8/P1R4P/3R3K,1,1
2r3k1/1NPRb2p/p3p1p1/8/6r1/8/P1R4P/7K,0,1
2r2k2/1NPRb2p/p3p1p1/8/6r1/8/P1R4P/7K,1,1
2r2k2/2PRb2p/p2Np1p1/8/6r1/8/P1R4P/7K,0,1
1r3rk1/2qbbppp/p1nppn2/1p6/3NPP2/P2BBQ2/1PP1N1PP/R3R1K1,0,-1
1r3rk1/2qbbppp/p1np1n2/1p2p3/3NPP2/P2BBQ2/1PP1N1PP/R3R1K1,1,-1
1r3rk1/2qbbppp/p1np1n2/1p2pN2/4PP2/P2BBQ2/1PP1N1PP/R3R1K1,0,-1
1r3rk1/2q1bppp/p1np1n2/1p2pb2/4PP2/P2BBQ2/1PP1N1PP/R3R1K1,1,-1
1r3rk1/2q1bppp/p1np1n2/1p2pP2/5P2/P2BBQ2/1PP1N1PP/R3R1K1,0,-1
1r3rk1/2q1bppp/p1n2n2/1p1ppP2/5P2/P2BBQ2/1PP1N1PP/R3R1K1,1,-1
1r3rk1/2q1bppp/p1n2n2/1p1pPP2/8/P2BBQ2/1PP1N1PP/R3R1K1,0,-1
1r3rk1/2q1bppp/p4n2/1p1pnP2/8/P2BBQ2/1PP1N1PP/R3R1K1,1,-1
1r3rk1/2q1bppp/p4n2/1p1pnP2/8/P2BB2Q/1PP1N1PP/R3R1K1,0,-1
1r3rk1/2q1bppp/p4n2/1p1p1P2/6n1/P2BB2Q/1PP1N1PP/R3R1K1,1,-1
1r3rk1/2q1bppp/p4n2/1p1p1P2/3B2n1/P2B3Q/1PP1N1PP/R3R1K1,0,-1
1r2r1k1/2q1bppp/p4n2/1p1p1P2/3B2n1/P2B3Q/1PP1N1PP/R3R1K1,1,-1
1r2r1k1/2q1bppp/p4n2/1p1p1P2/3B2n1/P1PB3Q/1P2N1PP/R3R1K1,0,-1
1r2r1k1/2q2ppp/p2b1n2/1p1p1P2/3B2n1/P1PB3Q/1P2N1PP/R3R1K1,1,-1
1r2r1k1/2q2ppp/p2b1n2/1p1p1P2/3B2n1/P1PB2NQ/1P4PP/R3R1K1,0,-1
1r2r1k1/2q2ppp/p4n2/1p1pbP2/3B2n1/P1PB2NQ/1P4PP/R3R1K1,1,-1
1r2r1k1/2q2ppp/p4n2/1p1pbP2/3B2n1/P1P3NQ/1P2B1PP/R3R1K1,0,-1
1r2r1k1/2q2ppp/p4n2/1p1p1P2/3b2n1/P1P3NQ/1P2B1PP/R3R1K1,1,-1
1r2r1k1/2q2ppp/p4n2/1p1p1P2/3P2n1/P5NQ/1P2B1PP/R3R1K1,0,-1
1r2r1k1/5ppp/p4n2/1p1p1P2/3P1qn1/P5NQ/1P2B1PP/R3R1K1,1,-1
5rk1/1q3ppp/5n2/P3p3/Q7/1r3b2/1P3PPP/R1B1R1K1,1,0
5rk1/1q3ppp/P4n2/4p3/Q7/1r3b2/1P3PPP/R1B1R1K1,0,0
5rk1/5ppp/P4n2/3qp3/Q7/1r3b2/1P3PPP/R1B1R1K1,1,0
5rk1/5ppp/P4n2/3qp3/Q7/1r3P2/1P3P1P/R1B1R1K1,0,0
5rk1/5ppp/P4n2/4p3/Q7/1r3q2/1P3P1P/R1B1R1K1,1,0
5rk1/5ppp/P4n2/4p3/Q7/1r2Bq2/1P3P1P/R3R1K1,0,0
5rk1/5ppp/P4n2/4p3/Q7/3rBq2/1P3P1P/R3R1K1,1,0
5rk1/5ppp/P4n2/4p3/Q7/3rBq2/1P3P1P/3RR1K1,0,0
5rk1/5ppp/P4n2/8/Q3p3/3rBq2/1P3P1P/3RR1K1,1,0
5rk1/5ppp/P4n2/8/Q3p3/3RBq2/1P3P1P/4R1K1,0,0
5rk1/5ppp/P4n2/8/Q3p1q1/3RB3/1P3P1P/4R1K1,1,0
5rk1/5ppp/P4n2/8/Q3p1q1/3RB3/1P3P1P/4RK2,0,0
5rk1/5ppp/P4n2/8/Q3p3/3RB2q/1P3P1P/4RK2,1,0
5rk1/5ppp/P4n2/8/Q3p3/3RB2q/1P3P1P/4R1K1,0,0
5rk1/5ppp/P4n2/8/Q3p1q1/3RB3/1P3P1P/4R1K1,1,0
5rk1/5ppp/P4n2/8/Q3p1q1/3RB3/1P3P1P/4RK2,0,0
5rk1/5ppp/P4n2/8/Q3p3/3RB2q/1P3P1P/4RK2,1,0
5rk1/5ppp/P4n2/8/Q3p3/3RB2q/1P3P1P/4R1K1,0,0
5rk1/5ppp/P4n2/8/Q3p1q1/3RB3/1P3P1P/4R1K1,1,0
5rk1/5ppp/P4n2/8/Q3p1q1/3RB3/1P3P1P/4RK2,0,0
8/8/6k1/5R2/4p1PP/6K1/8/4r3,1,1
8/8/6k1/5R1P/4p1P1/6K1/8/4r3,0,1
8/6k1/8/5R1P/4p1P1/6K1/8/4r3,1,1
8/6k1/8/5R1P/4p1P1/8/5K2/4r3,0,1
8/6k1/8/5R1P/4p1P1/8/5K2/r7,1,1
8/6k1/8/5R1P/4p1P1/4K3/8/r7,0,1
8/6k1/8/5R1P/4p1P1/4K3/8/4r3,1,1
8/6k1/8/5R1P/4pKP1/8/8/4r3,0,1
8/6k1/8/5R1P/5KP1/4p3/8/4r3,1,1
8/6k1/8/4R2P/5KP1/4p3/8/4r3,0,1
8/6k1/8/4R2P/5KP1/8/4p3/4r3,1,1
8/6k1/8/4R2P/6P1/5K2/4p3/4r3,0,1
8/8/5k2/4R2P/6P1/5K2/4p3/4r3,1,1
8/8/5k2/7P/6P1/5K2/4R3/4r3,0,1
8/8/5k2/7P/6P1/5K2/4R3/r7,1,1
8/8/5k2/7P/5KP1/8/4R3/r7,0,1
8/8/5k2/7P/5KP1/8/4R3/5r2,1,1
8/8/5k2/7P/6P1/6K1/4R3/5r2,0,1
8/8/5k2/7P/6P1/6K1/4R3/6r1,1,1
8/8/5k2/7P/6P1/6K1/6R1/6r1,0,1
1b6/8/8/P4N1p/5p2/4pP1k/4K3/8,1,0
1b6/8/8/P4N1p/5p2/4pP1k/8/5K2,0,0
8/b7/8/P4N1p/5p2/4pP1k/8/5K2,1,0
8/b7/P7/5N1p/5p2/4pP1k/8/5K2,0,0
1b6/8/P7/5N1p/5p2/4pP1k/8/5K2,1,0
1b6/8/P7/5N1p/5p2/4pP1k/4K3/8,0,0
1b6/8/P7/5N1p/5p2/4pP2/4K1k1/8,1,0
1b6/8/P7/7p/5p1N/4pP2/4K1k1/8,0,0
1b6/8/P7/7p/5p1N/4pP1k/4K3/8,1,0
1b6/8/P7/5N1p/5p2/4pP1k/4K3/8,0,0
1b6/8/P7/5N2/5p1p/4pP1k/4K3/8,1,0
1b6/8/P7/5N2/5p1p/4pP1k/8/5K2,0,0
8/b7/P7/5N2/5p1p/4pP1k/8/5K2,1,0
8/b7/P7/5N2/5p1p/4pP1k/4K3/8,0,0
1b6/8/P7/5N2/5p1p/4pP1k/4K3/8,1,0
1b6/8/P7/5N2/5p1p/4pP1k/8/5K2,0,0
8/b7/P7/5N2/5p1p/4pP1k/8/5K2,1,0
8/b7/P7/5N2/5p1p/4pP1k/4K3/8,0,0
1b6/8/P7/5N2/5p1p/4pP1k/4K3/8,1,0
1b6/8/P7/5N2/5p1p/4pP1k/8/5K2,0,0
2r5/1p3kbp/4p1p1/2P5/1P1p4/3B3P/5PP1/r2R2K1,1,1
2r5/1p3kbp/4p1p1/2P5/1P1p4/3B3P/5PP1/R5K1,0,1
2r5/1p3k1p/4p1pb/2P5/1P1p4/3B3P/5PP1/R5K1,1,1
2r5/Rp3k1p/4p1pb/2P5/1P1p4/3B3P/5PP1/6K1,0,1
8/Rpr2k1p/4p1pb/2P5/1P1p4/3B3P/5PP1/6K1,1,1
8/Rpr2k1p/4p1pb/2P5/1P1pB3/7P/5PP1/6K1,0,1
8/Rpr2k1p/4p1pb/2P5/1P2B3/3p3P/5PP1/6K1,1,1
8/Rpr2k1p/4p1pb/2P5/1P6/3B3P/5PP1/6K1,0,1
8/Rpr2k1p/4p1p1/2P5/1P6/3B3P/3b1PP1/6K1,1,1
8/Rpr2k1p/4p1p1/1PP5/8/3B3P/3b1PP1/6K1,0,1
8/Rp3k1p/4p1p1/1Pr5/8/3B3P/3b1PP1/6K1,1,1
8/1R3k1p/4p1p1/1Pr5/8/3B3P/3b1PP1/6K1,0,1
6k1/1R5p/4p1p1/1Pr5/8/3B3P/3b1PP1/6K1,1,1
6k1/1R5p/1P2p1p1/2r5/8/3B3P/3b1PP1/6K1,0,1
6k1/1R5p/1Pr1p1p1/8/8/3B3P/3b1PP1/6K1,1,1
6k1/1R5p/1Pr1p1p1/8/8/3B2PP/3b1P2/6K1,0,1
6k1/1R5p/1Pr1p1p1/8/1b6/3B2PP/5P2/6K1,1,1
6k1/1R5p/1Pr1p1p1/8/1b2B3/6PP/5P2/6K1,0,1
6k1/1R5p/1P2p1p1/8/1br1B3/6PP/5P2/6K1,1,1
6k1/2R4p/1P2p1p1/8/1br1B3/6PP/5P2/6K1,0,1
2r2rk1/1p5p/1R3pp1/3b4/R2N1b2/2P5/1P3BPP/7K,0,0
r4rk1/1p5p/1R3pp1/3b4/R2N1b2/2P5/1P3BPP/7K,1,0
r4rk1/1p5p/1R3pp1/3b4/R2N1b2/1PP5/5BPP/7K,0,0
5rk1/1p5p/1R3pp1/3b4/r2N1b2/1PP5/5BPP/7K,1,0
5rk1/1p5p/1R3pp1/3b4/P2N1b2/2P5/5BPP/7K,0,0
5rk1/1p5p/1R3pp1/3bb3/P2N4/2P5/5BPP/7K,1,0
5rk1/1p5p/1R3pp1/3bb3/P2N4/2P3B1/6PP/7K,0,0
5rk1/1p5p/1R3pp1/3b4/P2b4/2P3B1/6PP/7K,1,0
5rk1/1p5p/1R3pp1/3b4/P2P4/6B1/6PP/7K,0,0
2r3k1/1p5p/1R3pp1/3b4/P2P4/6B1/6PP/7K,1,0
2r3k1/1p5p/1R3pp1/3b4/P2P4/6B1/6PP/6K1,0,0
2r5/1p3k1p/1R3pp1/3b4/P2P4/6B1/6PP/6K1,1,0
2r5/1p3k1p/3R1pp1/3b4/P2P4/6B1/6PP/6K1,0,0
2r5/1p3k1p/3R1pp1/8/P2Pb3/6B1/6PP/6K1,1,0
2r5/1p3k1p/3R1pp1/3P4/P3b3/6B1/6PP/6K1,0,0
8/1p3k1p/3R1pp1/2rP4/P3b3/6B1/6PP/6K1,1,0
8/1p1R1k1p/5pp1/2rP4/P3b3/6B1/6PP/6K1,0,0
4k3/1p1R3p/5pp1/2rP4/P3b3/6B1/6PP/6K1,1,0
4k3/1R5p/5pp1/2rP4/P3b3/6B1/6PP/6K1,0,0
4k3/1R5p/5pp1/2rb4/P7/6B1/6PP/6K1,1,0
8/5p2/p2p1k2/3P1Bp1/n1P3P1/P2K4/8/8,1,0
8/5p2/p2p1k2/3P1Bp1/n1PK2P1/P7/8/8,0,0
8/5p2/p2p1k2/2nP1Bp1/2PK2P1/P7/8/8,1,0
2B5/5p2/p2p1k2/2nP2p1/2PK2P1/P7/8/8,0,0
2B5/5p2/3p1k2/p1nP2p1/2PK2P1/P7/8/8,1,0
8/5p2/3p1k2/p1nP1Bp1/2PK2P1/P7/8/8,0,0
8/4kp2/3p4/p1nP1Bp1/2PK2P1/P7/8/8,1,0
2B5/4kp2/3p4/p1nP2p1/2PK2P1/P7/8/8,0,0
2B5/4k3/3p1p2/p1nP2p1/2PK2P1/P7/8/8,1,0
8/4k3/3p1p2/p1nP1Bp1/2PK2P1/P7/8/8,0,0
3k4/8/3p1p2/p1nP1Bp1/2PK2P1/P7/8/8,1,0
3k4/8/3p1p2/p1nP2p1/2PK2P1/P7/2B5/8,0,0
8/2k5/3p1p2/p1nP2p1/2PK2P1/P7/2B5/8,1,0
8/2k5/3p1p2/p1nP1Bp1/2PK2P1/P7/8/8,0,0
8/8/1k1p1p2/p1nP1Bp1/2PK2P1/P7/8/8,1,0
8/8/1k1p1p2/p1nP2p1/2PK2P1/P7/2B5/8,0,0
8/3n4/1k1p1p2/p2P2p1/2PK2P1/P7/2B5/8,1,0
8/3n4/1k1p1p2/p2P2p1/2PK2P1/P2B4/8/8,0,0
8/8/1k1p1p2/p2Pn1p1/2PK2P1/P2B4/8/8,1,0
8/8/1k1p1p2/p2Pn1p1/2PK2P1/P7/4B3/8,0,0
8/1pknQ3/p3prp1/3p3p/B7/2q4P/P1P3P1/1K1R4,0,-1
8/2knQ3/p3prp1/1p1p3p/B7/2q4P/P1P3P1/1K1R4,1,-1
8/2knQ3/p3prp1/1p1p3p/8/1Bq4P/P1P3P1/1K1R4,0,-1
8/2knQ3/p3prp1/1pqp3p/8/1B5P/P1P3P1/1K1R4,1,-1
8/2kn3Q/p3prp1/1pqp3p/8/1B5P/P1P3P1/1K1R4,0,-1
8/2kn3Q/4prp1/ppqp3p/8/1B5P/P1P3P1/1K1R4,1,-1
8/2kn3Q/4prp1/ppqp3p/8/1BP4P/P5P1/1K1R4,0,-1
8/2kn3Q/4prp1/1pqp3p/p7/1BP4P/P5P1/1K1R4,1,-1
8/2kn3Q/4prp1/1pqp3p/p7/2P4P/P1B3P1/1K1R4,0,-1
8/3n3Q/3kprp1/1pqp3p/p7/2P4P/P1B3P1/1K1R4,1,-1
8/3n3Q/3kprB1/1pqp3p/p7/2P4P/P5P1/1K1R4,0,-1
8/3n3Q/3kprB1/1p1p3p/p7/2q4P/P5P1/1K1R4,1,-1
4B3/3n3Q/3kpr2/1p1p3p/p7/2q4P/P5P1/1K1R4,0,-1
4B3/3n3Q/3kpr2/1p1p3p/pq6/7P/P5P1/1K1R4,1,-1
4B3/3n3Q/3kpr2/1p1p3p/pq6/7P/P5P1/K2R4,0,-1
4B3/3n3Q/3kpr2/1p1p3p/p7/2q4P/P5P1/K2R4,1,-1
4B3/3n3Q/3kpr2/1p1p3p/p7/2q4P/P5P1/1K1R4,0,-1
4B3/7Q/3kpr2/1pnp3p/p7/2q4P/P5P1/1K1R4,1,-1
4B3/Q7/3kpr2/1pnp3p/p7/2q4P/P5P1/1K1R4,0,-1
4B3/Q7/3kp3/1pnp3p/p7/2q4P/P4rP1/1K1R4,1,-1
b4k2/3qbp1p/4p3/1P1r4/P3p3/1QP3P1/4N2P/1K2R3,0,-1
b4k2/3qbp1p/4p3/1P6/P3p3/1QP3P1/3rN2P/1K2R3,1,-1
b4k2/3qbp1p/4p3/1P6/P3p3/1QP3P1/3r3P/1KN1R3,0,-1
b4k2/3q1p1p/4p3/1Pb5/P3p3/1QP3P1/3r3P/1KN1R3,1,-1
b4k2/3q1p1p/4p3/PPb5/4p3/1QP3P1/3r3P/1KN1R3,0,-1
b4k2/3q1p1p/4p3/PPb5/8/1QP1p1P1/3r3P/1KN1R3,1,-1
b4k2/3q1p1p/P3p3/1Pb5/8/1QP1p1P1/3r3P/1KN1R3,0,-1
5k2/3q1p1p/P3p3/1Pb5/4b3/1QP1p1P1/3r3P/1KN1R3,1,-1
5k2/3q1p1p/P3p3/1Pb5/4b3/1QP1p1P1/3r3P/K1N1R3,0,-1
5k2/2q2p1p/P3p3/1Pb5/4b3/1QP1p1P1/3r3P/K1N1R3,1,-1
5k2/2q2p1p/P3p3/1Pb5/Q3b3/2P1p1P1/3r3P/K1N1R3,0,-1
5k2/2q2p1p/P3p3/1P6/Q2bb3/2P1p1P1/3r3P/K1N1R3,1,-1
5k2/2q2p1p/P3p3/1P6/1Q1bb3/2P1p1P1/3r3P/K1N1R3,0,-1
5k2/2q2p1p/P3p3/1Pb5/1Q2b3/2P1p1P1/3r3P/K1N1R3,1,-1
5k2/2q2p1p/P3p3/1Pb5/Q3b3/2P1p1P1/3r3P/K1N1R3,0,-1
5k2/2q2p1p/P3p3/1Pbb4/Q7/2P1p1P1/3r3P/K1N1R3,1,-1
5k2/2q2p1p/P3p3/1Pbb4/Q7/1NP1p1P1/3r3P/K3R3,0,-1
5k2/2q2p1p/P3p3/1Pb5/Q7/1bP1p1P1/3r3P/K3R3,1,-1
5k2/2q2p1p/P3p3/1Pb5/8/1QP1p1P1/3r3P/K3R3,0,-1
5k2/2q2p1p/P3p3/1Pb5/8/1QP3P1/3rp2P/K3R3,1,-1
5r2/5P1k/p2p2pb/1p1N2q1/1Pr1P3/2P3P1/P1Q2K2/1R5R,1,1
5r2/5P1k/p2p2pb/1p1N2q1/1Pr1P3/2P3P1/P1Q3K1/1R5R,0,1
8/5r1k/p2p2pb/1p1N2q1/1Pr1P3/2P3P1/P1Q3K1/1R5R,1,1
8/5r1k/p2p2pb/1p1N2q1/1Pr1P3/2P3P1/P1Q3K1/5R1R,0,1
8/7k/p2p2pb/1p1N2q1/1Pr1P3/2P3P1/P1Q3K1/5r1R,1,1
8/7k/p2p2pb/1p1N2q1/1Pr1P3/2P3P1/P1Q3K1/5R2,0,1
8/6bk/p2p2p1/1p1N2q1/1Pr1P3/2P3P1/P1Q3K1/5R2,1,1
8/6bk/p2p2p1/1p1N2q1/1Pr1P3/2PQ2P1/P5K1/5R2,0,1
8/7k/p2p2p1/1p1Nb1q1/1Pr1P3/2PQ2P1/P5K1/5R2,1,1
8/7k/p2p2p1/1p1Nb1q1/1Pr1P3/2P2QP1/P5K1/5R2,0,1
8/7k/p2p2p1/1p1Nb3/1Pr1P3/2P2QP1/P2q2K1/5R2,1,1
8/7k/p2p2p1/1p1Nb3/1Pr1P3/2P2QP1/P2q1RK1/8,0,1
8/7k/p2p2pq/1p1Nb3/1Pr1P3/2P2QP1/P4RK1/8,1,1
8/5Q1k/p2p2pq/1p1Nb3/1Pr1P3/2P3P1/P4RK1/8,0,1
8/5Qqk/p2p2p1/1p1Nb3/1Pr1P3/2P3P1/P4RK1/8,1,1
8/6qk/p2pQ1p1/1p1Nb3/1Pr1P3/2P3P1/P4RK1/8,0,1
6q1/7k/p2pQ1p1/1p1Nb3/1Pr1P3/2P3P1/P4RK1/8,1,1
6q1/5R1k/p2pQ1p1/1p1Nb3/1Pr1P3/2P3P1/P5K1/8,0,1
6qk/5R2/p2pQ1p1/1p1Nb3/1Pr1P3/2P3P1/P5K1/8,1,1
6qk/5R2/p2p2p1/1p1Nb3/1Pr1P3/2P3PQ/P5K1/8,0,1
3r2k1/1p1r1p1p/p1n1pbp1/2pn4/2N1B3/1PPP2PP/1P1B1P2/R3R1K1,1,0
3r2k1/1p1r1p1p/p1n1pbp1/2pn4/2N1B3/1PPP2PP/1P1B1PK1/R3R3,0,0
3r2k1/1p1rbp1p/p1n1p1p1/2pn4/2N1B3/1PPP2PP/1P1B1PK1/R3R3,1,0
3r2k1/1p1rbp1p/p1n1p1p1/2pn4/2N1B2P/1PPP2P1/1P1B1PK1/R3R3,0,0
3r2k1/1p1rbp2/p1n1p1p1/2pn3p/2N1B2P/1PPP2P1/1P1B1PK1/R3R3,1,0
3r2k1/1p1rbp2/p1n1p1pB/2pn3p/2N1B2P/1PPP2P1/1P3PK1/R3R3,0,0
3r4/1p1rbp1k/p1n1p1pB/2pn3p/2N1B2P/1PPP2P1/1P3PK1/R3R3,1,0
3r4/1p1rbp1k/p1n1p1p1/2pn3p/2N1B2P/1PPP2P1/1P1B1PK1/R3R3,0,0
3r2k1/1p1rbp2/p1n1p1p1/2pn3p/2N1B2P/1PPP2P1/1P1B1PK1/R3R3,1,0
3r2k1/1p1rbp2/p1n1p1p1/2pn3p/2N1B2P/1PPP2P1/1P1BRPK1/R7,0,0
3r4/1p1rbpk1/p1n1p1p1/2pn3p/2N1B2P/1PPP2P1/1P1BRPK1/R7,1,0
3r4/1p1rbpk1/p1n1p1p1/2pn3p/2N1B2P/1PPP2PK/1P1BRP2/R7,0,0
3r4/1p1r1pk1/p1n1pbp1/2pn3p/2N1B2P/1PPP2PK/1P1BRP2/R7,1,0
3r4/1p1r1pk1/p1n1pbp1/2pn3p/2N1B2P/1PPP2PK/RP1BRP2/8,0,0
3r2k1/1p1r1p2/p1n1pbp1/2pn3p/2N1B2P/1PPP2PK/RP1BRP2/8,1,0
3r2k1/1p1r1p2/p1n1pbp1/2pn3p/2N1B2P/1PPP2PK/1P1BRP2/R7,0,0
3r4/1p1r1pk1/p1n1pbp1/2pn3p/2N1B2P/1PPP2PK/1P1BRP2/R7,1,0
3r4/1p1r1pk1/p1n1pbp1/2pn3p/2N1B2P/1PPP2PK/1P2RP2/R3B3,0,0
3r4/1pr2pk1/p1n1pbp1/2pn3p/2N1B2P/1PPP2PK/1P2RP2/R3B3,1,0
3r4/1pr2pk1/p1n1pbp1/2pn3p/2N1B2P/1PPP2PK/1P1BRP2/R7,0,0
8/8/p4b2/1p2pkpB/8/PP6/1PK5/8,0,-1
8/8/p4b2/1p2pk1B/6p1/PP6/1PK5/8,1,-1
8/8/p4b2/1p2pk1B/6p1/PP6/1P1K4/8,0,-1
8/8/p4b2/1p3k1B/4p1p1/PP6/1P1K4/8,1,-1
8/8/p4b2/1p3k1B/P3p1p1/1P6/1P1K4/8,0,-1
8/8/p4b2/5k1B/Pp2p1p1/1P6/1P1K4/8,1,-1
8/8/p4b2/P4k1B/1p2p1p1/1P6/1P1K4/8,0,-1
3b4/8/p7/P4k1B/1p2p1p1/1P6/1P1K4/8,1,-1
3b4/5B2/p7/P4k2/1p2p1p1/1P6/1P1K4/8,0,-1
8/5B2/p7/b4k2/1p2p1p1/1P6/1P1K4/8,1,-1
8/8/p7/b4k2/1pB1p1p1/1P6/1P1K4/8,0,-1
8/8/p7/b4k2/1pB1p3/1P4p1/1P1K4/8,1,-1
8/8/p7/b4k2/1pB1p3/1P4p1/1P2K3/8,0,-1
8/8/pb6/5k2/1pB1p3/1P4p1/1P2K3/8,1,-1
8/8/pb6/5k2/1pB1p3/1P4p1/1P6/5K2,0,-1
8/8/1b6/p4k2/1pB1p3/1P4p1/1P6/5K2,1,-1
8/8/1b6/p4k2/1pB1p3/1P4p1/1P4K1/8,0,-1
8/8/1b6/p7/1pB1pk2/1P4p1/1P4K1/8,1,-1
8/8/1b6/p2B4/1p2pk2/1P4p1/1P4K1/8,0,-1
8/8/8/p2B4/1p1bpk2/1P4p1/1P4K1/8,1,-1
3R4/P4pkp/5np1/1P6/8/6P1/4K3/r7,1,1
Q2R4/5pkp/5np1/1P6/8/6P1/4K3/r7,0,1
r2R4/5pkp/5np1/1P6/8/6P1/4K3/8,1,1
R7/5pkp/5np1/1P6/8/6P1/4K3/8,0,1
R7/5pkp/6p1/1P1n4/8/6P1/4K3/8,1,1
R7/5pkp/6p1/1P1n4/8/3K2P1/8/8,0,1
R7/5p1p/5kp1/1P1n4/8/3K2P1/8/8,1,1
R7/5p1p/1P3kp1/3n4/8/3K2P1/8/8,0,1
R7/5p1p/1n3kp1/8/8/3K2P1/8/8,1,1
8/5p1p/Rn3kp1/8/8/3K2P1/8/8,0,1
8/5p1p/Rn4p1/6k1/8/3K2P1/8/8,1,1
8/5p1p/1R4p1/6k1/8/3K2P1/8/8,0,1
8/5p1p/1R4p1/8/6k1/3K2P1/8/8,1,1
8/5p1p/5Rp1/8/6k1/3K2P1/8/8,0,1
8/5p1p/5Rp1/8/8/3K2k1/8/8,1,1
8/5R1p/6p1/8/8/3K2k1/8/8,0,1
8/5R1p/8/6p1/8/3K2k1/8/8,1,1
8/7R/8/6p1/8/3K2k1/8/8,0,1
8/7R/8/8/6p1/3K2k1/8/8,1,1
8/7R/8/8/6p1/4K1k1/8/8,0,1
r5r1/7p/5p1k/3p1q2/1P6/P5R1/B1P1Q1PP/1K6,1,1
r5r1/7p/5p1k/3p1q2/1P6/P3Q1R1/B1P3PP/1K6,0,1
r5r1/7p/5p2/3p1q1k/1P6/P3Q1R1/B1P3PP/1K6,1,1
r5r1/7p/5p2/3p1q1k/1P6/P3Q2R/B1P3PP/1K6,0,1
r5r1/7p/5pk1/3p1q2/1P6/P3Q2R/B1P3PP/1K6,1,1
r5r1/7p/5pkQ/3p1q2/1P6/P6R/B1P3PP/1K6,0,1
r5r1/5k1p/5p1Q/3p1q2/1P6/P6R/B1P3PP/1K6,1,1
r5r1/5k1p/5p1Q/3p1q2/1P6/P4R2/B1P3PP/1K6,0,1
r5r1/5k1p/5p1Q/3p2q1/1P6/P4R2/B1P3PP/1K6,1,1
r5r1/5k1p/5p1Q/3B2q1/1P6/P4R2/2P3PP/1K6,0,1
r5r1/5k1p/5p1Q/3q4/1P6/P4R2/2P3PP/1K6,1,1
r5r1/5k1p/5Q2/3q4/1P6/P4R2/2P3PP/1K6,0,1
r3k1r1/7p/5Q2/3q4/1P6/P4R2/2P3PP/1K6,1,1
r3k1r1/7p/5Q2/3q4/1P6/P3R3/2P3PP/1K6,0,1
r5r1/3k3p/5Q2/3q4/1P6/P3R3/2P3PP/1K6,1,1
r5r1/3kR2p/5Q2/3q4/1P6/P7/2P3PP/1K6,0,1
r1k3r1/4R2p/5Q2/3q4/1P6/P7/2P3PP/1K6,1,1
r1k3r1/4R2p/8/3q4/1P6/P1Q5/2P3PP/1K6,0,1
r2k2r1/4R2p/8/3q4/1P6/P1Q5/2P3PP/1K6,1,1
r2k2r1/2Q1R2p/8/3q4/1P6/P7/2P3PP/1K6,0,1
8/8/6p1/6Pp/4k2P/2rb1R2/5B1K/8,1,0
8/8/6p1/6Pp/4k2P/2rb1RK1/5B2/8,0,0
8/8/6p1/6Pp/4k2P/1r1b1RK1/5B2/8,1,0
8/8/6p1/6Pp/4k2P/1r1bR1K1/5B2/8,0,0
8/8/6p1/3k2Pp/7P/1r1bR1K1/5B2/8,1,0
8/8/6p1/3k2Pp/7P/1r1b1RK1/5B2/8,0,0
8/8/6p1/6Pp/2k4P/1r1b1RK1/5B2/8,1,0
8/8/6p1/6Pp/2k2K1P/1r1b1R2/5B2/8,0,0
8/8/6p1/1r4Pp/2k2K1P/3b1R2/5B2/8,1,0
8/8/6p1/1r4Pp/2k2K1P/3bR3/5B2/8,0,0
8/8/6p1/5rPp/2k2K1P/3bR3/5B2/8,1,0
8/8/6p1/5rPp/2k4P/3bR1K1/5B2/8,0,0
8/8/6p1/3r2Pp/2k4P/3bR1K1/5B2/8,1,0
8/8/6p1/3r2Pp/2k2K1P/3bR3/5B2/8,0,0
8/8/6p1/3r1bPp/2k2K1P/4R3/5B2/8,1,0
8/8/6p1/3rRbPp/2k2K1P/8/5B2/8,0,0
8/8/6p1/4RbPp/2k2K1P/8/3r1B2/8,1,0
8/8/6p1/4RbPp/2k4P/6K1/3r1B2/8,0,0
8/8/6p1/4RbPp/2k4P/3r2K1/5B2/8,1,0
8/8/6p1/5bPp/2k4P/3rR1K1/5B2/8,0,0
rnbqkbnr/pppppppp/8/8/4P3/8/PPPP1PPP/RNBQKBNR,0,0
rnbqkbnr/pp1ppppp/8/2p5/4P3/8/PPPP1PPP/RNBQKBNR,1,0
rnbqkbnr/pp1ppppp/8/2p5/4P3/5N2/PPPP1PPP/RNBQKB1R,0,0
rnbqkbnr/pp2pppp/3p4/2p5/4P3/5N2/PPPP1PPP/RNBQKB1R,1,0
rnbqkbnr/pp2pppp/3p4/2p5/3PP3/5N2/PPP2PPP/RNBQKB1R,0,0
rnbqkbnr/pp2pppp/3p4/8/3pP3/5N2/PPP2PPP/RNBQKB1R,1,0
rnbqkbnr/pp2pppp/3p4/8/3NP3/8/PPP2PPP/RNBQKB1R,0,0
rnbqkb1r/pp2pppp/3p1n2/8/3NP3/8/PPP2PPP/RNBQKB1R,1,0
rnbqkb1r/pp2pppp/3p1n2/8/3NP3/2N5/PPP2PPP/R1BQKB1R,0,0
rnbqkb1r/1p2pppp/p2p1n2/8/3NP3/2N5/PPP2PPP/R1BQKB1R,1,0
rnbqkb1r/1p2pppp/p2p1n2/8/3NP3/2N1B3/PPP2PPP/R2QKB1R,0,0
rnbqkb1r/1p2pppp/p2p4/8/3NP1n1/2N1B3/PPP2PPP/R2QKB1R,1,0
rnbqkb1r/1p2pppp/p2p4/8/3NP1n1/2N5/PPP2PPP/R1BQKB1R,0,0
rnbqkb1r/1p2pppp/p2p1n2/8/3NP3/2N5/PPP2PPP/R1BQKB1R,1,0
rnbqkb1r/1p2pppp/p2p1n2/8/3NP3/2N1B3/PPP2PPP/R2QKB1R,0,0
rnbqkb1r/1p2pppp/p2p4/8/3NP1n1/2N1B3/PPP2PPP/R2QKB1R,1,0
rnbqkb1r/1p2pppp/p2p4/8/3NP1n1/2N5/PPP2PPP/R1BQKB1R,0,0
rnbqkb1r/1p2pppp/p2p1n2/8/3NP3/2N5/PPP2PPP/R1BQKB1R,1,0
6k1/2N3bp/1r1n2p1/1B1P4/P6P/8/1P6/1K1R4,1,1
6k1/2N3bp/1r1n2p1/1B1P4/P6P/8/1P6/1KR5,0,1
6k1/2N4p/1r1n1bp1/1B1P4/P6P/8/1P6/1KR5,1,1
6k1/2N4p/1rRn1bp1/1B1P4/P6P/8/1P6/1K6,0,1
6k1/2N4p/2rn1bp1/1B1P4/P6P/8/1P6/1K6,1,1
6k1/2N4p/2Pn1bp1/1B6/P6P/8/1P6/1K6,0,1
6k1/2N4p/2Pn2p1/1B6/P6b/8/1P6/1K6,1,1
6k1/7p/2Pn2p1/1B1N4/P6b/8/1P6/1K6,0,1
8/5k1p/2Pn2p1/1B1N4/P6b/8/1P6/1K6,1,1
8/2P2k1p/3n2p1/1B1N4/P6b/8/1P6/1K6,0,1
8/2P2k1p/3n2p1/1B1N4/P7/8/1P3b2/1K6,1,1
8/2PB1k1p/3n2p1/3N4/P7/8/1P3b2/1K6,0,1
8/2PB1k2/3n2p1/3N3p/P7/8/1P3b2/1K6,1,1
8/2PB1k2/3n2p1/3N3p/PP6/8/5b2/1K6,0,1
8/2PB1k2/3n4/3N2pp/PP6/8/5b2/1K6,1,1
8/2PB1k2/3n4/1P1N2pp/P7/8/5b2/1K6,0,1
8/2PB1k2/3n4/1P1N3p/P5p1/8/5b2/1K6,1,1
8/2PB1k2/1P1n4/3N3p/P5p1/8/5b2/1K6,0,1
8/2PB1k2/1P1n4/3N3p/P7/6p1/5b2/1K6,1,1
8/2P2k2/1P1n4/3N3p/P7/6pB/5b2/1K6,0,1
2qb2k1/1p1r3p/r2pb3/pN2p3/P1P1Pp2/1P1N1P2/3R3P/1K1R1Q2,1,1
2qb2k1/1p1r3p/r2pb3/pN2N3/P1P1Pp2/1P3P2/3R3P/1K1R1Q2,0,1
2qb2k1/1p1r3p/r3b3/pN2p3/P1P1Pp2/1P3P2/3R3P/1K1R1Q2,1,1
2qb2k1/1p1R3p/r3b3/pN2p3/P1P1Pp2/1P3P2/7P/1K1R1Q2,0,1
2qb2k1/1p1b3p/r7/pN2p3/P1P1Pp2/1P3P2/7P/1K1R1Q2,1,1
2qb2k1/1p1b3p/r7/pN2p3/P1P1Pp2/1P1Q1P2/7P/1K1R4,0,1
2qb2k1/1p1b3p/6r1/pN2p3/P1P1Pp2/1P1Q1P2/7P/1K1R4,1,1
2qb2k1/1p1Q3p/6r1/pN2p3/P1P1Pp2/1P3P2/7P/1K1R4,0,1
3b2k1/1p1q3p/6r1/pN2p3/P1P1Pp2/1P3P2/7P/1K1R4,1,1
3b2k1/1p1R3p/6r1/pN2p3/P1P1Pp2/1P3P2/7P/1K6,0,1
3b2k1/1p1R3p/8/pN2p3/P1P1Pp2/1P3P2/7P/1K4r1,1,1
3b2k1/1p1R3p/8/pN2p3/P1P1Pp2/1P3P2/2K4P/6r1,0,1
6k1/1p1R3p/1b6/pN2p3/P1P1Pp2/1P3P2/2K4P/6r1,1,1
6k1/1p1R3p/1b6/pN2p3/PPP1Pp2/5P2/2K4P/6r1,0,1
6k1/1p1R3p/1b6/1N2p3/PpP1Pp2/5P2/2K4P/6r1,1,1
6k1/1R5p/1b6/1N2p3/PpP1Pp2/5P2/2K4P/6r1,0,1
6k1/1R5p/8/1Nb1p3/PpP1Pp2/5P2/2K4P/6r1,1,1
6k1/2R4p/8/1Nb1p3/PpP1Pp2/5P2/2K4P/6r1,0,1
6k1/2R4p/8/1N2p3/PpP1Pp2/4bP2/2K4P/6r1,1,1
6k1/2R4p/8/1NP1p3/Pp2Pp2/4bP2/2K4P/6r1,0,1
8/8/8/7p/6pP/4k1K1/8/8,0,-1
8/8/8/7p/4k1pP/6K1/8/8,1,-1
8/8/8/7p/4k1pP/8/5K2/8,0,-1
8/8/8/7p/6pP/3k4/5K2/8,1,-1
8/8/8/7p/6pP/3k4/8/5K2,0,-1
8/8/8/7p/6pP/4k3/8/5K2,1,-1
8/8/8/7p/6pP/4k3/6K1/8,0,-1
8/8/8/7p/6pP/8/4k1K1/8,1,-1
8/8/8/7p/6pP/6K1/4k3/8,0,-1
8/8/8/7p/6pP/6K1/8/5k2,1,-1
8/8/8/7p/5KpP/8/8/5k2,0,-1
8/8/8/7p/5KpP/8/5k2/8,1,-1
8/8/8/6Kp/6pP/8/5k2/8,0,-1
8/8/8/6Kp/7P/6p1/5k2/8,1,-1
8/8/8/7K/7P/6p1/5k2/8,0,-1
8/8/8/7K/7P/8/5kp1/8,1,-1
8/8/7K/8/7P/8/5kp1/8,0,-1
8/8/7K/8/7P/8/5k2/6q1,1,-1
8/8/7K/7P/8/8/5k2/6q1,0,-1
8/8/7K/7P/6q1/8/5k2/8,1,-1
2r3k1/1b3p1p/p2pp3/6P1/1q2P2P/2N5/1PP2Q2/1K2R3,1,1
2r3k1/1b3p1p/p2ppQ2/6P1/1q2P2P/2N5/1PP5/1K2R3,0,1
2r3k1/1b3p1p/p3pQ2/3p2P1/1q2P2P/2N5/1PP5/1K2R3,1,1
2r3k1/1b3p1p/p3pQ2/3P2P1/1q5P/2N5/1PP5/1K2R3,0,1
2r3k1/5p1p/p3pQ2/3b2P1/1q5P/2N5/1PP5/1K2R3,1,1
2r3k1/5p1p/p3pQ2/3b2P1/1q5P/2N5/1PP5/1K3R2,0,1
2r2qk1/5p1p/p3pQ2/3b2P1/7P/2N5/1PP5/1K3R2,1,1
2r2qk1/5p1p/p3pQ2/3N2P1/7P/8/1PP5/1K3R2,0,1
2r2qk1/5p1p/p4Q2/3p2P1/7P/8/1PP5/1K3R2,1,1
2r2qk1/5p1p/Q7/3p2P1/7P/8/1PP5/1K3R2,0,1
2r3k1/5p1p/Q7/2qp2P1/7P/8/1PP5/1K3R2,1,1
2r3k1/5p1p/8/2qp2P1/7P/3Q4/1PP5/1K3R2,0,1
2r3k1/5p1p/8/q2p2P1/7P/3Q4/1PP5/1K3R2,1,1
2r3k1/5p1p/8/q2p1QP1/7P/8/1PP5/1K3R2,0,1
6k1/2r2p1p/8/q2p1QP1/7P/8/1PP5/1K3R2,1,1
6k1/2r2p1p/8/q2p1QPP/8/8/1PP5/1K3R2,0,1
6k1/2r2p1p/q7/3p1QPP/8/8/1PP5/1K3R2,1,1
6k1/2r2p1p/q7/3p1QPP/8/8/1PP5/1K2R3,0,1
6k1/2r2p1p/2q5/3p1QPP/8/8/1PP5/1K2R3,1,1
6k1/2r2p1p/2q4P/3p1QP1/8/8/1PP5/1K2R3,0,1
4r1k1/5pq1/p2R1Qp1/6P1/P1P5/4r3/5K2/7R,0,0
4r1k1/5pq1/p2R1Qp1/6P1/P1P5/8/4rK2/7R,1,0
4r1k1/5pq1/p2R1Qp1/6P1/P1P5/5K2/4r3/7R,0,0
4r1k1/5pq1/p2R1Qp1/6P1/P1P5/4rK2/8/7R,1,0
4r1k1/5pq1/p2R1Qp1/6P1/P1P5/4r3/5K2/7R,0,0
4r1k1/5p2/p2R1qp1/6P1/P1P5/4r3/5K2/7R,1,0
4r1k1/5p2/p2R1Pp1/8/P1P5/4r3/5K2/7R,0,0
4r1k1/5p2/p2R1Pp1/8/P1P5/8/4rK2/7R,1,0
4r1k1/5p2/p2R1Pp1/8/P1P5/5K2/4r3/7R,0,0
4r1k1/5p2/p2R1Pp1/8/P1P5/4rK2/8/7R,1,0
4r1k1/5p2/p2R1Pp1/8/P1P5/4r3/5K2/7R,0,0
4r1k1/5p2/p2R1Pp1/8/P1P5/8/4rK2/7R,1,0
4r1k1/5p2/p2R1Pp1/8/P1P5/5K2/4r3/7R,0,0
4r1k1/5p2/p2R1Pp1/8/P1P5/4rK2/8/7R,1,0
4r1k1/5p2/p2R1Pp1/8/P1P5/4r3/5K2/7R,0,0
4r1k1/5p2/p2R1Pp1/8/P1P5/2r5/5K2/7R,1,0
4r1k1/5p2/p4Pp1/8/P1PR4/2r5/5K2/7R,0,0
4r1k1/5p2/p4Pp1/8/P1PR4/8/2r2K2/7R,1,0
4r1k1/5p2/p4Pp1/8/P1PR4/5K2/2r5/7R,0,0
4r1k1/5p2/p4Pp1/8/P1PR4/2r2K2/8/7R,1,0
4b2k/1p5p/p5p1/8/P7/6PP/1Pr2PB1/R5K1,1,1
4b2k/1B5p/p5p1/8/P7/6PP/1Pr2P2/R5K1,0,1
4b2k/1B5p/6p1/p7/P7/6PP/1Pr2P2/R5K1,1,1
4b2k/1B5p/6p1/p7/P7/1P4PP/2r2P2/R5K1,0,1
7k/1B3b1p/6p1/p7/P7/1P4PP/2r2P2/R5K1,1,1
7k/1B3b1p/6p1/p7/P7/1P4PP/2r2P2/1R4K1,0,1
8/1B3bkp/6p1/p7/P7/1P4PP/2r2P2/1R4K1,1,1
8/5bkp/6p1/p7/P7/1P3BPP/2r2P2/1R4K1,0,1
8/5b1p/5kp1/p7/P7/1P3BPP/2r2P2/1R4K1,1,1
8/5b1p/5kp1/p7/P7/1P4PP/2r2P2/1R1B2K1,0,1
8/5b1p/5kp1/p7/P7/1P4PP/3r1P2/1R1B2K1,1,1
8/5b1p/5kp1/p7/P7/1P4PP/3r1P2/1R1B1K2,0,1
8/5b1p/5k2/p5p1/P7/1P4PP/3r1P2/1R1B1K2,1,1
8/5b1p/5k2/p5p1/P7/1P4PP/3r1P2/1R1BK3,0,1
8/5b1p/5k2/p5p1/P2r4/1P4PP/5P2/1R1BK3,1,1
8/5b1p/5k2/p5p1/P2r4/1P4PP/5P2/2RBK3,0,1
8/5b1p/5k2/p5p1/Pr6/1P4PP/5P2/2RBK3,1,1
8/5b1p/2R2k2/p5p1/Pr6/1P4PP/5P2/3BK3,0,1
8/7p/2R1bk2/p5p1/Pr6/1P4PP/5P2/3BK3,1,1
8/7p/2R1bk2/p5p1/Pr4B1/1P4PP/5P2/4K3,0,1
3r4/4kpp1/8/4p3/bP2Pn2/P2NR3/1K6/1B6,0,0
3r4/4kpp1/8/4p3/bP2P3/P2nR3/1K6/1B6,1,0
3r4/4kpp1/8/4p3/bP2P3/P2BR3/1K6/8,0,0
2r5/4kpp1/8/4p3/bP2P3/P2BR3/1K6/8,1,0
2r5/4kpp1/8/4p3/bP2P3/P2B1R2/1K6/8,0,0
2r5/4kp2/6p1/4p3/bP2P3/P2B1R2/1K6/8,1,0
2r5/4kp2/6p1/4p3/bP2P3/P2B4/1K3R2/8,0,0
8/4kp2/2r3p1/4p3/bP2P3/P2B4/1K3R2/8,1,0
8/4kp2/2r3p1/4p3/bP2P3/P2B4/1K4R1/8,0,0
2r5/4kp2/6p1/4p3/bP2P3/P2B4/1K4R1/8,1,0
2r5/4kp2/6p1/4p3/bP2P3/P7/1K4R1/1B6,0,0
7r/4kp2/6p1/4p3/bP2P3/P7/1K4R1/1B6,1,0
7r/4kp2/6p1/4p3/bP2P3/P7/1KB3R1/8,0,0
7r/4kp2/6p1/4p3/1P2P3/P7/1Kb3R1/8,1,0
7r/4kp2/6p1/4p3/1P2P3/P7/1KR5/8,0,0
7r/4k3/6p1/4pp2/1P2P3/P7/1KR5/8,1,0
7r/4k3/6p1/1P2pp2/4P3/P7/1KR5/8,0,0
7r/4k3/6p1/1P2p3/4Pp2/P7/1KR5/8,1,0
7r/4k3/6p1/1P2p3/4Pp2/P1K5/2R5/8,0,0
2r5/4k3/6p1/1P2p3/4Pp2/P1K5/2R5/8,1,0
8/1R2p3/4k3/6P1/3K4/1p6/8/1r6,1,0
8/1R2p3/4k1P1/8/3K4/1p6/8/1r6,0,0
8/1R2p3/4k1P1/8/3K4/1p6/8/6r1,1,0
8/1R2p3/4k1P1/8/4K3/1p6/8/6r1,0,0
8/1R2p3/4k1P1/8/4K3/1p4r1/8/8,1,0
8/4p3/1R2k1P1/8/4K3/1p4r1/8/8,0,0
8/3kp3/1R4P1/8/4K3/1p4r1/8/8,1,0
8/3kp3/1R4P1/8/5K2/1p4r1/8/8,0,0
8/3kp3/1R4P1/8/5K2/1p6/6r1/8,1,0
8/3kp3/6P1/8/5K2/1R6/6r1/8,0,0
8/3kp3/6r1/8/5K2/1R6/8/8,1,0
8/1R1kp3/6r1/8/5K2/8/8/8,0,0
4k3/1R2p3/6r1/8/5K2/8/8/8,1,0
4k3/1R2p3/6r1/5K2/8/8/8/8,0,0
4k3/1R2p3/7r/5K2/8/8/8/8,1,0
4k3/1R2p3/7r/4K3/8/8/8/8,0,0
8/1R2pk2/7r/4K3/8/8/8/8,1,0
8/1R2pk2/7r/5K2/8/8/8/8,0,0
8/1R2pk2/4r3/5K2/8/8/8/8,1,0
8/R3pk2/4r3/5K2/8/8/8/8,0,0
8/p3p3/1p1k2p1/1P4P1/P3R1P1/6r1/1KP5/8,1,1
8/p3p3/1p1k2p1/1P4P1/P1R3P1/6r1/1KP5/8,0,1
8/p7/1p1kp1p1/1P4P1/P1R3P1/6r1/1KP5/8,1,1
8/p7/1p1kp1p1/1P4P1/P4RP1/6r1/1KP5/8,0,1
8/p7/1p2p1p1/1P1k2P1/P4RP1/6r1/1KP5/8,1,1
8/p4R2/1p2p1p1/1P1k2P1/P5P1/6r1/1KP5/8,0,1
8/p4R2/1p2p1p1/1P1k2P1/P5r1/8/1KP5/8,1,1
8/R7/1p2p1p1/1P1k2P1/P5r1/8/1KP5/8,0,1
8/R7/1p2p1p1/1P4P1/P1k3r1/8/1KP5/8,1,1
8/4R3/1p2p1p1/1P4P1/P1k3r1/8/1KP5/8,0,1
8/4R3/1p2p1p1/1P4P1/Pk4r1/8/1KP5/8,1,1
8/8/1p2R1p1/1P4P1/Pk4r1/8/1KP5/8,0,1
8/8/1p2R1p1/1P4r1/Pk6/8/1KP5/8,1,1
8/8/1p4p1/1P4r1/Pk2R3/8/1KP5/8,0,1
8/8/1p4p1/kP4r1/P3R3/8/1KP5/8,1,1
8/8/1p4p1/kP4r1/P3R3/2P5/1K6/8,0,1
8/8/1p4p1/kP6/P3R3/2P5/1K4r1/8,1,1
8/8/1p4p1/kP6/P3R3/1KP5/6r1/8,0,1
8/8/1p4p1/kP6/P3R3/1KP5/8/6r1,1,1
4R3/8/1p4p1/kP6/P7/1KP5/8/6r1,0,1
8/1p1nkp2/p3p3/4P2p/P7/6PP/1P6/2rB1RK1,0,-1
8/1p1nkp2/p3p3/4P3/P6p/6PP/1P6/2rB1RK1,1,-1
8/1p1nkp2/p3p3/4P3/P6p/5BPP/1P6/2r2RK1,0,-1
8/1prnkp2/p3p3/4P3/P6p/5BPP/1P6/5RK1,1,-1
8/1prnkp2/p3p3/4P3/P6p/5BPP/1P6/4R1K1,0,-1
8/1prnkp2/p3p3/4P3/P7/5BpP/1P6/4R1K1,1,-1
8/1prnkp2/p3p3/P3P3/8/5BpP/1P6/4R1K1,0,-1
8/1p1nkp2/p3p3/P1r1P3/8/5BpP/1P6/4R1K1,1,-1
8/1B1nkp2/p3p3/P1r1P3/8/6pP/1P6/4R1K1,0,-1
8/1B2kp2/p3p3/P1r1n3/8/6pP/1P6/4R1K1,1,-1
8/1B2kp2/p3p3/P1r1n3/8/6pP/1P4K1/4R3,0,-1
8/1B2kp2/p3p3/r3n3/8/6pP/1P4K1/4R3,1,-1
8/4kp2/B3p3/r3n3/8/6pP/1P4K1/4R3,0,-1
8/4kp2/r3p3/4n3/8/6pP/1P4K1/4R3,1,-1
8/4kp2/r3p3/4R3/8/6pP/1P4K1/8,0,-1
8/4kp2/1r2p3/4R3/8/6pP/1P4K1/8,1,-1
8/4kp2/1r2p3/4R3/8/6KP/1P6/8,0,-1
8/4kp2/4p3/4R3/8/1r4KP/1P6/8,1,-1
8/4kp2/4p3/4R3/6K1/1r5P/1P6/8,0,-1
8/4k3/4p3/4Rp2/6K1/1r5P/1P6/8,1,-1
4r1r1/1p1R2pp/p3p1k1/5pB1/2B1b3/2P2p2/P1P4P/1K2R3,1,1
4r1r1/1p1RB1pp/p3p1k1/5p2/2B1b3/2P2p2/P1P4P/1K2R3,0,1
4r1r1/1p1RB1pp/p3p1k1/5p2/2B1b3/2P5/P1P2p1P/1K2R3,1,1
4r1r1/1p1RB1pp/p3p1k1/5p2/2B1b3/2P5/P1P2p1P/1K3R2,0,1
4r1r1/1p1RB1pp/p1b1p1k1/5p2/2B5/2P5/P1P2p1P/1K3R2,1,1
4r1r1/1pR1B1pp/p1b1p1k1/5p2/2B5/2P5/P1P2p1P/1K3R2,0,1
2r3r1/1pR1B1pp/p1b1p1k1/5p2/2B5/2P5/P1P2p1P/1K3R2,1,1
2r3r1/1pR3pp/p1bBp1k1/5p2/2B5/2P5/P1P2p1P/1K3R2,0,1
6r1/1pr3pp/p1bBp1k1/5p2/2B5/2P5/P1P2p1P/1K3R2,1,1
6r1/1pB3pp/p1b1p1k1/5p2/2B5/2P5/P1P2p1P/1K3R2,0,1
6r1/1pB3pp/p1b1pk2/5p2/2B5/2P5/P1P2p1P/1K3R2,1,1
6r1/1pB3pp/p1b1pk2/5p2/2B5/2P5/P1P2R1P/1K6,0,1
2r5/1pB3pp/p1b1pk2/5p2/2B5/2P5/P1P2R1P/1K6,1,1
2r5/1p4pp/pBb1pk2/5p2/2B5/2P5/P1P2R1P/1K6,0,1
2r5/1p4pp/pBb2k2/4pp2/2B5/2P5/P1P2R1P/1K6,1,1
2r5/1p4pp/pBb2k2/4pp2/2B5/2P5/P1PR3P/1K6,0,1
2r5/1p4pp/pB3k2/4pp2/2B1b3/2P5/P1PR3P/1K6,1,1
2rB4/1p4pp/p4k2/4pp2/2B1b3/2P5/P1PR3P/1K6,0,1
2rB4/1p4pp/p5k1/4pp2/2B1b3/2P5/P1PR3P/1K6,1,1
2rB4/1p4pp/p2R2k1/4pp2/2B1b3/2P5/P1P4P/1K6,0,1
6k1/3b1pp1/p3pnp1/N7/1PP2B2/3r1P2/6PP/R5K1,1,1
6k1/3b1pp1/p3pnp1/N7/1PP2B2/3r1P2/5KPP/R7,0,1
6k1/3b1pp1/p4np1/N3p3/1PP2B2/3r1P2/5KPP/R7,1,1
6k1/3b1pp1/p4np1/N3B3/1PP5/3r1P2/5KPP/R7,0,1
6k1/3b1pp1/p4np1/N3B3/1PP5/5P2/3r1KPP/R7,1,1
6k1/3b1pp1/p4np1/N3B3/1PP5/4KP2/3r2PP/R7,0,1
6k1/3b1pp1/p4np1/N3B3/1PP5/4KP2/6rP/R7,1,1
6k1/3b1pp1/p4np1/N3B3/1PP5/4KP2/6rP/3R4,0,1
6k1/5pp1/p3bnp1/N3B3/1PP5/4KP2/6rP/3R4,1,1
6k1/5pp1/p2Rbnp1/N3B3/1PP5/4KP2/6rP/8,0,1
6k1/5pp1/p2Rbnp1/N3B3/1PP5/4KP2/r6P/8,1,1
6k1/5pp1/p2RbBp1/N7/1PP5/4KP2/r6P/8,0,1
6k1/5p2/p2Rbpp1/N7/1PP5/4KP2/r6P/8,1,1
6k1/5p2/p2Rbpp1/N7/1PPK4/5P2/r6P/8,0,1
6k1/5p2/p2Rbpp1/N7/1PPK4/5P2/3r3P/8,1,1
6k1/5p2/p2Rbpp1/N1K5/1PP5/5P2/3r3P/8,0,1
6k1/5p2/p2Rbpp1/N1K5/1PP5/5P2/5r1P/8,1,1
6k1/5p2/R3bpp1/N1K5/1PP5/5P2/5r1P/8,0,1
6k1/5p2/R3bpp1/N1K5/1PP5/5r2/7P/8,1,1
6k1/5p2/R3bpp1/NPK5/2P5/5r2/7P/8,0,1
r5k1/NR3ppp/4pb2/3p4/1P1N4/2Pn1P1P/6P1/6K1,0,-1
r5k1/NR3ppp/5b2/3pp3/1P1N4/2Pn1P1P/6P1/6K1,1,-1
r5k1/NR3ppp/2N2b2/3pp3/1P6/2Pn1P1P/6P1/6K1,0,-1
r5k1/NR3ppp/2N2b2/3p4/1P2p3/2Pn1P1P/6P1/6K1,1,-1
r5k1/NR3ppp/2N2b2/3p4/1P2P3/2Pn3P/6P1/6K1,0,-1
r5k1/NR3ppp/2N2b2/8/1P2p3/2Pn3P/6P1/6K1,1,-1
r5k1/NR3ppp/5b2/8/1P1Np3/2Pn3P/6P1/6K1,0,-1
r5k1/NR3ppp/8/8/1P1bp3/2Pn3P/6P1/6K1,1,-1
r5k1/NR3ppp/8/8/1P1Pp3/3n3P/6P1/6K1,0,-1
4r1k1/NR3ppp/8/8/1P1Pp3/3n3P/6P1/6K1,1,-1
4r1k1/1R3ppp/8/1N6/1P1Pp3/3n3P/6P1/6K1,0,-1
4r1k1/1R3ppp/8/1N6/1P1P4/3np2P/6P1/6K1,1,-1
4r1k1/1R3ppp/8/8/1P1P4/2Nnp2P/6P1/6K1,0,-1
4r1k1/1R3ppp/8/8/1P1P1n2/2N1p2P/6P1/6K1,1,-1
4r1k1/1R3ppp/8/3P4/1P3n2/2N1p2P/6P1/6K1,0,-1
4r1k1/1R3ppp/8/3P4/1P3n2/2N4P/4p1P1/6K1,1,-1
4r1k1/1R3ppp/8/3P4/1P3n2/7P/4N1P1/6K1,0,-1
4r1k1/1R3ppp/8/3P4/1P6/7P/4n1P1/6K1,1,-1
4r1k1/1R3ppp/8/3P4/1P6/7P/4nKP1/8,0,-1
4r1k1/1R3ppp/8/3P4/1P6/2n4P/5KP1/8,1,-1
3q2k1/1br2r2/3p2Np/p1pP2n1/P1Bbp3/6QP/1P1B2P1/2R2RK1,1,1
3q2k1/1br2r2/3p2Np/p1pP2n1/P1Bbp3/6QP/1P1B2P1/2R2R1K,0,1
3q2k1/1br5/3p2Np/p1pP2n1/P1Bbp3/6QP/1P1B2P1/2R2r1K,1,1
3q2k1/1br5/3p2Np/p1pP2n1/P1Bbp3/6QP/1P1B2P1/5R1K,0,1
3q2k1/1b3r2/3p2Np/p1pP2n1/P1Bbp3/6QP/1P1B2P1/5R1K,1,1
3q2k1/1b3r2/3p3p/p1pP2n1/P1BbpN2/6QP/1P1B2P1/5R1K,0,1
3q2k1/1b4r1/3p3p/p1pP2n1/P1BbpN2/6QP/1P1B2P1/5R1K,1,1
3q2k1/1b4r1/3p3p/p1pP2nN/P1Bbp3/6QP/1P1B2P1/5R1K,0,1
3q2k1/1b4r1/3p3p/p1pPb1nN/P1B1p3/6QP/1P1B2P1/5R1K,1,1
3q2k1/1b4r1/3p3p/p1pPb1nN/P1B1pB2/6QP/1P4P1/5R1K,0,1
3q2k1/1b4r1/3p3p/p1pP2nN/P1B1pb2/6QP/1P4P1/5R1K,1,1
3q2k1/1b4r1/3p3p/p1pP2nN/P1B1pR2/6QP/1P4P1/7K,0,1
3q2k1/1b6/3p2rp/p1pP2nN/P1B1pR2/6QP/1P4P1/7K,1,1
3q2k1/1b6/3p2rp/p1pP2nN/P1B1pR1P/6Q1/1P4P1/7K,0,1
3q2k1/1b6/3p2rp/p1pP2nN/P1B2R1P/4p1Q1/1P4P1/7K,1,1
3q2k1/1b6/3p2rp/p1pP2PN/P1B2R2/4p1Q1/1P4P1/7K,0,1
6k1/1b6/3p2rp/p1pP2qN/P1B2R2/4p1Q1/1P4P1/7K,1,1
6k1/1b6/3p2rp/p1pP2QN/P1B2R2/4p3/1P4P1/7K,0,1
6k1/1b6/3p2r1/p1pP2pN/P1B2R2/4p3/1P4P1/7K,1,1
6k1/1b6/3p1Rr1/p1pP2pN/P1B5/4p3/1P4P1/7K,0,1
8/4k3/p3p3/8/2KPnP1p/8/8/6N1,0,-1
8/8/p2kp3/8/2KPnP1p/8/8/6N1,1,-1
8/8/p2kp3/8/2KPnP1p/7N/8/8,0,-1
8/8/p1k1p3/8/2KPnP1p/7N/8/8,1,-1
8/8/p1k1p3/8/1K1PnP1p/7N/8/8,0,-1
8/8/p3p3/3k4/1K1PnP1p/7N/8/8,1,-1
8/8/p3p3/K2k4/3PnP1p/7N/8/8,0,-1
8/8/p3p3/K7/3knP1p/7N/8/8,1,-1
8/8/K3p3/8/3knP1p/7N/8/8,0,-1
8/8/K3p3/8/4nP1p/4k2N/8/8,1,-1
8/8/4p3/1K6/4nP1p/4k2N/8/8,0,-1
8/8/4p3/1K6/5P1p/4k2N/5n2/8,1,-1
8/8/4p3/1K4N1/5P1p/4k3/5n2/8,0,-1
8/8/4p3/1K4N1/5k1p/8/5n2/8,1,-1
8/8/4N3/1K6/5k1p/8/5n2/8,0,-1
8/8/4N3/1K6/6kp/8/5n2/8,1,-1
8/2N5/8/1K6/6kp/8/5n2/8,0,-1
8/2N5/8/1K6/6k1/7p/5n2/8,1,-1
8/8/8/1K1N4/6k1/7p/5n2/8,0,-1
8/8/8/1K1N4/8/5k1p/5n2/8,1,-1
r1q3k1/p3ppbp/3p1np1/1P1r3P/6P1/1P3P2/PB1Q4/1K1R1B1R,1,1
r1q3k1/p3ppbp/3p1np1/1P1r3P/6P1/1P1B1P2/PB1Q4/1K1R3R,0,1
r1q3k1/4ppbp/p2p1np1/1P1r3P/6P1/1P1B1P2/PB1Q4/1K1R3R,1,1
r1q3k1/4ppbp/P2p1np1/3r3P/6P1/1P1B1P2/PB1Q4/1K1R3R,0,1
r1q3k1/5pbp/P2p1np1/3rp2P/6P1/1P1B1P2/PB1Q4/1K1R3R,1,1
r1q3k1/5pbp/P2p1nP1/3rp3/6P1/1P1B1P2/PB1Q4/1K1R3R,0,1
r1q3k1/5pb1/P2p1np1/3rp3/6P1/1P1B1P2/PB1Q4/1K1R3R,1,1
r1q3k1/5pb1/P2p1np1/3rp3/6P1/1P1B1P2/PB2Q3/1K1R3R,0,1
r1q3k1/3n1pb1/P2p2p1/3rp3/6P1/1P1B1P2/PB2Q3/1K1R3R,1,1
r1q3k1/3n1pb1/P2p2p1/3rp3/2B3P1/1P3P2/PB2Q3/1K1R3R,0,1
r1q3k1/3n1pb1/P2p2p1/4p3/2B3P1/1P3P2/PB2Q3/1K1r3R,1,1
r1q3k1/3n1pb1/P2p2p1/4p3/2B3P1/1P3P2/PB2Q3/1K1R4,0,1
r1q2bk1/3n1p2/P2p2p1/4p3/2B3P1/1P3P2/PB2Q3/1K1R4,1,1
r1q2bk1/3n1p2/P2p2p1/4p3/2B3P1/1P1Q1P2/PB6/1K1R4,0,1
r1q2b2/3n1pk1/P2p2p1/4p3/2B3P1/1P1Q1P2/PB6/1K1R4,1,1
r1q2b2/3n1pk1/P2p2p1/3Qp3/2B3P1/1P3P2/PB6/1K1R4,0,1
r3qb2/3n1pk1/P2p2p1/3Qp3/2B3P1/1P3P2/PB6/1K1R4,1,1
r3qb2/3n1pk1/P2p2p1/1B1Qp3/6P1/1P3P2/PB6/1K1R4,0,1
4qb2/r2n1pk1/P2p2p1/1B1Qp3/6P1/1P3P2/PB6/1K1R4,1,1
4qb2/r2n1pk1/P2p2p1/1B1Qp3/5PP1/1P6/PB6/1K1R4,0,1
r5k1/1R5p/6p1/p4p2/4p3/2b4P/5PP1/2R3K1,0,0
r5k1/1R5p/6p1/p4p2/3bp3/7P/5PP1/2R3K1,1,0
r5k1/3R3p/6p1/p4p2/3bp3/7P/5PP1/2R3K1,0,0
r5k1/3R3p/5bp1/p4p2/4p3/7P/5PP1/2R3K1,1,0
r5k1/2RR3p/5bp1/p4p2/4p3/7P/5PP1/6K1,0,0
r5k1/2RR4/5bp1/p4p1p/4p3/7P/5PP1/6K1,1,0
r5k1/3R4/2R2bp1/p4p1p/4p3/7P/5PP1/6K1,0,0
5rk1/3R4/2R2bp1/p4p1p/4p3/7P/5PP1/6K1,1,0
5rk1/R7/2R2bp1/p4p1p/4p3/7P/5PP1/6K1,0,0
6k1/R4r2/2R2bp1/p4p1p/4p3/7P/5PP1/6K1,1,0
6k1/5R2/2R2bp1/p4p1p/4p3/7P/5PP1/6K1,0,0
8/5k2/2R2bp1/p4p1p/4p3/7P/5PP1/6K1,1,0
8/5k2/R4bp1/p4p1p/4p3/7P/5PP1/6K1,0,0
8/5k2/R4bp1/p4p2/4p2p/7P/5PP1/6K1,1,0
8/5k2/5bp1/R4p2/4p2p/7P/5PP1/6K1,0,0
8/6k1/5bp1/R4p2/4p2p/7P/5PP1/6K1,1,0
8/6k1/5bp1/R4p2/4p2p/7P/5PP1/5K2,0,0
8/8/5bpk/R4p2/4p2p/7P/5PP1/5K2,1,0
R7/8/5bpk/5p2/4p2p/7P/5PP1/5K2,0,0
R7/6k1/5bp1/5p2/4p2p/7P/5PP1/5K2,1,0
r4rk1/1q2bpp1/Rn5p/1P1p4/4p3/1Q1B1P2/3B2PP/R6K,1,1
r4rk1/1q2bpp1/Rn5p/1P1p4/4P3/1Q1B4/3B2PP/R6K,0,1
r4rk1/1q2bpp1/Rn5p/1P6/4p3/1Q1B4/3B2PP/R6K,1,1
r4rk1/1q2bpp1/Rn5p/1P6/4p3/1Q6/2BB2PP/R6K,0,1
r4rk1/1q3pp1/Rn3b1p/1P6/4p3/1Q6/2BB2PP/R6K,1,1
r4rk1/1q3pp1/Rn3b1p/1P6/4p3/RQ6/2BB2PP/7K,0,1
r4rk1/1q3pp1/Rn5p/1P6/3bp3/RQ6/2BB2PP/7K,1,1
r4rk1/1q3pp1/Rn5p/1P6/3bp3/R7/Q1BB2PP/7K,0,1
r3r1k1/1q3pp1/Rn5p/1P6/3bp3/R7/Q1BB2PP/7K,1,1
r3r1k1/Rq3pp1/1n5p/1P6/3bp3/R7/Q1BB2PP/7K,0,1
4r1k1/rq3pp1/1n5p/1P6/3bp3/R7/Q1BB2PP/7K,1,1
4r1k1/Rq3pp1/1n5p/1P6/3bp3/8/Q1BB2PP/7K,0,1
r5k1/Rq3pp1/1n5p/1P6/3bp3/8/Q1BB2PP/7K,1,1
R5k1/1q3pp1/1n5p/1P6/3bp3/8/Q1BB2PP/7K,0,1
n5k1/1q3pp1/7p/1P6/3bp3/8/Q1BB2PP/7K,1,1
n5k1/1q3pp1/7p/1P6/Q2bp3/8/2BB2PP/7K,0,1
n5k1/5pp1/7p/1P1q4/Q2bp3/8/2BB2PP/7K,1,1
n5k1/5pp1/1P5p/3q4/Q2bp3/8/2BB2PP/7K,0,1
n5k1/5p2/1P4pp/3q4/Q2bp3/8/2BB2PP/7K,1,1
n5k1/1P3p2/6pp/3q4/Q2bp3/8/2BB2PP/7K,0,1
8/4k1p1/8/2P1p2p/r5bP/P2BK3/8/1R6,0,1
8/4k1p1/8/2P1p2p/6bP/r2BK3/8/1R6,1,1
8/4k1p1/8/2P1p2p/4K1bP/r2B4/8/1R6,0,1
2b5/4k1p1/8/2P1p2p/4K2P/r2B4/8/1R6,1,1
1Rb5/4k1p1/8/2P1p2p/4K2P/r2B4/8/8,0,1
1R6/3bk1p1/8/2P1p2p/4K2P/r2B4/8/8,1,1
1R6/3bk1p1/8/2P1p2p/2B1K2P/r7/8/8,0,1
1R6/3bk1p1/8/2P1p2p/2B1K2P/7r/8/8,1,1
1R6/3bk1p1/8/2P1K2p/2B4P/7r/8/8,0,1
1R6/3bk1p1/8/2P1K2p/2B4r/8/8/8,1,1
1R6/3bk1p1/8/2PBK2p/7r/8/8/8,0,1
1R6/3bk1p1/8/2PBK2p/8/8/7r/8,1,1
8/1R1bk1p1/8/2PBK2p/8/8/7r/8,0,1
8/1R1bk1p1/8/2PBK2p/8/8/4r3/8,1,1
8/1R1bk1p1/8/2PB3p/5K2/8/4r3/8,0,1
3k4/1R1b2p1/8/2PB3p/5K2/8/4r3/8,1,1
3k4/1R1b2p1/2P5/3B3p/5K2/8/4r3/8,0,1
3k4/1R4p1/2b5/3B3p/5K2/8/4r3/8,1,1
3k4/1R4p1/2B5/7p/5K2/8/4r3/8,0,1
3k4/1R2r1p1/2B5/7p/5K2/8/8/8,1,1
b1K5/P7/8/8/8/2B1nkb1/R3p3/8,0,0
b1K5/P7/8/8/4k3/2B1n1b1/R3p3/8,1,0
b1K5/P7/8/B7/4k3/4n1b1/R3p3/8,0,0
b1K5/P7/8/B7/8/3kn1b1/R3p3/8,1,0
b1K5/P7/8/B7/8/3kn1b1/4R3/8,0,0
b1K5/P7/8/B7/8/4n1b1/4k3/8,1,0
b1K5/P1B5/8/8/8/4n1b1/4k3/8,0,0
b1K5/P1b5/8/8/8/4n3/4k3/8,1,0
b7/P1K5/8/8/8/4n3/4k3/8,0,0
b7/P1K5/8/3n4/8/8/4k3/8,1,0
bK6/P7/8/3n4/8/8/4k3/8,0,0
bK6/P7/1n6/8/8/8/4k3/8,1,0
b7/P1K5/1n6/8/8/8/4k3/8,0,0
b7/P1K5/8/3n4/8/8/4k3/8,1,0
bK6/P7/8/3n4/8/8/4k3/8,0,0
bK6/P7/1n6/8/8/8/4k3/8,1,0
b7/P1K5/1n6/8/8/8/4k3/8,0,0
b7/P1K5/8/3n4/8/8/4k3/8,1,0
bK6/P7/8/3n4/8/8/4k3/8,0,0
bK6/P7/1n6/8/8/8/4k3/8,1,0
8/5r1p/3p4/pp1P4/3N4/1k1K2P1/1P5P/8,0,-1
8/5r1p/3p4/pp1P4/3N4/3K2P1/1k5P/8,1,-1
8/5r1p/3p4/pN1P4/8/3K2P1/1k5P/8,0,-1
8/7p/3p1r2/pN1P4/8/3K2P1/1k5P/8,1,-1
8/7p/3p1r2/pN1P4/2K5/6P1/1k5P/8,0,-1
8/7p/3p2r1/pN1P4/2K5/6P1/1k5P/8,1,-1
8/7p/3p2r1/pN1P4/2K5/6PP/1k6/8,0,-1
8/8/3p2r1/pN1P3p/2K5/6PP/1k6/8,1,-1
8/8/3p2r1/p2P3p/2K5/2N3PP/1k6/8,0,-1
8/8/3p4/p2P3p/2K5/2N3rP/1k6/8,1,-1
8/8/3p4/p2P3p/2K1N3/6rP/1k6/8,0,-1
8/8/3p4/p2P3p/2K1N3/7r/1k6/8,1,-1
8/8/3N4/p2P3p/2K5/7r/1k6/8,0,-1
8/8/3N4/3P3p/p1K5/7r/1k6/8,1,-1
8/8/8/1N1P3p/p1K5/7r/1k6/8,0,-1
8/8/8/1N1P3p/p1K5/6r1/1k6/8,1,-1
8/8/3P4/1N5p/p1K5/6r1/1k6/8,0,-1
8/8/3P4/1N5p/2K5/p5r1/1k6/8,1,-1
8/2N5/3P4/7p/2K5/p5r1/1k6/8,0,-1
8/2N3r1/3P4/7p/2K5/p7/1k6/8,1,-1
1R6/3q1kbp/p2B2p1/4ppQ1/4b3/7P/P5P1/6K1,1,1
8/3q1kbp/pR1B2p1/4ppQ1/4b3/7P/P5P1/6K1,0,1
8/3q1kbp/pRbB2p1/4ppQ1/8/7P/P5P1/6K1,1,1
8/3q1kbp/pRbB2p1/4pp2/8/7P/P5P1/2Q3K1,0,1
8/3q1kbp/pR1B2p1/1b2pp2/8/7P/P5P1/2Q3K1,1,1
8/3q1kbp/pR1B2p1/1bQ1pp2/8/7P/P5P1/6K1,0,1
8/3q1kb1/pR1B2p1/1bQ1pp1p/8/7P/P5P1/6K1,1,1
8/3q1kb1/pR4p1/1bQ1Bp1p/8/7P/P5P1/6K1,0,1
8/3q1kb1/pR4p1/1bQ1Bp2/7p/7P/P5P1/6K1,1,1
8/3q1kB1/pR4p1/1bQ2p2/7p/7P/P5P1/6K1,0,1
8/3q2k1/pR4p1/1bQ2p2/7p/7P/P5P1/6K1,1,1
8/3q2k1/pR4p1/1b2Qp2/7p/7P/P5P1/6K1,0,1
8/3q4/pR4pk/1b2Qp2/7p/7P/P5P1/6K1,1,1
8/3q4/pR3Qpk/1b3p2/7p/7P/P5P1/6K1,0,1
8/8/pR3Qpk/1b3p2/7p/7P/P5P1/3q2K1,1,1
8/8/pR3Qpk/1b3p2/7p/7P/P5PK/3q4,0,1
8/8/pR3Qpk/1b3p1q/7p/7P/P5PK/8,1,1
1R6/8/p4Qpk/1b3p1q/7p/7P/P5PK/8,0,1
1R6/8/p4Qpk/1b3pq1/7p/7P/P5PK/8,1,1
7R/8/p4Qpk/1b3pq1/7p/7P/P5PK/8,0,1
2rq1rk1/4bpp1/p2p1n1p/n3p3/1p1NPPb1/1P3B2/P1PQNB1P/1K1R3R,1,0
2rq1rk1/4bpp1/p2p1n1p/n3p3/1p1NPPb1/1P3B2/P1PQNB1P/1K1R2R1,0,0
2rq1rk1/4bpp1/p2p1n1p/n3p3/1p1NPP2/1P3b2/P1PQNB1P/1K1R2R1,1,0
2rq1rk1/4bpp1/p2p1n1p/n3p3/1p2PP2/1P3N2/P1PQNB1P/1K1R2R1,0,0
2rq1rk1/4bpp1/p2p3p/n3p3/1p2nP2/1P3N2/P1PQNB1P/1K1R2R1,1,0
2rq1rk1/4bpp1/p2p3p/n3p3/1p2nP2/1P2QN2/P1P1NB1P/1K1R2R1,0,0
2rq1rk1/4bpp1/p2p3p/n3p3/1p3P2/1P2QN2/P1P1Nn1P/1K1R2R1,1,0
2rq1rk1/4bpp1/p2p3p/n3P3/1p6/1P2QN2/P1P1Nn1P/1K1R2R1,0,0
2r2rk1/2q1bpp1/p2p3p/n3P3/1p6/1P2QN2/P1P1Nn1P/1K1R2R1,1,0
2r2rk1/2q1bpp1/p2p3p/n3P3/1p1N4/1P2QN2/P1P2n1P/1K1R2R1,0,0
2r2rk1/2q1bpp1/p2p3p/n3P3/1p1N4/1P2QN2/P1P4P/1K1n2R1,1,0
2r2rk1/2q1bpp1/p2p3Q/n3P3/1p1N4/1P3N2/P1P4P/1K1n2R1,0,0
2r2rk1/2q1bp2/p2p2pQ/n3P3/1p1N4/1P3N2/P1P4P/1K1n2R1,1,0
2r2rk1/2q1bp2/p2p2RQ/n3P3/1p1N4/1P3N2/P1P4P/1K1n4,0,0
2r2rk1/2q1b3/p2p2pQ/n3P3/1p1N4/1P3N2/P1P4P/1K1n4,1,0
2r2rk1/2q1b3/p2p2Q1/n3P3/1p1N4/1P3N2/P1P4P/1K1n4,0,0
2r2r1k/2q1b3/p2p2Q1/n3P3/1p1N4/1P3N2/P1P4P/1K1n4,1,0
2r2r1k/2q1b3/p2p3Q/n3P3/1p1N4/1P3N2/P1P4P/1K1n4,0,0
2r2rk1/2q1b3/p2p3Q/n3P3/1p1N4/1P3N2/P1P4P/1K1n4,1,0
2r2rk1/2q1b3/p2p2Q1/n3P3/1p1N4/1P3N2/P1P4P/1K1n4,0,0
1r6/p2n2p1/P1pk1p2/2p1p1p1/6P1/BPPPR2P/2K2P2/8,0,-1
1r6/p2n2p1/P1p2p2/2pkp1p1/6P1/BPPPR2P/2K2P2/8,1,-1
1r6/p2n2p1/P1p2p2/2pkp1p1/3P2P1/BPP1R2P/2K2P2/8,0,-1
1r6/p2n2p1/P1p2p2/3kp1p1/3p2P1/BPP1R2P/2K2P2/8,1,-1
1r6/p2n2p1/P1p2p2/3kp1p1/3P2P1/BP2R2P/2K2P2/8,0,-1
8/p2n2p1/Prp2p2/3kp1p1/3P2P1/BP2R2P/2K2P2/8,1,-1
8/p2n2p1/Prp2p2/3kP1p1/6P1/BP2R2P/2K2P2/8,0,-1
8/p5p1/Prp2p2/3kn1p1/6P1/BP2R2P/2K2P2/8,1,-1
5B2/p5p1/Prp2p2/3kn1p1/6P1/1P2R2P/2K2P2/8,0,-1
5B2/p5p1/r1p2p2/3kn1p1/6P1/1P2R2P/2K2P2/8,1,-1
5B2/p5p1/r1p2p2/3kn1p1/6P1/1P2R2P/5P2/1K6,0,-1
5B2/p7/r1p2pp1/3kn1p1/6P1/1P2R2P/5P2/1K6,1,-1
8/p5B1/r1p2pp1/3kn1p1/6P1/1P2R2P/5P2/1K6,0,-1
8/p5B1/r4pp1/2pkn1p1/6P1/1P2R2P/5P2/1K6,1,-1
8/p5B1/r4pp1/2pkn1p1/6P1/1P5P/5P2/1K2R3,0,-1
8/p5B1/r3kpp1/2p1n1p1/6P1/1P5P/5P2/1K2R3,1,-1
8/p5B1/r3kpp1/2p1n1p1/6PP/1P6/5P2/1K2R3,0,-1
8/p4kB1/r4pp1/2p1n1p1/6PP/1P6/5P2/1K2R3,1,-1
8/p4k2/r4Bp1/2p1n1p1/6PP/1P6/5P2/1K2R3,0,-1
8/p4k2/r4Bp1/2p3p1/6PP/1P3n2/5P2/1K2R3,1,-1
r7/3kp3/p2pn3/5p2/R1P2P2/3PB3/3K4/8,0,0
r7/2nkp3/p2p4/5p2/R1P2P2/3PB3/3K4/8,1,0
r7/2nkp3/p2p4/5p2/R1PB1P2/3P4/3K4/8,0,0
1r6/2nkp3/p2p4/5p2/R1PB1P2/3P4/3K4/8,1,0
1r6/2nkp3/p2p4/R4p2/2PB1P2/3P4/3K4/8,0,0
1r6/2nk4/p2pp3/R4p2/2PB1P2/3P4/3K4/8,1,0
1r6/2nk4/p2pp3/5p2/2PB1P2/3P4/3K4/R7,0,0
1r6/2n5/p1kpp3/5p2/2PB1P2/3P4/3K4/R7,1,0
1r6/2n5/p1kpp3/5p2/2PB1P2/3P4/3K4/6R1,0,0
8/2n5/p1kpp3/5p2/2PB1P2/1r1P4/3K4/6R1,1,0
8/2n5/p1kpp3/5p2/2PB1P2/1r1P4/4K3/6R1,0,0
1r6/2n5/p1kpp3/5p2/2PB1P2/3P4/4K3/6R1,1,0
1r6/2n5/p1kpp3/5p2/2PB1P2/3P4/3K4/6R1,0,0
r7/2n5/p1kpp3/5p2/2PB1P2/3P4/3K4/6R1,1,0
r7/2n5/p1kpp3/5p2/2PB1P2/3P4/3K4/R7,0,0
6r1/2n5/p1kpp3/5p2/2PB1P2/3P4/3K4/R7,1,0
6r1/2n5/p1kpp3/5p2/2P2P2/2BP4/3K4/R7,0,0
4r3/2n5/p1kpp3/5p2/2P2P2/2BP4/3K4/R7,1,0
4r3/2n5/p1kpp3/B4p2/2P2P2/3P4/3K4/R7,0,0
4r3/2n5/p1kp4/B3pp2/2P2P2/3P4/3K4/R7,1,0
8/4qpk1/1r1p2p1/2nQp3/1B2P2p/2P2PP1/1P4KP/3R4,1,1
8/4qpk1/1r1p2p1/2nQp3/1B2P2p/2P2PP1/1P1R2KP/8,0,1
8/4qpk1/r2p2p1/2nQp3/1B2P2p/2P2PP1/1P1R2KP/8,1,1
8/4qpk1/r2p2p1/2nQp3/4P2p/B1P2PP1/1P1R2KP/8,0,1
8/4qpk1/r2p2p1/2nQp3/4P3/B1P2Pp1/1P1R2KP/8,1,1
8/4qpk1/r2p2p1/2nQp3/4P3/B1P2PP1/1P1R2K1/8,0,1
8/2q2pk1/r2p2p1/2nQp3/4P3/B1P2PP1/1P1R2K1/8,1,1
8/2q2pk1/r2p2p1/2nQp3/4PP2/B1P3P1/1P1R2K1/8,0,1
8/2q3k1/r2p1pp1/2nQp3/4PP2/B1P3P1/1P1R2K1/8,1,1
8/2q3k1/r2p1pp1/2nQP3/4P3/B1P3P1/1P1R2K1/8,0,1
8/2q3k1/r2p2p1/2nQp3/4P3/B1P3P1/1P1R2K1/8,1,1
8/2q3k1/r2p2p1/2nQp3/4P3/B1P3P1/1P3RK1/8,0,1
8/2q3k1/3p2p1/2nQp3/r3P3/B1P3P1/1P3RK1/8,1,1
8/2q3k1/3p2p1/2BQp3/r3P3/2P3P1/1P3RK1/8,0,1
8/2q3k1/6p1/2pQp3/r3P3/2P3P1/1P3RK1/8,1,1
8/2q3k1/4Q1p1/2p1p3/r3P3/2P3P1/1P3RK1/8,0,1
8/2q3k1/4Q1p1/2p1p3/4r3/2P3P1/1P3RK1/8,1,1
8/2q3k1/5Qp1/2p1p3/4r3/2P3P1/1P3RK1/8,0,1
8/2q5/5Qpk/2p1p3/4r3/2P3P1/1P3RK1/8,1,1
8/2q5/5Qpk/2p1p3/4r3/2P3P1/1P3R2/5K2,0,1
1kr2b2/7p/pq1p1p2/3QpN2/1p2P3/2r3P1/PKPN3P/3R3R,0,0
1kr2b2/7p/pq1p1p2/2rQpN2/1p2P3/6P1/PKPN3P/3R3R,1,0
1kr2b2/7p/pq1p1p2/2r1pN2/1p2P3/3Q2P1/PKPN3P/3R3R,0,0
1kr2b2/7p/pq1p1p2/4pN2/1p2P3/2rQ2P1/PKPN3P/3R3R,1,0
1kr2b2/7p/pq1p1p2/3QpN2/1p2P3/2r3P1/PKPN3P/3R3R,0,0
1kr2b2/7p/pq1p1p2/2rQpN2/1p2P3/6P1/PKPN3P/3R3R,1,0
1kr2b2/7p/pq1p1p2/2r1pN2/1p2P3/1Q4P1/PKPN3P/3R3R,0,0
1kr2b2/7p/pq1p1p2/4pN2/1p2P3/1Qr3P1/PKPN3P/3R3R,1,0
1kr2b2/7p/pq1p1p2/4pN2/Qp2P3/2r3P1/PKPN3P/3R3R,0,0
1kr2b2/7p/pq1p1p2/4pN2/Qp2P3/r5P1/PKPN3P/3R3R,1,0
1kr2b2/3Q3p/pq1p1p2/4pN2/1p2P3/r5P1/PKPN3P/3R3R,0,0
1kr2b2/3Q3p/p2p1p2/q3pN2/1p2P3/r5P1/PKPN3P/3R3R,1,0
1kr2b2/3Q3p/p2p1p2/q3pN2/1p2P3/r5P1/PKPN3P/R6R,0,0
1kr2b2/3Q3p/p2p1p2/2q1pN2/1p2P3/r5P1/PKPN3P/R6R,1,0
1kr2b2/3Q3p/p2p1p2/2q1pN2/1p2P3/r5P1/PKPN3P/2R4R,0,0
1kr2b2/3Q3p/p2p1p2/q3pN2/1p2P3/r5P1/PKPN3P/2R4R,1,0
1kr2b2/3Q3p/p2p1p2/q3pN2/1p2P3/r5P1/PKPN3P/R6R,0,0
1kr2b2/3Q3p/p2p1p2/2q1pN2/1p2P3/r5P1/PKPN3P/R6R,1,0
1kr2b2/3Q3p/p2p1p2/2q1pN2/1p2P3/r5P1/PKPN3P/2R4R,0,0
1kr2b2/3Q3p/p2p1p2/q3pN2/1p2P3/r5P1/PKPN3P/2R4R,1,0
8/pp3k2/3b1p1p/8/5NPP/3K4/PP6/8,1,1
8/pp3k2/3b1p1p/8/4KNPP/8/PP6/8,0,1
8/pp3k2/5p1p/8/4KbPP/8/PP6/8,1,1
8/pp3k2/5p1p/8/5KPP/8/PP6/8,0,1
8/pp6/4kp1p/8/5KPP/8/PP6/8,1,1
8/pp6/4kp1p/8/4K1PP/8/PP6/8,0,1
8/pp2k3/5p1p/8/4K1PP/8/PP6/8,1,1
8/pp2k3/5p1p/5K2/6PP/8/PP6/8,0,1
8/pp3k2/5p1p/5K2/6PP/8/PP6/8,1,1
8/pp3k2/5p1p/5K1P/6P1/8/PP6/8,0,1
8/1p3k2/p4p1p/5K1P/6P1/8/PP6/8,1,1
8/1p3k2/p4p1p/5K1P/6P1/P7/1P6/8,0,1
8/5k2/pp3p1p/5K1P/6P1/P7/1P6/8,1,1
8/5k2/pp3p1p/5K1P/6P1/PP6/8/8,0,1
8/5k2/p4p1p/1p3K1P/6P1/PP6/8/8,1,1
8/5k2/p4p1p/1p3K1P/1P4P1/P7/8/8,0,1
8/4k3/p4p1p/1p3K1P/1P4P1/P7/8/8,1,1
8/4k3/p4pKp/1p5P/1P4P1/P7/8/8,0,1
8/8/p3kpKp/1p5P/1P4P1/P7/8/8,1,1
8/8/p3kp1K/1p5P/1P4P1/P7/8/8,0,1
5R2/8/8/8/4p2p/5k1P/3r4/6K1,0,0
5R2/8/8/8/4p2p/6kP/3r4/6K1,1,0
5R2/8/8/8/4p2p/6kP/3r4/5K2,0,0
5R2/8/8/8/4p2p/6kP/7r/5K2,1,0
8/5R2/8/8/4p2p/6kP/7r/5K2,0,0
8/5R2/8/8/4p2p/7k/7r/5K2,1,0
8/4R3/8/8/4p2p/7k/7r/5K2,0,0
8/4R3/8/8/4p2p/6k1/7r/5K2,1,0
8/8/8/8/4R2p/6k1/7r/5K2,0,0
8/8/8/8/4R2p/6k1/8/5K1r,1,0
8/8/8/8/4R2p/6k1/4K3/7r,0,0
8/8/8/8/4R3/6kp/4K3/7r,1,0
8/8/8/8/8/4R1kp/4K3/7r,0,0
8/8/8/8/5k2/4R2p/4K3/7r,1,0
8/8/8/8/5k2/4R2p/5K2/7r,0,0
8/8/8/8/5k2/4R2p/5K1r/8,1,0
8/8/8/8/5k2/4R2p/7r/6K1,0,0
8/8/8/8/5k2/4R2p/6r1/6K1,1,0
8/8/8/8/5k2/4R2p/6r1/7K,0,0
8/8/8/8/8/4k2p/6r1/7K,1,0
8/8/1p6/p2k4/P4b2/1PB5/2K1R3/7r,0,0
8/8/1p6/p2k4/P4b2/1PB4r/2K1R3/8,1,0
8/8/1p6/p2k4/P4b2/1PB4r/2K3R1/8,0,0
8/8/1p5r/p2k4/P4b2/1PB5/2K3R1/8,1,0
8/8/1p5r/p2k4/P4b2/1PB5/2K1R3/8,0,0
8/8/1pr5/p2k4/P4b2/1PB5/2K1R3/8,1,0
8/8/1pr5/p2k4/P4b2/1PBK4/4R3/8,0,0
8/8/1p4r1/p2k4/P4b2/1PBK4/4R3/8,1,0
8/8/1p4r1/p2k4/P4b2/1PB5/2K1R3/8,0,0
8/8/1p6/p2k4/P4b2/1PB3r1/2K1R3/8,1,0
8/8/1p6/p2k4/P4b2/1PB3r1/1K2R3/8,0,0
8/8/1p6/p2k4/P4b2/1PB2r2/1K2R3/8,1,0
8/8/1p6/p2k4/P4b2/1PB2r2/2K1R3/8,0,0
8/8/1p6/p2k4/P4b2/1PB3r1/2K1R3/8,1,0
8/8/1p6/p2k4/P4b2/1PB3r1/1K2R3/8,0,0
8/8/1p6/p2k4/P4b2/1PB2r2/1K2R3/8,1,0
8/8/1p6/p2k4/P4b2/1PB2r2/2K1R3/8,0,0
8/8/1p6/p2k4/P4b2/1PB3r1/2K1R3/8,1,0
8/8/1p6/p2k4/P4b2/1PB3r1/1K2R3/8,0,0
8/8/1p6/p2k4/P4b2/1PB2r2/1K2R3/8,1,0
8/5pk1/5n2/3NQ3/6q1/P2B4/K1Pb4/8,0,0
8/5pk1/4qn2/3NQ3/8/P2B4/K1Pb4/8,1,0
8/5pk1/4Qn2/3N4/8/P2B4/K1Pb4/8,0,0
8/6k1/4pn2/3N4/8/P2B4/K1Pb4/8,1,0
8/6k1/4pN2/8/8/P2B4/K1Pb4/8,0,0
8/8/4pk2/8/8/P2B4/K1Pb4/8,1,0
8/8/4pk2/8/8/PK1B4/2Pb4/8,0,0
8/8/4p3/4k3/8/PK1B4/2Pb4/8,1,0
8/8/4p3/4k3/2K5/P2B4/2Pb4/8,0,0
8/8/4p3/4k3/2K5/P2Bb3/2P5/8,1,0
8/8/4p3/4k3/P1K5/3Bb3/2P5/8,0,0
8/8/3kp3/8/P1K5/3Bb3/2P5/8,1,0
8/8/3kp3/1K6/P7/3Bb3/2P5/8,0,0
8/8/3k4/1K2p3/P7/3Bb3/2P5/8,1,0
8/8/3k4/PK2p3/8/3Bb3/2P5/8,0,0
8/8/3k4/PK2p3/8/3B4/2P5/6b1,1,0
8/8/3k4/PK2p3/4B3/8/2P5/6b1,0,0
8/8/3k4/PK2p3/4B3/8/2P2b2/8,1,0
8/8/K2k4/P3p3/4B3/8/2P2b2/8,0,0
8/2k5/K7/P3p3/4B3/8/2P2b2/8,1,0
7r/3n1pk1/p5pp/4p3/2P1b1PP/1NB2P1R/8/3K4,0,-1
7r/3n1pk1/p5pp/4p3/2P3PP/1NBb1P1R/8/3K4,1,-1
7r/3n1pk1/p5pp/4p3/2P3PP/2Bb1P1R/3N4/3K4,0,-1
2r5/3n1pk1/p5pp/4p3/2P3PP/2Bb1P1R/3N4/3K4,1,-1
2r5/3n1pk1/p5pp/4p3/2P2PPP/2Bb3R/3N4/3K4,0,-1
2r5/3n1pk1/p5pp/4p3/2b2PPP/2B4R/3N4/3K4,1,-1
2r5/3n1pk1/p5pp/4p3/2N2PPP/2B4R/8/3K4,0,-1
8/3n1pk1/p5pp/4p3/2r2PPP/2B4R/8/3K4,1,-1
8/3n1pk1/p5pp/4P3/2r3PP/2B4R/8/3K4,0,-1
5k2/3n1p2/p5pp/4P3/2r3PP/2B4R/8/3K4,1,-1
5k2/3n1p2/p5pp/4P1P1/2r4P/2B4R/8/3K4,0,-1
5k2/3n1p2/p5p1/4P1Pp/2r4P/2B4R/8/3K4,1,-1
5k2/3n1p2/p5p1/4P1Pp/2r4P/7R/1B6/3K4,0,-1
8/3nkp2/p5p1/4P1Pp/2r4P/7R/1B6/3K4,1,-1
8/3nkp2/p5p1/4P1Pp/2r4P/R7/1B6/3K4,0,-1
8/3nkp2/p1r3p1/4P1Pp/7P/R7/1B6/3K4,1,-1
8/3nkp2/p1r3p1/R3P1Pp/7P/8/1B6/3K4,0,-1
8/3n1p2/p1r1k1p1/R3P1Pp/7P/8/1B6/3K4,1,-1
8/3n1p2/p1r1k1p1/R3P1Pp/7P/8/1B1K4/8,0,-1
8/5p2/pnr1k1p1/R3P1Pp/7P/8/1B1K4/8,1,-1
2rr2k1/1p1n1pb1/p2ppnpp/q7/2PNP3/1PN1R1PP/PB1Q1P2/3R2K1,1,0
2rr2k1/1p1n1pb1/p2ppnpp/q7/2PNP3/1PN1R1PP/PB1Q1PK1/3R4,0,0
2rr2k1/1p1n1pb1/p2ppnp1/q6p/2PNP3/1PN1R1PP/PB1Q1PK1/3R4,1,0
2rr2k1/1p1n1pb1/p2ppnp1/q6p/2PNP3/1PN3PP/PB1Q1PK1/3RR3,0,0
2rr4/1p1n1pbk/p2ppnp1/q6p/2PNP3/1PN3PP/PB1Q1PK1/3RR3,1,0
2rr4/1p1n1pbk/p2ppnp1/q6p/2P1P3/1PN2NPP/PB1Q1PK1/3RR3,0,0
2rr2k1/1p1n1pb1/p2ppnp1/q6p/2P1P3/1PN2NPP/PB1Q1PK1/3RR3,1,0
2rr2k1/1p1n1pb1/p2ppnp1/q6p/2P1PQ2/1PN2NPP/PB3PK1/3RR3,0,0
2rr2k1/1p3pb1/p2ppnp1/q3n2p/2P1PQ2/1PN2NPP/PB3PK1/3RR3,1,0
2rr2k1/1p3pb1/p2ppnp1/q3N2p/2P1PQ2/1PN3PP/PB3PK1/3RR3,0,0
2rr2k1/1p3pb1/p3pnp1/q3p2p/2P1PQ2/1PN3PP/PB3PK1/3RR3,1,0
2rr2k1/1p3pb1/p3pnp1/q3p2p/2P1P3/1PN1Q1PP/PB3PK1/3RR3,0,0
2rr2k1/1p3pb1/p3pnp1/q3p3/2P1P2p/1PN1Q1PP/PB3PK1/3RR3,1,0
2rr2k1/1p3pb1/p3pnp1/q3p3/2P1P1Pp/1PN1Q2P/PB3PK1/3RR3,0,0
2r3k1/1p3pb1/p3pnp1/q3p3/2PrP1Pp/1PN1Q2P/PB3PK1/3RR3,1,0
2r3k1/1p3pb1/p3pnp1/q3p1Q1/2PrP1Pp/1PN4P/PB3PK1/3RR3,0,0
2r3k1/5pb1/p3pnp1/qp2p1Q1/2PrP1Pp/1PN4P/PB3PK1/3RR3,1,0
2r3k1/5pb1/p3pnp1/qP2p1Q1/3rP1Pp/1PN4P/PB3PK1/3RR3,0,0
2r3k1/5pb1/4pnp1/qp2p1Q1/3rP1Pp/1PN4P/PB3PK1/3RR3,1,0
2r3k1/5pb1/4pnp1/qp1Np1Q1/3rP1Pp/1P5P/PB3PK1/3RR3,0,0
5rk1/4Rp2/5P1p/2r3pP/3RPp2/8/6P1/6K1,1,0
5rk1/4Rp2/5P1p/2r1P1pP/3R1p2/8/6P1/6K1,0,0
5rk1/4Rp2/2r2P1p/4P1pP/3R1p2/8/6P1/6K1,1,0
5rk1/4Rp2/2r2P1p/4P1pP/3R1p2/8/6PK/8,0,0
5rk1/4Rp2/5P1p/4P1pP/3R1p2/8/2r3PK/8,1,0
5rk1/4Rp2/5P1p/4P1pP/3R1p2/7K/2r3P1/8,0,0
5rk1/4Rp2/5P1p/4P1pP/3R1p2/2r4K/6P1/8,1,0
5rk1/4Rp2/5P1p/4P1pP/3R1pK1/2r5/6P1/8,0,0
5rk1/4Rp2/5P1p/4P1pP/3R1pK1/6r1/6P1/8,1,0
5rk1/4Rp2/5P1p/4PKpP/3R1p2/6r1/6P1/8,0,0
5rk1/4Rp2/5P1p/4PKpP/3R4/5pr1/6P1/8,1,0
5rk1/4Rp2/5P1p/4PKpP/3R4/5Pr1/8/8,0,0
5rk1/4Rp2/5P1p/4PKpP/3R4/5r2/8/8,1,0
5rk1/4Rp2/5P1p/4P1pP/3R2K1/5r2/8/8,0,0
5rk1/4Rp2/5P1p/4P1pP/3R2K1/8/8/5r2,1,0
5rk1/3R1p2/5P1p/4P1pP/3R2K1/8/8/5r2,0,0
5rk1/3R1p2/5P1p/4P1pP/3R2K1/8/8/4r3,1,0
5rk1/3R1p2/5P1p/3RP1pP/6K1/8/8/4r3,0,0
4r1k1/3R1p2/5P1p/3RP1pP/6K1/8/8/4r3,1,0
4r1k1/3R1p2/5P1p/3RPKpP/8/8/8/4r3,0,0
5nk1/1p1q4/r2ppb2/4nNpp/3BP3/1QP4B/PP4PP/5RK1,1,1
5nk1/1p1q4/r2ppb2/4n1pp/3BP3/1QP3NB/PP4PP/5RK1,0,1
5nk1/1p3q2/r2ppb2/4n1pp/3BP3/1QP3NB/PP4PP/5RK1,1,1
5nk1/1p3q2/r2ppb2/4n1pN/3BP3/1QP4B/PP4PP/5RK1,0,1
5nk1/1p6/r2ppb2/4n1pq/3BP3/1QP4B/PP4PP/5RK1,1,1
5nk1/1p6/r2pBb2/4n1pq/3BP3/1QP5/PP4PP/5RK1,0,1
6k1/1p6/r2pnb2/4n1pq/3BP3/1QP5/PP4PP/5RK1,1,1
6k1/1p6/r2pnR2/4n1pq/3BP3/1QP5/PP4PP/6K1,0,1
6k1/1p6/r2pnR2/4n1p1/3BP1q1/1QP5/PP4PP/6K1,1,1
6k1/1p6/r2pnR2/4n1p1/3BP1q1/1QP4P/PP4P1/6K1,0,1
6k1/1p6/r2pnR2/6p1/3BP1q1/1QP2n1P/PP4P1/6K1,1,1
6k1/1p6/r2pn3/6p1/3BP1q1/1QP2R1P/PP4P1/6K1,0,1
6k1/1p6/r2pn3/6p1/3Bq3/1QP2R1P/PP4P1/6K1,1,1
6k1/1p6/r2pn3/6p1/3Bq3/1QP1R2P/PP4P1/6K1,0,1
6k1/1p6/r2pn3/6p1/3B4/1QP1R2P/PP4P1/1q4K1,1,1
6k1/1p6/r2pn3/6p1/3B4/1QP1R2P/PP4PK/1q6,0,1
6k1/1p6/r3n3/3p2p1/3B4/1QP1R2P/PP4PK/1q6,1,1
6k1/1Q6/r3n3/3p2p1/3B4/2P1R2P/PP4PK/1q6,0,1
6k1/1Q6/r3n3/3p2p1/3B4/2P1R2P/PP4PK/5q2,1,1
6k1/1Q6/r3n3/3p2p1/3B4/2P2R1P/PP4PK/5q2,0,1
2r3k1/4bpp1/p3q2p/1pn1p3/8/2P2QNP/PP3PP1/2BR2K1,0,0
2r2bk1/5pp1/p3q2p/1pn1p3/8/2P2QNP/PP3PP1/2BR2K1,1,0
2r2bk1/5pp1/p3q2p/1pnQp3/8/2P3NP/PP3PP1/2BR2K1,0,0
2r2bk1/5pp1/p6p/1pnqp3/8/2P3NP/PP3PP1/2BR2K1,1,0
2r2bk1/5pp1/p6p/1pnRp3/8/2P3NP/PP3PP1/2B3K1,0,0
2r2bk1/6p1/p4p1p/1pnRp3/8/2P3NP/PP3PP1/2B3K1,1,0
2r2bk1/6p1/p4p1p/1pnRp3/8/1PP3NP/P4PP1/2B3K1,0,0
2r2b2/5kp1/p4p1p/1pnRp3/8/1PP3NP/P4PP1/2B3K1,1,0
2r2b2/5kp1/p4p1p/1pnRp3/5P2/1PP3NP/P5P1/2B3K1,0,0
2r2b2/5kp1/p4p1p/1pnR4/5p2/1PP3NP/P5P1/2B3K1,1,0
2r2b2/5kp1/p4p1p/1pnR4/5B2/1PP3NP/P5P1/6K1,0,0
2r2b2/5kp1/p3np1p/1p1R4/5B2/1PP3NP/P5P1/6K1,1,0
2r2b2/5kp1/p3np1p/1p1R4/8/1PP3NP/P2B2P1/6K1,0,0
3r1b2/5kp1/p3np1p/1p1R4/8/1PP3NP/P2B2P1/6K1,1,0
3R1b2/5kp1/p3np1p/1p6/8/1PP3NP/P2B2P1/6K1,0,0
3n1b2/5kp1/p4p1p/1p6/8/1PP3NP/P2B2P1/6K1,1,0
3n1b2/5kp1/p4p1p/1p6/8/1PP3NP/P2B1KP1/8,0,0
3n1b2/6p1/p3kp1p/1p6/8/1PP3NP/P2B1KP1/8,1,0
3n1b2/6p1/p3kp1p/1p6/8/1PP4P/P2BNKP1/8,0,0
3n1b2/8/p3kp1p/1p4p1/8/1PP4P/P2BNKP1/8,1,0
7R/8/7P/4p1k1/r7/6P1/6K1/8,1,0
7R/7P/8/4p1k1/r7/6P1/6K1/8,0,0
7R/7P/7k/4p3/r7/6P1/6K1/8,1,0
4R3/7P/7k/4p3/r7/6P1/6K1/8,0,0
4R3/7k/8/4p3/r7/6P1/6K1/8,1,0
8/7k/8/4R3/r7/6P1/6K1/8,0,0
8/8/6k1/4R3/r7/6P1/6K1/8,1,0
8/8/6k1/1R6/r7/6P1/6K1/8,0,0
8/8/6k1/1R6/2r5/6P1/6K1/8,1,0
8/8/6k1/1R6/2r5/6PK/8/8,0,0
8/8/6k1/1R6/r7/6PK/8/8,1,0
8/8/6k1/1R6/r5P1/7K/8/8,0,0
8/8/6k1/1R6/6P1/7K/8/r7,1,0
8/8/6k1/1R6/6PK/8/8/r7,0,0
8/8/6k1/1R6/6PK/8/8/7r,1,0
8/8/6k1/1R6/6P1/6K1/8/7r,0,0
8/8/6k1/1R6/6P1/6K1/8/r7,1,0
8/8/6k1/1R6/6PK/8/8/r7,0,0
8/8/6k1/1R6/6PK/8/8/7r,1,0
8/8/6k1/1R6/6P1/6K1/8/7r,0,0
2rr2k1/3q1p2/p3pbp1/2p1p2p/2P1P3/PR1PQ3/5PPP/1R1N2K1,1,0
2rr2k1/3q1p2/p3pbp1/2p1p2p/2P1P3/PR1PQ3/5PPP/1R1N1K2,0,0
2rr2k1/5p2/p3pbp1/2p1p2p/q1P1P3/PR1PQ3/5PPP/1R1N1K2,1,0
2rr2k1/5p2/p3pbp1/2p1p2p/q1P1P3/PR1PQ1P1/5P1P/1R1N1K2,0,0
2rr2k1/5pb1/p3p1p1/2p1p2p/q1P1P3/PR1PQ1P1/5P1P/1R1N1K2,1,0
2rr2k1/5pb1/p3p1p1/2p1p2p/q1P1P3/PR1PQ1P1/5PKP/1R1N4,0,0
2r3k1/3r1pb1/p3p1p1/2p1p2p/q1P1P3/PR1PQ1P1/5PKP/1R1N4,1,0
2r3k1/3r1pb1/p3p1p1/2p1p2p/q1P1P3/PRNPQ1P1/5PKP/1R6,0,0
2r3k1/3r1pb1/p3p1p1/q1p1p2p/2P1P3/PRNPQ1P1/5PKP/1R6,1,0
2r3k1/3r1pb1/p3p1p1/q1p1p2p/2P1P3/PR1PQ1P1/4NPKP/1R6,0,0
3r2k1/3r1pb1/p3p1p1/q1p1p2p/2P1P3/PR1PQ1P1/4NPKP/1R6,1,0
3r2k1/3r1pb1/p3p1p1/q1p1p2p/2P1P3/PR1PQ1P1/5PKP/1R4N1,0,0
3r4/3r1pbk/p3p1p1/q1p1p2p/2P1P3/PR1PQ1P1/5PKP/1R4N1,1,0
3r4/3r1pbk/p3p1p1/q1p1p2p/2P1P3/PR1PQNP1/5PKP/1R6,0,0
3r4/3r2bk/p3ppp1/q1p1p2p/2P1P3/PR1PQNP1/5PKP/1R6,1,0
3r4/3r2bk/p3ppp1/q1p1p2p/2P1P3/PR1PQNPP/5PK1/1R6,0,0
3r4/3r3k/p3pppb/q1p1p2p/2P1P3/PR1PQNPP/5PK1/1R6,1,0
3r4/3r3k/p3pppb/q1p1p2p/2P1P3/PR1P1NPP/4QPK1/1R6,0,0
3r2k1/3r4/p3pppb/q1p1p2p/2P1P3/PR1P1NPP/4QPK1/1R6,1,0
3r2k1/3r4/p3pppb/q1p1p2p/2P1P3/PR1P1NPP/2Q2PK1/1R6,0,0
8/1R6/4k1p1/8/7P/4B3/5PPK/rq6,1,0
8/8/4k1p1/8/7P/4B3/5PPK/rR6,0,0
8/8/4k1p1/8/7P/4B3/5PPK/1r6,1,0
8/8/4k1p1/8/6PP/4B3/5P1K/1r6,0,0
8/8/4k1p1/8/1r4PP/4B3/5P1K/8,1,0
8/8/4k1p1/8/1r4PP/4B1K1/5P2/8,0,0
8/8/4k1p1/8/r5PP/4B1K1/5P2/8,1,0
8/8/4k1p1/8/r5PP/4BPK1/8/8,0,0
8/8/4k1p1/8/1r4PP/4BPK1/8/8,1,0
8/8/4k1pB/8/1r4PP/5PK1/8/8,0,0
8/8/4k1pB/8/r5PP/5PK1/8/8,1,0
8/8/4k1pB/8/r5PP/5P2/5K2/8,0,0
8/8/4k1pB/8/6PP/r4P2/5K2/8,1,0
8/6B1/4k1p1/8/6PP/r4P2/5K2/8,0,0
8/6B1/4k1p1/8/6PP/1r3P2/5K2/8,1,0
8/6B1/4k1p1/8/6PP/1r3PK1/8/8,0,0
8/6B1/4k1p1/8/1r4PP/5PK1/8/8,1,0
7B/8/4k1p1/8/1r4PP/5PK1/8/8,0,0
7B/8/4k1p1/8/r5PP/5PK1/8/8,1,0
8/6B1/4k1p1/8/r5PP/5PK1/8/8,0,0
6k1/3b1q1p/p5p1/8/3Q4/7P/P2B1PP1/6K1,1,1
6k1/3b1q1p/p5p1/8/3Q4/2B4P/P4PP1/6K1,0,1
5k2/3b1q1p/p5p1/8/3Q4/2B4P/P4PP1/6K1,1,1
5k2/3b1q1p/p2Q2p1/8/8/2B4P/P4PP1/6K1,0,1
5k2/3bq2p/p2Q2p1/8/8/2B4P/P4PP1/6K1,1,1
5k2/3bq2p/Q5p1/8/8/2B4P/P4PP1/6K1,0,1
5k2/3b3p/Q3q1p1/8/8/2B4P/P4PP1/6K1,1,1
Q4k2/3b3p/4q1p1/8/8/2B4P/P4PP1/6K1,0,1
Q3bk2/7p/4q1p1/8/8/2B4P/P4PP1/6K1,1,1
4bk2/7p/4q1p1/8/8/Q1B4P/P4PP1/6K1,0,1
4b1k1/7p/4q1p1/8/8/Q1B4P/P4PP1/6K1,1,1
4b1k1/Q6p/4q1p1/8/8/2B4P/P4PP1/6K1,0,1
4b1k1/Q2q3p/6p1/8/8/2B4P/P4PP1/6K1,1,1
4b1k1/3q3p/6p1/2Q5/8/2B4P/P4PP1/6K1,0,1
4b1k1/7p/6p1/2Q5/8/2B4P/P4PP1/3q2K1,1,1
4b1k1/7p/6p1/2Q5/8/2B4P/P4PPK/3q4,0,1
4b1k1/3q3p/6p1/2Q5/8/2B4P/P4PPK/8,1,1
4b1k1/3q3p/6p1/4Q3/8/2B4P/P4PPK/8,0,1
4b1k1/3q4/6p1/4Q2p/8/2B4P/P4PPK/8,1,1
4b1k1/3q4/6p1/4Q2p/P7/2B4P/5PPK/8,0,1
5rk1/1pQ1Nbp1/7p/p2p2q1/P7/8/1P3PPP/2R4K,0,0
5r1k/1pQ1Nbp1/7p/p2p2q1/P7/8/1P3PPP/2R4K,1,0
5r1k/1pQ1Nbp1/7p/p2p2q1/P4P2/8/1P4PP/2R4K,0,0
5r1k/1pQ1Nbp1/5q1p/p2p4/P4P2/8/1P4PP/2R4K,1,0
5r1k/1p2Nbp1/5q1p/p2pQ3/P4P2/8/1P4PP/2R4K,0,0
5r1k/1p2Nbp1/7p/p2pq3/P4P2/8/1P4PP/2R4K,1,0
5r1k/1p2Nbp1/7p/p2pP3/P7/8/1P4PP/2R4K,0,0
4r2k/1p2Nbp1/7p/p2pP3/P7/8/1P4PP/2R4K,1,0
2R1r2k/1p2Nbp1/7p/p2pP3/P7/8/1P4PP/7K,0,0
2R1r2k/1p2Nbp1/7p/p3P3/P2p4/8/1P4PP/7K,1,0
2R1r2k/1p2Nbp1/7p/p3P3/P2p4/8/1P4PP/6K1,0,0
2r4k/1p2Nbp1/7p/p3P3/P2p4/8/1P4PP/6K1,1,0
2N4k/1p3bp1/7p/p3P3/P2p4/8/1P4PP/6K1,0,0
2N4k/1p4p1/7p/p3P3/P2p4/1b6/1P4PP/6K1,1,0
2N4k/1p4p1/7p/p3P3/P2p4/1b6/1P3KPP/8,0,0
2N3k1/1p4p1/7p/p3P3/P2p4/1b6/1P3KPP/8,1,0
6k1/1p4p1/3N3p/p3P3/P2p4/1b6/1P3KPP/8,0,0
6k1/6p1/1p1N3p/p3P3/P2p4/1b6/1P3KPP/8,1,0
6k1/6p1/1p1N3p/p3P3/P2p4/1b6/1P2K1PP/8,0,0
6k1/6p1/1p1N3p/p3P3/b2p4/8/1P2K1PP/8,1,0
4r3/5pk1/3R4/4p3/4P3/5PK1/3R2P1/7r,1,1
4r3/5pk1/R7/4p3/4P3/5PK1/3R2P1/7r,0,1
8/4rpk1/R7/4p3/4P3/5PK1/3R2P1/7r,1,1
8/4rpk1/R7/4p3/4P1K1/5P2/3R2P1/7r,0,1
8/4rpk1/R7/4p3/4P1K1/5P2/3R2Pr/8,1,1
8/4rpk1/R7/4p3/4P3/5PK1/3R2Pr/8,0,1
8/4rpk1/R7/4p2r/4P3/5PK1/3R2P1/8,1,1
8/4rpk1/R7/4p2r/4P1K1/5P2/3R2P1/8,0,1
8/4rpk1/R7/4p3/4P1K1/5P2/3R2Pr/8,1,1
8/4rpk1/3R4/4p3/4P1K1/5P2/3R2Pr/8,0,1
8/4rpk1/3R4/4p3/4P1K1/5P2/3R2P1/7r,1,1
8/4rpk1/3R4/4p3/4P1K1/5PP1/3R4/7r,0,1
8/4rpk1/3R4/4p3/4P1K1/5PP1/3R4/6r1,1,1
8/4rpk1/3R4/4p3/4P1K1/5PP1/7R/6r1,0,1
4r3/5pk1/3R4/4p3/4P1K1/5PP1/7R/6r1,1,1
4r3/5pk1/3R4/4p2R/4P1K1/5PP1/8/6r1,0,1
4r3/6k1/3R1p2/4p2R/4P1K1/5PP1/8/6r1,1,1
4r3/3R2k1/5p2/4p2R/4P1K1/5PP1/8/6r1,0,1
4r3/3R4/5pk1/4p2R/4P1K1/5PP1/8/6r1,1,1
4r3/7R/5pk1/4p2R/4P1K1/5PP1/8/6r1,0,1
r4rk1/2q1ppbp/6p1/pQn1P3/5Bn1/2N2N2/PPP3PP/4RRK1,0,-1
r4rk1/2q1ppbp/4n1p1/pQ2P3/5Bn1/2N2N2/PPP3PP/4RRK1,1,-1
r4rk1/2q1ppbp/4n1p1/pQ1NP3/5Bn1/5N2/PPP3PP/4RRK1,0,-1
r4rk1/q3ppbp/4n1p1/pQ1NP3/5Bn1/5N2/PPP3PP/4RRK1,1,-1
r4rk1/q3ppbp/1Q2n1p1/p2NP3/5Bn1/5N2/PPP3PP/4RRK1,0,-1
r4rk1/3qppbp/1Q2n1p1/p2NP3/5Bn1/5N2/PPP3PP/4RRK1,1,-1
r4rk1/3qppbp/4n1p1/p2NP3/5Bn1/1Q3N2/PPP3PP/4RRK1,0,-1
1r3rk1/3qppbp/4n1p1/p2NP3/5Bn1/1Q3N2/PPP3PP/4RRK1,1,-1
1r3rk1/3qppbp/4n1p1/p2NP3/5Bn1/3Q1N2/PPP3PP/4RRK1,0,-1
1r1r2k1/3qppbp/4n1p1/p2NP3/5Bn1/3Q1N2/PPP3PP/4RRK1,1,-1
1r1r2k1/3qppbp/4n1p1/p2NP3/5Bn1/3Q1N2/PPP3PP/3R1RK1,0,-1
1r1r2k1/3qppbp/6p1/p2NP3/5nn1/3Q1N2/PPP3PP/3R1RK1,1,-1
1r1r2k1/3qppbp/6p1/p3P3/5Nn1/3Q1N2/PPP3PP/3R1RK1,0,-1
1r1r2k1/q3ppbp/6p1/p3P3/5Nn1/3Q1N2/PPP3PP/3R1RK1,1,-1
1r1r2k1/q3ppbp/6p1/p3P3/3N1Nn1/3Q4/PPP3PP/3R1RK1,0,-1
1r1r2k1/q3ppbp/6p1/p3n3/3N1N2/3Q4/PPP3PP/3R1RK1,1,-1
1r1r2k1/q3ppbp/6p1/p3n3/3NQN2/8/PPP3PP/3R1RK1,0,-1
1r1r2k1/q3ppbp/6p1/p7/2nNQN2/8/PPP3PP/3R1RK1,1,-1
1r1r2k1/q3ppbp/6p1/p2N4/2nNQ3/8/PPP3PP/3R1RK1,0,-1
1r1r2k1/q4pbp/4p1p1/p2N4/2nNQ3/8/PPP3PP/3R1RK1,1,-1
4r3/6b1/p1Np3k/1pnP3p/6p1/P1P5/1P1K2BP/6R1,0,-1
4r3/8/p1Np1b1k/1pnP3p/6p1/P1P5/1P1K2BP/6R1,1,-1
4r3/8/p1Np1b1k/1pnP3p/6p1/P1P5/1P1K2BP/5R2,0,-1
4r3/8/p1Np3k/1pnP2bp/6p1/P1P5/1P1K2BP/5R2,1,-1
4r3/8/p1Np3k/1pnP2bp/6p1/P1P5/1P4BP/3K1R2,0,-1
4r3/8/p1Np3k/1p1P2bp/6p1/P1Pn4/1P4BP/3K1R2,1,-1
4r3/8/p2p3k/1p1P2bp/3N2p1/P1Pn4/1P4BP/3K1R2,0,-1
4r3/8/p2p3k/1p1P2bp/3N2p1/P1P5/1n4BP/3K1R2,1,-1
4r3/8/p2p3k/1p1P2bp/3N2p1/P1P5/1nK3BP/5R2,0,-1
4r3/8/p2p3k/1p1P2bp/2nN2p1/P1P5/2K3BP/5R2,1,-1
4r3/8/p2p3k/1p1P1Nbp/2n3p1/P1P5/2K3BP/5R2,0,-1
4r3/8/p2p2k1/1p1P1Nbp/2n3p1/P1P5/2K3BP/5R2,1,-1
4r3/8/p2p2k1/1p1P1Nbp/2n3p1/P1P5/2K2RBP/8,0,-1
8/8/p2p2k1/1p1PrNbp/2n3p1/P1P5/2K2RBP/8,1,-1
8/8/p2p2k1/1p1PrNbp/2n3p1/P1PK4/5RBP/8,0,-1
8/8/p2p2k1/1p1P1rbp/2n3p1/P1PK4/5RBP/8,1,-1
8/8/p2p2k1/1p1P1rbp/2n1B1p1/P1PK4/5R1P/8,0,-1
8/8/p2p2k1/1p1Pnrbp/4B1p1/P1PK4/5R1P/8,1,-1
8/8/p2p2k1/1p1Pnrbp/4B1p1/P1P5/2K2R1P/8,0,-1
8/8/p2p2k1/1p1P1rbp/4B1p1/P1P2n2/2K2R1P/8,1,-1
8/8/5K2/5P2/3k2r1/8/8/8,1,0
8/8/4K3/5P2/3k2r1/8/8/8,0,0
8/8/4K3/5P2/3kr3/8/8/8,1,0
8/8/3K4/5P2/3kr3/8/8/8,0,0
8/8/3K4/5P2/3k1r2/8/8/8,1,0
8/8/4K3/5P2/3k1r2/8/8/8,0,0
8/8/4K3/5P2/3kr3/8/8/8,1,0
8/8/3K4/5P2/3kr3/8/8/8,0,0
8/8/3K4/5P2/3k3r/8/8/8,1,0
8/8/3K1P2/8/3k3r/8/8/8,0,0
8/8/3K1P1r/8/3k4/8/8/8,1,0
8/4K3/5P1r/8/3k4/8/8/8,0,0
8/4K3/5P1r/4k3/8/8/8/8,1,0
8/4KP2/7r/4k3/8/8/8/8,0,0
8/4KP2/4r3/4k3/8/8/8/8,1,0
8/3K1P2/4r3/4k3/8/8/8/8,0,0
8/3K1P2/5r2/4k3/8/8/8/8,1,0
8/4KP2/5r2/4k3/8/8/8/8,0,0
8/4Kr2/8/4k3/8/8/8/8,1,0
8/5K2/8/4k3/8/8/8/8,0,0
r5k1/2qnbppp/8/R2bpP2/1rN5/3BB2P/2P2QP1/R6K,0,-1
6k1/2qnbppp/8/r2bpP2/1rN5/3BB2P/2P2QP1/R6K,1,-1
6k1/2qnbppp/8/N2bpP2/1r6/3BB2P/2P2QP1/R6K,0,-1
6k1/2q1bppp/8/N1nbpP2/1r6/3BB2P/2P2QP1/R6K,1,-1
6k1/2q1bppp/8/N1nbpP2/1r6/3BB2P/2PQ2P1/R6K,0,-1
6k1/2q1bppp/8/N2bpP2/1r2n3/3BB2P/2PQ2P1/R6K,1,-1
6k1/2q1bppp/8/N2bpP2/1r2B3/4B2P/2PQ2P1/R6K,0,-1
6k1/2q1bppp/8/N3pP2/1r2b3/4B2P/2PQ2P1/R6K,1,-1
6k1/2q1bppp/5P2/N3p3/1r2b3/4B2P/2PQ2P1/R6K,0,-1
6k1/2q1bp1p/5p2/N3p3/1r2b3/4B2P/2PQ2P1/R6K,1,-1
6k1/2q1bp1p/5p2/N3p3/1r2b3/2P1B2P/3Q2P1/R6K,0,-1
6k1/2q1bp1p/5p2/Nr2p3/4b3/2P1B2P/3Q2P1/R6K,1,-1
6k1/2q1bp1p/5p2/Nr2p3/2P1b3/4B2P/3Q2P1/R6K,0,-1
6k1/2q2p1p/5p2/Nr2p3/1bP1b3/4B2P/3Q2P1/R6K,1,-1
6k1/2q2p1p/5p2/Nr2p3/1bP1b3/4B2P/5QP1/R6K,0,-1
6k1/2q2p1p/5p2/r3p3/1bP1b3/4B2P/5QP1/R6K,1,-1
6k1/2q2p1p/5p2/R3p3/1bP1b3/4B2P/5QP1/7K,0,-1
6k1/5p1p/5p2/q3p3/1bP1b3/4B2P/5QP1/7K,1,-1
6k1/5p1p/5p1B/q3p3/1bP1b3/7P/5QP1/7K,0,-1
3q2k1/5p1p/5p1B/4p3/1bP1b3/7P/5QP1/7K,1,-1
r4rk1/1b4pp/1B1bRq2/p2n4/Pp6/1B3PP1/NPPQ3P/3R2K1,0,0
r4rk1/1b4pp/1B1bq3/p2n4/Pp6/1B3PP1/NPPQ3P/3R2K1,1,0
r4rk1/1b4pp/1B1bq3/p2B4/Pp6/5PP1/NPPQ3P/3R2K1,0,0
r4rk1/6pp/1B1bq3/p2b4/Pp6/5PP1/NPPQ3P/3R2K1,1,0
r4rk1/6pp/1B1bq3/p2Q4/Pp6/5PP1/NPP4P/3R2K1,0,0
r4rk1/6pp/1B1b4/p2q4/Pp6/5PP1/NPP4P/3R2K1,1,0
r4rk1/6pp/1B1b4/p2R4/Pp6/5PP1/NPP4P/6K1,0,0
r4rk1/4b1pp/1B6/p2R4/Pp6/5PP1/NPP4P/6K1,1,0
r4rk1/4b1pp/8/B2R4/Pp6/5PP1/NPP4P/6K1,0,0
r1r3k1/4b1pp/8/B2R4/Pp6/5PP1/NPP4P/6K1,1,0
r1r3k1/4b1pp/8/3R4/PB6/5PP1/NPP4P/6K1,0,0
2r3k1/4b1pp/8/3R4/rB6/5PP1/NPP4P/6K1,1,0
2r3k1/4B1pp/8/3R4/r7/5PP1/NPP4P/6K1,0,0
2r3k1/4B1pp/8/3R4/8/5PP1/rPP4P/6K1,1,0
2r3k1/6pp/8/3R4/8/B4PP1/rPP4P/6K1,0,0
6k1/6pp/8/3R4/8/B4PP1/rPr4P/6K1,1,0
6k1/6pp/8/8/8/B4PP1/rPr4P/3R2K1,0,0
8/5kpp/8/8/8/B4PP1/rPr4P/3R2K1,1,0
8/3R1kpp/8/8/8/B4PP1/rPr4P/6K1,0,0
8/3R2pp/5k2/8/8/B4PP1/rPr4P/6K1,1,0
r4rk1/3q1p1p/p2b4/2pPpBP1/R2n4/1PPQB3/7P/5RK1,0,0
r4rk1/3q1p1p/p2b4/2pPpnP1/R7/1PPQB3/7P/5RK1,1,0
r4rk1/3q1p1p/p2b4/2pPpRP1/R7/1PPQB3/7P/6K1,0,0
r4rk1/3q1p1p/p2b4/2pP1RP1/R3p3/1PPQB3/7P/6K1,1,0
r4rk1/3q1p1p/p2b4/2pP1RP1/R3p3/1PP1B3/7P/5QK1,0,0
r3r1k1/3q1p1p/p2b4/2pP1RP1/R3p3/1PP1B3/7P/5QK1,1,0
r3r1k1/3q1p1p/p2b4/2pP1RP1/4p3/1PP1B3/R6P/5QK1,0,0
r5k1/3q1p1p/p2b4/2pPrRP1/4p3/1PP1B3/R6P/5QK1,1,0
r5k1/3q1p1p/p2b4/2pPR1P1/4p3/1PP1B3/R6P/5QK1,0,0
r5k1/3q1p1p/p7/2pPb1P1/4p3/1PP1B3/R6P/5QK1,1,0
r5k1/3q1p1p/p7/2pPb1P1/2P1p3/1P2B3/R6P/5QK1,0,0
r5k1/3q1p1p/p7/2pP2P1/2Pbp3/1P2B3/R6P/5QK1,1,0
r5k1/3q1p1p/p7/2pP2P1/2PbpQ2/1P2B3/R6P/6K1,0,0
4r1k1/3q1p1p/p7/2pP2P1/2PbpQ2/1P2B3/R6P/6K1,1,0
4r1k1/3q1p1p/p7/2pP2P1/2PbpQ2/1P2B3/5R1P/6K1,0,0
4r1k1/3q1p1p/p7/2pP2P1/2P1pQ2/1P2b3/5R1P/6K1,1,0
4r1k1/3q1p1p/p7/2pP2P1/2P1p3/1P2Q3/5R1P/6K1,0,0
4r1k1/5p1p/p7/2pP2P1/2P1p1q1/1P2Q3/5R1P/6K1,1,0
4r1k1/5p1p/p7/2pP2P1/2P1p1q1/1P2Q3/5R1P/5K2,0,0
4r1k1/5p1p/p7/2pP2P1/2P1p3/1P2Q3/5R1P/3q1K2,1,0
8/5pkp/4p1p1/5q2/2r1R2P/1Rp2PP1/2Qb4/rN4K1,0,-1
8/5pkp/4p1p1/5q2/4r2P/1Rp2PP1/2Qb4/rN4K1,1,-1
8/5pkp/4p1p1/5q2/4P2P/1Rp3P1/2Qb4/rN4K1,0,-1
8/5pkp/4p1p1/8/4P2P/1Rp2qP1/2Qb4/rN4K1,1,-1
8/5pkp/4p1p1/8/4P2P/1Rp2qP1/2Qb3K/rN6,0,-1
8/5pkp/4p1p1/8/4P2P/1Rp2qP1/2Q4K/rN2b3,1,-1
8/5pkp/4p1p1/8/4P2P/2R2qP1/2Q4K/rN2b3,0,-1
8/5pkp/4p1p1/8/4P2P/2b2qP1/2Q4K/rN6,1,-1
8/5pkp/4p1p1/8/4P2P/2Q2qP1/7K/rN6,0,-1
8/5pkp/4p1p1/8/4P2P/2q3P1/7K/rN6,1,-1
8/5pkp/4p1p1/8/4P2P/2N3P1/7K/r7,0,-1
8/5p1p/4pkp1/8/4P2P/2N3P1/7K/r7,1,-1
8/5p1p/4pkp1/8/4P2P/2N3P1/6K1/r7,0,-1
8/5p1p/4p1p1/4k3/4P2P/2N3P1/6K1/r7,1,-1
8/5p1p/4p1p1/4k3/4P2P/2N3P1/5K2/r7,0,-1
8/5p1p/4p1p1/4k3/4P2P/r1N3P1/5K2/8,1,-1
8/5p1p/4p1p1/1N2k3/4P2P/r5P1/5K2/8,0,-1
8/5p1p/4p1p1/1N2k3/4P2P/1r4P1/5K2/8,1,-1
8/N4p1p/4p1p1/4k3/4P2P/1r4P1/5K2/8,0,-1
8/N4p1p/4p1p1/8/4k2P/1r4P1/5K2/8,1,-1
r7/4Rpk1/7p/1p6/n3N2p/5R2/P4PP1/3r2K1,1,1
r7/4Rpk1/7p/1p6/n3N2p/5R2/P4PPK/3r4,0,1
5r2/4Rpk1/7p/1p6/n3N2p/5R2/P4PPK/3r4,1,1
5r2/4Rpk1/7p/1p6/n3NR1p/8/P4PPK/3r4,0,1
5r2/4Rpk1/7p/1p6/n3NR1p/8/P4PPK/4r3,1,1
5r2/2R2pk1/7p/1p6/n3NR1p/8/P4PPK/4r3,0,1
5r2/2R2p2/6kp/1p6/n3NR1p/8/P4PPK/4r3,1,1
5r2/5p2/2R3kp/1p6/n3NR1p/8/P4PPK/4r3,0,1
5r2/8/2R2pkp/1p6/n3NR1p/8/P4PPK/4r3,1,1
5r2/8/2R2Nkp/1p6/n4R1p/8/P4PPK/4r3,0,1
3r4/8/2R2Nkp/1p6/n4R1p/8/P4PPK/4r3,1,1
3r4/8/2R3kp/1p6/n3NR1p/8/P4PPK/4r3,0,1
3r4/6k1/2R4p/1p6/n3NR1p/8/P4PPK/4r3,1,1
3r4/2R3k1/7p/1p6/n3NR1p/8/P4PPK/4r3,0,1
3r4/2R5/6kp/1p6/n3NR1p/8/P4PPK/4r3,1,1
3r4/2R5/5Rkp/1p6/n3N2p/8/P4PPK/4r3,0,1
3r4/2R5/5R1p/1p5k/n3N2p/8/P4PPK/4r3,1,1
3r4/6R1/5R1p/1p5k/n3N2p/8/P4PPK/4r3,0,1
8/6R1/5R1p/1p1r3k/n3N2p/8/P4PPK/4r3,1,1
8/6R1/5R1p/1p1r3k/n3N1Pp/8/P4P1K/4r3,0,1
2R2n2/4k1bp/2N2pp1/8/8/6BP/5PPK/3r4,0,0
2R2n2/5kbp/2N2pp1/8/8/6BP/5PPK/3r4,1,0
2RN1n2/5kbp/5pp1/8/8/6BP/5PPK/3r4,0,0
2RN1n2/4k1bp/5pp1/8/8/6BP/5PPK/3r4,1,0
2R2n2/1N2k1bp/5pp1/8/8/6BP/5PPK/3r4,0,0
2R5/1N2k1bp/4npp1/8/8/6BP/5PPK/3r4,1,0
2R5/4k1bp/4npp1/N7/8/6BP/5PPK/3r4,0,0
2R5/4k1bp/4np2/N5p1/8/6BP/5PPK/3r4,1,0
1R6/4k1bp/4np2/N5p1/8/6BP/5PPK/3r4,0,0
1R6/3rk1bp/4np2/N5p1/8/6BP/5PPK/8,1,0
1R6/3rk1bp/2N1np2/6p1/8/6BP/5PPK/8,0,0
1R6/3r1kbp/2N1np2/6p1/8/6BP/5PPK/8,1,0
8/3r1kbp/1RN1np2/6p1/8/6BP/5PPK/8,0,0
5b2/3r1k1p/1RN1np2/6p1/8/6BP/5PPK/8,1,0
1N3b2/3r1k1p/1R2np2/6p1/8/6BP/5PPK/8,0,0
1N3b2/r4k1p/1R2np2/6p1/8/6BP/5PPK/8,1,0
5b2/r4k1p/1RN1np2/6p1/8/6BP/5PPK/8,0,0
5b2/3r1k1p/1RN1np2/6p1/8/6BP/5PPK/8,1,0
1N3b2/3r1k1p/1R2np2/6p1/8/6BP/5PPK/8,0,0
1N3b2/r4k1p/1R2np2/6p1/8/6BP/5PPK/8,1,0
1r3q2/1r6/1kb2pP1/p1p1p3/PbPpP1NP/1P3Q1R/2B3R1/1K6,0,-1
1r3q2/kr6/2b2pP1/p1p1p3/PbPpP1NP/1P3Q1R/2B3R1/1K6,1,-1
1r3q2/kr6/2b2QP1/p1p1p3/PbPpP1NP/1P5R/2B3R1/1K6,0,-1
1rq5/kr6/2b2QP1/p1p1p3/PbPpP1NP/1P5R/2B3R1/1K6,1,-1
1rq5/kr4P1/2b2Q2/p1p1p3/PbPpP1NP/1P5R/2B3R1/1K6,0,-1
1rq5/kr4P1/2b2Q2/p1p1p3/P1PpP1NP/1Pb4R/2B3R1/1K6,1,-1
1rq5/kr4P1/2b2Q2/p1p1p3/P1PpP1NP/1Pb4R/2B3R1/2K5,0,-1
1rq5/k5P1/2b2Q2/p1p1p3/P1PpP1NP/1rb4R/2B3R1/2K5,1,-1
1rq5/k5P1/2b2Q2/p1p1p3/P1PpP1NP/1Bb4R/6R1/2K5,0,-1
2q5/k5P1/2b2Q2/p1p1p3/P1PpP1NP/1rb4R/6R1/2K5,1,-1
2q5/k5P1/2b2Q2/p1p1N3/P1PpP2P/1rb4R/6R1/2K5,0,-1
2q5/k5P1/5Q2/p1p1N3/P1Ppb2P/1rb4R/6R1/2K5,1,-1
2q5/k5P1/5Q2/p1p1N3/P1Ppb2P/1rbR4/6R1/2K5,0,-1
8/kq4P1/5Q2/p1p1N3/P1Ppb2P/1rbR4/6R1/2K5,1,-1
8/kq3QP1/8/p1p1N3/P1Ppb2P/1rbR4/6R1/2K5,0,-1
8/kq3QP1/8/p1p1N3/P1Ppb2P/2bR4/6R1/1rK5,1,-1
8/kq3QP1/8/p1p1N3/P1Ppb2P/2bR4/2K3R1/1r6,0,-1
8/kq3QP1/8/p1p1N3/P1Ppb2P/2bR4/1rK3R1/8,1,-1
8/kq3QP1/8/p1p1N3/P1Ppb2P/2bR4/1r4R1/3K4,0,-1
8/kq3QP1/8/p1p1N3/P1Ppb2P/2bR4/6r1/3K4,1,-1
2k5/1p5p/p1n2r2/3b1pq1/3p1R2/3B2B1/PPP1N1PP/4R1K1,1,1
2k5/1p5p/p1n2r2/3b1pq1/3p1R2/3B2B1/PPP1N1PP/5RK1,0,1
2k5/1p2n2p/p4r2/3b1pq1/3p1R2/3B2B1/PPP1N1PP/5RK1,1,1
2k5/1p2n2p/p4r2/3b1pq1/3N1R2/3B2B1/PPP3PP/5RK1,0,1
2k5/1p2n1qp/p4r2/3b1p2/3N1R2/3B2B1/PPP3PP/5RK1,1,1
2k5/1p2n1qp/p4r2/3b1p2/2PN1R2/3B2B1/PP4PP/5RK1,0,1
2k5/1p2nbqp/p4r2/5p2/2PN1R2/3B2B1/PP4PP/5RK1,1,1
2k5/1p2nbqp/p4r2/5N2/2P2R2/3B2B1/PP4PP/5RK1,0,1
2k5/1p3bqp/p4r2/5n2/2P2R2/3B2B1/PP4PP/5RK1,1,1
2k5/1p3bqp/p4r2/5B2/2P2R2/6B1/PP4PP/5RK1,0,1
3k4/1p3bqp/p4r2/5B2/2P2R2/6B1/PP4PP/5RK1,1,1
3k4/1p3bqp/p4r2/5B2/2P2R2/6B1/PP4PP/3R2K1,0,1
4k3/1p3bqp/p4r2/5B2/2P2R2/6B1/PP4PP/3R2K1,1,1
4k3/1p3bqp/p4r2/5B2/2P1R3/6B1/PP4PP/3R2K1,0,1
5k2/1p3bqp/p4r2/5B2/2P1R3/6B1/PP4PP/3R2K1,1,1
3R1k2/1p3bqp/p4r2/5B2/2P1R3/6B1/PP4PP/6K1,0,1
3Rbk2/1p4qp/p4r2/5B2/2P1R3/6B1/PP4PP/6K1,1,1
4Rk2/1p4qp/p4r2/5B2/2P1R3/6B1/PP4PP/6K1,0,1
4R3/1p3kqp/p4r2/5B2/2P1R3/6B1/PP4PP/6K1,1,1
4R3/1p2Rkqp/p4r2/5B2/2P5/6B1/PP4PP/6K1,0,1
r4k2/3B1p1p/1q1p2p1/r2P4/n1P1Q3/4N3/5PPP/4R1K1,0,-1
r4k2/3B1p1p/1q1p2p1/r2P4/2P1Q3/2n1N3/5PPP/4R1K1,1,-1
r4k2/3B1p1p/1q1p2p1/r2P4/2P5/2nQN3/5PPP/4R1K1,0,-1
r4k2/3B1p1p/3p2p1/r2P4/2P5/2nQN3/1q3PPP/4R1K1,1,-1
r4k2/3B1p1p/3p2p1/r2P4/2P5/2nQN1P1/1q3P1P/4R1K1,0,-1
r4k2/3B1p1p/3p2p1/3P4/2P5/2nQN1P1/1q3P1P/r3R1K1,1,-1
r4k2/3B1p1p/3p2p1/3P4/2P5/2nQ2P1/1qN2P1P/r3R1K1,0,-1
r4k2/3B1p1p/3p2p1/3P4/2P5/2nQ2P1/1qN2P1P/4r1K1,1,-1
r4k2/3B1p1p/3p2p1/3P4/2P5/2nQ2P1/1q3P1P/4N1K1,0,-1
r4k2/3B1p1p/3p2p1/3P4/2P5/2nQ2P1/5P1P/2q1N1K1,1,-1
r4k2/3B1p1p/3p2p1/3P4/2P5/2nQ2P1/5P1P/2q1NK2,0,-1
5k2/3B1p1p/3p2p1/3P4/2P5/2nQ2P1/5P1P/r1q1NK2,1,-1
5k2/3B1p1p/3p2p1/3P4/2P5/2n1Q1P1/5P1P/r1q1NK2,0,-1
5k2/3B1p1p/3p2p1/3P4/2P5/2n1q1P1/5P1P/r3NK2,1,-1
5k2/3B1p1p/3p2p1/3P4/2P5/2n1P1P1/7P/r3NK2,0,-1
8/3Bkp1p/3p2p1/3P4/2P5/2n1P1P1/7P/r3NK2,1,-1
8/4kp1p/2Bp2p1/3P4/2P5/2n1P1P1/7P/r3NK2,0,-1
8/4k2p/2Bp2p1/3P1p2/2P5/2n1P1P1/7P/r3NK2,1,-1
8/4k2p/2Bp2p1/3P1p2/2P5/2n1P1P1/5K1P/r3N3,0,-1
8/4k2p/2Bp2p1/3P1p2/2P5/2n1P1P1/r4K1P/4N3,1,-1
rnq2rk1/4bppp/p2pbn2/1p2p3/4P3/1BNQBN2/PPP2PPP/R4RK1,1,0
rnq2rk1/4bppp/p2pbn2/1p2p3/4P2N/1BNQB3/PPP2PPP/R4RK1,0,0
r1q2rk1/3nbppp/p2pbn2/1p2p3/4P2N/1BNQB3/PPP2PPP/R4RK1,1,0
r1q2rk1/3nbppp/p2pbn2/1p2p3/P3P2N/1BNQB3/1PP2PPP/R4RK1,0,0
r1q2rk1/3nbppp/p2pbn2/4p3/Pp2P2N/1BNQB3/1PP2PPP/R4RK1,1,0
r1q2rk1/3nbppp/p2pbn2/3Np3/Pp2P2N/1B1QB3/1PP2PPP/R4RK1,0,0
r1q2rk1/3nbppp/p2pb3/3np3/Pp2P2N/1B1QB3/1PP2PPP/R4RK1,1,0
r1q2rk1/3nbppp/p2pb3/3Pp3/Pp5N/1B1QB3/1PP2PPP/R4RK1,0,0
r1q2rk1/3nbppp/p2p4/3Pp3/Pp4bN/1B1QB3/1PP2PPP/R4RK1,1,0
r1q2rk1/3nbppp/p2p4/3PpN2/Pp4b1/1B1QB3/1PP2PPP/R4RK1,0,0
r1q2rk1/3nbppp/p2p4/3Ppb2/Pp6/1B1QB3/1PP2PPP/R4RK1,1,0
r1q2rk1/3nbppp/p2p4/3PpQ2/Pp6/1B2B3/1PP2PPP/R4RK1,0,0
r1q2rk1/3nbp1p/p2p2p1/3PpQ2/Pp6/1B2B3/1PP2PPP/R4RK1,1,0
r1q2rk1/3nbp1p/p2p2p1/3Pp3/Pp6/1B1QB3/1PP2PPP/R4RK1,0,0
r1q2rk1/3nb2p/p2p2p1/3Ppp2/Pp6/1B1QB3/1PP2PPP/R4RK1,1,0
r1q2rk1/3nb2p/p2p2p1/3Ppp2/Pp6/1B1QBP2/1PP3PP/R4RK1,0,0
r1q2rk1/3nb2p/3p2p1/p2Ppp2/Pp6/1B1QBP2/1PP3PP/R4RK1,1,0
r1q2rk1/3nb2p/3p2p1/p2Ppp2/Pp6/1B1QBP2/1PP3PP/2R2RK1,0,0
r1q2rk1/3n3p/3p1bp1/p2Ppp2/Pp6/1B1QBP2/1PP3PP/2R2RK1,1,0
r1q2rk1/3n3p/3p1bp1/p2Ppp2/Pp6/1BPQBP2/1P4PP/2R2RK1,0,0
rnbqkb1r/1p2ppp1/p2p3p/6B1/3NP1n1/2N5/PPP2PPP/R2QKB1R,1,1
rnbqkb1r/1p2ppp1/p2p3p/8/3NP1nB/2N5/PPP2PPP/R2QKB1R,0,1
rnbqkb1r/1p2pp2/p2p3p/6p1/3NP1nB/2N5/PPP2PPP/R2QKB1R,1,1
rnbqkb1r/1p2pp2/p2p3p/6p1/3NP1n1/2N3B1/PPP2PPP/R2QKB1R,0,1
rnbqk2r/1p2ppb1/p2p3p/6p1/3NP1n1/2N3B1/PPP2PPP/R2QKB1R,1,1
rnbqk2r/1p2ppb1/p2p3p/6p1/3NP1n1/2N3B1/PPP1BPPP/R2QK2R,0,1
rnbqk2r/1p2ppb1/p2p3p/4n1p1/3NP3/2N3B1/PPP1BPPP/R2QK2R,1,1
rnbqk2r/1p2ppb1/p2p3p/4nNp1/4P3/2N3B1/PPP1BPPP/R2QK2R,0,1
rn1qk2r/1p2ppb1/p2p3p/4nbp1/4P3/2N3B1/PPP1BPPP/R2QK2R,1,1
rn1qk2r/1p2ppb1/p2p3p/4nPp1/8/2N3B1/PPP1BPPP/R2QK2R,0,1
r2qk2r/1p2ppb1/p1np3p/4nPp1/8/2N3B1/PPP1BPPP/R2QK2R,1,1
r2qk2r/1p2ppb1/p1np3p/3NnPp1/8/6B1/PPP1BPPP/R2QK2R,0,1
r2qk2r/1p2ppb1/p2p3p/3NnPp1/3n4/6B1/PPP1BPPP/R2QK2R,1,1
r2qk2r/1p2ppb1/p2p1P1p/3Nn1p1/3n4/6B1/PPP1BPPP/R2QK2R,0,1
r3k2r/1p2ppb1/p2p1P1p/q2Nn1p1/3n4/6B1/PPP1BPPP/R2QK2R,1,1
r3k2r/1p2ppb1/p2p1P1p/q2Nn1p1/3n4/2P3B1/PP2BPPP/R2QK2R,0,1
r3k2r/1p2ppb1/p2p1P1p/q2Nn1p1/8/2P3B1/PP2nPPP/R2QK2R,1,1
r3k2r/1p2ppP1/p2p3p/q2Nn1p1/8/2P3B1/PP2nPPP/R2QK2R,0,1
r3k1r1/1p2ppP1/p2p3p/q2Nn1p1/8/2P3B1/PP2nPPP/R2QK2R,1,1
r3k1r1/1p2ppP1/p2p3p/q2Nn1p1/1P6/2P3B1/P3nPPP/R2QK2R,0,1
8/4k3/2bpp3/pp6/3RP3/P1P1r3/1PB3r1/1K5R,0,-1
8/4k3/2bpp3/pp6/3RP3/P1P5/1PB1r1r1/1K5R,1,-1
8/4k2R/2bpp3/pp6/3RP3/P1P5/1PB1r1r1/1K6,0,-1
8/7R/2bppk2/pp6/3RP3/P1P5/1PB1r1r1/1K6,1,-1
8/7R/2bppk2/pp2P3/3R4/P1P5/1PB1r1r1/1K6,0,-1
8/7R/2b1pk2/pp2p3/3R4/P1P5/1PB1r1r1/1K6,1,-1
8/8/2b1pk1R/pp2p3/3R4/P1P5/1PB1r1r1/1K6,0,-1
8/6k1/2b1p2R/pp2p3/3R4/P1P5/1PB1r1r1/1K6,1,-1
8/6kR/2b1p3/pp2p3/3R4/P1P5/1PB1r1r1/1K6,0,-1
8/7R/2b1pk2/pp2p3/3R4/P1P5/1PB1r1r1/1K6,1,-1
8/8/2b1pk1R/pp2p3/3R4/P1P5/1PB1r1r1/1K6,0,-1
8/8/2b1p2R/pp2p1k1/3R4/P1P5/1PB1r1r1/1K6,1,-1
8/8/2b1p1R1/pp2p1k1/3R4/P1P5/1PB1r1r1/1K6,0,-1
8/8/2b1p1R1/pp2p2k/3R4/P1P5/1PB1r1r1/1K6,1,-1
8/8/2bRp1R1/pp2p2k/8/P1P5/1PB1r1r1/1K6,0,-1
8/8/2bRp1R1/pp2p2k/8/P1P5/1PB3r1/1K2r3,1,-1
8/8/2bRp1R1/pp2p2k/8/P1P5/KPB3r1/4r3,0,-1
8/8/2bRp1R1/pp2p2k/8/P1P5/KPr5/4r3,1,-1
8/8/2bRR3/pp2p2k/8/P1P5/KPr5/4r3,0,-1
8/8/3RR3/pp2p2k/8/P1P2b2/KPr5/4r3,1,-1
2qr1rk1/pp3pp1/5bnp/2P1p3/4P3/PQP2N1P/3N1PP1/R3R1K1,1,0
2qr1rk1/pp3pp1/5bnp/2P1p3/2N1P3/PQP2N1P/5PP1/R3R1K1,0,0
3r1rk1/pp3pp1/5bnp/2q1p3/2N1P3/PQP2N1P/5PP1/R3R1K1,1,0
3r1rk1/pp3pp1/5bnp/2q1p3/4P3/PQP1NN1P/5PP1/R3R1K1,0,0
3r1rk1/pp3pp1/5b1p/2q1p3/4Pn2/PQP1NN1P/5PP1/R3R1K1,1,0
3r1rk1/pp3pp1/5b1p/2q1p3/2P1Pn2/PQ2NN1P/5PP1/R3R1K1,0,0
5rk1/pp3pp1/5b1p/2q1p3/2P1Pn2/PQ1rNN1P/5PP1/R3R1K1,1,0
5rk1/pQ3pp1/5b1p/2q1p3/2P1Pn2/P2rNN1P/5PP1/R3R1K1,0,0
5rk1/pQ3pp1/5b1p/2q1p3/2P1Pn2/r3NN1P/5PP1/R3R1K1,1,0
5rk1/p4pp1/5b1p/1Qq1p3/2P1Pn2/r3NN1P/5PP1/R3R1K1,0,0
5rk1/p4pp1/5b1p/1q2p3/2P1Pn2/r3NN1P/5PP1/R3R1K1,1,0
5rk1/p4pp1/5b1p/1P2p3/4Pn2/r3NN1P/5PP1/R3R1K1,0,0
5rk1/p4pp1/5b1p/1P2p3/4Pn2/4NN1P/5PP1/r3R1K1,1,0
5rk1/p4pp1/5b1p/1P2p3/4Pn2/4NN1P/5PP1/R5K1,0,0
1r4k1/p4pp1/5b1p/1P2p3/4Pn2/4NN1P/5PP1/R5K1,1,0
1r4k1/R4pp1/5b1p/1P2p3/4Pn2/4NN1P/5PP1/6K1,0,0
6k1/R4pp1/5b1p/1r2p3/4Pn2/4NN1P/5PP1/6K1,1,0
R5k1/5pp1/5b1p/1r2p3/4Pn2/4NN1P/5PP1/6K1,0,0
R7/5ppk/5b1p/1r2p3/4Pn2/4NN1P/5PP1/6K1,1,0
R7/5ppk/5b1p/1r2p3/4PnN1/5N1P/5PP1/6K1,0,0
1b6/1p4pk/pP1p4/P2P1p1P/4r3/4B1K1/8/2R5,1,1
1b6/1p4pk/pP1p4/P2P1p1P/4rB2/6K1/8/2R5,0,1
1b2r3/1p4pk/pP1p4/P2P1p1P/5B2/6K1/8/2R5,1,1
1b2r3/1p4pk/pP1p4/P2P1p1P/5B1K/8/8/2R5,0,1
1b2r1k1/1p4p1/pP1p4/P2P1p1P/5B1K/8/8/2R5,1,1
1b2r1k1/1p4p1/pP1p4/P2P1pKP/5B2/8/8/2R5,0,1
1b2r3/1p3kp1/pP1p4/P2P1pKP/5B2/8/8/2R5,1,1
1b2r3/1p3kp1/pP1p4/P2P1K1P/5B2/8/8/2R5,0,1
1b5r/1p3kp1/pP1p4/P2P1K1P/5B2/8/8/2R5,1,1
1b5r/1p3kp1/pP1p4/P2P1KBP/8/8/8/2R5,0,1
1b2r3/1p3kp1/pP1p4/P2P1KBP/8/8/8/2R5,1,1
1b2r3/1p3kp1/pP1p4/P2P2BP/5K2/8/8/2R5,0,1
1b2r1k1/1p4p1/pP1p4/P2P2BP/5K2/8/8/2R5,1,1
1b2r1k1/1p4p1/pP1p4/P2P2BP/5K2/2R5/8/8,0,1
1b3rk1/1p4p1/pP1p4/P2P2BP/5K2/2R5/8/8,1,1
1b3rk1/1p4p1/pP1p4/P2P2BP/6K1/2R5/8/8,0,1
1b2r1k1/1p4p1/pP1p4/P2P2BP/6K1/2R5/8/8,1,1
1b2r1k1/1p4p1/pP1p4/P2P2BP/6K1/4R3/8/8,0,1
1b4k1/1p4p1/pP1p4/P2Pr1BP/6K1/4R3/8/8,1,1
1b4k1/1p4p1/pP1p4/P2Pr2P/5BK1/4R3/8/8,0,1
3r4/7k/4p1pp/1p1P1pb1/6q1/1P1Q4/7P/3RR2K,1,1
3r4/7k/4R1pp/1p1P1pb1/6q1/1P1Q4/7P/3R3K,0,1
6r1/7k/4R1pp/1p1P1pb1/6q1/1P1Q4/7P/3R3K,1,1
6r1/7k/4R1pp/1p1P1pb1/6q1/1P1Q4/7P/6RK,0,1
6r1/7k/4R1pp/1p1P1pb1/7q/1P1Q4/7P/6RK,1,1
6r1/7k/3PR1pp/1p3pb1/7q/1P1Q4/7P/6RK,0,1
r7/7k/3PR1pp/1p3pb1/7q/1P1Q4/7P/6RK,1,1
r7/7k/3PR1pp/1p3pb1/7q/1P1Q4/7P/4R2K,0,1
r7/7k/3PR1pp/1p3pb1/1q6/1P1Q4/7P/4R2K,1,1
r7/7k/3PR1pp/1p1Q1pb1/1q6/1P6/7P/4R2K,0,1
8/r6k/3PR1pp/1p1Q1pb1/1q6/1P6/7P/4R2K,1,1
8/r2P3k/4R1pp/1p1Q1pb1/1q6/1P6/7P/4R2K,0,1
3b4/r2P3k/4R1pp/1p1Q1p2/1q6/1P6/7P/4R2K,1,1
3b4/r2PR2k/6pp/1p1Q1p2/1q6/1P6/7P/4R2K,0,1
8/r2Pb2k/6pp/1p1Q1p2/1q6/1P6/7P/4R2K,1,1
8/r2PbQ1k/6pp/1p3p2/1q6/1P6/7P/4R2K,0,1
7k/r2PbQ2/6pp/1p3p2/1q6/1P6/7P/4R2K,1,1
3Q3k/r3bQ2/6pp/1p3p2/1q6/1P6/7P/4R2K,0,1
3b3k/r4Q2/6pp/1p3p2/1q6/1P6/7P/4R2K,1,1
3bR2k/r4Q2/6pp/1p3p2/1q6/1P6/7P/7K,0,1
r2qr1k1/4bppp/p7/3b2PP/1P3B2/2NP3R/1P1Q4/2KR4,0,-1
r2qr1k1/5ppp/p7/3b2PP/1b3B2/2NP3R/1P1Q4/2KR4,1,-1
r2qr1k1/5ppp/p7/3b2PP/1b1P1B2/2N4R/1P1Q4/2KR4,0,-1
r2qr1k1/5ppp/p7/6PP/1b1P1B2/1bN4R/1P1Q4/2KR4,1,-1
r2qr1k1/5ppp/p5P1/7P/1b1P1B2/1bN4R/1P1Q4/2KR4,0,-1
r3r1k1/5ppp/p5P1/q6P/1b1P1B2/1bN4R/1P1Q4/2KR4,1,-1
r3r1k1/5Ppp/p7/q6P/1b1P1B2/1bN4R/1P1Q4/2KR4,0,-1
r3r3/5kpp/p7/q6P/1b1P1B2/1bN4R/1P1Q4/2KR4,1,-1
r3r3/5kpp/p7/q6P/1b1P1B2/1bN4R/1P1Q4/2K2R2,0,-1
r3r3/5kpp/p7/7P/1b1P1B2/1bN4R/1P1Q4/q1K2R2,1,-1
r3r3/5kpp/p7/7P/1b1P1B2/1b5R/1P1Q4/qNK2R2,0,-1
r3r3/5kpp/p7/7P/3P1B2/1b5R/1P1b4/qNK2R2,1,-1
r3r3/5kpp/p7/7P/3P4/1b5R/1P1B4/qNK2R2,0,-1
r3r1k1/6pp/p7/7P/3P4/1b5R/1P1B4/qNK2R2,1,-1
r3r1k1/6pp/p7/7P/3P4/1R6/1P1B4/qNK2R2,0,-1
2r1r1k1/6pp/p7/7P/3P4/1R6/1P1B4/qNK2R2,1,-1
2r1r1k1/6pp/p7/7P/3P4/1RB5/1P6/qNK2R2,0,-1
2r3k1/6pp/p7/7P/3P4/1RB5/1P2r3/qNK2R2,1,-1
2r3k1/1R4pp/p7/7P/3P4/2B5/1P2r3/qNK2R2,0,-1
2r3k1/1R4pp/p7/7P/3P4/2B5/1r6/qNK2R2,1,-1
2r4k/7p/3p2p1/1B3pP1/5P2/rNN1R3/1nP1K2P/8,1,1
2r4k/7p/3p2p1/1B3pP1/5P2/rNN1R3/1nPK3P/8,0,1
2r4k/7p/3p2p1/1B3pP1/2n2P2/rNN1R3/2PK3P/8,1,1
2r4k/7p/3p2p1/5pP1/2B2P2/rNN1R3/2PK3P/8,0,1
7k/7p/3p2p1/5pP1/2r2P2/rNN1R3/2PK3P/8,1,1
7k/7p/3p2p1/5pP1/2r2P2/rN2R3/2PKN2P/8,0,1
7k/2r4p/3p2p1/5pP1/5P2/rN2R3/2PKN2P/8,1,1
4R2k/2r4p/3p2p1/5pP1/5P2/rN6/2PKN2P/8,0,1
4R3/2r3kp/3p2p1/5pP1/5P2/rN6/2PKN2P/8,1,1
4R3/2r3kp/3p2p1/5pP1/3N1P2/rN6/2PK3P/8,0,1
4R3/3r2kp/3p2p1/5pP1/3N1P2/rN6/2PK3P/8,1,1
4R3/3r2kp/3p2p1/5pP1/3N1P1P/rN6/2PK4/8,0,1
4R3/3r2k1/3p2p1/5pPp/3N1P1P/rN6/2PK4/8,1,1
8/3r2k1/3pR1p1/5pPp/3N1P1P/rN6/2PK4/8,0,1
8/r2r2k1/3pR1p1/5pPp/3N1P1P/1N6/2PK4/8,1,1
8/r2r2k1/3p1Rp1/5pPp/3N1P1P/1N6/2PK4/8,0,1
8/r2r3k/3p1Rp1/5pPp/3N1P1P/1N6/2PK4/8,1,1
8/r2r3k/3pNRp1/5pPp/5P1P/1N6/2PK4/8,0,1
8/r4r1k/3pNRp1/5pPp/5P1P/1N6/2PK4/8,1,1
8/r4r1k/3pNRp1/5pPp/3N1P1P/8/2PK4/8,0,1
4rrk1/1p1q4/3n2Pp/p1pPppbN/2P3P1/5P2/PPQ1B1K1/R3R3,0,-1
4rrk1/1p1q4/3n2Pp/p1pP1pbN/2P1p1P1/5P2/PPQ1B1K1/R3R3,1,-1
4rrk1/1p1q4/3n2Pp/p1pP1pbN/2P1pPP1/8/PPQ1B1K1/R3R3,0,-1
4rrk1/1p1q4/3n1bPp/p1pP1p1N/2P1pPP1/8/PPQ1B1K1/R3R3,1,-1
4rrk1/1p1q4/3n1bPp/p1pP1p1N/2P1pPP1/7K/PPQ1B3/R3R3,0,-1
4rrk1/1p1q4/3n2Pp/p1pP1p1N/2PbpPP1/7K/PPQ1B3/R3R3,1,-1
4rrk1/1p1q4/3n2Pp/p1pP1p1N/2PbpPP1/7K/PPQ1B3/R5R1,0,-1
4rrk1/1p1q4/3n2Pp/p1pP1p1N/2P1pPP1/7K/PPQ1B3/R5b1,1,-1
4rrk1/1p1q4/3n2Pp/p1pP1p1N/2P1pPP1/7K/PPQ1B3/6R1,0,-1
4rrk1/1p1q4/3n2Pp/p1pP1p1N/2P2PP1/4p2K/PPQ1B3/6R1,1,-1
4rrk1/1p1q4/3n2Pp/p1pP1p2/2P2PP1/4p1NK/PPQ1B3/6R1,0,-1
4rrk1/1p1q4/6Pp/p1pP1p2/2P1nPP1/4p1NK/PPQ1B3/6R1,1,-1
4rrk1/1p1q4/6Pp/p1pP1N2/2P1nPP1/4p2K/PPQ1B3/6R1,0,-1
4r1k1/1p1q4/6Pp/p1pP1r2/2P1nPP1/4p2K/PPQ1B3/6R1,1,-1
4r1k1/1p1q4/6Pp/p1pP1P2/2P1nP2/4p2K/PPQ1B3/6R1,0,-1
4r1k1/1p6/6Pp/p1pP1q2/2P1nP2/4p2K/PPQ1B3/6R1,1,-1
4r1k1/1p6/6Pp/p1pP1q2/2P1nP2/4p3/PPQ1B1K1/6R1,0,-1
4r1k1/1p6/6Pp/p1pP4/2P1nq2/4p3/PPQ1B1K1/6R1,1,-1
4r1k1/1p6/6Pp/p1pP4/2P1nq2/3Bp3/PPQ3K1/6R1,0,-1
4r1k1/1p6/6Pp/p1pP4/2P1n3/3Bp1q1/PPQ3K1/6R1,1,-1
8/4brqk/2R3p1/7p/4Q2P/8/PP6/1K1R4,1,1
8/4brqk/2R3p1/7p/P3Q2P/8/1P6/1K1R4,0,1
8/5rqk/2R2bp1/7p/P3Q2P/8/1P6/1K1R4,1,1
8/5rqk/1R3bp1/7p/P3Q2P/8/1P6/1K1R4,0,1
8/4r1qk/1R3bp1/7p/P3Q2P/8/1P6/1K1R4,1,1
8/4r1qk/1R3bp1/3Q3p/P6P/8/1P6/1K1R4,0,1
8/4r1qk/1R4p1/3Q3p/P6b/8/1P6/1K1R4,1,1
8/4r1qk/1R4p1/P2Q3p/7b/8/1P6/1K1R4,0,1
8/6qk/1R4p1/P2Qr2p/7b/8/1P6/1K1R4,1,1
8/1R4qk/6p1/P2Qr2p/7b/8/1P6/1K1R4,0,1
8/1R2b1qk/6p1/P2Qr2p/8/8/1P6/1K1R4,1,1
8/1R1Qb1qk/6p1/P3r2p/8/8/1P6/1K1R4,0,1
8/1R1Qb1qk/8/P3r1pp/8/8/1P6/1K1R4,1,1
8/1R1Qb1qk/P7/4r1pp/8/8/1P6/1K1R4,0,1
8/1R1Qb1qk/P7/6pp/8/4r3/1P6/1K1R4,1,1
8/1R2b1qk/P7/5Qpp/8/4r3/1P6/1K1R4,0,1
8/1R2b2k/P5q1/5Qpp/8/4r3/1P6/1K1R4,1,1
8/1R2b2k/P5Q1/6pp/8/4r3/1P6/1K1R4,0,1
8/1R2b3/P5k1/6pp/8/4r3/1P6/1K1R4,1,1
8/PR2b3/6k1/6pp/8/4r3/1P6/1K1R4,0,1
r4r1k/1p4pB/p2p4/qb1Pp1b1/8/4N3/2Q2PPP/1R2R1K1,0,-1
2r2r1k/1p4pB/p2p4/qb1Pp1b1/8/4N3/2Q2PPP/1R2R1K1,1,-1
2r2r1k/1p4pB/p2p2Q1/qb1Pp1b1/8/4N3/5PPP/1R2R1K1,0,-1
2r2r1k/1p4pB/p2p2Qb/qb1Pp3/8/4N3/5PPP/1R2R1K1,1,-1
2r2r1k/1p4pB/p2p2Qb/qb1Pp3/6N1/8/5PPP/1R2R1K1,0,-1
2r2r1k/1p4pB/p2p2Qb/1b1Pp3/6N1/8/3q1PPP/1R2R1K1,1,-1
2r2r1k/1p4pB/p2p2QN/1b1Pp3/8/8/3q1PPP/1R2R1K1,0,-1
2r2r1k/1p5B/p2p2Qp/1b1Pp3/8/8/3q1PPP/1R2R1K1,1,-1
2r2r1k/1p5B/p2p2Qp/1b1Pp3/8/5P2/3q2PP/1R2R1K1,0,-1
2r2r1k/1p5B/p2p2Qp/1b1Pp3/3q4/5P2/6PP/1R2R1K1,1,-1
2r2r1k/1p5B/p2p2Qp/1b1Pp3/3q4/5P2/6PP/1R2R2K,0,-1
2r2r1k/1p5B/p2p2Qp/1b1Pp3/5q2/5P2/6PP/1R2R2K,1,-1
2r2r1k/1p5B/p2p3p/1b1Pp3/4Qq2/5P2/6PP/1R2R2K,0,-1
2r2r1k/1p5B/p2p1q1p/1b1Pp3/4Q3/5P2/6PP/1R2R2K,1,-1
2r2r1k/1p5B/p2p1q1p/1b1Pp3/4Q3/5P2/6PP/2R1R2K,0,-1
5r1k/1p5B/p2p1q1p/1b1Pp3/4Q3/5P2/6PP/2r1R2K,1,-1
5r1k/1p5B/p2p1q1p/1b1Pp3/4Q3/5P2/6PP/2R4K,0,-1
5r1k/1p4qB/p2p3p/1b1Pp3/4Q3/5P2/6PP/2R4K,1,-1
5r1k/1p4q1/p2p3p/1b1PpB2/4Q3/5P2/6PP/2R4K,0,-1
5r1k/1p6/p2p3p/1b1PpBq1/4Q3/5P2/6PP/2R4K,1,-1
1r2k2r/3b1ppp/1q1pn3/1p5n/4P2b/N4N2/1P3PPP/2RQRBK1,1,1
1r2k2r/3b1ppp/1q1pn3/1p5n/4P2N/N7/1P3PPP/2RQRBK1,0,1
1r2k2r/3b1ppp/1q1pnn2/1p6/4P2N/N7/1P3PPP/2RQRBK1,1,1
1r2k2r/3b1ppp/1q1pnn2/1p3N2/4P3/N7/1P3PPP/2RQRBK1,0,1
1r3rk1/3b1ppp/1q1pnn2/1p3N2/4P3/N7/1P3PPP/2RQRBK1,1,1
1r3rk1/3b1ppp/1q1Qnn2/1p3N2/4P3/N7/1P3PPP/2R1RBK1,0,1
1r3rk1/1q1b1ppp/3Qnn2/1p3N2/4P3/N7/1P3PPP/2R1RBK1,1,1
1r3rk1/1q1b1ppp/4nn2/1p2QN2/4P3/N7/1P3PPP/2R1RBK1,0,1
1r3rk1/q2b1ppp/4nn2/1p2QN2/4P3/N7/1P3PPP/2R1RBK1,1,1
1r3rk1/q2b1ppp/4nn2/1p2QN2/4P3/N6P/1P3PP1/2R1RBK1,0,1
1r3rk1/q2b1ppp/4nn2/4QN2/1p2P3/N6P/1P3PP1/2R1RBK1,1,1
1r3rk1/q2b1ppp/4nn2/4QN2/1pN1P3/7P/1P3PP1/2R1RBK1,0,1
1r3rk1/q4ppp/2b1nn2/4QN2/1pN1P3/7P/1P3PP1/2R1RBK1,1,1
1r3rk1/q4ppp/2bNnn2/4QN2/1p2P3/7P/1P3PP1/2R1RBK1,0,1
br3rk1/q4ppp/3Nnn2/4QN2/1p2P3/7P/1P3PP1/2R1RBK1,1,1
br3rk1/q4ppp/3Nnn1N/4Q3/1p2P3/7P/1P3PP1/2R1RBK1,0,1
br3rk1/q4p1p/3Nnn1p/4Q3/1p2P3/7P/1P3PP1/2R1RBK1,1,1
br3rk1/q4p1p/3NnQ1p/8/1p2P3/7P/1P3PP1/2R1RBK1,0,1
br3rk1/5p1p/3NnQ1p/8/1p1qP3/7P/1P3PP1/2R1RBK1,1,1
br3rk1/5p1p/3NnQ1p/4P3/1p1q4/7P/1P3PP1/2R1RBK1,0,1
r2q1rk1/3nbppp/4p3/3pP3/2bB1PPP/2N5/PPQ3B1/1K1R3R,0,-1
r4rk1/3nbppp/4p3/q2pP3/2bB1PPP/2N5/PPQ3B1/1K1R3R,1,-1
r4rk1/3nbppp/4p3/q2pP3/2bB1PPP/1PN5/P1Q3B1/1K1R3R,0,-1
r4rk1/3nbppp/4p3/q2pP3/3B1PPP/1bN5/P1Q3B1/1K1R3R,1,-1
r4rk1/3nbppp/4p3/q2pP3/3B1PPP/1QN5/P5B1/1K1R3R,0,-1
rr4k1/3nbppp/4p3/q2pP3/3B1PPP/1QN5/P5B1/1K1R3R,1,-1
rr4k1/3nbppp/4p3/q2pP3/3B1PPP/1QN5/P1K3B1/3R3R,0,-1
r5k1/3nbppp/4p3/q2pP3/3B1PPP/1rN5/P1K3B1/3R3R,1,-1
r5k1/3nbppp/4p3/q2pP3/3B1PPP/1PN5/2K3B1/3R3R,0,-1
2r3k1/3nbppp/4p3/q2pP3/3B1PPP/1PN5/2K3B1/3R3R,1,-1
2r3k1/3nbppp/4p3/q2pP3/3B1PPP/1PN5/2K3B1/R6R,0,-1
2r3k1/2qnbppp/4p3/3pP3/3B1PPP/1PN5/2K3B1/R6R,1,-1
2r3k1/R1qnbppp/4p3/3pP3/3B1PPP/1PN5/2K3B1/7R,0,-1
2r3k1/R2nbppp/2q1p3/3pP3/3B1PPP/1PN5/2K3B1/7R,1,-1
2r3k1/R2nbppp/2q1p3/3pP3/3B1PPP/1PN5/2K3B1/R7,0,-1
2r3k1/R2n1ppp/2q1p3/2bpP3/3B1PPP/1PN5/2K3B1/R7,1,-1
2r3k1/R2n1ppp/R1q1p3/2bpP3/3B1PPP/1PN5/2K3B1/8,0,-1
2r3k1/R2n1ppp/q3p3/2bpP3/3B1PPP/1PN5/2K3B1/8,1,-1
2r3k1/3n1ppp/R3p3/2bpP3/3B1PPP/1PN5/2K3B1/8,0,-1
2r3k1/3n1ppp/R3p3/3pP3/3b1PPP/1PN5/2K3B1/8,1,-1
8/8/6p1/7p/6bP/R1k3P1/4r3/6K1,0,-1
8/8/6p1/7p/3k2bP/R5P1/4r3/6K1,1,-1
8/8/R5p1/7p/3k2bP/6P1/4r3/6K1,0,-1
8/8/R5p1/5b1p/3k3P/6P1/4r3/6K1,1,-1
8/8/6p1/5b1p/3k3P/R5P1/4r3/6K1,0,-1
8/8/6p1/5b1p/3k3P/R5P1/2r5/6K1,1,-1
8/8/6p1/5b1p/R2k3P/6P1/2r5/6K1,0,-1
8/8/6p1/5b1p/R6P/4k1P1/2r5/6K1,1,-1
8/8/6p1/5b1p/7P/R3k1P1/2r5/6K1,0,-1
8/8/6p1/5b1p/7P/R5P1/2r1k3/6K1,1,-1
8/8/6p1/5b1p/R6P/6P1/2r1k3/6K1,0,-1
8/8/6p1/5b1p/R6P/5kP1/2r5/6K1,1,-1
8/8/6p1/5b1p/7P/R4kP1/2r5/6K1,0,-1
8/8/6p1/5b1p/6kP/R5P1/2r5/6K1,1,-1
8/8/6p1/5b1p/6kP/1R4P1/2r5/6K1,0,-1
8/8/6p1/5b1p/7P/1R4Pk/2r5/6K1,1,-1
8/8/6p1/5b1p/7P/4R1Pk/2r5/6K1,0,-1
8/8/6p1/5b1p/7P/4R1Pk/6r1/6K1,1,-1
8/8/6p1/5b1p/7P/4R1Pk/6r1/5K2,0,-1
8/8/6p1/5b1p/7P/4R1rk/8/5K2,1,-1
7k/1r6/p5K1/3Bp3/4P2P/1P2b3/8/8,1,0
7k/1B6/p5K1/4p3/4P2P/1P2b3/8/8,0,0
7k/1B6/6K1/p3p3/4P2P/1P2b3/8/8,1,0
7k/1B6/6K1/p3p2P/4P3/1P2b3/8/8,0,0
7k/1B6/6K1/p3p2P/4P3/1P6/3b4/8,1,0
7k/1B6/6KP/p3p3/4P3/1P6/3b4/8,0,0
7k/1B6/6KP/p3p3/4P3/1P2b3/8/8,1,0
7k/1B5P/6K1/p3p3/4P3/1P2b3/8/8,0,0
7k/1B5P/6K1/p3p3/3bP3/1P6/8/8,1,0
2B4k/7P/6K1/p3p3/3bP3/1P6/8/8,0,0
2B4k/7P/6K1/p3p3/4P3/1Pb5/8/8,1,0
7k/7P/6K1/p3pB2/4P3/1Pb5/8/8,0,0
7k/7P/6K1/p3pB2/3bP3/1P6/8/8,1,0
7k/7P/5K2/p3pB2/3bP3/1P6/8/8,0,0
7k/7P/5K2/p3pB2/4P3/1Pb5/8/8,1,0
7k/7P/4K3/p3pB2/4P3/1Pb5/8/8,0,0
8/6kP/4K3/p3pB2/4P3/1Pb5/8/8,1,0
8/6kP/8/p2KpB2/4P3/1Pb5/8/8,0,0
7k/7P/8/p2KpB2/4P3/1Pb5/8/8,1,0
7k/7P/8/p3pB2/2K1P3/1Pb5/8/8,0,0
rnbqkbnr/pppppppp/8/8/4P3/8/PPPP1PPP/RNBQKBNR,0,0
rnbqkbnr/pp1ppppp/8/2p5/4P3/8/PPPP1PPP/RNBQKBNR,1,0
rnbqkbnr/pp1ppppp/8/2p5/4P3/5N2/PPPP1PPP/RNBQKB1R,0,0
rnbqkbnr/pp2pppp/3p4/2p5/4P3/5N2/PPPP1PPP/RNBQKB1R,1,0
rnbqkbnr/pp2pppp/3p4/2p5/3PP3/5N2/PPP2PPP/RNBQKB1R,0,0
rnbqkbnr/pp2pppp/3p4/8/3pP3/5N2/PPP2PPP/RNBQKB1R,1,0
rnbqkbnr/pp2pppp/3p4/8/3NP3/8/PPP2PPP/RNBQKB1R,0,0
rnbqkb1r/pp2pppp/3p1n2/8/3NP3/8/PPP2PPP/RNBQKB1R,1,0
rnbqkb1r/pp2pppp/3p1n2/8/3NP3/2N5/PPP2PPP/R1BQKB1R,0,0
rnbqkb1r/1p2pppp/p2p1n2/8/3NP3/2N5/PPP2PPP/R1BQKB1R,1,0
rnbqkb1r/1p2pppp/p2p1n2/8/3NP3/2N5/PPP1BPPP/R1BQK2R,0,0
rnbqkb1r/1p3ppp/p2ppn2/8/3NP3/2N5/PPP1BPPP/R1BQK2R,1,0
rnbqkb1r/1p3ppp/p2ppn2/8/3NP3/2N5/PPP1BPPP/R1BQ1RK1,0,0
rnbqk2r/1p2bppp/p2ppn2/8/3NP3/2N5/PPP1BPPP/R1BQ1RK1,1,0
rnbqk2r/1p2bppp/p2ppn2/8/3NP3/2N1B3/PPP1BPPP/R2Q1RK1,0,0
rnbq1rk1/1p2bppp/p2ppn2/8/3NP3/2N1B3/PPP1BPPP/R2Q1RK1,1,0
rnbq1rk1/1p2bppp/p2ppn2/8/3NP3/2N1B3/PPP1BPPP/R2Q1R1K,0,0
rnb2rk1/1pq1bppp/p2ppn2/8/3NP3/2N1B3/PPP1BPPP/R2Q1R1K,1,0
rnb2rk1/1pq1bppp/p2ppn2/8/3NPP2/2N1B3/PPP1B1PP/R2Q1R1K,0,0
2r2r1k/1p2bpp1/p2p3p/q2bp2n/P1P1P3/1P1QBPP1/7P/R2R1NK1,1,0
2r2r1k/1p2bpp1/p2p3p/q2Qp2n/P1P1P3/1P2BPP1/7P/R2R1NK1,0,0
2r2r1k/1pq1bpp1/p2p3p/3Qp2n/P1P1P3/1P2BPP1/7P/R2R1NK1,1,0
2r2r1k/1pq1bpp1/p2p3p/4p2n/P1P1P3/1P1QBPP1/7P/R2R1NK1,0,0
2r2r1k/1p1qbpp1/p2p3p/4p2n/P1P1P3/1P1QBPP1/7P/R2R1NK1,1,0
2r2r1k/1p1qbpp1/p2p3p/2P1p2n/P3P3/1P1QBPP1/7P/R2R1NK1,0,0
5r1k/1p1qbpp1/p1rp3p/2P1p2n/P3P3/1P1QBPP1/7P/R2R1NK1,1,0
5r1k/1p1qbpp1/p1rp3p/2P1p2n/PP2P3/3QBPP1/7P/R2R1NK1,0,0
3r3k/1p1qbpp1/p1rp3p/2P1p2n/PP2P3/3QBPP1/7P/R2R1NK1,1,0
3r3k/1p1qbpp1/p1rp3p/1PP1p2n/P3P3/3QBPP1/7P/R2R1NK1,0,0
3r3k/1p1qbpp1/2rp3p/1pP1p2n/P3P3/3QBPP1/7P/R2R1NK1,1,0
3r3k/1p1qbpp1/2rp3p/1PP1p2n/4P3/3QBPP1/7P/R2R1NK1,0,0
2rr3k/1p1qbpp1/3p3p/1PP1p2n/4P3/3QBPP1/7P/R2R1NK1,1,0
2rr3k/Rp1qbpp1/3p3p/1PP1p2n/4P3/3QBPP1/7P/3R1NK1,0,0
2rr3k/Rp2bpp1/3pq2p/1PP1p2n/4P3/3QBPP1/7P/3R1NK1,1,0
2rr3k/Rp2bpp1/2Ppq2p/1P2p2n/4P3/3QBPP1/7P/3R1NK1,0,0
2rr3k/R3bpp1/2ppq2p/1P2p2n/4P3/3QBPP1/7P/3R1NK1,1,0
2rr3k/R3bpp1/2Ppq2p/4p2n/4P3/3QBPP1/7P/3R1NK1,0,0
2rr3k/R3bpp1/2Ppqn1p/4p3/4P3/3QBPP1/7P/3R1NK1,1,0
2rr3k/R3bpp1/2Ppqn1p/1Q2p3/4P3/4BPP1/7P/3R1NK1,0,0
4r1k1/3nqp2/1p1p2p1/pN1P3n/1PP2b1p/PB3P2/5B1P/3Q1R1K,0,-1
4r1k1/3nqp2/1p1p2p1/pN1P4/1PP2b1p/PB3Pn1/5B1P/3Q1R1K,1,-1
4r1k1/3nqp2/1p1p2p1/pN1P4/1PP2b1p/PB3PP1/5B2/3Q1R1K,0,-1
4r1k1/3nqp2/1p1p2p1/pN1P4/1PP2b2/PB3Pp1/5B2/3Q1R1K,1,-1
4r1k1/3nqp2/1p1p2p1/pN1P4/1PP2b2/PB3PB1/8/3Q1R1K,0,-1
4r1k1/3nqp2/1p1p2p1/pN1P4/1PP5/PB3Pb1/8/3Q1R1K,1,-1
4r1k1/3nqp2/1p1p2p1/pN1P4/1PP5/PB3Pb1/3Q4/5R1K,0,-1
4r1k1/3n1p2/1p1p2p1/pN1P4/1PP4q/PB3Pb1/3Q4/5R1K,1,-1
4r1k1/3n1p2/1p1p2p1/pN1P4/1PP4q/PB3Pb1/3Q4/5RK1,0,-1
4r1k1/3n1p2/1p1p2p1/pN1P4/1PP2b1q/PB3P2/3Q4/5RK1,1,-1
4r1k1/3n1p2/1p1p2p1/pN1P4/1PP2b1q/PB3P2/1Q6/5RK1,0,-1
4r1k1/3n1p2/1p1p2p1/pN1P4/1PP4q/PB2bP2/1Q6/5RK1,1,-1
4r1k1/3n1p2/1p1p2p1/pN1P4/1PP4q/PB2bP2/1Q4K1/5R2,0,-1
6k1/3n1p2/1p1p2p1/pN1Pr3/1PP4q/PB2bP2/1Q4K1/5R2,1,-1
6k1/3n1p2/1p1p2p1/pN1Pr3/1PP4q/PB2bP2/1Q4K1/1R6,0,-1
6k1/3n1p2/1p1p2p1/pN1P2r1/1PP4q/PB2bP2/1Q4K1/1R6,1,-1
6k1/3n1p2/1p1p2p1/pN1P2r1/1PP4q/PB2bP2/1Q6/1R3K2,0,-1
6k1/3n1p2/1p1p2p1/pN1P4/1PP4q/PB2bP2/1Q6/1R3Kr1,1,-1
6k1/3n1p2/1p1p2p1/pN1P4/1PP4q/PB2bP2/1Q2K3/1R4r1,0,-1
6k1/3n1p2/1p1p2p1/pN1P4/1PP4q/PB2bP2/1Q2K3/1r6,1,-1
2r4k/5ppp/p7/2rR2P1/1p2p3/4NnP1/PPP3R1/2K5,0,-1
2r4k/5ppp/p7/2rR2n1/1p2p3/4N1P1/PPP3R1/2K5,1,-1
2r4k/5ppp/p7/2rR2n1/1p2p3/4N1P1/PPPR4/2K5,0,-1
2r4k/5p1p/p5p1/2rR2n1/1p2p3/4N1P1/PPPR4/2K5,1,-1
2r4k/5p1p/p5p1/2rR2n1/1p2p1P1/4N3/PPPR4/2K5,0,-1
2r5/5pkp/p5p1/2rR2n1/1p2p1P1/4N3/PPPR4/2K5,1,-1
2r5/5pkp/p5p1/2rR2n1/1p2p1P1/P3N3/1PPR4/2K5,0,-1
2r5/5pkp/p5p1/2rR2n1/4p1P1/p3N3/1PPR4/2K5,1,-1
2r5/5pkp/p5p1/2rR2n1/1P2p1P1/p3N3/2PR4/2K5,0,-1
2r5/5pkp/p5p1/3R2n1/1P2p1P1/p1r1N3/2PR4/2K5,1,-1
2r5/5pkp/p5p1/3R2n1/1P2p1P1/p1r5/2PR4/2KN4,0,-1
2r5/5pkp/p5p1/3R2n1/1P2p1P1/pr6/2PR4/2KN4,1,-1
2r5/5pkp/p5p1/3R2n1/1P2p1P1/prP5/3R4/2KN4,0,-1
2r5/5pkp/p5p1/3R4/1P2p1P1/prP2n2/3R4/2KN4,1,-1
2r5/5pkp/p5p1/3R4/1P2p1P1/prP2n2/2R5/2KN4,0,-1
2r5/5pkp/p5p1/3R4/1P2p1P1/prP5/2R5/2KNn3,1,-1
2r5/5pkp/p5p1/3R4/1P2p1P1/prP5/4R3/2KNn3,0,-1
2r5/5pkp/p5p1/3R4/1P2p1P1/prPn4/4R3/2KN4,1,-1
2r5/5pkp/p5p1/3R4/1P2p1P1/prPn4/3KR3/3N4,0,-1
2r5/5pkp/p5p1/3R4/1P2pnP1/prP5/3KR3/3N4,1,-1
R2b4/3k1p1p/4p3/1P1pn1p1/2r5/1NP2P2/3B1PKP/8,1,1
R2b4/3k1p1p/4p3/1P1pn1p1/2r5/1NP1BP2/5PKP/8,0,1
R2b4/3k1p1p/4p3/1P1p2p1/2r5/1NPnBP2/5PKP/8,1,1
R2b4/3k1p1p/1P2p3/3p2p1/2r5/1NPnBP2/5PKP/8,0,1
R7/3k1p1p/1b2p3/3p2p1/2r5/1NPnBP2/5PKP/8,1,1
R7/3k1p1p/1B2p3/3p2p1/2r5/1NPn1P2/5PKP/8,0,1
R7/3k1p1p/1B2p3/3p2p1/8/1Nrn1P2/5PKP/8,1,1
8/R2k1p1p/1B2p3/3p2p1/8/1Nrn1P2/5PKP/8,0,1
4k3/R4p1p/1B2p3/3p2p1/8/1Nrn1P2/5PKP/8,1,1
4k3/R4p1p/1B2p3/3p2p1/3N4/2rn1P2/5PKP/8,0,1
4k3/R4p1p/1B2p3/3p2p1/3N1n2/2r2P2/5PKP/8,1,1
4k3/R4p1p/1B2p3/3p2p1/3N1n2/2r2PK1/5P1P/8,0,1
4k3/R4p1p/1B2p3/3p2p1/3N1n2/5PK1/5P1P/2r5,1,1
4k3/R4p1p/1B2p3/3p2p1/3N1n1P/5PK1/5P2/2r5,0,1
4k3/R4p1p/1B2p3/3p2p1/3N1n1P/5PK1/5P2/6r1,1,1
4k3/R4p1p/1B2p3/3p2p1/3N1n1P/5P2/5P1K/6r1,0,1
4k3/R4p1p/1B2p3/3p2p1/3N1n1P/5P2/5PrK/8,1,1
4k3/R4p1p/1B2p3/3p2p1/3N1n1P/5P2/5Pr1/7K,0,1
4k3/R4p1p/1B2p3/3p2p1/3N1n1P/5P2/5r2/7K,1,1
R3k3/5p1p/1B2p3/3p2p1/3N1n1P/5P2/5r2/7K,0,1
1r3nk1/4b2p/3P2p1/pp6/8/P2B3P/1PP4P/2B1R2K,0,1
1r3nk1/7p/3b2p1/pp6/8/P2B3P/1PP4P/2B1R2K,1,1
1r3nk1/7p/3b2pB/pp6/8/P2B3P/1PP4P/4R2K,0,1
1r3n2/5k1p/3b2pB/pp6/8/P2B3P/1PP4P/4R2K,1,1
1r3n2/5k1p/3b2pB/pp6/4B3/P6P/1PP4P/4R2K,0,1
1r3n2/7p/3b1kpB/pp6/4B3/P6P/1PP4P/4R2K,1,1
1r3n2/7p/3b1kpB/pp6/4B3/P6P/1PP4P/5R1K,0,1
1r3n2/7p/3bk1pB/pp6/4B3/P6P/1PP4P/5R1K,1,1
1r3n2/7p/3bk1pB/pp6/8/P4B1P/1PP4P/5R1K,0,1
1r3n2/7p/3bk1pB/p7/1p6/P4B1P/1PP4P/5R1K,1,1
1r3n2/7p/3bk1pB/p7/1P6/5B1P/1PP4P/5R1K,0,1
1r3n2/7p/3bk1pB/8/1p6/5B1P/1PP4P/5R1K,1,1
1r3n2/7p/3bk1pB/8/1p4B1/7P/1PP4P/5R1K,0,1
1r3n2/7p/3b2pB/3k4/1p4B1/7P/1PP4P/5R1K,1,1
1r3n2/7p/3b2pB/3k4/1p4B1/7P/1PP4P/3R3K,0,1
1r3n2/7p/3b2pB/2k5/1p4B1/7P/1PP4P/3R3K,1,1
1r3n2/7p/3R2pB/2k5/1p4B1/7P/1PP4P/7K,0,1
1r3n2/7p/3k2pB/8/1p4B1/7P/1PP4P/7K,1,1
1r3n2/7p/3k2p1/8/1p3BB1/7P/1PP4P/7K,0,1
1r3n2/7p/6p1/3k4/1p3BB1/7P/1PP4P/7K,1,1
r4rk1/1bqn1ppp/pp2p3/4P3/3N1B2/1P6/1PPQ2PP/R4RK1,1,1
r4rk1/1bqn1ppp/pp2p3/4P3/3N1B2/1P6/1PPQ2PP/4RRK1,0,1
r4rk1/1bq2ppp/pp2p3/2n1P3/3N1B2/1P6/1PPQ2PP/4RRK1,1,1
r4rk1/1bq2ppp/pp2p3/2n1P3/1P1N1B2/8/1PPQ2PP/4RRK1,0,1
r2r2k1/1bq2ppp/pp2p3/2n1P3/1P1N1B2/8/1PPQ2PP/4RRK1,1,1
r2r2k1/1bq2ppp/pp2p3/2n1P1B1/1P1N4/8/1PPQ2PP/4RRK1,0,1
r5k1/1bqr1ppp/pp2p3/2n1P1B1/1P1N4/8/1PPQ2PP/4RRK1,1,1
r5k1/1bqr1ppp/pp2p3/2n1P1B1/1P1N1Q2/8/1PP3PP/4RRK1,0,1
r5k1/1bqr1ppp/pp2p3/4P1B1/nP1N1Q2/8/1PP3PP/4RRK1,1,1
r5k1/1bqr1ppp/pp2pB2/4P3/nP1N1Q2/8/1PP3PP/4RRK1,0,1
r5k1/1bqr1pp1/pp2pB1p/4P3/nP1N1Q2/8/1PP3PP/4RRK1,1,1
r5k1/1bqr1pp1/pp2pB1p/4P3/nP1N1Q2/4R3/1PP3PP/5RK1,0,1
r5k1/1bq2pp1/pp2pB1p/4P3/nP1r1Q2/4R3/1PP3PP/5RK1,1,1
r5k1/1bq2pp1/pp2pB1p/4P3/nP1Q4/4R3/1PP3PP/5RK1,0,1
r5k1/1b3pp1/pp2pB1p/4P3/nP1Q4/4R3/1Pq3PP/5RK1,1,1
r5k1/1b3pp1/pp2pB1p/4P3/nP1Q4/6R1/1Pq3PP/5RK1,0,1
r5k1/1b3p2/pp2pBpp/4P3/nP1Q4/6R1/1Pq3PP/5RK1,1,1
r5k1/1b3p2/pp2pBpp/4P3/nP3Q2/6R1/1Pq3PP/5RK1,0,1
r4k2/1b3p2/pp2pBpp/4P3/nP3Q2/6R1/1Pq3PP/5RK1,1,1
r4k2/1b2Bp2/pp2p1pp/4P3/nP3Q2/6R1/1Pq3PP/5RK1,0,1
3R4/5ppk/p4n1p/1p5r/4PP2/PBP2K2/1P6/8,1,1
3R4/5ppk/p4n1p/1p2P2r/5P2/PBP2K2/1P6/8,0,1
3R4/5ppk/p4n1p/1p2P3/5P2/PBP2K2/1P5r/8,1,1
3R4/5ppk/p4P1p/1p6/5P2/PBP2K2/1P5r/8,0,1
3R4/5ppk/p4P1p/1p6/5P2/PBP2K2/1r6/8,1,1
3R4/5Bpk/p4P1p/1p6/5P2/P1P2K2/1r6/8,0,1
3R4/5B1k/p4p1p/1p6/5P2/P1P2K2/1r6/8,1,1
3R4/5B1k/p4p1p/1p6/5PK1/P1P5/1r6/8,0,1
3R4/5B1k/p4p1p/1p6/5PK1/P1P5/2r5/8,1,1
2R5/5B1k/p4p1p/1p6/5PK1/P1P5/2r5/8,0,1
2R5/5Bk1/p4p1p/1p6/5PK1/P1P5/2r5/8,1,1
2R5/6k1/p3Bp1p/1p6/5PK1/P1P5/2r5/8,0,1
2R5/6k1/4Bp1p/pp6/5PK1/P1P5/2r5/8,1,1
2R5/6k1/4Bp1p/pp3K2/5P2/P1P5/2r5/8,0,1
2R5/6k1/4Bp1p/p4K2/1p3P2/P1P5/2r5/8,1,1
8/2R3k1/4Bp1p/p4K2/1p3P2/P1P5/2r5/8,0,1
5k2/2R5/4Bp1p/p4K2/1p3P2/P1P5/2r5/8,1,1
5k2/2R5/4BK1p/p7/1p3P2/P1P5/2r5/8,0,1
5k2/2R5/4BK1p/p7/1p3P2/P1r5/8/8,1,1
5k2/7R/4BK1p/p7/1p3P2/P1r5/8/8,0,1
4B2k/1r6/1n5P/2bpp1BP/1p6/8/PPP5/1K1R4,1,1
4B2k/1r6/1n3B1P/2bpp2P/1p6/8/PPP5/1K1R4,0,1
4B3/1r5k/1n3B1P/2bpp2P/1p6/8/PPP5/1K1R4,1,1
4B3/1r5k/1n5P/2bpB2P/1p6/8/PPP5/1K1R4,0,1
4B3/1r5k/1n5P/3pB2P/1p6/4b3/PPP5/1K1R4,1,1
4B3/1r4Bk/1n5P/3p3P/1p6/4b3/PPP5/1K1R4,0,1
4B3/1r4Bk/1n5b/3p3P/1p6/8/PPP5/1K1R4,1,1
4B3/1r5k/1n5B/3p3P/1p6/8/PPP5/1K1R4,0,1
4B3/1r6/1n5k/3p3P/1p6/8/PPP5/1K1R4,1,1
4B3/1r6/1n5k/3p3P/1p6/1P6/P1P5/1K1R4,0,1
1r2B3/8/1n5k/3p3P/1p6/1P6/P1P5/1K1R4,1,1
1r6/8/1n4Bk/3p3P/1p6/1P6/P1P5/1K1R4,0,1
nr6/8/6Bk/3p3P/1p6/1P6/P1P5/1K1R4,1,1
nr6/8/6Bk/3R3P/1p6/1P6/P1P5/1K6,0,1
1r6/2n5/6Bk/3R3P/1p6/1P6/P1P5/1K6,1,1
1r6/2nR4/6Bk/7P/1p6/1P6/P1P5/1K6,0,1
1r6/3R4/6Bk/1n5P/1p6/1P6/P1P5/1K6,1,1
1r6/3R4/6Bk/1n5P/1p6/1P6/PKP5/8,0,1
1r6/3R4/6Bk/7P/1p6/1Pn5/PKP5/8,1,1
1r6/3R4/6Bk/7P/1p6/PPn5/1KP5/8,0,1
r3r1k1/1bq2pp1/p7/2p2B1p/P2R4/5P1P/1PP2QP1/R4NK1,0,-1
r3r1k1/1bq2pp1/p7/5B1p/P2p4/5P1P/1PP2QP1/R4NK1,1,-1
r3r1k1/1bq2pp1/p7/5B1p/P2Q4/5P1P/1PP3P1/R4NK1,0,-1
3rr1k1/1bq2pp1/p7/5B1p/P2Q4/5P1P/1PP3P1/R4NK1,1,-1
3rr1k1/1bq2pp1/p7/5B1p/P7/2Q2P1P/1PP3P1/R4NK1,0,-1
3rr1k1/1b3pp1/pq6/5B1p/P7/2Q2P1P/1PP3P1/R4NK1,1,-1
3rr1k1/1b3pp1/pq6/5B1p/P7/2Q2P1P/1PP3PK/R4N2,0,-1
3rr1k1/1b3pp1/p7/5B1p/P7/2Q2P1P/1PP2qPK/R4N2,1,-1
3rr1k1/1bQ2pp1/p7/5B1p/P7/5P1P/1PP2qPK/R4N2,0,-1
3rr1k1/2Q2pp1/p7/5B1p/P7/5b1P/1PP2qPK/R4N2,1,-1
3rr1k1/5pp1/p7/5B1p/P7/5bQP/1PP2qPK/R4N2,0,-1
3rr1k1/5pp1/p7/5B1p/P7/5bqP/1PP3PK/R4N2,1,-1
3rr1k1/5pp1/p7/5B1p/P7/5bKP/1PP3P1/R4N2,0,-1
3rr1k1/5pp1/p7/5B1p/P7/6KP/1PP1b1P1/R4N2,1,-1
3rr1k1/5pp1/p7/5B1p/P6P/6K1/1PP1b1P1/R4N2,0,-1
3rr1k1/5p2/p5p1/5B1p/P6P/6K1/1PP1b1P1/R4N2,1,-1
3rr1k1/5p2/p5p1/7p/P6P/6KB/1PP1b1P1/R4N2,0,-1
3rr1k1/8/p5p1/5p1p/P6P/6KB/1PP1b1P1/R4N2,1,-1
3rr1k1/8/p5p1/5p1p/P4K1P/7B/1PP1b1P1/R4N2,0,-1
3rr3/6k1/p5p1/5p1p/P4K1P/7B/1PP1b1P1/R4N2,1,-1
5rk1/3qr1p1/p7/2p3R1/3p4/8/PPP3Q1/1K4R1,1,0
5rk1/3qr1p1/p7/2R5/3p4/8/PPP3Q1/1K4R1,0,0
5rk1/3qr1p1/p7/2R5/8/3p4/PPP3Q1/1K4R1,1,0
5rk1/3qr1p1/p7/2R5/8/3P4/PP4Q1/1K4R1,0,0
5rk1/4r1p1/p7/2R5/8/3q4/PP4Q1/1K4R1,1,0
5rk1/4r1p1/p7/2R5/8/3q4/PP4Q1/K5R1,0,0
4r1k1/4r1p1/p7/2R5/8/3q4/PP4Q1/K5R1,1,0
4r1k1/4r1p1/p7/8/8/3q4/PP4Q1/K1R3R1,0,0
4r1k1/4r1p1/p7/8/3q4/8/PP4Q1/K1R3R1,1,0
4r1k1/4r1p1/p7/8/3q4/8/PP4Q1/K2R2R1,0,0
4r1k1/4r1p1/p7/8/4q3/8/PP4Q1/K2R2R1,1,0
4r1k1/4r1p1/p7/8/4q3/6Q1/PP6/K2R2R1,0,0
4r1k1/4r1p1/p7/4q3/8/6Q1/PP6/K2R2R1,1,0
4r1k1/4r1p1/p7/4q3/8/1Q6/PP6/K2R2R1,0,0
4r1k1/4r1p1/p3q3/8/8/1Q6/PP6/K2R2R1,1,0
4r1k1/4r1p1/p3q3/8/8/6Q1/PP6/K2R2R1,0,0
4r1k1/4r1p1/p7/4q3/8/6Q1/PP6/K2R2R1,1,0
4r1k1/4r1p1/p7/4q3/8/1Q6/PP6/K2R2R1,0,0
4r1k1/4r1p1/p3q3/8/8/1Q6/PP6/K2R2R1,1,0
4r1k1/4r1p1/p3q3/8/8/6Q1/PP6/K2R2R1,0,0
8/6p1/4p3/2N4p/2p4P/1k4b1/3K4/8,0,-1
8/6p1/4p3/2N4p/1kp4P/6b1/3K4/8,1,-1
8/6p1/4N3/7p/1kp4P/6b1/3K4/8,0,-1
8/6p1/4N3/4b2p/1kp4P/8/3K4/8,1,-1
8/6p1/4N3/4b2p/1kp4P/8/2K5/8,0,-1
8/6p1/4N3/1k2b2p/2p4P/8/2K5/8,1,-1
8/6p1/4N3/1k2b2p/2p4P/8/3K4/8,0,-1
8/6p1/2k1N3/4b2p/2p4P/8/3K4/8,1,-1
8/6p1/2k1N3/4b2p/2p4P/4K3/8/8,0,-1
8/6p1/4N3/3kb2p/2p4P/4K3/8/8,1,-1
8/6p1/8/3kb1Np/2p4P/4K3/8/8,0,-1
8/6p1/8/3k2Np/2pb3P/4K3/8/8,1,-1
8/6p1/8/3k2Np/2pb3P/8/3K4/8,0,-1
8/6p1/5b2/3k2Np/2p4P/8/3K4/8,1,-1
8/6p1/5b2/3k3p/2p4P/7N/3K4/8,0,-1
8/6p1/5b2/7p/2p1k2P/7N/3K4/8,1,-1
8/6p1/5b2/7p/2p1k2P/8/3K1N2/8,0,-1
8/6p1/5b2/7p/2p4P/5k2/3K1N2/8,1,-1
8/6p1/5b2/7p/2p4P/5k2/3K4/3N4,0,-1
8/6p1/8/7p/2pb3P/5k2/3K4/3N4,1,-1
4rr2/p1bk4/1p1n2p1/3P3p/P1p1Pp1P/1PP5/4BBP1/1RR3K1,1,1
4rr2/p1bk4/1p1n2p1/3P3p/P1P1Pp1P/2P5/4BBP1/1RR3K1,0,1
4rr2/p1bk4/1p4p1/3P3p/P1P1np1P/2P5/4BBP1/1RR3K1,1,1
4rr2/p1bk4/1p4p1/2PP3p/P3np1P/2P5/4BBP1/1RR3K1,0,1
4rr2/p1bk4/1p4p1/2PP3p/P4p1P/2n5/4BBP1/1RR3K1,1,1
4rr2/p1bk4/1p4p1/2PP3p/P4p1P/2R5/4BBP1/1R4K1,0,1
5r2/p1bk4/1p4p1/2PP3p/P4p1P/2R5/4rBP1/1R4K1,1,1
5r2/p1bk4/1p1P2p1/2P4p/P4p1P/2R5/4rBP1/1R4K1,0,1
3b1r2/p2k4/1p1P2p1/2P4p/P4p1P/2R5/4rBP1/1R4K1,1,1
3b1r2/p2k4/1pPP2p1/7p/P4p1P/2R5/4rBP1/1R4K1,0,1
2kb1r2/p7/1pPP2p1/7p/P4p1P/2R5/4rBP1/1R4K1,1,1
2kb1r2/p7/1pPP2p1/P6p/5p1P/2R5/4rBP1/1R4K1,0,1
2kb1r2/p7/1pPP2p1/P6p/5p1P/2R5/5rP1/1R4K1,1,1
2kb1r2/p7/1pPP2p1/P6p/5p1P/2R5/5KP1/1R6,0,1
2kb4/p7/1pPP2p1/P4r1p/5p1P/2R5/5KP1/1R6,1,1
2kb4/p1P5/1p1P2p1/P4r1p/5p1P/2R5/5KP1/1R6,0,1
2k5/p1P5/1p1P2p1/P4r1p/5p1b/2R5/5KP1/1R6,1,1
2k5/p1P5/1p1P2p1/P4r1p/5p1b/2R2K2/6P1/1R6,0,1
2k5/p1P5/1p1P2p1/P2r3p/5p1b/2R2K2/6P1/1R6,1,1
2k5/p1P5/1P1P2p1/3r3p/5p1b/2R2K2/6P1/1R6,0,1
1r4k1/3r2bp/p1qp4/P1p1pp2/2P2P2/1P6/R4BPP/3QR1K1,1,1
1r4k1/3r2bp/p1qp4/P1p1pp2/2P2P2/1P6/3R1BPP/3QR1K1,0,1
1r4k1/3r3p/p1qp3b/P1p1pp2/2P2P2/1P6/3R1BPP/3QR1K1,1,1
1r4k1/3r3p/p1qp3b/P1pRpp2/2P2P2/1P6/5BPP/3QR1K1,0,1
1r4k1/3r3p/p1qp4/P1pRpp2/2P2b2/1P6/5BPP/3QR1K1,1,1
1r4k1/3r3p/p1qp4/P1BRpp2/2P2b2/1P6/6PP/3QR1K1,0,1
3r2k1/3r3p/p1qp4/P1BRpp2/2P2b2/1P6/6PP/3QR1K1,1,1
3r2k1/3r3p/pBqp4/P2Rpp2/2P2b2/1P6/6PP/3QR1K1,0,1
5rk1/3r3p/pBqp4/P2Rpp2/2P2b2/1P6/6PP/3QR1K1,1,1
5rk1/3r3p/pBqp4/P2Rpp2/2P2b2/1P4P1/7P/3QR1K1,0,1
5rk1/6rp/pBqp4/P2Rpp2/2P2b2/1P4P1/7P/3QR1K1,1,1
5rk1/6rp/pBqR4/P3pp2/2P2b2/1P4P1/7P/3QR1K1,0,1
2q2rk1/6rp/pB1R4/P3pp2/2P2b2/1P4P1/7P/3QR1K1,1,1
2q2rk1/6rp/pB1R4/P2Qpp2/2P2b2/1P4P1/7P/4R1K1,0,1
2q2r1k/6rp/pB1R4/P2Qpp2/2P2b2/1P4P1/7P/4R1K1,1,1
2qR1r1k/6rp/pB6/P2Qpp2/2P2b2/1P4P1/7P/4R1K1,0,1
2qr3k/6rp/pB6/P2Qpp2/2P2b2/1P4P1/7P/4R1K1,1,1
2qQ3k/6rp/pB6/P3pp2/2P2b2/1P4P1/7P/4R1K1,0,1
3q3k/6rp/pB6/P3pp2/2P2b2/1P4P1/7P/4R1K1,1,1
3B3k/6rp/p7/P3pp2/2P2b2/1P4P1/7P/4R1K1,0,1
6k1/1b4p1/1pq4p/p1n5/2Pp3P/BP3NP1/P2N2PK/4R3,0,0
8/1b4pk/1pq4p/p1n5/2Pp3P/BP3NP1/P2N2PK/4R3,1,0
8/1b2R1pk/1pq4p/p1n5/2Pp3P/BP3NP1/P2N2PK/8,0,0
8/1b2R1pk/1p3q1p/p1n5/2Pp3P/BP3NP1/P2N2PK/8,1,0
8/1b2R1pk/1p3q1p/p1B5/2Pp3P/1P3NP1/P2N2PK/8,0,0
8/4R1pk/1p3q1p/p1B5/2Pp3P/1P3bP1/P2N2PK/8,1,0
8/4R1pk/1p3q1p/p1B5/2Pp3P/1P3NP1/P5PK/8,0,0
8/4R1pk/5q1p/p1p5/2Pp3P/1P3NP1/P5PK/8,1,0
8/6pk/5q1p/p1p1R3/2Pp3P/1P3NP1/P5PK/8,0,0
8/6pk/2q4p/p1p1R3/2Pp3P/1P3NP1/P5PK/8,1,0
8/6pk/2q4p/p1pR4/2Pp3P/1P3NP1/P5PK/8,0,0
8/6pk/2q4p/2pR4/p1Pp3P/1P3NP1/P5PK/8,1,0
8/6pk/2q4p/2pR4/P1Pp3P/5NP1/P5PK/8,0,0
8/6pk/7p/2pR4/q1Pp3P/5NP1/P5PK/8,1,0
8/6pk/7p/2R5/q1Pp3P/5NP1/P5PK/8,0,0
8/6pk/7p/2R5/q1P4P/3p1NP1/P5PK/8,1,0
8/6pk/7p/3R4/q1P4P/3p1NP1/P5PK/8,0,0
8/6pk/7p/3R4/2q4P/3p1NP1/P5PK/8,1,0
3R4/6pk/7p/8/2q4P/3p1NP1/P5PK/8,0,0
3R4/6pk/q6p/8/7P/3p1NP1/P5PK/8,1,0
8/1k6/2b5/7r/1P1R4/1KN5/8/8,0,0
8/8/1kb5/7r/1P1R4/1KN5/8/8,1,0
8/8/1kb5/7r/1PKR4/2N5/8/8,0,0
8/8/1kb5/6r1/1PKR4/2N5/8/8,1,0
8/8/1kb5/6r1/1PK4R/2N5/8/8,0,0
8/8/1kb5/5r2/1PK4R/2N5/8/8,1,0
8/8/1kb4R/5r2/1PK5/2N5/8/8,0,0
8/8/1kb4R/8/1PK2r2/2N5/8/8,1,0
8/8/1kb4R/8/1P3r2/1KN5/8/8,0,0
8/1k6/2b4R/8/1P3r2/1KN5/8/8,1,0
8/1k6/2b4R/8/1P3r2/1K6/4N3/8,0,0
8/1k6/7R/3b4/1P3r2/1K6/4N3/8,1,0
8/1k6/7R/3b4/KP3r2/8/4N3/8,0,0
8/1k6/2b4R/8/KP3r2/8/4N3/8,1,0
8/1k6/2R5/8/KP3r2/8/4N3/8,0,0
8/1k6/2R5/8/Kr6/8/4N3/8,1,0
8/1k6/2R5/8/1r6/K7/4N3/8,0,0
8/1k6/2R5/8/8/Kr6/4N3/8,1,0
8/1k6/2R5/8/8/1K6/4N3/8,0,0
8/8/2k5/8/8/1K6/4N3/8,1,0
8/2Q5/8/pq2kpp1/8/2P5/1PK4P/8,0,-1
8/2Q5/8/pq3pp1/4k3/2P5/1PK4P/8,1,-1
8/2Q5/8/pq3pp1/2P1k3/8/1PK4P/8,0,-1
8/2Q5/8/p4pp1/q1P1k3/8/1PK4P/8,1,-1
8/2Q5/8/p4pp1/q1P1k3/2K5/1P5P/8,0,-1
8/2Q5/8/p4pp1/1qP1k3/2K5/1P5P/8,1,-1
8/2Q5/8/p4pp1/1qP1k3/8/1PK4P/8,0,-1
8/2Q5/8/p5p1/1qP1kp2/8/1PK4P/8,1,-1
8/7Q/8/p5p1/1qP1kp2/8/1PK4P/8,0,-1
8/7Q/8/p5p1/1qP2p2/5k2/1PK4P/8,1,-1
8/8/8/p5p1/1qP2p2/5k1Q/1PK4P/8,0,-1
8/8/8/p5p1/1qP2p2/7Q/1PK2k1P/8,1,-1
8/8/8/p5p1/1qP2p2/1P5Q/2K2k1P/8,0,-1
8/8/8/6p1/pqP2p2/1P5Q/2K2k1P/8,1,-1
8/8/8/6p1/pqP2p2/1PQ5/2K2k1P/8,0,-1
8/8/8/6p1/p1P2p2/1Pq5/2K2k1P/8,1,-1
8/8/8/6p1/p1P2p2/1PK5/5k1P/8,0,-1
8/8/8/6p1/p1P2p2/1PK1k3/7P/8,1,-1
8/8/8/2P3p1/p4p2/1PK1k3/7P/8,0,-1
8/8/8/2P3p1/p7/1PK1kp2/7P/8,1,-1
4n1k1/r2N3p/P1P3p1/Br1Pp3/8/4p1P1/7P/R5K1,1,1
4n1k1/r2N3p/PBP3p1/1r1Pp3/8/4p1P1/7P/R5K1,0,1
r3n1k1/3N3p/PBP3p1/1r1Pp3/8/4p1P1/7P/R5K1,1,1
r3n1k1/3N3p/P1P3p1/1r1Pp3/8/4B1P1/7P/R5K1,0,1
r3n1k1/3N3p/P1P3p1/3rp3/8/4B1P1/7P/R5K1,1,1
r3n1k1/7p/PNP3p1/3rp3/8/4B1P1/7P/R5K1,0,1
r2rn1k1/7p/PNP3p1/4p3/8/4B1P1/7P/R5K1,1,1
N2rn1k1/7p/P1P3p1/4p3/8/4B1P1/7P/R5K1,0,1
r3n1k1/7p/P1P3p1/4p3/8/4B1P1/7P/R5K1,1,1
r3n1k1/P6p/2P3p1/4p3/8/4B1P1/7P/R5K1,0,1
r3n3/P4k1p/2P3p1/4p3/8/4B1P1/7P/R5K1,1,1
r3n3/P4k1p/2P3p1/4p3/8/4B1P1/7P/1R4K1,0,1
r3n3/P6p/2P1k1p1/4p3/8/4B1P1/7P/1R4K1,1,1
rR2n3/P6p/2P1k1p1/4p3/8/4B1P1/7P/6K1,0,1
rR6/P1n4p/2P1k1p1/4p3/8/4B1P1/7P/6K1,1,1
rR6/P1n4p/1BP1k1p1/4p3/8/6P1/7P/6K1,0,1
rR6/P1n4p/1BP3p1/3kp3/8/6P1/7P/6K1,1,1
R7/P1n4p/1BP3p1/3kp3/8/6P1/7P/6K1,0,1
n7/P6p/1BP3p1/3kp3/8/6P1/7P/6K1,1,1
n7/P1P4p/1B4p1/3kp3/8/6P1/7P/6K1,0,1
6k1/5p2/1B4p1/3bp1bp/P7/2KB1P1P/1R4P1/3r4,1,1
6k1/5p2/1B4p1/3bp1bp/P3B3/2K2P1P/1R4P1/3r4,0,1
6k1/5p2/1B4p1/4p1bp/P3b3/2K2P1P/1R4P1/3r4,1,1
6k1/5p2/1B4p1/4p1bp/P3P3/2K4P/1R4P1/3r4,0,1
6k1/5p2/1B4p1/4p1bp/P3P3/2K4P/1R4P1/r7,1,1
6k1/5p2/1B4p1/P3p1bp/4P3/2K4P/1R4P1/r7,0,1
6k1/8/1B4p1/P3ppbp/4P3/2K4P/1R4P1/r7,1,1
6k1/8/1B4p1/P3ppbp/4P3/2K4P/4R1P1/r7,0,1
6k1/8/1B4p1/P3p1bp/4p3/2K4P/4R1P1/r7,1,1
6k1/8/1B4p1/P3p1bp/4R3/2K4P/6P1/r7,0,1
6k1/8/1B4p1/P3p2p/4R3/2K4P/6P1/r1b5,1,1
6k1/8/1B4p1/P3p2p/4R3/7P/2K3P1/r1b5,0,1
6k1/8/1B4p1/P3p2p/4Rb2/7P/2K3P1/r7,1,1
6k1/8/1B4p1/P3p2p/4Rb2/7P/1K4P1/r7,0,1
6k1/8/1B4p1/P3p2p/4Rb2/7P/1K4P1/3r4,1,1
6k1/8/PB4p1/4p2p/4Rb2/7P/1K4P1/3r4,0,1
6k1/8/PB4p1/4p2p/4Rb2/7P/1K1r2P1/8,1,1
6k1/8/PB4p1/4p2p/4Rb2/1K5P/3r2P1/8,0,1
6k1/8/PB4p1/4p2p/4Rb2/1K1r3P/6P1/8,1,1
6k1/8/PB4p1/4p2p/2K1Rb2/3r3P/6P1/8,0,1
8/8/3R4/8/3n4/3k4/2r5/1K6,0,0
8/8/3R4/8/3n4/3k4/7r/1K6,1,0
3R4/8/8/8/3n4/3k4/7r/1K6,0,0
3R4/8/8/8/3n4/3k4/6r1/1K6,1,0
8/3R4/8/8/3n4/3k4/6r1/1K6,0,0
6r1/3R4/8/8/3n4/3k4/8/1K6,1,0
6r1/3R4/8/8/3n4/3k4/1K6/8,0,0
2r5/3R4/8/8/3n4/3k4/1K6/8,1,0
2r5/3R4/8/8/3n4/3k4/8/1K6,0,0
2r5/3R4/8/8/3n4/2k5/8/1K6,1,0
2r5/7R/8/8/3n4/2k5/8/1K6,0,0
2r5/7R/8/8/3n4/8/3k4/1K6,1,0
2r5/8/8/8/3n4/8/3k3R/1K6,0,0
2r5/8/8/8/8/8/3kn2R/1K6,1,0
2r5/8/8/8/8/8/1K1kn2R/8,0,0
1r6/8/8/8/8/8/1K1kn2R/8,1,0
1r6/8/8/8/8/K7/3kn2R/8,0,0
1r6/8/8/8/8/K1k5/4n2R/8,1,0
1r6/8/8/8/8/K1k4R/4n3/8,0,0
1r6/8/8/8/2k5/K6R/4n3/8,1,0
8/1r4k1/7p/6p1/3P1p2/QP2p3/2r1BKPP/8,1,1
8/1r4k1/7p/6p1/3P1p2/QP2p3/2r1B1PP/4K3,0,1
8/2r3k1/7p/6p1/3P1p2/QP2p3/2r1B1PP/4K3,1,1
8/2r3k1/7p/6p1/2BP1p2/QP2p3/2r3PP/4K3,0,1
8/2r3k1/7p/6p1/2BP1p2/QP2p3/6rP/4K3,1,1
Q7/2r3k1/7p/6p1/2BP1p2/1P2p3/6rP/4K3,0,1
Q7/6k1/7p/6p1/2rP1p2/1P2p3/6rP/4K3,1,1
Q7/6k1/7p/6p1/2PP1p2/4p3/6rP/4K3,0,1
Q7/6k1/7p/6p1/2PP1p2/4p3/7r/4K3,1,1
Q7/6k1/7p/2P3p1/3P1p2/4p3/7r/4K3,0,1
Q7/6k1/7p/2P5/3P1pp1/4p3/7r/4K3,1,1
2Q5/6k1/7p/2P5/3P1pp1/4p3/7r/4K3,0,1
2Q5/6k1/7p/2P5/3P1pp1/4p3/8/4K2r,1,1
2Q5/6k1/7p/2P5/3P1pp1/4p3/4K3/7r,0,1
2Q5/6k1/7p/2P5/3P1pp1/4p3/4K2r/8,1,1
2Q5/6k1/7p/2P5/3P1pp1/3Kp3/7r/8,0,1
2Q5/6k1/7p/2P5/3P1pp1/3Kp3/3r4/8,1,1
2Q5/6k1/7p/2P5/3PKpp1/4p3/3r4/8,0,1
2Q5/6k1/7p/2P5/3PKpp1/4p3/5r2/8,1,1
2Q5/6k1/7p/2P2K2/3P1pp1/4p3/5r2/8,0,1
8/3k1p2/p2p2pp/1b1Pp3/1r2P1P1/5K2/2RN4/8,0,-1
8/3k1p2/3p2pp/pb1Pp3/1r2P1P1/5K2/2RN4/8,1,-1
8/3k1p2/3p2pp/pb1Pp3/1r2P1P1/4K3/2RN4/8,0,-1
8/3k1p2/3p2pp/1b1Pp3/pr2P1P1/4K3/2RN4/8,1,-1
8/3k1p2/3p2pp/1b1Pp3/pr2P1P1/4K3/R2N4/8,0,-1
8/4kp2/3p2pp/1b1Pp3/pr2P1P1/4K3/R2N4/8,1,-1
8/4kp2/3p2pp/1b1Pp3/pr2P1P1/4K3/3N4/R7,0,-1
8/3bkp2/3p2pp/3Pp3/pr2P1P1/4K3/3N4/R7,1,-1
8/3bkp2/3p2pp/3Pp3/pr2P1P1/5K2/3N4/R7,0,-1
8/3bkp2/3p2p1/3Pp2p/pr2P1P1/5K2/3N4/R7,1,-1
8/3bkp2/3p2p1/3Pp2P/pr2P3/5K2/3N4/R7,0,-1
8/3bkp2/3p4/3Pp2p/pr2P3/5K2/3N4/R7,1,-1
8/3bkp2/3p4/3Pp2p/pr2P3/R4K2/3N4/8,0,-1
8/3bk3/3p4/3Ppp1p/pr2P3/R4K2/3N4/8,1,-1
8/3bk3/3p4/3PpP1p/pr6/R4K2/3N4/8,0,-1
8/4k3/3p4/3Ppb1p/pr6/R4K2/3N4/8,1,-1
8/4k3/3p4/3Ppb1p/pr6/R4K2/8/5N2,0,-1
8/4k3/3p4/3Pp2p/pr2b3/R4K2/8/5N2,1,-1
8/4k3/3p4/3Pp2p/pr2b3/R7/4K3/5N2,0,-1
8/4k3/3p4/3bp2p/pr6/R7/4K3/5N2,1,-1
5knr/4bp1p/p4qp1/3np3/B3P3/4BP2/1P2QP1P/3R2K1,1,1
5knr/4bp1p/p4qp1/3Rp3/B3P3/4BP2/1P2QP1P/6K1,0,1
5knr/4bp2/p4qp1/3Rp2p/B3P3/4BP2/1P2QP1P/6K1,1,1
5knr/4bp2/p4qp1/3Rp2p/B3P3/3QBP2/1P3P1P/6K1,0,1
5knr/4bp2/p4qp1/3Rp3/B3P2p/3QBP2/1P3P1P/6K1,1,1
5knr/3Bbp2/p4qp1/3Rp3/4P2p/3QBP2/1P3P1P/6K1,0,1
5knr/3Bbp2/p4qp1/3Rp3/4P3/3QBP1p/1P3P1P/6K1,1,1
5knr/3Bbp2/p4qp1/3Rp3/4P3/2Q1BP1p/1P3P1P/6K1,0,1
5knr/3Bbp2/p5p1/3Rp3/4P2q/2Q1BP1p/1P3P1P/6K1,1,1
5knr/3Bbp2/p5p1/4R3/4P2q/2Q1BP1p/1P3P1P/6K1,0,1
5k1r/3Bbp2/p4np1/4R3/4P2q/2Q1BP1p/1P3P1P/6K1,1,1
5k1r/3Bbp2/p4np1/4R1B1/4P2q/2Q2P1p/1P3P1P/6K1,0,1
5k1r/3Bbp2/p4np1/4R1Bq/4P3/2Q2P1p/1P3P1P/6K1,1,1
5k1r/4bp2/p4np1/4R1Bq/4P1B1/2Q2P1p/1P3P1P/6K1,0,1
5k1r/4bp2/p5p1/4R1Bq/4P1n1/2Q2P1p/1P3P1P/6K1,1,1
5k1r/4Bp2/p5p1/4R2q/4P1n1/2Q2P1p/1P3P1P/6K1,0,1
6kr/4Bp2/p5p1/4R2q/4P1n1/2Q2P1p/1P3P1P/6K1,1,1
6kr/4Bp2/p5p1/7R/4P1n1/2Q2P1p/1P3P1P/6K1,0,1
6k1/4Bp2/p5p1/7r/4P1n1/2Q2P1p/1P3P1P/6K1,1,1
6k1/4Bp2/p5p1/7r/4P1P1/2Q4p/1P3P1P/6K1,0,1
r2r2k1/pq3p1p/3Pp1p1/2p5/3b2n1/1PN3P1/PBPQ1P1P/3RR1K1,1,1
r2r2k1/pq3p1p/3Pp1p1/2p5/3bN1n1/1P4P1/PBPQ1P1P/3RR1K1,0,1
r2r2k1/pq3p1p/3Pp1p1/2p5/4N1n1/1P4P1/PbPQ1P1P/3RR1K1,1,1
r2r2k1/pq3p1p/3Pp1p1/2p5/4N1n1/1PP3P1/Pb1Q1P1P/3RR1K1,0,1
r2r2k1/pq3p1p/3Pp1p1/2p5/4N1n1/bPP3P1/P2Q1P1P/3RR1K1,1,1
r2r2k1/pq3p1p/3Pp1p1/2p5/4NQn1/bPP3P1/P4P1P/3RR1K1,0,1
r2r2k1/pq5p/3Pp1p1/2p2p2/4NQn1/bPP3P1/P4P1P/3RR1K1,1,1
r2r2k1/pq5p/3Pp1p1/2p2pN1/5Qn1/bPP3P1/P4P1P/3RR1K1,0,1
r2r2k1/pq5p/3Pp1p1/5pN1/2p2Qn1/bPP3P1/P4P1P/3RR1K1,1,1
r2r2k1/pq5p/3Pp1p1/5pN1/1Pp2Qn1/b1P3P1/P4P1P/3RR1K1,0,1
r2r2k1/pq5p/3Pp1p1/5pN1/1Pp2Qn1/2P3P1/Pb3P1P/3RR1K1,1,1
r2r2k1/pq5p/3PN1p1/5p2/1Pp2Qn1/2P3P1/Pb3P1P/3RR1K1,0,1
r2r2k1/pq5p/3PN1p1/5p2/1Pp2Qn1/2b3P1/P4P1P/3RR1K1,1,1
r2N2k1/pq5p/3P2p1/5p2/1Pp2Qn1/2b3P1/P4P1P/3RR1K1,0,1
r2N2k1/p6p/3P2p1/1q3p2/1Pp2Qn1/2b3P1/P4P1P/3RR1K1,1,1
r2N2k1/p6p/3P2p1/1q3p2/PPp2Qn1/2b3P1/5P1P/3RR1K1,0,1
r2N2k1/p6p/3P2p1/1q3p2/PPp2Q2/2b3P1/5n1P/3RR1K1,1,1
r2N2k1/p6p/3P2p1/1P3p2/1Pp2Q2/2b3P1/5n1P/3RR1K1,0,1
r2N2k1/p6p/3P2p1/1P3p2/1Pp2Q2/2b3Pn/7P/3RR1K1,1,1
r2N2k1/p6p/3P2p1/1P3p2/1Pp2Q2/2b3Pn/7P/3RRK2,0,1
2r3k1/5ppp/6P1/7P/1p1pBP2/1P3K2/2P5/8,0,-1
2r3k1/6pp/6p1/7P/1p1pBP2/1P3K2/2P5/8,1,-1
2r3k1/6pp/6P1/8/1p1pBP2/1P3K2/2P5/8,0,-1
2r3k1/6p1/6Pp/8/1p1pBP2/1P3K2/2P5/8,1,-1
2r3k1/6p1/6Pp/5P2/1p1pB3/1P3K2/2P5/8,0,-1
2r2k2/6p1/6Pp/5P2/1p1pB3/1P3K2/2P5/8,1,-1
2r2k2/6p1/6Pp/5P2/1p1pBK2/1P6/2P5/8,0,-1
2r5/4k1p1/6Pp/5P2/1p1pBK2/1P6/2P5/8,1,-1
2r5/4k1p1/6Pp/4KP2/1p1pB3/1P6/2P5/8,0,-1
2r5/4k1p1/6P1/4KP1p/1p1pB3/1P6/2P5/8,1,-1
2r5/4k1p1/6P1/3BKP1p/1p1p4/1P6/2P5/8,0,-1
8/4k1p1/6P1/3BKP1p/1p1p4/1P6/2r5/8,1,-1
8/4k1p1/5PP1/3BK2p/1p1p4/1P6/2r5/8,0,-1
8/4k3/5pP1/3BK2p/1p1p4/1P6/2r5/8,1,-1
8/4k3/5pP1/3B3p/1p1K4/1P6/2r5/8,0,-1
8/4k3/5pP1/3B3p/1p1K4/1P6/3r4/8,1,-1
8/4k3/5pP1/3B3p/1p2K3/1P6/3r4/8,0,-1
8/4k3/6P1/3B1p1p/1p2K3/1P6/3r4/8,1,-1
8/4k3/6P1/3BKp1p/1p6/1P6/3r4/8,0,-1
8/4k3/6P1/3rKp1p/1p6/1P6/8/8,1,-1
8/7k/3p1pp1/4p3/4Pq1P/1PPB1b2/5Q2/5K2,0,-1
8/7k/5pp1/3pp3/4Pq1P/1PPB1b2/5Q2/5K2,1,-1
8/7k/5pp1/3Pp3/5q1P/1PPB1b2/5Q2/5K2,0,-1
8/7k/5pp1/3P4/4pq1P/1PPB1b2/5Q2/5K2,1,-1
8/7k/5pp1/3P4/4Bq1P/1PP2b2/5Q2/5K2,0,-1
8/7k/5pp1/3P4/4q2P/1PP2b2/5Q2/5K2,1,-1
8/7k/3P1pp1/8/4q2P/1PP2b2/5Q2/5K2,0,-1
8/7k/3P1pp1/8/7P/1PPq1b2/5Q2/5K2,1,-1
8/7k/3P1pp1/8/7P/1PPq1b2/5Q2/6K1,0,-1
8/7k/3P1pp1/8/4b2P/1PPq4/5Q2/6K1,1,-1
8/7k/3P1pp1/8/4bQ1P/1PPq4/8/6K1,0,-1
8/7k/3P1pp1/5b2/5Q1P/1PPq4/8/6K1,1,-1
8/7k/3P1pp1/5b2/2P2Q1P/1P1q4/8/6K1,0,-1
8/7k/3P1pp1/5b2/2P2Q1P/1q6/8/6K1,1,-1
8/7k/3P1pp1/5b2/2P2Q1P/1q6/8/5K2,0,-1
8/6k1/3P1pp1/5b2/2P2Q1P/1q6/8/5K2,1,-1
8/6k1/3P1pp1/5b2/2P2Q1P/1q6/5K2/8,0,-1
8/5k2/3P1pp1/5b2/2P2Q1P/1q6/5K2/8,1,-1
8/5k2/3P1pp1/5b2/2P2Q1P/1q6/8/4K3,0,-1
8/8/3Pkpp1/5b2/2P2Q1P/1q6/8/4K3,1,-1
r2q1rk1/pp1bppbp/3p1np1/n7/3NPB2/1BN2P2/PPPQ2PP/R3K2R,1,-1
r2q1rk1/pp1bppbp/3p1np1/n7/3NPB1P/1BN2P2/PPPQ2P1/R3K2R,0,-1
1r1q1rk1/pp1bppbp/3p1np1/n7/3NPB1P/1BN2P2/PPPQ2P1/R3K2R,1,-1
1r1q1rk1/pp1bppbp/3p1np1/n7/3NPBPP/1BN2P2/PPPQ4/R3K2R,0,-1
1r1q1rk1/p2bppbp/3p1np1/np6/3NPBPP/1BN2P2/PPPQ4/R3K2R,1,-1
1r1q1rk1/p2bppbp/3p1np1/np5P/3NPBP1/1BN2P2/PPPQ4/R3K2R,0,-1
1r1q1rk1/p2bppbp/3p1np1/1p5P/2nNPBP1/1BN2P2/PPPQ4/R3K2R,1,-1
1r1q1rk1/p2bppbp/3p1np1/1p5P/2BNPBP1/2N2P2/PPPQ4/R3K2R,0,-1
1r1q1rk1/p2bppbp/3p1np1/7P/2pNPBP1/2N2P2/PPPQ4/R3K2R,1,-1
1r1q1rk1/p2bppbp/3p1np1/7P/2pNPBP1/2N2P2/PPP4Q/R3K2R,0,-1
3q1rk1/p2bppbp/3p1np1/7P/2pNPBP1/2N2P2/PrP4Q/R3K2R,1,-1
3q1rk1/p2bppbp/3p1np1/7P/2pNPBP1/2N2P2/PrP4Q/2KR3R,0,-1
5rk1/p2bppbp/3p1np1/q6P/2pNPBP1/2N2P2/PrP4Q/2KR3R,1,-1
5rk1/p2bppbp/3p1np1/q6P/2pNPBP1/2N2P2/PKP4Q/3R3R,0,-1
1r4k1/p2bppbp/3p1np1/q6P/2pNPBP1/2N2P2/PKP4Q/3R3R,1,-1
1r4k1/p2bppbp/3p1np1/q6P/2pNPBP1/2N2P2/P1P4Q/2KR3R,0,-1
1r4k1/p2bppbp/3p1np1/7P/2pNPBP1/2q2P2/P1P4Q/2KR3R,1,-1
1r4k1/p2bppbp/3p1np1/5N1P/2p1PBP1/2q2P2/P1P4Q/2KR3R,0,-1
1r4k1/p2bppbp/3p2p1/5N1P/2p1nBP1/2q2P2/P1P4Q/2KR3R,1,-1
1r4k1/p2bNpbp/3p2p1/7P/2p1nBP1/2q2P2/P1P4Q/2KR3R,0,-1
5k2/p2r1p2/2Nbr1pp/1P6/P5P1/5KP1/3R3P/3R4,1,1
5k2/p2r1p2/2Nbr1pp/PP6/6P1/5KP1/3R3P/3R4,0,1
8/p2r1pk1/2Nbr1pp/PP6/6P1/5KP1/3R3P/3R4,1,1
8/p2r1pk1/P1Nbr1pp/1P6/6P1/5KP1/3R3P/3R4,0,1
8/p2r1pk1/P1Nb1rpp/1P6/6P1/5KP1/3R3P/3R4,1,1
8/p2r1pk1/P1Nb1rpp/1P6/6P1/6P1/3R2KP/3R4,0,1
8/p3rpk1/P1Nb1rpp/1P6/6P1/6P1/3R2KP/3R4,1,1
8/p3rpk1/P1NR1rpp/1P6/6P1/6P1/6KP/3R4,0,1
8/p4pk1/P1NR1rpp/1P6/6P1/6P1/4r1KP/3R4,1,1
8/p4pk1/P1NR1rpp/1P6/6P1/6PK/4r2P/3R4,0,1
8/p4pk1/P1NR2pp/1P6/6P1/6PK/4rr1P/3R4,1,1
8/p4pk1/P1NR2pp/1P6/6P1/6PK/4rr1P/7R,0,1
8/p5k1/P1NR2pp/1P3p2/6P1/6PK/4rr1P/7R,1,1
8/p5k1/P1NR2pp/1P3P2/8/6PK/4rr1P/7R,0,1
8/p5k1/P1NR3p/1P3p2/8/6PK/4rr1P/7R,1,1
8/p5k1/PPNR3p/5p2/8/6PK/4rr1P/7R,0,1
8/6k1/PpNR3p/5p2/8/6PK/4rr1P/7R,1,1
8/P5k1/1pNR3p/5p2/8/6PK/4rr1P/7R,0,1
4r3/P5k1/1pNR3p/5p2/8/6PK/5r1P/7R,1,1
4r3/P5k1/1pNR3p/5p2/8/6PK/5r1P/4R3,0,1
1r6/p5P1/2pk1N2/5p2/2Pp4/3P2K1/5P2/8,1,0
1r6/p5P1/2pk1N2/5p2/2Pp1K2/3P4/5P2/8,0,0
1r6/6P1/2pk1N2/p4p2/2Pp1K2/3P4/5P2/8,1,0
1r6/6P1/2pk1N2/p4K2/2Pp4/3P4/5P2/8,0,0
1r6/6P1/2pk1N2/5K2/p1Pp4/3P4/5P2/8,1,0
1r6/6P1/2pk4/5K2/p1PpN3/3P4/5P2/8,0,0
1r6/4k1P1/2p5/5K2/p1PpN3/3P4/5P2/8,1,0
1r6/4k1P1/2p3K1/8/p1PpN3/3P4/5P2/8,0,0
1r6/4k1P1/2p3K1/8/2PpN3/p2P4/5P2/8,1,0
1r6/4k1P1/2p3K1/8/2PpNP2/p2P4/8/8,0,0
1r6/4k1P1/2p3K1/8/2PpNP2/3P4/p7/8,1,0
1r6/4k1P1/2p3K1/5P2/2PpN3/3P4/p7/8,0,0
1r6/4k1P1/2p3K1/5P2/2PpN3/3P4/8/q7,1,0
1r6/4k1P1/2p2PK1/8/2PpN3/3P4/8/q7,0,0
1r6/6P1/2p1kPK1/8/2PpN3/3P4/8/q7,1,0
1r6/6P1/2p1kPK1/6N1/2Pp4/3P4/8/q7,0,0
1r6/6P1/2p2PK1/4k1N1/2Pp4/3P4/8/q7,1,0
1r6/5PP1/2p3K1/4k1N1/2Pp4/3P4/8/q7,0,0
qr6/5PP1/2p3K1/4k1N1/2Pp4/3P4/8/8,1,0
qr6/5PP1/2p3K1/4k3/2Pp4/3P1N2/8/8,0,0
2N2rk1/4b1p1/p2pp1b1/7n/1prN3P/4B3/PPPQ4/2KR4,0,-1
2r3k1/4b1p1/p2pp1b1/7n/1prN3P/4B3/PPPQ4/2KR4,1,-1
2r3k1/4b1p1/p2pp1b1/7n/1prN3P/4B3/PPPQ4/2K3R1,0,-1
2r3k1/4b1p1/p2pp3/7n/1prNb2P/4B3/PPPQ4/2K3R1,1,-1
2r3k1/4b1p1/p2pp3/7n/1prNb2P/1P2B3/P1PQ4/2K3R1,0,-1
2r3k1/4b1p1/p2pp3/7n/1p1Nb2P/1Pr1B3/P1PQ4/2K3R1,1,-1
2r3k1/4b1p1/p2pp3/7n/1p1Nb2P/1Pr1B3/P1P1Q3/2K3R1,0,-1
2r3k1/6p1/p2ppb2/7n/1p1Nb2P/1Pr1B3/P1P1Q3/2K3R1,1,-1
2r3k1/6p1/p2ppb2/7n/1p1Nb2P/1Pr1B3/P1P1Q3/1K4R1,0,-1
2r3k1/6p1/p3pb2/3p3n/1p1Nb2P/1Pr1B3/P1P1Q3/1K4R1,1,-1
2r3k1/6p1/Q3pb2/3p3n/1p1Nb2P/1Pr1B3/P1P5/1K4R1,0,-1
2r3k1/6p1/Q3pb2/3p4/1p1Nbn1P/1Pr1B3/P1P5/1K4R1,1,-1
2r3k1/6p1/Q3pb2/3p4/1p1Nbn1P/1Pr1B3/P1P5/1KR5,0,-1
2r3k1/6p1/Q4b2/3pp3/1p1Nbn1P/1Pr1B3/P1P5/1KR5,1,-1
2r3k1/6p1/Q4b2/3pp3/1p1Nbn1P/1Pr5/P1PB4/1KR5,0,-1
2r3k1/6p1/Q4b2/3p4/1p1pbn1P/1Pr5/P1PB4/1KR5,1,-1
2r3k1/6p1/Q4b2/3p4/1p1pbn1P/1PB5/P1P5/1KR5,0,-1
6k1/6p1/Q4b2/3p4/1p1pbn1P/1Pr5/P1P5/1KR5,1,-1
6k1/6p1/3Q1b2/3p4/1p1pbn1P/1Pr5/P1P5/1KR5,0,-1
6k1/6p1/3Q1b2/3p4/1p2bn1P/1Prp4/P1P5/1KR5,1,-1
8/8/8/4n3/2kp1N2/1p6/8/1K6,0,-1
8/8/8/8/2kp1N2/1p1n4/8/1K6,1,-1
8/8/8/8/2kp4/1p1n4/4N3/1K6,0,-1
8/8/8/2n5/2kp4/1p6/4N3/1K6,1,-1
8/8/8/2n5/2kp4/1p4N1/8/1K6,0,-1
8/8/8/8/n1kp4/1p4N1/8/1K6,1,-1
8/8/8/5N2/n1kp4/1p6/8/1K6,0,-1
8/8/8/5N2/n1k5/1p1p4/8/1K6,1,-1
8/8/3N4/8/n1k5/1p1p4/8/1K6,0,-1
8/8/3N4/8/n2k4/1p1p4/8/1K6,1,-1
8/8/8/5N2/n2k4/1p1p4/8/1K6,0,-1
8/8/8/5N2/n7/1pkp4/8/1K6,1,-1
8/8/8/8/n7/1pkpN3/8/1K6,0,-1
8/8/8/8/n7/1pk1N3/3p4/1K6,1,-1
8/8/8/8/n7/1pk1N3/3p4/K7,0,-1
8/8/8/8/n7/1p1kN3/3p4/K7,1,-1
8/8/8/8/n7/1p1k4/3p4/K2N4,0,-1
8/8/8/8/n7/1p6/3pk3/K2N4,1,-1
8/8/8/8/n7/1p6/1N1pk3/K7,0,-1
8/8/8/8/8/1p6/1n1pk3/K7,1,-1
8/2b5/5k2/2P5/1P6/5K2/6P1/8,1,1
8/2b5/5k2/2P5/1P2K3/8/6P1/8,0,1
8/2b5/4k3/2P5/1P2K3/8/6P1/8,1,1
8/2b5/4k3/2P5/1P2K1P1/8/8/8,0,1
3b4/8/4k3/2P5/1P2K1P1/8/8/8,1,1
3b4/8/4k3/1PP5/4K1P1/8/8/8,0,1
8/4b3/4k3/1PP5/4K1P1/8/8/8,1,1
8/4b3/4k3/1PP5/3K2P1/8/8/8,0,1
8/8/4kb2/1PP5/3K2P1/8/8/8,1,1
8/8/4kb2/1PP5/2K3P1/8/8/8,0,1
8/8/4k3/1PP3b1/2K3P1/8/8/8,1,1
8/8/1P2k3/2P3b1/2K3P1/8/8/8,0,1
8/8/1P2k3/2P5/2K2bP1/8/8/8,1,1
8/1P6/4k3/2P5/2K2bP1/8/8/8,0,1
8/1P1k4/8/2P5/2K2bP1/8/8/8,1,1
8/1P1k4/8/2P3P1/2K2b2/8/8/8,0,1
8/1Pk5/8/2P3P1/2K2b2/8/8/8,1,1
8/1Pk5/6P1/2P5/2K2b2/8/8/8,0,1
8/1Pk5/6Pb/2P5/2K5/8/8/8,1,1
8/1Pk5/2P3Pb/8/2K5/8/8/8,0,1
4nr2/4rpk1/p4p2/5Pp1/1p2P3/5BP1/PP4K1/3R1R2,1,1
4nr2/4rpk1/p4p2/5Pp1/1p1RP3/5BP1/PP4K1/5R2,0,1
4nr2/4rpk1/5p2/p4Pp1/1p1RP3/5BP1/PP4K1/5R2,1,1
4nr2/4rpk1/5p2/p4Pp1/1p1RP3/5BP1/PP4K1/2R5,0,1
5r2/2n1rpk1/5p2/p4Pp1/1p1RP3/5BP1/PP4K1/2R5,1,1
5r2/2n1rpk1/5p2/p1R2Pp1/1p1RP3/5BP1/PP4K1/8,0,1
5r2/2n1rpk1/5p2/p1R2P2/1p1RP1p1/5BP1/PP4K1/8,1,1
5r2/2n1rpk1/5p2/p1R2P2/1p1RP1B1/6P1/PP4K1/8,0,1
r7/2n1rpk1/5p2/p1R2P2/1p1RP1B1/6P1/PP4K1/8,1,1
r7/2n1rpk1/5p2/p1R2P2/1p1RP3/6P1/PP4K1/3B4,0,1
8/r1n1rpk1/5p2/p1R2P2/1p1RP3/6P1/PP4K1/3B4,1,1
8/r1n1rpk1/5p2/p1R2P2/Bp1RP3/6P1/PP4K1/8,0,1
n7/r3rpk1/5p2/p1R2P2/Bp1RP3/6P1/PP4K1/8,1,1
n7/r3rpk1/2R2p2/p4P2/Bp1RP3/6P1/PP4K1/8,0,1
8/r1n1rpk1/2R2p2/p4P2/Bp1RP3/6P1/PP4K1/8,1,1
8/r1n1rpk1/2R2p2/p4P2/Bp1RP3/5KP1/PP6/8,0,1
4n3/r3rpk1/2R2p2/p4P2/Bp1RP3/5KP1/PP6/8,1,1
2R1n3/r3rpk1/5p2/p4P2/Bp1RP3/5KP1/PP6/8,0,1
2R5/r1n1rpk1/5p2/p4P2/Bp1RP3/5KP1/PP6/8,1,1
2RR4/r1n1rpk1/5p2/p4P2/Bp2P3/5KP1/PP6/8,0,1
4r3/p5k1/2p3pp/3b1p2/1rPR3P/1P2pP1N/P5P1/2K1R3,0,0
4r3/p4bk1/2p3pp/5p2/1rPR3P/1P2pP1N/P5P1/2K1R3,1,0
4r3/p4bk1/2p3pp/5p2/1rPR1N1P/1P2pP2/P5P1/2K1R3,0,0
4r3/pr3bk1/2p3pp/5p2/2PR1N1P/1P2pP2/P5P1/2K1R3,1,0
4r3/pr3bk1/2p3pp/5p2/2PR3P/1P1NpP2/P5P1/2K1R3,0,0
4r3/p3rbk1/2p3pp/5p2/2PR3P/1P1NpP2/P5P1/2K1R3,1,0
4r3/p3rbk1/2p3pp/5p2/2PR1P1P/1P1Np3/P5P1/2K1R3,0,0
4r3/p3rbk1/2p4p/5pp1/2PR1P1P/1P1Np3/P5P1/2K1R3,1,0
4r3/p3rbk1/2p4p/5pP1/2PR1P2/1P1Np3/P5P1/2K1R3,0,0
4r3/p3rbk1/2p5/5pp1/2PR1P2/1P1Np3/P5P1/2K1R3,1,0
4r3/p3rbk1/2p5/5pP1/2PR4/1P1Np3/P5P1/2K1R3,0,0
4r3/p4bk1/2p5/5pP1/2PRr3/1P1Np3/P5P1/2K1R3,1,0
4r3/p2R1bk1/2p5/5pP1/2P1r3/1P1Np3/P5P1/2K1R3,0,0
4r3/p2R1bk1/2p5/5pP1/2P3r1/1P1Np3/P5P1/2K1R3,1,0
4r3/p2R1bk1/2p5/5pP1/2P3r1/1P1Np3/P3R1P1/2K5,0,0
4r3/p2R1bk1/2p5/5pr1/2P5/1P1Np3/P3R1P1/2K5,1,0
4r3/p2R1bk1/2p5/5pr1/2P2N2/1P2p3/P3R1P1/2K5,0,0
4r3/p2R1b2/2p2k2/5pr1/2P2N2/1P2p3/P3R1P1/2K5,1,0
4r3/p2R1b2/2p2k2/2P2pr1/5N2/1P2p3/P3R1P1/2K5,0,0
8/p2R1b2/2p2k2/2P2pr1/4rN2/1P2p3/P3R1P1/2K5,1,0
2r3k1/pp1bpp1p/3p3Q/3P2pP/2r5/5P2/PPP1N1P1/2K4R,0,1
2r3k1/pp1bpp1p/3p3Q/3P2pP/8/5P2/PPr1N1P1/2K4R,1,1
2r3k1/pp1bpp1p/3p3Q/3P2pP/8/5P2/PPr1N1P1/1K5R,0,1
2r3k1/pp1bp2p/3p1p1Q/3P2pP/8/5P2/PPr1N1P1/1K5R,1,1
2r3k1/pp1bp2p/3p1p1Q/3P2pP/3N4/5P2/PPr3P1/1K5R,0,1
2r3k1/pp1bp2p/3p1p1Q/3P2pP/3N4/5P2/PP1r2P1/1K5R,1,1
2r3k1/pp1bp2p/3p1p1Q/3P2pP/3N1P2/8/PP1r2P1/1K5R,0,1
2r3k1/pp1bp2p/3p1p1Q/3P3P/3N1Pp1/8/PP1r2P1/1K5R,1,1
2r3k1/pp1bp2p/3p1p1Q/3P1P1P/3N2p1/8/PP1r2P1/1K5R,0,1
2r3k1/pp1bp2p/3p1p1Q/3P1P1P/3r2p1/8/PP4P1/1K5R,1,1
2r3k1/pp1bp2p/3p1p2/3P1P1P/3r2p1/4Q3/PP4P1/1K5R,0,1
2r3k1/pp2p2p/3p1p2/3P1b1P/3r2p1/4Q3/PP4P1/1K5R,1,1
2r3k1/pp2p2p/3p1p2/3P1b1P/3r2p1/4Q3/PP4P1/K6R,0,1
2r3k1/pp2p2p/3p1p2/3P1b1P/2r3p1/4Q3/PP4P1/K6R,1,1
2r3k1/pp2p2p/3p1p2/3P1b1P/2r3p1/P3Q3/1P4P1/K6R,0,1
2r3k1/pp2p2p/3p1p2/3P3P/2r1b1p1/P3Q3/1P4P1/K6R,1,1
2r3k1/pp2p2p/3p1p2/3P3P/2r1b1p1/PP2Q3/6P1/K6R,0,1
2r3k1/pp2p2p/3p1p2/3P1b1P/2r3p1/PP2Q3/6P1/K6R,1,1
2r3k1/Qp2p2p/3p1p2/3P1b1P/2r3p1/PP6/6P1/K6R,0,1
2r3k1/Qp2p2p/3p1p2/3P1b1P/4r1p1/PP6/6P1/K6R,1,1
2r2r2/5p1k/p2pqP1p/4p1p1/2P1P3/8/P3QRPP/2R4K,0,-1
2r3r1/5p1k/p2pqP1p/4p1p1/2P1P3/8/P3QRPP/2R4K,1,-1
2r3r1/5p1k/p2pqP1p/4p1p1/2P1P3/7P/P3QRP1/2R4K,0,-1
2r5/5p1k/p2pqPrp/4p1p1/2P1P3/7P/P3QRP1/2R4K,1,-1
2r5/5p1k/p2pqPrp/4p1p1/2P1P3/7P/P4RP1/2R2Q1K,0,-1
2r5/5p1k/p2pqPrp/4p3/2P1P1p1/7P/P4RP1/2R2Q1K,1,-1
2r5/5p1k/p2pqPrp/4p3/2P1P1P1/8/P4RP1/2R2Q1K,0,-1
2r5/5p1k/p2pqP1p/4p3/2P1P1r1/8/P4RP1/2R2Q1K,1,-1
2r5/5p1k/p2pqP1p/4p3/2P1P1r1/3Q4/P4RP1/2R4K,0,-1
2r5/5p1k/p2pqP1p/4p3/2P1P2r/3Q4/P4RP1/2R4K,1,-1
2r5/5p1k/p2pqP1p/4p3/2P1P2r/3Q4/P4RP1/2R3K1,0,-1
2r5/5p1k/p2p1P1p/4p3/2P1P1qr/3Q4/P4RP1/2R3K1,1,-1
2r5/5p1k/p2Q1P1p/4p3/2P1P1qr/8/P4RP1/2R3K1,0,-1
2r5/5p1k/p2Q1P1p/4p2q/2P1P2r/8/P4RP1/2R3K1,1,-1
2r5/5p1k/p2Q1P1p/4p2q/2P1P2r/8/P1R3P1/2R3K1,0,-1
6r1/5p1k/p2Q1P1p/4p2q/2P1P2r/8/P1R3P1/2R3K1,1,-1
6r1/5p1k/p4P1p/2Q1p2q/2P1P2r/8/P1R3P1/2R3K1,0,-1
6r1/5p1k/p4P1p/2Q1p2q/2P1P3/8/P1R3P1/2R3Kr,1,-1
6r1/5p1k/p4P1p/2Q1p2q/2P1P3/8/P1R2KP1/2R4r,0,-1
6r1/5p1k/p4P1p/2Q1p3/2P1P2q/8/P1R2KP1/2R4r,1,-1
2b1rr2/5k1p/3pn3/p1n2p2/PpP2P1q/1P4RB/4RB1K/2NQ4,0,0
2b1rr2/5k1p/3pn3/p1n2p2/PpP2q2/1P4RB/4RB1K/2NQ4,1,0
2b1rr2/5k1p/3pn3/p1n2p2/PpP2q2/1P2B1RB/4R2K/2NQ4,0,0
2b1rr2/5k1p/3pn3/p1n2p2/PpP4q/1P2B1RB/4R2K/2NQ4,1,0
2b1rr2/5k1p/3pn3/p1nQ1p2/PpP4q/1P2B1RB/4R2K/2N5,0,0
2b1rr2/5k1p/3pn3/p2Q1p2/PpP1n2q/1P2B1RB/4R2K/2N5,1,0
2b1rr2/5k1p/3pn3/p4Q2/PpP1n2q/1P2B1RB/4R2K/2N5,0,0
2b1rr2/5k1p/3pnn2/p4Q2/PpP4q/1P2B1RB/4R2K/2N5,1,0
2b1rr2/5k1p/3pnn2/Q7/PpP4q/1P2B1RB/4R2K/2N5,0,0
2b1r1r1/5k1p/3pnn2/Q7/PpP4q/1P2B1RB/4R2K/2N5,1,0
2b1r1r1/5k1p/3pnn2/Q7/PpP4q/1P2BR1B/4R2K/2N5,0,0
2b1r3/5k1p/3pnnr1/Q7/PpP4q/1P2BR1B/4R2K/2N5,1,0
2b1r3/5k1p/3pnnr1/Q7/PpP4q/1P3R1B/4RB1K/2N5,0,0
2b1r3/5k1p/3pnnrq/Q7/PpP5/1P3R1B/4RB1K/2N5,1,0
2b1r3/5k1p/3pnnrq/Q7/PpP5/1P2BR1B/4R2K/2N5,0,0
2b1r3/5k1p/3pnnr1/Q7/PpP4q/1P2BR1B/4R2K/2N5,1,0
2b1r3/5k1p/3pnnr1/Q7/PpP4q/1P3R1B/4RB1K/2N5,0,0
2b1r3/5k1p/3pnnrq/Q7/PpP5/1P3R1B/4RB1K/2N5,1,0
2b1r3/5k1p/3pnnrq/Q7/PpP5/1P2BR1B/4R2K/2N5,0,0
2b1r3/5k1p/3pnnr1/Q7/PpP4q/1P2BR1B/4R2K/2N5,1,0
rnbqkbnr/pp2pppp/3p4/8/3NP3/8/PPP2PPP/RNBQKB1R,0,0
rnbqkb1r/pp2pppp/3p1n2/8/3NP3/8/PPP2PPP/RNBQKB1R,1,0
rnbqkb1r/pp2pppp/3p1n2/8/3NP3/2N5/PPP2PPP/R1BQKB1R,0,0
rnbqkb1r/1p2pppp/p2p1n2/8/3NP3/2N5/PPP2PPP/R1BQKB1R,1,0
rnbqkb1r/1p2pppp/p2p1n2/8/3NP3/2N1B3/PPP2PPP/R2QKB1R,0,0
rnbqkb1r/1p3ppp/p2p1n2/4p3/3NP3/2N1B3/PPP2PPP/R2QKB1R,1,0
rnbqkb1r/1p3ppp/p2p1n2/4p3/4P3/2N1BN2/PPP2PPP/R2QKB1R,0,0
rnb1kb1r/1pq2ppp/p2p1n2/4p3/4P3/2N1BN2/PPP2PPP/R2QKB1R,1,0
rnb1kb1r/1pq2ppp/p2p1n2/4p3/4P3/2N1BN2/PPP1BPPP/R2QK2R,0,0
rnb1k2r/1pq1bppp/p2p1n2/4p3/4P3/2N1BN2/PPP1BPPP/R2QK2R,1,0
rnb1k2r/1pq1bppp/p2p1n2/4p3/4P3/2N1BN2/PPP1BPPP/R2Q1RK1,0,0
rnb2rk1/1pq1bppp/p2p1n2/4p3/4P3/2N1BN2/PPP1BPPP/R2Q1RK1,1,0
rnb2rk1/1pq1bppp/p2p1n2/4p3/P3P3/2N1BN2/1PP1BPPP/R2Q1RK1,0,0
r1b2rk1/1pqnbppp/p2p1n2/4p3/P3P3/2N1BN2/1PP1BPPP/R2Q1RK1,1,0
r1b2rk1/1pqnbppp/p2p1n2/4p3/P3P3/2N1B3/1PPNBPPP/R2Q1RK1,0,0
r1b2rk1/1pq1bppp/p2p1n2/2n1p3/P3P3/2N1B3/1PPNBPPP/R2Q1RK1,1,0
r1b2rk1/1pq1bppp/p2p1n2/P1n1p3/4P3/2N1B3/1PPNBPPP/R2Q1RK1,0,0
r4rk1/1pq1bppp/p2pbn2/P1n1p3/4P3/2N1B3/1PPNBPPP/R2Q1RK1,1,0
r4rk1/1pq1bppp/p2pbn2/P1n1p3/4P3/2N1BB2/1PPN1PPP/R2Q1RK1,0,0
2r2rk1/1pq1bppp/p2pbn2/P1n1p3/4P3/2N1BB2/1PPN1PPP/R2Q1RK1,1,0
6k1/1p4p1/7p/4p3/1r2K3/2r2PPP/3N4/3R4,1,-1
6k1/1p4p1/7p/4K3/1r6/2r2PPP/3N4/3R4,0,-1
6k1/1p4p1/7p/4K3/1r6/3r1PPP/3N4/3R4,1,-1
6k1/1p4p1/7p/4K3/1r5P/3r1PP1/3N4/3R4,0,-1
6k1/1p4p1/7p/4K3/3r3P/3r1PP1/3N4/3R4,1,-1
6k1/1p4p1/7p/4K3/3r3P/3r1PP1/3N4/1R6,0,-1
6k1/1p4p1/7p/4K3/3r3P/5PP1/3r4/1R6,1,-1
6k1/1R4p1/7p/4K3/3r3P/5PP1/3r4/8,0,-1
6k1/1R1r2p1/7p/4K3/7P/5PP1/3r4/8,1,-1
6k1/3r2p1/7p/1R2K3/7P/5PP1/3r4/8,0,-1
6k1/5rp1/7p/1R2K3/7P/5PP1/3r4/8,1,-1
6k1/5rp1/7p/4K3/7P/1R3PP1/3r4/8,0,-1
6k1/5rp1/7p/4K3/7P/1R3PP1/4r3/8,1,-1
6k1/5rp1/3K3p/8/7P/1R3PP1/4r3/8,0,-1
6k1/6p1/3K1r1p/8/7P/1R3PP1/4r3/8,1,-1
6k1/6p1/5r1p/3K4/7P/1R3PP1/4r3/8,0,-1
6k1/6p1/5r2/3K3p/7P/1R3PP1/4r3/8,1,-1
6k1/6p1/5r2/3K3p/6PP/1R3P2/4r3/8,0,-1
6k1/6p1/5r2/3K3p/6PP/1R3P2/5r2/8,1,-1
6k1/6p1/5r2/7p/3K2PP/1R3P2/5r2/8,0,-1
1q2r3/3n2k1/p2p3p/BrpPbpp1/R1P1N3/3P3P/1PQ2PP1/1R4K1,1,1
1q2r3/3n2k1/p2p3p/BrpPbpp1/R1P5/3P2NP/1PQ2PP1/1R4K1,0,1
1q2r3/3n2k1/p2p3p/B1pPbpp1/R1P5/3P2NP/1rQ2PP1/1R4K1,1,1
1q2r3/3n2k1/p2p3p/B1pPbNp1/R1P5/3P3P/1rQ2PP1/1R4K1,0,1
1q2r3/3n4/p2p2kp/B1pPbNp1/R1P5/3P3P/1rQ2PP1/1R4K1,1,1
1q2r3/3n4/p2p2kp/B1pPbNp1/R1P5/3P3P/1RQ2PP1/6K1,0,1
4r3/3n4/p2p2kp/B1pPbNp1/R1P5/3P3P/1qQ2PP1/6K1,1,1
4r3/3n4/p2p2kp/B1pPbNp1/R1P5/3P3P/1Q3PP1/6K1,0,1
4r3/3n4/p2p2kp/B1pP1Np1/R1P5/3P3P/1b3PP1/6K1,1,1
4r3/3n4/p2N2kp/B1pP2p1/R1P5/3P3P/1b3PP1/6K1,0,1
8/3n4/p2N2kp/B1pP2p1/R1P5/3P3P/1b2rPP1/6K1,1,1
8/3n4/p2N2kp/B1pP2p1/R1P5/3P3P/1b2rPP1/5K2,0,1
8/3n4/p2N2kp/B1pP2p1/R1P5/3P3P/1br2PP1/5K2,1,1
8/3n4/p5kp/B1pP2p1/R1P1N3/3P3P/1br2PP1/5K2,0,1
8/3n4/p5kp/B1pP2p1/R1PbN3/3P3P/2r2PP1/5K2,1,1
8/3n4/p5kp/2pP2p1/R1PbN3/3P3P/2rB1PP1/5K2,0,1
8/8/p5kp/2pPn1p1/R1PbN3/3P3P/2rB1PP1/5K2,1,1
8/8/R5kp/2pPn1p1/2PbN3/3P3P/2rB1PP1/5K2,0,1
8/5k2/R6p/2pPn1p1/2PbN3/3P3P/2rB1PP1/5K2,1,1
8/5k2/R6p/2pPn1p1/2PbN3/3P3P/2rBKPP1/8,0,1
2r2rk1/2q1bpp1/p4n2/1p1ppP2/2b1Pn2/1N1BB1NP/PPPQ4/1KR3R1,1,1
2r2rk1/2q1bpp1/p4n2/1p1ppP2/2b1Pn2/1N1BB2P/PPPQN3/1KR3R1,0,1
2r2rk1/2q1bpp1/p7/1p1ppP2/2b1nn2/1N1BB2P/PPPQN3/1KR3R1,1,1
2r2rk1/2q1bpp1/p7/1p1ppP2/2b1Bn2/1N2B2P/PPPQN3/1KR3R1,0,1
2r2rk1/2q1bpp1/p7/1p1ppP2/2b1B3/1N2B2P/PPPQn3/1KR3R1,1,1
2r2rk1/2q1bpp1/p6B/1p1ppP2/2b1B3/1N5P/PPPQn3/1KR3R1,0,1
2r2rk1/2q1bpp1/p6B/1p1ppP2/2b1B3/1N5P/PPPQ4/1KR3n1,1,1
2r2rk1/2q1bpB1/p7/1p1ppP2/2b1B3/1N5P/PPPQ4/1KR3n1,0,1
2r2rk1/2q1b1B1/p4p2/1p1ppP2/2b1B3/1N5P/PPPQ4/1KR3n1,1,1
2r2rk1/2q1b1B1/p4p2/1p1ppP2/2b1B3/1N5P/PPPQ4/1K4R1,0,1
2r2rk1/2q3B1/p4p2/1pbppP2/2b1B3/1N5P/PPPQ4/1K4R1,1,1
2r2rk1/2q5/p4B2/1pbppP2/2b1B3/1N5P/PPPQ4/1K4R1,0,1
2r2r2/2q2k2/p4B2/1pbppP2/2b1B3/1N5P/PPPQ4/1K4R1,1,1
2r2r2/2q2kR1/p4B2/1pbppP2/2b1B3/1N5P/PPPQ4/1K6,0,1
2r1kr2/2q3R1/p4B2/1pbppP2/2b1B3/1N5P/PPPQ4/1K6,1,1
2r1kr2/2R5/p4B2/1pbppP2/2b1B3/1N5P/PPPQ4/1K6,0,1
4kr2/2r5/p4B2/1pbppP2/2b1B3/1N5P/PPPQ4/1K6,1,1
4kr2/2r5/p7/1pbpBP2/2b1B3/1N5P/PPPQ4/1K6,0,1
2r1kr2/8/p7/1pbpBP2/2b1B3/1N5P/PPPQ4/1K6,1,1
2r1kr2/8/p7/1pNpBP2/2b1B3/7P/PPPQ4/1K6,0,1
kb6/8/1K6/P7/6R1/8/8/8,1,1
kb6/8/K7/P7/6R1/8/8/8,0,1
k7/8/K7/P3b3/6R1/8/8/8,1,1
k5R1/8/K7/P3b3/8/8/8/8,0,1
kb4R1/8/K7/P7/8/8/8/8,1,1
kb4R1/8/8/PK6/8/8/8/8,0,1
1b4R1/1k6/8/PK6/8/8/8/8,1,1
1b4R1/1k6/P7/1K6/8/8/8/8,0,1
kb4R1/8/P7/1K6/8/8/8/8,1,1
kb5R/8/P7/1K6/8/8/8/8,0,1
1b5R/k7/P7/1K6/8/8/8/8,1,1
1b6/k6R/P7/1K6/8/8/8/8,0,1
kb6/7R/P7/1K6/8/8/8/8,1,1
kb6/7R/PK6/8/8/8/8/8,0,1
k7/7R/PK1b4/8/8/8/8/8,1,1
k7/P6R/1K1b4/8/8/8/8/8,0,1
k4b2/P6R/1K6/8/8/8/8/8,1,1
k4b2/P1R5/1K6/8/8/8/8/8,0,1
k7/P1R5/1K6/2b5/8/8/8/8,1,1
k7/P1R5/K7/2b5/8/8/8/8,0,1
rn1qk2r/1p2bppp/p2pbn2/4p3/4P3/1NN1B3/PPP1BPPP/R2QK2R,1,0
rn1qk2r/1p2bppp/p2pbn2/4p3/4P2P/1NN1B3/PPP1BPP1/R2QK2R,0,0
r2qk2r/1p1nbppp/p2pbn2/4p3/4P2P/1NN1B3/PPP1BPP1/R2QK2R,1,0
r2qk2r/1p1nbppp/p2pbn2/4p3/4P1PP/1NN1B3/PPP1BP2/R2QK2R,0,0
r2qk2r/1p1nbpp1/p2pbn1p/4p3/4P1PP/1NN1B3/PPP1BP2/R2QK2R,1,0
r2qk2r/1p1nbpp1/p2pbn1p/4p3/4P1PP/1NN1B3/PPP1BP2/R2QK1R1,0,0
r2qk2r/1p1nbppn/p2pb2p/4p3/4P1PP/1NN1B3/PPP1BP2/R2QK1R1,1,0
r2qk2r/1p1nbppn/p2pb2p/4p2P/4P1P1/1NN1B3/PPP1BP2/R2QK1R1,0,0
2rqk2r/1p1nbppn/p2pb2p/4p2P/4P1P1/1NN1B3/PPP1BP2/R2QK1R1,1,0
2rqk2r/1p1nbppn/p2pb2p/4p2P/4P1P1/1NN1B3/PPPQBP2/R3K1R1,0,0
2rq1rk1/1p1nbppn/p2pb2p/4p2P/4P1P1/1NN1B3/PPPQBP2/R3K1R1,1,0
2rq1rk1/1p1nbppn/p2pb2p/4p2P/4P1P1/1NN1B3/PPPQBP2/2KR2R1,0,0
2rq1rk1/3nbppn/p2pb2p/1p2p2P/4P1P1/1NN1B3/PPPQBP2/2KR2R1,1,0
2rq1rk1/3nbppn/p2pb2p/1p2p2P/4P1P1/1NN1B3/PPPQBP2/1K1R2R1,0,0
2rq1rk1/4bppn/pn1pb2p/1p2p2P/4P1P1/1NN1B3/PPPQBP2/1K1R2R1,1,0
2rq1rk1/4bppn/pn1pb2p/1p2p2P/4PPP1/1NN1B3/PPPQB3/1K1R2R1,0,0
2rq1rk1/4bppn/pn1pb2p/1p5P/4PpP1/1NN1B3/PPPQB3/1K1R2R1,1,0
2rq1rk1/4bppn/pn1pb2p/1p5P/4PBP1/1NN5/PPPQB3/1K1R2R1,0,0
2rq1rk1/4bpp1/pn1pb2p/1p4nP/4PBP1/1NN5/PPPQB3/1K1R2R1,1,0
2rq1rk1/4bpp1/pn1pb2p/1p4BP/4P1P1/1NN5/PPPQB3/1K1R2R1,0,0
r4rk1/2q1bppp/p2pp1P1/7P/np1NP3/4BP2/1PP1Q3/1K1R3R,0,-1
r4rk1/2q2ppp/p2ppbP1/7P/np1NP3/4BP2/1PP1Q3/1K1R3R,1,-1
r4rk1/2q2ppp/p2ppbPP/8/np1NP3/4BP2/1PP1Q3/1K1R3R,0,-1
r4rk1/2q3pp/p2ppbpP/8/np1NP3/4BP2/1PP1Q3/1K1R3R,1,-1
r4rk1/2q3Pp/p2ppbp1/8/np1NP3/4BP2/1PP1Q3/1K1R3R,0,-1
rr4k1/2q3Pp/p2ppbp1/8/np1NP3/4BP2/1PP1Q3/1K1R3R,1,-1
rr4k1/2q3Pp/p2ppbp1/8/np1NP3/4BP2/1PP4Q/1K1R3R,0,-1
rr4k1/2q3P1/p2ppbp1/7p/np1NP3/4BP2/1PP4Q/1K1R3R,1,-1
rr4k1/2q3P1/p2ppbp1/7p/np1NP3/4BP2/1PP4Q/1K4RR,0,-1
rr4k1/2q3P1/p2ppbp1/7p/n2NP3/1p2BP2/1PP4Q/1K4RR,1,-1
rr4k1/2q3P1/p2ppbp1/7p/n2NP3/1P2BP2/1P5Q/1K4RR,0,-1
rr4k1/2q3P1/p2ppbp1/7p/3NP3/1Pn1BP2/1P5Q/1K4RR,1,-1
rr4k1/2q3P1/p2ppbp1/7p/3NP3/1Pn1BP2/1PK4Q/6RR,0,-1
rr4k1/2q3P1/p2ppbp1/3n3p/3NP3/1P2BP2/1PK4Q/6RR,1,-1
rr4k1/2q3P1/p2ppbp1/3n3p/3NP3/1P2BP2/1P5Q/1K4RR,0,-1
rr4k1/2q3P1/p2ppbp1/7p/3NP3/1P2nP2/1P5Q/1K4RR,1,-1
rr4k1/2q3P1/p2ppbR1/7p/3NP3/1P2nP2/1P5Q/1K5R,0,-1
rr4k1/2q3P1/p2pp1R1/7p/3bP3/1P2nP2/1P5Q/1K5R,1,-1
rr4k1/2q3P1/p2pp1R1/7p/3bP3/1P2nP2/1P5Q/1KR5,0,-1
rr4k1/6P1/p2pp1R1/7p/3bP3/1P2nP2/1P5Q/1Kq5,1,-1
2rq1rk1/4pp1p/p2p1bp1/8/b1pNPPP1/2P1B2P/PP4Q1/1K1R3R,1,1
2rq1rk1/4pp1p/p2p1bp1/8/b1pNPPP1/2P1B2P/PP1R2Q1/1K5R,0,1
2r2rk1/4pp1p/p2p1bp1/q7/b1pNPPP1/2P1B2P/PP1R2Q1/1K5R,1,1
2r2rk1/4pp1p/p2p1bp1/q7/b1pNPPPP/2P1B3/PP1R2Q1/1K5R,0,1
1r3rk1/4pp1p/p2p1bp1/q7/b1pNPPPP/2P1B3/PP1R2Q1/1K5R,1,1
1r3rk1/4pp1p/p2p1bp1/q7/b1pNPPPP/2P1B3/PP1R2Q1/K6R,0,1
1r3rk1/4pp1p/p2p1bp1/q7/2pNPPPP/1bP1B3/PP1R2Q1/K6R,1,1
1r3rk1/4pp1p/p2p1bp1/q7/2pNPPPP/PbP1B3/1P1R2Q1/K6R,0,1
1r3rk1/4pp1p/p2p1bp1/q7/b1pNPPPP/P1P1B3/1P1R2Q1/K6R,1,1
1r3rk1/4pp1p/p2p1bp1/q6P/b1pNPPP1/P1P1B3/1P1R2Q1/K6R,0,1
1r3rk1/5p1p/p2p1bp1/q3p2P/b1pNPPP1/P1P1B3/1P1R2Q1/K6R,1,1
1r3rk1/5p1p/p2p1bp1/q3P2P/b1pNP1P1/P1P1B3/1P1R2Q1/K6R,0,1
1r3rk1/5p1p/p4bp1/q3p2P/b1pNP1P1/P1P1B3/1P1R2Q1/K6R,1,1
1r3rk1/5p1p/p4bp1/q3p2P/b1p1P1P1/P1P1BN2/1P1R2Q1/K6R,0,1
1r3rk1/5p1p/p1b2bp1/q3p2P/2p1P1P1/P1P1BN2/1P1R2Q1/K6R,1,1
1r3rk1/5p1p/p1bR1bp1/q3p2P/2p1P1P1/P1P1BN2/1P4Q1/K6R,0,1
1r3rk1/4bp1p/p1bR2p1/q3p2P/2p1P1P1/P1P1BN2/1P4Q1/K6R,1,1
1r3rk1/4bp1p/p1bR2P1/q3p3/2p1P1P1/P1P1BN2/1P4Q1/K6R,0,1
1r3rk1/5p1p/p1bb2P1/q3p3/2p1P1P1/P1P1BN2/1P4Q1/K6R,1,1
1r3rk1/5p1p/p1bb2P1/q3p3/2p1P1P1/P1P1BN2/1P5Q/K6R,0,1
rnbqkbnr/pppppppp/8/8/4P3/8/PPPP1PPP/RNBQKBNR,0,0
rnbqkbnr/pp1ppppp/8/2p5/4P3/8/PPPP1PPP/RNBQKBNR,1,0
rnbqkbnr/pp1ppppp/8/2p5/4P3/5N2/PPPP1PPP/RNBQKB1R,0,0
rnbqkbnr/pp2pppp/3p4/2p5/4P3/5N2/PPPP1PPP/RNBQKB1R,1,0
rnbqkbnr/pp2pppp/3p4/2p5/3PP3/5N2/PPP2PPP/RNBQKB1R,0,0
rnbqkbnr/pp2pppp/3p4/8/3pP3/5N2/PPP2PPP/RNBQKB1R,1,0
rnbqkbnr/pp2pppp/3p4/8/3NP3/8/PPP2PPP/RNBQKB1R,0,0
rnbqkb1r/pp2pppp/3p1n2/8/3NP3/8/PPP2PPP/RNBQKB1R,1,0
rnbqkb1r/pp2pppp/3p1n2/8/3NP3/2N5/PPP2PPP/R1BQKB1R,0,0
rnbqkb1r/1p2pppp/p2p1n2/8/3NP3/2N5/PPP2PPP/R1BQKB1R,1,0
rnbqkb1r/1p2pppp/p2p1n2/8/3NP3/2N1B3/PPP2PPP/R2QKB1R,0,0
rnbqkb1r/1p2pppp/p2p4/8/3NP1n1/2N1B3/PPP2PPP/R2QKB1R,1,0
rnbqkb1r/1p2pppp/p2p4/8/3NP1n1/2N5/PPP2PPP/R1BQKB1R,0,0
rnbqkb1r/1p2pppp/p2p1n2/8/3NP3/2N5/PPP2PPP/R1BQKB1R,1,0
rnbqkb1r/1p2pppp/p2p1n2/8/3NP3/2N1B3/PPP2PPP/R2QKB1R,0,0
rnbqkb1r/1p2pppp/p2p4/8/3NP1n1/2N1B3/PPP2PPP/R2QKB1R,1,0
rnbqkb1r/1p2pppp/p2p4/8/3NP1n1/2N5/PPP2PPP/R1BQKB1R,0,0
rnbqkb1r/1p2pppp/p2p1n2/8/3NP3/2N5/PPP2PPP/R1BQKB1R,1,0
5rk1/1bq2ppp/p2p1n2/1p2pP2/8/P1P1Q3/BP4PP/R4R1K,1,0
5rk1/1bq2ppp/p2p1n2/1p2pP2/8/P1P1Q3/BP4PP/3R1R1K,0,0
5rk1/1bq2pp1/p2p1n1p/1p2pP2/8/P1P1Q3/BP4PP/3R1R1K,1,0
5rk1/1bq2pp1/p2p1n1p/1p2pP2/8/P1P1Q2P/BP4P1/3R1R1K,0,0
4r1k1/1bq2pp1/p2p1n1p/1p2pP2/8/P1P1Q2P/BP4P1/3R1R1K,1,0
4r1k1/1bq2pp1/p2p1n1p/1p2pP2/8/P1P1Q2P/BP4P1/3R1RK1,0,0
4r1k1/1bq2pp1/p4n1p/1p1ppP2/8/P1P1Q2P/BP4P1/3R1RK1,1,0
4r1k1/1bq2pp1/p4n1p/1p1ppP2/8/P1P1Q2P/BP4P1/3RR1K1,0,0
2q1r1k1/1b3pp1/p4n1p/1p1ppP2/8/P1P1Q2P/BP4P1/3RR1K1,1,0
2q1r1k1/1b3pp1/pQ3n1p/1p1ppP2/8/P1P4P/BP4P1/3RR1K1,0,0
b1q1r1k1/5pp1/pQ3n1p/1p1ppP2/8/P1P4P/BP4P1/3RR1K1,1,0
b1q1r1k1/5pp1/pQ3n1p/1p1ppP2/8/P1P4P/1P4P1/1B1RR1K1,0,0
2q1r1k1/5pp1/pQb2n1p/1p1ppP2/8/P1P4P/1P4P1/1B1RR1K1,1,0
2q1r1k1/5pp1/pQb2n1p/1p1ppP2/8/P1P4P/BP4P1/3RR1K1,0,0
b1q1r1k1/5pp1/pQ3n1p/1p1ppP2/8/P1P4P/BP4P1/3RR1K1,1,0
b1q1r1k1/5pp1/pQ3n1p/1p1ppP2/8/P1P4P/1P4P1/1B1RR1K1,0,0
2q1r1k1/1b3pp1/pQ3n1p/1p1ppP2/8/P1P4P/1P4P1/1B1RR1K1,1,0
2q1r1k1/1b3pp1/p4n1p/1p1ppP2/8/P1P1Q2P/1P4P1/1B1RR1K1,0,0
4r1k1/1b3pp1/p1q2n1p/1p1ppP2/8/P1P1Q2P/1P4P1/1B1RR1K1,1,0
4r1k1/1b3pp1/p1q2n1p/1p1ppP2/8/P1P1Q2P/1P4PK/1B1RR3,0,0
8/1p6/1P6/k3B3/3p4/3Kp3/8/8,1,0
8/1p6/1P6/k7/3B4/3Kp3/8/8,0,0
8/1p6/1P6/1k6/3B4/3Kp3/8/8,1,0
8/1p6/1P6/1k6/8/3KB3/8/8,0,0
8/1p6/1Pk5/8/8/3KB3/8/8,1,0
8/1p6/1Pk5/8/4K3/4B3/8/8,0,0
8/1p1k4/1P6/8/4K3/4B3/8/8,1,0
8/1p1k4/1P6/3K4/8/4B3/8/8,0,0
2k5/1p6/1P6/3K4/8/4B3/8/8,1,0
2k5/1p6/1P6/3K4/5B2/8/8/8,0,0
8/1p1k4/1P6/3K4/5B2/8/8/8,1,0
8/1p1k4/1P6/3K4/8/6B1/8/8,0,0
2k5/1p6/1P6/3K4/8/6B1/8/8,1,0
2k5/1p6/1P2K3/8/8/6B1/8/8,0,0
3k4/1p6/1P2K3/8/8/6B1/8/8,1,0
3k4/1p3K2/1P6/8/8/6B1/8/8,0,0
8/1p1k1K2/1P6/8/8/6B1/8/8,1,0
8/1pBk1K2/1P6/8/8/8/8/8,0,0
2k5/1pB2K2/1P6/8/8/8/8/8,1,0
2k5/1pB1K3/1P6/8/8/8/8/8,0,0
4r3/P4pk1/8/8/1P4pp/1KP5/8/5R2,1,1
4r3/P4pk1/8/1P6/6pp/1KP5/8/5R2,0,1
4r3/P4pk1/8/1P6/6p1/1KP4p/8/5R2,1,1
4r3/P4pk1/1P6/8/6p1/1KP4p/8/5R2,0,1
8/P4pk1/1P2r3/8/6p1/1KP4p/8/5R2,1,1
Q7/5pk1/1P2r3/8/6p1/1KP4p/8/5R2,0,1
Q7/5pk1/1r6/8/6p1/1KP4p/8/5R2,1,1
Q7/5pk1/1r6/8/6p1/2P4p/2K5/5R2,0,1
Q7/5pk1/1r6/8/8/2P3pp/2K5/5R2,1,1
8/5pk1/1r6/8/8/2P2Qpp/2K5/5R2,0,1
8/5pk1/6r1/8/8/2P2Qpp/2K5/5R2,1,1
8/5Qk1/6r1/8/8/2P3pp/2K5/5R2,0,1
8/5Q2/6rk/8/8/2P3pp/2K5/5R2,1,1
8/5Q2/5Rrk/8/8/2P3pp/2K5/8,0,1
8/5Q2/5r1k/8/8/2P3pp/2K5/8,1,1
8/8/5Q1k/8/8/2P3pp/2K5/8,0,1
8/8/5Q2/7k/8/2P3pp/2K5/8,1,1
8/8/8/7k/8/2P2Qpp/2K5/8,0,1
8/8/8/8/7k/2P2Qpp/2K5/8,1,1
8/8/8/8/5Q1k/2P3pp/2K5/8,0,1
3r2k1/2q1bppp/1pbn4/p3p3/Pn2P3/1NN2B2/1PP1QBPP/R6K,1,0
3r2k1/2q1bppp/1pbn4/p3p3/Pn2P3/2N2B2/1PP1QBPP/R1N4K,0,0
3r2k1/1bq1bppp/1p1n4/p3p3/Pn2P3/2N2B2/1PP1QBPP/R1N4K,1,0
3r2k1/1bq1bppp/1p1n4/p3p3/Pn2P3/2NN1B2/1PP1QBPP/R6K,0,0
3r2k1/2q1bppp/bp1n4/p3p3/Pn2P3/2NN1B2/1PP1QBPP/R6K,1,0
3r2k1/2q1bppp/bp1n4/pN2p3/Pn2P3/3N1B2/1PP1QBPP/R6K,0,0
3r2k1/2q1bppp/1p1n4/pb2p3/Pn2P3/3N1B2/1PP1QBPP/R6K,1,0
3r2k1/2q1bppp/1p1n4/pP2p3/1n2P3/3N1B2/1PP1QBPP/R6K,0,0
3r2k1/2q1bppp/1p1n4/pP2p3/4P3/3n1B2/1PP1QBPP/R6K,1,0
3r2k1/2q1bppp/1p1n4/pP2p3/4P3/3Q1B2/1PP2BPP/R6K,0,0
3r2k1/1nq1bppp/1p6/pP2p3/4P3/3Q1B2/1PP2BPP/R6K,1,0
3r2k1/1nq1bppp/1p6/pP2p3/4P3/5B2/1PP1QBPP/R6K,0,0
3r2k1/1nq2ppp/1p6/pPb1p3/4P3/5B2/1PP1QBPP/R6K,1,0
3r2k1/1nq2ppp/1p6/pPb1p3/4P3/5B2/1PP1Q1PP/R3B2K,0,0
3r2k1/2q2ppp/1p1n4/pPb1p3/4P3/5B2/1PP1Q1PP/R3B2K,1,0
3r2k1/2q2ppp/1p1n4/pPb1p3/4P3/5B2/1PP1Q1PP/3RB2K,0,0
3r2k1/2q2ppp/1p1n4/pP2p3/3bP3/5B2/1PP1Q1PP/3RB2K,1,0
3r2k1/2q2ppp/1p1n4/pP2p3/3bP3/2P2B2/1P2Q1PP/3RB2K,0,0
3r2k1/2q2ppp/1p1n4/pPb1p3/4P3/2P2B2/1P2Q1PP/3RB2K,1,0
3r2k1/2q2ppp/1p1n4/pPbRp3/4P3/2P2B2/1P2Q1PP/4B2K,0,0
4k3/1R6/3K2p1/2pP1p1p/2P2P2/6P1/7r/8,1,1
4k3/1R6/6p1/2KP1p1p/2P2P2/6P1/7r/8,0,1
4k3/1R6/6p1/2KP1p1p/2P2P2/6P1/6r1/8,1,1
4k3/1R6/3P2p1/2K2p1p/2P2P2/6P1/6r1/8,0,1
4k3/1R6/3P2p1/2K2p1p/2P2P2/6r1/8/8,1,1
4k3/1R6/2KP2p1/5p1p/2P2P2/6r1/8/8,0,1
4k3/1R6/2KP4/5ppp/2P2P2/6r1/8/8,1,1
4k3/1R6/2KP4/5pPp/2P5/6r1/8/8,0,1
4k3/1R6/2KP4/6Pp/2P2p2/6r1/8/8,1,1
1R2k3/8/2KP4/6Pp/2P2p2/6r1/8/8,0,1
1R6/5k2/2KP4/6Pp/2P2p2/6r1/8/8,1,1
1R6/3P1k2/2K5/6Pp/2P2p2/6r1/8/8,0,1
1R6/3P1k2/2K5/6Pp/2P2p2/3r4/8/8,1,1
1R1Q4/5k2/2K5/6Pp/2P2p2/3r4/8/8,0,1
1R1r4/5k2/2K5/6Pp/2P2p2/8/8/8,1,1
3R4/5k2/2K5/6Pp/2P2p2/8/8/8,0,1
3R4/8/2K3k1/6Pp/2P2p2/8/8/8,1,1
3R4/8/6k1/3K2Pp/2P2p2/8/8/8,0,1
3R4/8/8/3K2kp/2P2p2/8/8/8,1,1
3R4/8/8/6kp/2P1Kp2/8/8/8,0,1
3q1rk1/4r1pp/1p1p4/pNnPp3/PnP2p2/R4PP1/1P4BP/3QR1K1,0,-1
3q1rk1/5rpp/1p1p4/pNnPp3/PnP2p2/R4PP1/1P4BP/3QR1K1,1,-1
3q1rk1/5rpp/1p1p4/pNnPp3/PnP2pP1/R4P2/1P4BP/3QR1K1,0,-1
3q1rk1/5rp1/1p1p4/pNnPp2p/PnP2pP1/R4P2/1P4BP/3QR1K1,1,-1
3q1rk1/5rp1/1p1p4/pNnPp2p/PnP2pP1/R4P2/1P4BP/3QR2K,0,-1
3q1rk1/5rp1/1p1p4/pNnPp3/PnP2pp1/R4P2/1P4BP/3QR2K,1,-1
3q1rk1/5rp1/1p1p4/pNnPp3/PnP2pP1/R7/1P4BP/3QR2K,0,-1
3q1rk1/5rp1/1p1p4/pNnPp3/PnP3P1/R4p2/1P4BP/3QR2K,1,-1
3q1rk1/5rp1/1p1p4/pNnPp3/PnP3P1/R4B2/1P5P/3QR2K,0,-1
3q1rk1/5rp1/1p1p4/pNnPp3/P1P3P1/R2n1B2/1P5P/3QR2K,1,-1
3q1rk1/5rp1/1p1p4/pNnPp3/P1P3P1/R2n1B2/1P5P/3Q1R1K,0,-1
3q1rk1/5rp1/1p1p4/pNnP4/P1P1p1P1/R2n1B2/1P5P/3Q1R1K,1,-1
3q1rk1/5rp1/1p1p4/p1nP4/P1PNp1P1/R2n1B2/1P5P/3Q1R1K,0,-1
5rk1/5rp1/1p1p4/p1nP2q1/P1PNp1P1/R2n1B2/1P5P/3Q1R1K,1,-1
5rk1/5rp1/1p1p4/p1nP1Nq1/P1P1p1P1/R2n1B2/1P5P/3Q1R1K,0,-1
5rk1/5rp1/1p1p4/p1nP1Nq1/P1P3P1/R2n1p2/1P5P/3Q1R1K,1,-1
5rk1/5rp1/1p1p4/p1nP1Nq1/P1P3P1/3R1p2/1P5P/3Q1R1K,0,-1
5rk1/5rp1/1p1p4/p2P1Nq1/P1P3P1/3n1p2/1P5P/3Q1R1K,1,-1
5rk1/5rp1/1p1p4/p2P1Nq1/P1P3P1/3Q1p2/1P5P/5R1K,0,-1
5rk1/6p1/1p1p4/p2P1rq1/P1P3P1/3Q1p2/1P5P/5R1K,1,-1
8/p3k2p/1r2np2/5p2/1pB1p3/7P/PPP3P1/5R1K,1,0
8/p3k2p/1r2np2/5R2/1pB1p3/7P/PPP3P1/7K,0,0
8/p3k2p/1r3p2/5R2/1pBnp3/7P/PPP3P1/7K,1,0
8/p3k2p/1r3p2/7R/1pBnp3/7P/PPP3P1/7K,0,0
8/p3k2p/1r3p2/7R/1pB1p3/7P/PPn3P1/7K,1,0
8/p3k2R/1r3p2/8/1pB1p3/7P/PPn3P1/7K,0,0
8/p6R/1r1k1p2/8/1pB1p3/7P/PPn3P1/7K,1,0
8/R7/1r1k1p2/8/1pB1p3/7P/PPn3P1/7K,0,0
8/R7/1r3p2/4k3/1pB1p3/7P/PPn3P1/7K,1,0
8/8/Rr3p2/4k3/1pB1p3/7P/PPn3P1/7K,0,0
8/8/r4p2/4k3/1pB1p3/7P/PPn3P1/7K,1,0
8/8/B4p2/4k3/1p2p3/7P/PPn3P1/7K,0,0
8/8/B4p2/8/1p2pk2/7P/PPn3P1/7K,1,0
8/8/B4p2/8/1p2pk2/7P/PPn3P1/6K1,0,0
8/8/B4p2/8/1p2p3/6kP/PPn3P1/6K1,1,0
2B5/8/5p2/8/1p2p3/6kP/PPn3P1/6K1,0,0
2B5/8/5p2/8/1p2p3/4n1kP/PP4P1/6K1,1,0
2B5/8/5p2/8/Pp2p3/4n1kP/1P4P1/6K1,0,0
2B5/8/5p2/8/4p3/p3n1kP/1P4P1/6K1,1,0
2B5/8/5p2/8/4p3/P3n1kP/6P1/6K1,0,0
6k1/1p3p2/p5p1/P1bP2B1/4r2N/3n1R1P/1Pr3PK/R7,0,-1
6k1/1p3p2/p2b2p1/P2P2B1/4r2N/3n1R1P/1Pr3PK/R7,1,-1
6k1/1p3p2/p2b2p1/P2P2B1/4r2N/3n1R1P/1Pr3P1/R5K1,0,-1
6k1/1p3p2/p2b2p1/P2P2B1/4rn1N/5R1P/1Pr3P1/R5K1,1,-1
6k1/1p3p2/p2b2p1/P2P4/4rB1N/5R1P/1Pr3P1/R5K1,0,-1
6k1/1p3p2/p5p1/P2P4/4rb1N/5R1P/1Pr3P1/R5K1,1,-1
6k1/1p3p2/p5p1/P2P4/4rb1N/5R1P/1Pr3P1/3R2K1,0,-1
6k1/1p3p2/p2b2p1/P2P4/4r2N/5R1P/1Pr3P1/3R2K1,1,-1
6k1/1p3p2/p2b2p1/P2P4/4r1PN/5R1P/1Pr5/3R2K1,0,-1
6k1/1p3p2/p2b2p1/P2P4/6PN/5R1P/1Pr1r3/3R2K1,1,-1
6k1/1p3p2/p2b2p1/P2P4/6PN/2R4P/1Pr1r3/3R2K1,0,-1
6k1/1p3p2/p2b2p1/P2P4/6PN/2R4P/1r2r3/3R2K1,1,-1
6k1/1p3p2/p2b2p1/P2P4/6P1/2R2N1P/1r2r3/3R2K1,0,-1
6k1/1p3p2/p2b2p1/P2P4/6P1/2R2N1P/1r4r1/3R2K1,1,-1
6k1/1p3p2/p2b2p1/P2P4/6P1/2R2N1P/1r4r1/3R3K,0,-1
6k1/1p3p2/p2b2p1/P2P4/6P1/2R2NrP/1r6/3R3K,1,-1
2R3k1/1p3p2/p2b2p1/P2P4/6P1/5NrP/1r6/3R3K,0,-1
2R5/1p3pk1/p2b2p1/P2P4/6P1/5NrP/1r6/3R3K,1,-1
2R5/1p3pk1/p2b2p1/P2P2N1/6P1/6rP/1r6/3R3K,0,-1
2R5/1p3pk1/p5p1/P2P2N1/5bP1/6rP/1r6/3R3K,1,-1
8/6p1/7p/R7/P4k2/1r5P/7K/8,0,-1
8/6p1/7p/R7/P4k2/7P/1r5K/8,1,-1
8/6p1/7p/R7/P4k2/7P/1r6/6K1,0,-1
8/6p1/7p/R7/P7/6kP/1r6/6K1,1,-1
8/6p1/7p/R7/P7/6kP/1r6/5K2,0,-1
8/6p1/7p/R7/P7/7k/1r6/5K2,1,-1
8/R5p1/7p/8/P7/7k/1r6/5K2,0,-1
8/R7/7p/6p1/P7/7k/1r6/5K2,1,-1
8/R7/7p/P5p1/8/7k/1r6/5K2,0,-1
8/R7/8/P5pp/8/7k/1r6/5K2,1,-1
8/R7/P7/6pp/8/7k/1r6/5K2,0,-1
8/R7/P7/6pp/8/7k/r7/5K2,1,-1
8/6R1/P7/6pp/8/7k/r7/5K2,0,-1
8/6R1/P7/7p/6p1/7k/r7/5K2,1,-1
8/P5R1/8/7p/6p1/7k/r7/5K2,0,-1
8/P5R1/8/7p/8/6pk/r7/5K2,1,-1
8/P7/8/6Rp/8/6pk/r7/5K2,0,-1
8/P7/8/6R1/7p/6pk/r7/5K2,1,-1
8/P5R1/8/8/7p/6pk/r7/5K2,0,-1
8/P5R1/8/8/7p/6p1/r6k/5K2,1,-1
2kr4/p2r1p1p/1p2p3/2pPRp2/2P5/8/PP3PPP/3R2K1,1,0
2kr4/p2r1p1p/1p2p3/2pPRp2/2P5/8/PP3PPP/3R1K2,0,0
2kr4/p4p1p/1p1rp3/2pPRp2/2P5/8/PP3PPP/3R1K2,1,0
2kr4/p4p1p/1p1rp3/2pPRp2/2P5/8/PP2KPPP/3R4,0,0
3r4/p2k1p1p/1p1rp3/2pPRp2/2P5/8/PP2KPPP/3R4,1,0
3r4/p2k1p1p/1p1rP3/2p1Rp2/2P5/8/PP2KPPP/3R4,0,0
3r4/p2k3p/1p1rp3/2p1Rp2/2P5/8/PP2KPPP/3R4,1,0
3r4/p2k3p/1p1Rp3/2p1Rp2/2P5/8/PP2KPPP/8,0,0
3r4/p6p/1p1kp3/2p1Rp2/2P5/8/PP2KPPP/8,1,0
3r4/p6p/1p1kp3/2p2p2/2P5/4R3/PP2KPPP/8,0,0
6r1/p6p/1p1kp3/2p2p2/2P5/4R3/PP2KPPP/8,1,0
6r1/p6p/1p1kp3/2p2p2/2P5/3R4/PP2KPPP/8,0,0
6r1/p6p/1p2p3/2p1kp2/2P5/3R4/PP2KPPP/8,1,0
6r1/p6p/1p2p3/2p1kp2/2P5/3R2P1/PP2KP1P/8,0,0
8/p5rp/1p2p3/2p1kp2/2P5/3R2P1/PP2KP1P/8,1,0
8/p5rp/1p2p3/2p1kp2/2P5/3RK1P1/PP3P1P/8,0,0
8/p5r1/1p2p3/2p1kp1p/2P5/3RK1P1/PP3P1P/8,1,0
3R4/p5r1/1p2p3/2p1kp1p/2P5/4K1P1/PP3P1P/8,0,0
3R4/p5r1/1p2p3/2p1kp2/2P4p/4K1P1/PP3P1P/8,1,0
3R4/p5r1/1p2p3/2p1kp2/2P4p/1P2K1P1/P4P1P/8,0,0
1r1q1k2/3n1p2/p2p1b1r/3P1Q1B/5P1p/2P1R3/PP2R1PP/2K5,1,1
1r1q1k2/3n1p2/p2p1b1r/3P1Q1B/5PPp/2P1R3/PP2R2P/2K5,0,1
1r1q1k2/3n1p2/p2p1b1r/3P1Q1B/5P2/2P1R1p1/PP2R2P/2K5,1,1
1r1q1k2/3n1p2/p2p1b1r/3P1Q1B/5P2/2P3R1/PP2R2P/2K5,0,1
1r1q1k1r/3n1p2/p2p1b2/3P1Q1B/5P2/2P3R1/PP2R2P/2K5,1,1
1r1q1k1r/3n1B2/p2p1b2/3P1Q2/5P2/2P3R1/PP2R2P/2K5,0,1
1r1q1k1r/3n1B2/p2p4/3P1Q2/5P1b/2P3R1/PP2R2P/2K5,1,1
1r1q1k1r/3n1B2/p2p2R1/3P1Q2/5P1b/2P5/PP2R2P/2K5,0,1
1r1q1k1r/5B2/p2p1nR1/3P1Q2/5P1b/2P5/PP2R2P/2K5,1,1
1r1q1k1r/8/p2pBnR1/3P1Q2/5P1b/2P5/PP2R2P/2K5,0,1
3q1k1r/1r6/p2pBnR1/3P1Q2/5P1b/2P5/PP2R2P/2K5,1,1
3q1k1r/1r6/p2pBnR1/3P1Q2/5P1b/2P5/PP4RP/2K5,0,1
3qk2r/1r6/p2pBnR1/3P1Q2/5P1b/2P5/PP4RP/2K5,1,1
2Bqk2r/1r6/p2p1nR1/3P1Q2/5P1b/2P5/PP4RP/2K5,0,1
2Bqk2r/4r3/p2p1nR1/3P1Q2/5P1b/2P5/PP4RP/2K5,1,1
3qk2r/4r3/B2p1nR1/3P1Q2/5P1b/2P5/PP4RP/2K5,0,1
3qk2r/8/B2p1nR1/3P1Q2/5P1b/2P5/PP4RP/2K1r3,1,1
3qk2r/8/B2p1nR1/3P1Q2/5P1b/2P5/PPK3RP/4r3,0,1
4k2r/3q4/B2p1nR1/3P1Q2/5P1b/2P5/PPK3RP/4r3,1,1
4k2r/3q4/3p1nR1/1B1P1Q2/5P1b/2P5/PPK3RP/4r3,0,1
2r1k2r/4bpp1/pq1pbn2/1pnNp1Bp/4P2P/PN3P2/1PPQ2P1/1K1R1B1R,0,0
2r1k2r/4bpp1/pq1pb3/1pnnp1Bp/4P2P/PN3P2/1PPQ2P1/1K1R1B1R,1,0
2r1k2r/4bpp1/pq1pb3/1pnPp1Bp/7P/PN3P2/1PPQ2P1/1K1R1B1R,0,0
2r1k2r/4bpp1/pq1p4/1pnPpbBp/7P/PN3P2/1PPQ2P1/1K1R1B1R,1,0
2r1k2r/4bpp1/pq1p4/1pNPpbBp/7P/P4P2/1PPQ2P1/1K1R1B1R,0,0
4k2r/4bpp1/pq1p4/1prPpbBp/7P/P4P2/1PPQ2P1/1K1R1B1R,1,0
4k2r/4bpp1/pq1p4/1prPpbBp/7P/P2B1P2/1PPQ2P1/1K1R3R,0,0
4k2r/4bpp1/pq1p4/1prPp1Bp/7P/P2b1P2/1PPQ2P1/1K1R3R,1,0
4k2r/4bpp1/pq1p4/1prPp1Bp/7P/P2Q1P2/1PP3P1/1K1R3R,0,0
4k2r/4bpp1/pq1p4/1p1Pp1Bp/2r4P/P2Q1P2/1PP3P1/1K1R3R,1,0
4k2r/4bpp1/pq1p4/1p1Pp1Bp/2r4P/P2Q1P2/1PP3P1/1K1RR3,0,0
4k2r/5pp1/pq1p4/1p1Pp1bp/2r4P/P2Q1P2/1PP3P1/1K1RR3,1,0
4k2r/5pp1/pq1p4/1p1Pp1Pp/2r5/P2Q1P2/1PP3P1/1K1RR3,0,0
4k2r/5p2/pq1p2p1/1p1Pp1Pp/2r5/P2Q1P2/1PP3P1/1K1RR3,1,0
4k2r/5p2/pq1p2p1/1p1Pp1Pp/2r1R3/P2Q1P2/1PP3P1/1K1R4,0,0
4k2r/5p2/pq1p2p1/1p1Pp1Pp/4r3/P2Q1P2/1PP3P1/1K1R4,1,0
4k2r/5p2/pq1p2p1/1p1Pp1Pp/4P3/P2Q4/1PP3P1/1K1R4,0,0
4k2r/5p2/p2p2p1/1p1Pp1Pp/4P3/P2Q4/1PP2qP1/1K1R4,1,0
4k2r/5p2/p2p2p1/1p1Pp1Pp/4P3/P2Q4/1PPR1qP1/1K6,0,0
4k2r/5p2/p2p2p1/1p1Pp1Pp/4Pq2/P2Q4/1PPR2P1/1K6,1,0
8/R4k1p/p2q1p2/1pp3pP/3n4/P5P1/1P3PB1/3R2K1,0,0
5k2/R6p/p2q1p2/1pp3pP/3n4/P5P1/1P3PB1/3R2K1,1,0
5k2/R6p/p2q1p2/1pp3pP/3n4/P5P1/1P3PB1/4R1K1,0,0
5k2/R6p/p2q1p2/1pp2npP/8/P5P1/1P3PB1/4R1K1,1,0
5k2/7R/p2q1p2/1pp2npP/8/P5P1/1P3PB1/4R1K1,0,0
5k2/7R/p4p2/1pp2npP/8/P5P1/1P1q1PB1/4R1K1,1,0
5k2/7R/p3Rp2/1pp2npP/8/P5P1/1P1q1PB1/6K1,0,0
5k2/7R/p3Rp2/1pp2npP/8/P5P1/1P3PB1/3q2K1,1,0
5k2/7R/p3Rp2/1pp2npP/8/P5P1/1P3P2/3q1BK1,0,0
5k2/7R/p3Rp2/1pp3pP/3n4/P5P1/1P3P2/3q1BK1,1,0
5k2/7R/R4p2/1pp3pP/3n4/P5P1/1P3P2/3q1BK1,0,0
5k2/7R/R4p2/1pp3pP/8/P4nP1/1P3P2/3q1BK1,1,0
5k2/7R/R4p2/1pp3pP/8/P4nP1/1P3PK1/3q1B2,0,0
5k2/7R/R4p2/1pp3pP/8/P5P1/1P3PK1/3qnB2,1,0
5k2/7R/R4p2/1pp3pP/8/P5P1/1P3P2/3qnBK1,0,0
5k2/7R/R4p2/1pp3pP/8/P4nP1/1P3P2/3q1BK1,1,0
5k2/7R/R4p2/1pp3pP/8/P4nP1/1P3PK1/3q1B2,0,0
5k2/7R/R4p2/1pp3pP/8/P5P1/1P3PK1/3qnB2,1,0
5k2/7R/R4p2/1pp3pP/8/P5P1/1P3P2/3qnBK1,0,0
5k2/7R/R4p2/1pp3pP/8/P4nP1/1P3P2/3q1BK1,1,0
r2q1rk1/1p2bppp/p1bpp3/8/2B1n3/P1N2Q1P/1PP2PP1/R1B1R1K1,1,0
r2q1rk1/1p2bppp/p1bpp3/8/2B1N3/P4Q1P/1PP2PP1/R1B1R1K1,0,0
r2q1rk1/1p2bppp/p1b1p3/3p4/2B1N3/P4Q1P/1PP2PP1/R1B1R1K1,1,0
r2q1rk1/1p2bppp/p1b1p3/3p4/4N3/P2B1Q1P/1PP2PP1/R1B1R1K1,0,0
r2q1rk1/1p2bppp/p1b1p3/8/4p3/P2B1Q1P/1PP2PP1/R1B1R1K1,1,0
r2q1rk1/1p2bppp/p1b1p3/8/4B3/P4Q1P/1PP2PP1/R1B1R1K1,0,0
r2q1rk1/1p2bppp/p3p3/8/4b3/P4Q1P/1PP2PP1/R1B1R1K1,1,0
r2q1rk1/1p2bppp/p3p3/8/4Q3/P6P/1PP2PP1/R1B1R1K1,0,0
r4rk1/1p2bppp/pq2p3/8/4Q3/P6P/1PP2PP1/R1B1R1K1,1,0
r4rk1/1p2bppp/pq2p3/8/1P2Q3/P6P/2P2PP1/R1B1R1K1,0,0
2r2rk1/1p2bppp/pq2p3/8/1P2Q3/P6P/2P2PP1/R1B1R1K1,1,0
2r2rk1/1p2bppp/pq2p3/8/1P2Q3/P6P/1BP2PP1/R3R1K1,0,0
2r2rk1/1p2bppp/p3p3/1q6/1P2Q3/P6P/1BP2PP1/R3R1K1,1,0
2r2rk1/1p2bppp/p3p3/1q6/1P4Q1/P6P/1BP2PP1/R3R1K1,0,0
2r2rk1/1p2bppp/p3p3/6q1/1P4Q1/P6P/1BP2PP1/R3R1K1,1,0
2r2rk1/1p2bppp/p3p3/6q1/1P2Q3/P6P/1BP2PP1/R3R1K1,0,0
2r2rk1/1p2bppp/p3p3/1q6/1P2Q3/P6P/1BP2PP1/R3R1K1,1,0
2r2rk1/1p2bppp/p3p3/1q6/1P4Q1/P6P/1BP2PP1/R3R1K1,0,0
2r2rk1/1p2bppp/p3p3/6q1/1P4Q1/P6P/1BP2PP1/R3R1K1,1,0
2r2rk1/1p2bppp/p3p3/6q1/1P2Q3/P6P/1BP2PP1/R3R1K1,0,0
2r5/1p6/3p2pk/1P1Pp2p/pP2Pp1Q/4n3/P5PP/2r1R2K,0,-1
2r5/1p6/3p3k/1P1Pp1pp/pP2Pp1Q/4n3/P5PP/2r1R2K,1,-1
2r5/1p6/3p3k/1P1Pp1pp/pP2Pp2/4n3/P4QPP/2r1R2K,0,-1
2r5/1p6/3p3k/1P1Pp1pp/pP2Pp2/4n3/P1r2QPP/4R2K,1,-1
2r5/1p6/3p3k/1P1Pp1pp/pP2Pp2/4n3/P1r3PP/4R1QK,0,-1
2r5/1p6/3p3k/1P1Pp1pp/pP2Pp2/4n3/P5rP/4R1QK,1,-1
2r5/1p6/3p3k/1P1Pp1pp/pP2Pp2/4n3/P5QP/4R2K,0,-1
2r5/1p6/3p3k/1P1Pp1pp/pP2Pp2/8/P5nP/4R2K,1,-1
2r5/1p6/3p3k/1P1Pp1pp/pP2Pp2/8/P5KP/4R3,0,-1
8/1p6/3p3k/1P1Pp1pp/pP2Pp2/8/P1r3KP/4R3,1,-1
8/1p6/3p3k/1P1Pp1pp/pP2Pp2/8/P1r4P/4R1K1,0,-1
8/1p6/3p3k/1P1Pp2p/pP2Ppp1/8/P1r4P/4R1K1,1,-1
8/1p6/3p3k/1P1Pp2p/pP2Ppp1/8/P1r4P/1R4K1,0,-1
8/1p6/3p4/1P1Pp1kp/pP2Ppp1/8/P1r4P/1R4K1,1,-1
8/1p6/1P1p4/3Pp1kp/pP2Ppp1/8/P1r4P/1R4K1,0,-1
8/1p6/1P1p4/3Pp1kp/pP2P1p1/5p2/P1r4P/1R4K1,1,-1
8/1p6/1P1p4/1P1Pp1kp/p3P1p1/5p2/P1r4P/1R4K1,0,-1
8/1p6/1P1p4/1P1Pp1k1/p3P1pp/5p2/P1r4P/1R4K1,1,-1
8/1p6/1P1p4/1P1Pp1k1/p3P1pp/5p2/P1r4P/5RK1,0,-1
8/1p6/1P1p4/1P1Pp3/p3Pkpp/5p2/P1r4P/5RK1,1,-1
2r3k1/p1r2pp1/8/1p2n1qp/1Pb1Pp2/5P2/P1RN1QPP/2R2BK1,1,1
2r3k1/p1r2pp1/8/1p2n1qp/PPb1Pp2/5P2/2RN1QPP/2R2BK1,0,1
3r2k1/p1r2pp1/8/1p2n1qp/PPb1Pp2/5P2/2RN1QPP/2R2BK1,1,1
3r2k1/p1r2pp1/8/1p2n1qp/PPb1Pp1P/5P2/2RN1QP1/2R2BK1,0,1
3r2k1/p1r2pp1/6q1/1p2n2p/PPb1Pp1P/5P2/2RN1QP1/2R2BK1,1,1
3r2k1/p1r2pp1/6q1/1p2n2p/PPN1Pp1P/5P2/2R2QP1/2R2BK1,0,1
3r2k1/p1r2pp1/6q1/4n2p/PPp1Pp1P/5P2/2R2QP1/2R2BK1,1,1
3r2k1/p1r2pp1/6q1/4n2p/PPB1Pp1P/5P2/2R2QP1/2R3K1,0,1
3r2k1/p4pp1/6q1/4n2p/PPr1Pp1P/5P2/2R2QP1/2R3K1,1,1
3r2k1/p4pp1/6q1/4n2p/PPR1Pp1P/5P2/5QP1/2R3K1,0,1
3r2k1/p4pp1/6q1/7p/PPn1Pp1P/5P2/5QP1/2R3K1,1,1
3r2k1/p4pp1/6q1/7p/PPR1Pp1P/5P2/5QP1/6K1,0,1
6k1/p4pp1/6q1/7p/PPR1Pp1P/5P2/5QP1/3r2K1,1,1
6k1/p4pp1/6q1/7p/PPR1Pp1P/5P2/5QPK/3r4,0,1
6k1/p4pp1/5q2/7p/PPR1Pp1P/5P2/5QPK/3r4,1,1
6k1/p4pp1/5q2/4P2p/PPR2p1P/5P2/5QPK/3r4,0,1
6k1/p4pp1/8/4q2p/PPR2p1P/5P2/5QPK/3r4,1,1
2R3k1/p4pp1/8/4q2p/PP3p1P/5P2/5QPK/3r4,0,1
2R5/p4ppk/8/4q2p/PP3p1P/5P2/5QPK/3r4,1,1
2R5/p4ppk/8/4q2p/PP3p1P/5P2/2Q3PK/3r4,0,1
5rk1/p3np1p/3q1p2/3Pp3/2p5/1P1B4/P3Q1PP/5R1K,1,1
5rk1/p3np1p/3q1p2/3Pp3/2P5/3B4/P3Q1PP/5R1K,0,1
4r1k1/p3np1p/3q1p2/3Pp3/2P5/3B4/P3Q1PP/5R1K,1,1
4r1k1/p3np1p/3q1p2/3Pp3/2P5/3B4/P4QPP/5R1K,0,1
4r3/p3npkp/3q1p2/3Pp3/2P5/3B4/P4QPP/5R1K,1,1
4r3/Q3npkp/3q1p2/3Pp3/2P5/3B4/P5PP/5R1K,0,1
4r3/Q3npkp/3q4/3Ppp2/2P5/3B4/P5PP/5R1K,1,1
4r3/Q3npkp/3q4/3PpB2/2P5/8/P5PP/5R1K,0,1
4r3/Q4pkp/3q4/3Ppn2/2P5/8/P5PP/5R1K,1,1
4r3/Q4pkp/3q4/3PpR2/2P5/8/P5PP/7K,0,1
4r3/Q4pkp/6q1/3PpR2/2P5/8/P5PP/7K,1,1
4r3/Q4pkp/6q1/3Pp3/2P5/8/P5PP/5R1K,0,1
2r5/Q4pkp/6q1/3Pp3/2P5/8/P5PP/5R1K,1,1
2r5/Q4pkp/6q1/2PPp3/8/8/P5PP/5R1K,0,1
2r5/Q4pkp/6q1/2PP4/4p3/8/P5PP/5R1K,1,1
2r5/Q4pkp/2P3q1/3P4/4p3/8/P5PP/5R1K,0,1
6r1/Q4pkp/2P3q1/3P4/4p3/8/P5PP/5R1K,1,1
6r1/4Qpkp/2P3q1/3P4/4p3/8/P5PP/5R1K,0,1
6r1/4Qpk1/2P3q1/3P3p/4p3/8/P5PP/5R1K,1,1
6r1/2P1Qpk1/6q1/3P3p/4p3/8/P5PP/5R1K,0,1
4b2k/r5pp/1q1p1p2/2nPpPP1/1pB1P2P/1P4N1/3Q1R1K/8,1,1
4b2k/r5pp/1q1p1P2/2nPpP2/1pB1P2P/1P4N1/3Q1R1K/8,0,1
4b2k/r6p/1q1p1p2/2nPpP2/1pB1P2P/1P4N1/3Q1R1K/8,1,1
4b2k/r6p/1q1p1p1Q/2nPpP2/1pB1P2P/1P4N1/5R1K/8,0,1
4b2k/5r1p/1q1p1p1Q/2nPpP2/1pB1P2P/1P4N1/5R1K/8,1,1
4b2k/5r1p/1q1p1p1Q/2nPpP2/1pB1P2P/1P4N1/6RK/8,0,1
4b2k/q4r1p/3p1p1Q/2nPpP2/1pB1P2P/1P4N1/6RK/8,1,1
4b2k/q4r1p/3p1p1Q/2nPpP2/1p2P2P/1P4N1/4B1RK/8,0,1
4b2k/4qr1p/3p1p1Q/2nPpP2/1p2P2P/1P4N1/4B1RK/8,1,1
4b2k/4qr1p/3p1p1Q/2nPpP1B/1p2P2P/1P4N1/6RK/8,0,1
4bq1k/5r1p/3p1p1Q/2nPpP1B/1p2P2P/1P4N1/6RK/8,1,1
4bq1k/5r1p/3p1p2/2nPpP1B/1p2P2P/1P4N1/3Q2RK/8,0,1
4bq1k/1r5p/3p1p2/2nPpP1B/1p2P2P/1P4N1/3Q2RK/8,1,1
4Bq1k/1r5p/3p1p2/2nPpP2/1p2P2P/1P4N1/3Q2RK/8,0,1
4q2k/1r5p/3p1p2/2nPpP2/1p2P2P/1P4N1/3Q2RK/8,1,1
4q2k/1r5p/3p1p1Q/2nPpP2/1p2P2P/1P4N1/6RK/8,0,1
3q3k/1r5p/3p1p1Q/2nPpP2/1p2P2P/1P4N1/6RK/8,1,1
3q3k/1r5p/3p1p1Q/2nPpP1N/1p2P2P/1P6/6RK/8,0,1
3q3k/1r5p/3p1p1Q/3PpP1N/1p2n2P/1P6/6RK/8,1,1
3q3k/1r4Rp/3p1p1Q/3PpP1N/1p2n2P/1P6/7K/8,0,1
8/4k2p/p2r1pp1/2p2p2/2Bb1P2/1P2NK2/P5PP/3R4,1,1
8/4k2p/p2r1pp1/2p2p2/1PBb1P2/4NK2/P5PP/3R4,0,1
8/4k2p/p2r1pp1/2p2p2/1PB2P2/4bK2/P5PP/3R4,1,1
8/4k2p/p2R1pp1/2p2p2/1PB2P2/4bK2/P5PP/8,0,1
8/7p/p2k1pp1/2p2p2/1PB2P2/4bK2/P5PP/8,1,1
8/7p/p2k1pp1/2p2p2/1PB2P2/4K3/P5PP/8,0,1
8/7p/p2k1pp1/5p2/1pB2P2/4K3/P5PP/8,1,1
8/7p/B2k1pp1/5p2/1p3P2/4K3/P5PP/8,0,1
8/7p/B4pp1/2k2p2/1p3P2/4K3/P5PP/8,1,1
8/7p/B4pp1/2k2p2/1p3P2/3K4/P5PP/8,0,1
8/7p/B4p2/2k2pp1/1p3P2/3K4/P5PP/8,1,1
8/7p/B4p2/2k2pp1/1p3P2/3K2P1/P6P/8,0,1
8/8/B4p2/2k2ppp/1p3P2/3K2P1/P6P/8,1,1
8/8/B4p2/2k2ppp/1p3P1P/3K2P1/P7/8,0,1
8/8/B4p2/2k2p1p/1p3p1P/3K2P1/P7/8,1,1
8/8/B4p2/2k2p1p/1p3P1P/3K4/P7/8,0,1
8/8/Bk3p2/5p1p/1p3P1P/3K4/P7/8,1,1
8/8/1k3p2/5p1p/1pB2P1P/3K4/P7/8,0,1
8/8/5p2/2k2p1p/1pB2P1P/3K4/P7/8,1,1
8/5B2/5p2/2k2p1p/1p3P1P/3K4/P7/8,0,1
r4r1k/5p1p/p2p1q1n/1pp1pP1Q/P5PP/2P1Nb2/1PB2P2/R3R1K1,1,1
r4r1k/5p1p/p2p1q1n/1pp1pP1Q/P5PP/2P1Nb2/1P3P2/R2BR1K1,0,1
r4r1k/5p1p/p2p1q1n/1pp1pP1Q/P5PP/2P1N3/1P3P2/R2bR1K1,1,1
r4r1k/5p1p/p2p1q1n/1pp1pP1Q/P5PP/2P1N3/1P3P2/3RR1K1,0,1
r4rnk/5p1p/p2p1q2/1pp1pP1Q/P5PP/2P1N3/1P3P2/3RR1K1,1,1
r4rnk/5p1p/p2p1q2/1pp1pPPQ/P6P/2P1N3/1P3P2/3RR1K1,0,1
r2q1rnk/5p1p/p2p4/1pp1pPPQ/P6P/2P1N3/1P3P2/3RR1K1,1,1
r2q1rnk/5p1p/p2p1P2/1pp1p1PQ/P6P/2P1N3/1P3P2/3RR1K1,0,1
r4rnk/3q1p1p/p2p1P2/1pp1p1PQ/P6P/2P1N3/1P3P2/3RR1K1,1,1
r4rnk/3q1p1p/p2p1P2/1pp1p1P1/P5QP/2P1N3/1P3P2/3RR1K1,0,1
r4rnk/5p1p/p1qp1P2/1pp1p1P1/P5QP/2P1N3/1P3P2/3RR1K1,1,1
r4rnk/5p1p/p1qp1P2/1pp1pNP1/P5QP/2P5/1P3P2/3RR1K1,0,1
r4rnk/5p1p/p1q2P2/1ppppNP1/P5QP/2P5/1P3P2/3RR1K1,1,1
r4rnk/5p1p/p1q2P2/1PpppNP1/6QP/2P5/1P3P2/3RR1K1,0,1
r4rnk/5p1p/2q2P2/1ppppNP1/6QP/2P5/1P3P2/3RR1K1,1,1
r4rnk/4Np1p/2q2P2/1pppp1P1/6QP/2P5/1P3P2/3RR1K1,0,1
r4r1k/4Np1p/2q2n2/1pppp1P1/6QP/2P5/1P3P2/3RR1K1,1,1
r4r1k/4Np1p/2q2n2/1ppppQP1/7P/2P5/1P3P2/3RR1K1,0,1
r4r1k/4Np1p/4qn2/1ppppQP1/7P/2P5/1P3P2/3RR1K1,1,1
r4r1k/4Np1p/4qQ2/1pppp1P1/7P/2P5/1P3P2/3RR1K1,0,1
6Rr/pp2p2P/3p1k2/4r3/5p2/8/6P1/5RK1,0,-1
6R1/pp2p2r/3p1k2/4r3/5p2/8/6P1/5RK1,1,-1
6R1/pp2p2r/3p1k2/4r3/5R2/8/6P1/6K1,0,-1
6R1/pp2p2r/3pk3/4r3/5R2/8/6P1/6K1,1,-1
6R1/pp2p2r/3pk3/4r3/1R6/8/6P1/6K1,0,-1
6R1/p3p2r/1p1pk3/4r3/1R6/8/6P1/6K1,1,-1
R7/p3p2r/1p1pk3/4r3/1R6/8/6P1/6K1,0,-1
R7/p3p2r/1p1pk3/r7/1R6/8/6P1/6K1,1,-1
R7/p3p2r/1p1pk3/r7/1R4P1/8/8/6K1,0,-1
R7/p3p1r1/1p1pk3/r7/1R4P1/8/8/6K1,1,-1
R7/p3p1r1/1p1pk3/r7/1R4P1/8/5K2/8,0,-1
R7/p3p1r1/1p1pk3/8/1R4P1/r7/5K2/8,1,-1
R7/p3p1r1/1R1pk3/8/6P1/r7/5K2/8,0,-1
R7/4p1r1/1p1pk3/8/6P1/r7/5K2/8,1,-1
8/4p1r1/1p1pk3/8/6P1/R7/5K2/8,0,-1
8/4p3/1p1pk3/8/6r1/R7/5K2/8,1,-1
8/4p3/1p1pk3/8/6r1/1R6/5K2/8,0,-1
8/4p3/1p1p4/3k4/6r1/1R6/5K2/8,1,-1
8/4p3/1R1p4/3k4/6r1/8/5K2/8,0,-1
8/8/1R1p4/3kp3/6r1/8/5K2/8,1,-1
5rk1/3nppPp/pp1p2p1/8/P1r2PP1/1NN5/1PPB3P/4RbK1,0,0
4r1k1/3nppPp/pp1p2p1/8/P1r2PP1/1NN5/1PPB3P/4RbK1,1,0
4r1k1/3nppPp/pp1p2p1/8/P1r2PP1/1NN5/1PPB3P/4RK2,0,0
4r3/3nppkp/pp1p2p1/8/P1r2PP1/1NN5/1PPB3P/4RK2,1,0
4r3/3nppkp/pp1p2p1/P7/2r2PP1/1NN5/1PPB3P/4RK2,0,0
4r3/3nppkp/p2p2p1/Pp6/2r2PP1/1NN5/1PPB3P/4RK2,1,0
4r3/3nppkp/p2p2p1/Pp1N4/2r2PP1/1N6/1PPB3P/4RK2,0,0
4r3/3nppkp/p2p2p1/Pp1N4/5PP1/1N6/1PrB3P/4RK2,1,0
4r3/3nppkp/p2p2p1/Pp1N4/5PP1/1NB5/1Pr4P/4RK2,0,0
4rk2/3npp1p/p2p2p1/Pp1N4/5PP1/1NB5/1Pr4P/4RK2,1,0
4rk2/3npp1p/p2p2p1/Pp1N4/5PP1/1NB5/1Pr4P/4R1K1,0,0
4rk2/4pp1p/p2p2p1/PpnN4/5PP1/1NB5/1Pr4P/4R1K1,1,0
4rk2/4pp1p/p2p2p1/PpNN4/5PP1/2B5/1Pr4P/4R1K1,0,0
4rk2/4pp1p/p5p1/PppN4/5PP1/2B5/1Pr4P/4R1K1,1,0
4rk2/4pp1p/p5p1/Ppp5/5PP1/2B1N3/1Pr4P/4R1K1,0,0
4rk2/4pp1p/p5p1/Ppp5/5PP1/2r1N3/1P5P/4R1K1,1,0
4rk2/4pp1p/p5p1/Ppp5/5PP1/2P1N3/7P/4R1K1,0,0
4rk2/5p1p/p3p1p1/Ppp5/5PP1/2P1N3/7P/4R1K1,1,0
4rk2/5p1p/p3p1p1/Ppp5/5PP1/2P1N3/5K1P/4R3,0,0
1r3k2/5p1p/p3p1p1/Ppp5/5PP1/2P1N3/5K1P/4R3,1,0
3r1r2/1p2ppkp/pN1p2p1/4n3/1PP2P2/P6P/4K1P1/2RR4,0,0
3r1r2/1p2ppkp/pNnp2p1/8/1PP2P2/P6P/4K1P1/2RR4,1,0
3r1r2/1p2ppkp/pNnp2p1/1P6/2P2P2/P6P/4K1P1/2RR4,0,0
3r1r2/1p2ppkp/pN1p2p1/nP6/2P2P2/P6P/4K1P1/2RR4,1,0
3r1r2/1p2ppkp/pN1p2p1/nP6/2P2P2/P1R4P/4K1P1/3R4,0,0
3r1r2/1p2ppkp/1N1p2p1/np6/2P2P2/P1R4P/4K1P1/3R4,1,0
3r1r2/1p2ppkp/1N1p2p1/nP6/5P2/P1R4P/4K1P1/3R4,0,0
3r1r2/1p3pkp/1N1pp1p1/nP6/5P2/P1R4P/4K1P1/3R4,1,0
3r1r2/1pR2pkp/1N1pp1p1/nP6/5P2/P6P/4K1P1/3R4,0,0
3r1r2/1pR2pkp/1N2p1p1/nP1p4/5P2/P6P/4K1P1/3R4,1,0
3r1r2/1pR2pkp/1N2p1p1/nP1p4/3R1P2/P6P/4K1P1/8,0,0
3rr3/1pR2pkp/1N2p1p1/nP1p4/3R1P2/P6P/4K1P1/8,1,0
3rr3/1pR2pkp/1N2p1p1/nP1p4/R4P2/P6P/4K1P1/8,0,0
4r3/1pR2pkp/1N1rp1p1/nP1p4/R4P2/P6P/4K1P1/8,1,0
2N1r3/1pR2pkp/3rp1p1/nP1p4/R4P2/P6P/4K1P1/8,0,0
2Nrr3/1pR2pkp/4p1p1/nP1p4/R4P2/P6P/4K1P1/8,1,0
3rr3/1pR2pkp/1N2p1p1/nP1p4/R4P2/P6P/4K1P1/8,0,0
4r3/1pR2pkp/1N1rp1p1/nP1p4/R4P2/P6P/4K1P1/8,1,0
2N1r3/1pR2pkp/3rp1p1/nP1p4/R4P2/P6P/4K1P1/8,0,0
2Nrr3/1pR2pkp/4p1p1/nP1p4/R4P2/P6P/4K1P1/8,1,0
3R4/8/7n/4r2k/8/7P/6RK/4r3,0,0
3R4/8/7n/4r2k/4r3/7P/6RK/8,1,0
5R2/8/7n/4r2k/4r3/7P/6RK/8,0,0
5R2/8/7n/4r2k/7r/7P/6RK/8,1,0
3R4/8/7n/4r2k/7r/7P/6RK/8,0,0
3R4/5n2/8/4r2k/7r/7P/6RK/8,1,0
5R2/5n2/8/4r2k/7r/7P/6RK/8,0,0
5R2/5n2/8/4r2k/5r2/7P/6RK/8,1,0
6R1/5n2/8/4r2k/5r2/7P/6RK/8,0,0
6R1/8/8/4r1nk/5r2/7P/6RK/8,1,0
7R/8/8/4r1nk/5r2/7P/6RK/8,0,0
7R/8/6k1/4r1n1/5r2/7P/6RK/8,1,0
7R/8/6k1/4r1n1/5r1P/8/6RK/8,0,0
7R/6k1/8/4r1n1/5r1P/8/6RK/8,1,0
8/6k1/8/4r1nR/5r1P/8/6RK/8,0,0
8/8/6k1/4r1nR/5r1P/8/6RK/8,1,0
8/8/6k1/4r1R1/5r1P/8/6RK/8,0,0
8/8/6k1/6r1/5r1P/8/6RK/8,1,0
8/8/6k1/6R1/5r1P/8/7K/8,0,0
8/8/7k/6R1/5r1P/8/7K/8,1,0
2q4r/p5kr/4bpp1/2p1p1n1/PpPpP2N/1P1P2PP/5RBR/5QK1,0,-1
3q3r/p5kr/4bpp1/2p1p1n1/PpPpP2N/1P1P2PP/5RBR/5QK1,1,-1
3q3r/p5kr/4bpp1/2p1p1n1/PpPpP2N/1P1P2PP/5RB1/5QKR,0,-1
3q3r/p5k1/4bppr/2p1p1n1/PpPpP2N/1P1P2PP/5RB1/5QKR,1,-1
3q3r/p5k1/4bppr/2p1p1n1/PpPpP2N/1P1P2PP/5RBR/5QK1,0,-1
3q3r/p2b2k1/5ppr/2p1p1n1/PpPpP2N/1P1P2PP/5RBR/5QK1,1,-1
3q3r/p2b2k1/5ppr/2p1p1n1/PpPpP2N/1P1P2PP/5RB1/5QKR,0,-1
3q3r/p2b2kr/5pp1/2p1p1n1/PpPpP2N/1P1P2PP/5RB1/5QKR,1,-1
3q3r/p2b2kr/5pp1/2p1p1n1/PpPpP2N/1P1P2PP/5RBR/5QK1,0,-1
3q3r/p2b2k1/5pp1/2p1p1n1/PpPpP2r/1P1P2PP/5RBR/5QK1,1,-1
3q3r/p2b2k1/5pp1/2p1p1n1/PpPpP2P/1P1P3P/5RBR/5QK1,0,-1
3q4/p2b2k1/5pp1/2p1p1n1/PpPpP2r/1P1P3P/5RBR/5QK1,1,-1
3q4/p2b2k1/5pp1/2p1p1n1/PpPpP2r/1P1P3P/5RB1/5QKR,0,-1
3q4/p2b2k1/4npp1/2p1p3/PpPpP2r/1P1P3P/5RB1/5QKR,1,-1
3q4/p2b2k1/4npp1/2p1p3/PpPpP2r/1P1P1R1P/6B1/5QKR,0,-1
3q4/p2b2k1/5pp1/2p1p3/PpPpPn1r/1P1P1R1P/6B1/5QKR,1,-1
3q4/p2b2k1/5pp1/2p1p3/PpPpPn1r/1P1P1R1P/5QB1/6KR,0,-1
7q/p2b2k1/5pp1/2p1p3/PpPpPn1r/1P1P1R1P/5QB1/6KR,1,-1
7q/p2b2k1/5pp1/2p1p3/PpPpPn1r/1P1P1RQP/6B1/6KR,0,-1
7q/p2b2k1/5pp1/2p1p3/PpPpP2r/1P1P1RQP/4n1B1/6KR,1,-1
1r1rb3/4kppp/p2p1n2/Np2pP2/1R2P1P1/P1N1R2P/1PP5/6K1,0,0
1r1rb3/4kpp1/p2p1n1p/Np2pP2/1R2P1P1/P1N1R2P/1PP5/6K1,1,0
1r1rb3/4kpp1/p2p1n1p/Np2pP2/1R2P1P1/P1N1R2P/1PP2K2/8,0,0
1rr1b3/4kpp1/p2p1n1p/Np2pP2/1R2P1P1/P1N1R2P/1PP2K2/8,1,0
1rr1b3/4kpp1/p2p1n1p/Np2pP2/1R2P1P1/P1N1RK1P/1PP5/8,0,0
1rr1b3/4kp2/p2p1n1p/Np2pPp1/1R2P1P1/P1N1RK1P/1PP5/8,1,0
1rr1b3/4kp2/p2p1n1p/Np2pPp1/1R2P1P1/P1N2K1P/1PP1R3/8,0,0
1rr5/4kp2/p1bp1n1p/Np2pPp1/1R2P1P1/P1N2K1P/1PP1R3/8,1,0
1rr5/4kp2/p1bp1n1p/Np2pPp1/PR2P1P1/2N2K1P/1PP1R3/8,0,0
1rr5/3bkp2/p2p1n1p/Np2pPp1/PR2P1P1/2N2K1P/1PP1R3/8,1,0
1rr5/3bkp2/p2p1n1p/NP2pPp1/1R2P1P1/2N2K1P/1PP1R3/8,0,0
1rr5/4kp2/p2p1n1p/Nb2pPp1/1R2P1P1/2N2K1P/1PP1R3/8,1,0
1rr5/4kp2/p2p1n1p/NN2pPp1/1R2P1P1/5K1P/1PP1R3/8,0,0
2r5/4kp2/p2p1n1p/Nr2pPp1/1R2P1P1/5K1P/1PP1R3/8,1,0
2r5/4kp2/p2p1n1p/NR2pPp1/4P1P1/5K1P/1PP1R3/8,0,0
2r5/4kp2/3p1n1p/Np2pPp1/4P1P1/5K1P/1PP1R3/8,1,0
2r5/4kp2/3p1n1p/Np2pPp1/4P1P1/2P2K1P/1P2R3/8,0,0
2r5/3k1p2/3p1n1p/Np2pPp1/4P1P1/2P2K1P/1P2R3/8,1,0
2r5/3k1p2/3p1n1p/Np2pPp1/4P1P1/2P2K1P/1P1R4/8,0,0
r7/3k1p2/3p1n1p/Np2pPp1/4P1P1/2P2K1P/1P1R4/8,1,0
8/8/k5p1/p1B3K1/P5P1/8/1P6/3b4,0,0
8/1k6/6p1/p1B3K1/P5P1/8/1P6/3b4,1,0
8/1k2B3/6p1/p5K1/P5P1/8/1P6/3b4,0,0
8/2k1B3/6p1/p5K1/P5P1/8/1P6/3b4,1,0
8/2k5/5Bp1/p5K1/P5P1/8/1P6/3b4,0,0
8/2k5/5Bp1/p5K1/P5P1/8/1P2b3/8,1,0
8/2k5/6p1/p5K1/P2B2P1/8/1P2b3/8,0,0
8/2k5/6p1/p5K1/P2B2P1/8/1P6/3b4,1,0
8/2k5/6p1/p3B1K1/P5P1/8/1P6/3b4,0,0
8/8/1k4p1/p3B1K1/P5P1/8/1P6/3b4,1,0
8/8/1k1B2p1/p5K1/P5P1/8/1P6/3b4,0,0
8/8/2kB2p1/p5K1/P5P1/8/1P6/3b4,1,0
8/4B3/2k3p1/p5K1/P5P1/8/1P6/3b4,0,0
8/3kB3/6p1/p5K1/P5P1/8/1P6/3b4,1,0
8/3k4/5Bp1/p5K1/P5P1/8/1P6/3b4,0,0
8/2k5/5Bp1/p5K1/P5P1/8/1P6/3b4,1,0
8/2k5/6p1/p5K1/P2B2P1/8/1P6/3b4,0,0
8/1k6/6p1/p5K1/P2B2P1/8/1P6/3b4,1,0
8/1k6/6p1/p1B3K1/P5P1/8/1P6/3b4,0,0
8/8/2k3p1/p1B3K1/P5P1/8/1P6/3b4,1,0
r1bqkbnr/pp1ppppp/2n5/2p5/3PP3/5N2/PPP2PPP/RNBQKB1R,0,0
r1bqkbnr/pp1ppppp/2n5/8/3pP3/5N2/PPP2PPP/RNBQKB1R,1,0
r1bqkbnr/pp1ppppp/2n5/8/3NP3/8/PPP2PPP/RNBQKB1R,0,0
r1bqkb1r/pp1ppppp/2n2n2/8/3NP3/8/PPP2PPP/RNBQKB1R,1,0
r1bqkb1r/pp1ppppp/2n2n2/8/3NP3/2N5/PPP2PPP/R1BQKB1R,0,0
r1bqkb1r/pp2pppp/2np1n2/8/3NP3/2N5/PPP2PPP/R1BQKB1R,1,0
r1bqkb1r/pp2pppp/2np1n2/8/3NP3/2N5/PPP1BPPP/R1BQK2R,0,0
r1bqkb1r/pp3ppp/2nppn2/8/3NP3/2N5/PPP1BPPP/R1BQK2R,1,0
r1bqkb1r/pp3ppp/2nppn2/8/3NP3/2N5/PPP1BPPP/R1BQ1RK1,0,0
r1bqk2r/pp2bppp/2nppn2/8/3NP3/2N5/PPP1BPPP/R1BQ1RK1,1,0
r1bqk2r/pp2bppp/2nppn2/8/3NP3/2N5/PPP1BPPP/R1BQ1R1K,0,0
r1bq1rk1/pp2bppp/2nppn2/8/3NP3/2N5/PPP1BPPP/R1BQ1R1K,1,0
r1bq1rk1/pp2bppp/2nppn2/8/3NPP2/2N5/PPP1B1PP/R1BQ1R1K,0,0
r1bq1rk1/1p2bppp/p1nppn2/8/3NPP2/2N5/PPP1B1PP/R1BQ1R1K,1,0
r1bq1rk1/1p2bppp/p1nppn2/8/P2NPP2/2N5/1PP1B1PP/R1BQ1R1K,0,0
r1b2rk1/1pq1bppp/p1nppn2/8/P2NPP2/2N5/1PP1B1PP/R1BQ1R1K,1,0
r1b2rk1/1pq1bppp/p1nppn2/8/P3PP2/1NN5/1PP1B1PP/R1BQ1R1K,0,0
r1b2rk1/2q1bppp/ppnppn2/8/P3PP2/1NN5/1PP1B1PP/R1BQ1R1K,1,0
r1b2rk1/2q1bppp/ppnppn2/8/P3PP2/1NN2B2/1PP3PP/R1BQ1R1K,0,0
1rb2rk1/2q1bppp/ppnppn2/8/P3PP2/1NN2B2/1PP3PP/R1BQ1R1K,1,0
1r5k/5p2/r2p2n1/2pPbN1p/p1P2nRp/5P2/PP6/2B1RB1K,1,0
1r5k/5p2/r2p2n1/2pPbNRp/p1P2n1p/5P2/PP6/2B1RB1K,0,0
1r5k/5p2/r2p1bn1/2pP1NRp/p1P2n1p/5P2/PP6/2B1RB1K,1,0
1r5k/5p2/r2p1bn1/2pP1N1p/p1P2n1p/5P2/PP6/2B1RBRK,0,0
1r5k/5p2/r2p1bn1/2pP1N1p/p1P2n2/5P1p/PP6/2B1RBRK,1,0
1r5k/5p2/r2p1bn1/2pP1N1p/p1P1Rn2/5P1p/PP6/2B2BRK,0,0
1r5k/5p2/r2p2n1/2pPbN1p/p1P1Rn2/5P1p/PP6/2B2BRK,1,0
1r5k/5p2/r2p2n1/2pPbNRp/p1P1Rn2/5P1p/PP6/2B2B1K,0,0
1r5k/5p2/1r1p2n1/2pPbNRp/p1P1Rn2/5P1p/PP6/2B2B1K,1,0
1r5k/5p2/1r1p2n1/2pPbNRp/p1P1Rn2/P4P1p/1P6/2B2B1K,0,0
1r5k/5p2/3p2n1/2pPbNRp/p1P1Rn2/P4P1p/1r6/2B2B1K,1,0
1r5k/5p2/3p2n1/2pPbNRp/p1P1Rn2/P4P1p/1B6/5B1K,0,0
7k/5p2/3p2n1/2pPbNRp/p1P1Rn2/P4P1p/1r6/5B1K,1,0
7k/5p2/3p2n1/2pPbNRp/p1P2n2/P4P1p/1r6/4RB1K,0,0
7k/5p2/3p2n1/2pPbNRp/p1P2n2/Pr3P1p/8/4RB1K,1,0
7k/5p2/3p2n1/2pPbNRp/p1P2n2/Pr3P1B/8/4R2K,0,0
7k/5p2/3p2n1/2pPbNRp/p1P2n2/P4r1B/8/4R2K,1,0
7k/5p2/3p2n1/2pPbNRp/p1P2n2/P4r2/8/4RB1K,0,0
7k/5p2/3p2n1/2pPbNRp/p1P2n2/r7/8/4RB1K,1,0
7k/5p2/3p2n1/2pPbNRp/p1P2n2/r7/8/1R3B1K,0,0
8/1b6/6k1/2P1Kp2/P7/8/8/8,0,-1
8/1b6/8/2P1Kpk1/P7/8/8/8,1,-1
8/1b6/3K4/2P2pk1/P7/8/8/8,0,-1
8/1b6/3K4/2P3k1/P4p2/8/8/8,1,-1
8/1bK5/8/2P3k1/P4p2/8/8/8,0,-1
b7/2K5/8/2P3k1/P4p2/8/8/8,1,-1
bK6/8/8/2P3k1/P4p2/8/8/8,0,-1
1K6/8/2b5/2P3k1/P4p2/8/8/8,1,-1
1K6/8/2b5/P1P3k1/5p2/8/8/8,0,-1
1K6/8/2b5/P1P3k1/8/5p2/8/8,1,-1
8/2K5/2b5/P1P3k1/8/5p2/8/8,0,-1
8/2K5/8/P1P3k1/4b3/5p2/8/8,1,-1
8/2K5/2P5/P5k1/4b3/5p2/8/8,0,-1
8/2K5/2P5/P5k1/4b3/8/5p2/8,1,-1
8/2K5/P1P5/6k1/4b3/8/5p2/8,0,-1
8/2K5/P1P5/6k1/4b3/8/8/5q2,1,-1
8/P1K5/2P5/6k1/4b3/8/8/5q2,0,-1
8/P1K5/2b5/6k1/8/8/8/5q2,1,-1
8/P7/2K5/6k1/8/8/8/5q2,0,-1
8/P7/q1K5/6k1/8/8/8/8,1,-1
1rb2rk1/1pqn1pbp/p1npp1p1/2P5/1P2P3/2N1QN1P/P3BPP1/1RBR2K1,0,-1
1rb2rk1/1pqn1pbp/p1n1p1p1/2p5/1P2P3/2N1QN1P/P3BPP1/1RBR2K1,1,-1
1rb2rk1/1pqn1pbp/p1n1p1p1/2P5/4P3/2N1QN1P/P3BPP1/1RBR2K1,0,-1
1rb1r1k1/1pqn1pbp/p1n1p1p1/2P5/4P3/2N1QN1P/P3BPP1/1RBR2K1,1,-1
1rb1r1k1/1pqn1pbp/p1n1p1p1/2P5/N3P3/4QN1P/P3BPP1/1RBR2K1,0,-1
1rb1r1k1/1p1n1pbp/p1n1p1p1/q1P5/N3P3/4QN1P/P3BPP1/1RBR2K1,1,-1
1rb1r1k1/1p1n1pbp/p1n1p1p1/q1P5/N3P3/Q4N1P/P3BPP1/1RBR2K1,0,-1
1rb1rbk1/1p1n1p1p/p1n1p1p1/q1P5/N3P3/Q4N1P/P3BPP1/1RBR2K1,1,-1
1rb1rbk1/1p1n1p1p/p1n1p1p1/q1P5/N3P3/Q3BN1P/P3BPP1/1R1R2K1,0,-1
1rb1rbk1/3n1p1p/p1n1p1p1/qpP5/N3P3/Q3BN1P/P3BPP1/1R1R2K1,1,-1
1rb1rbk1/3n1p1p/p1n1p1p1/qpP5/N2NP3/Q3B2P/P3BPP1/1R1R2K1,0,-1
1rb1rbk1/3n1p1p/p3p1p1/qpP5/N2nP3/Q3B2P/P3BPP1/1R1R2K1,1,-1
1rb1rbk1/3n1p1p/p3p1p1/qpP5/N2BP3/Q6P/P3BPP1/1R1R2K1,0,-1
1rb1rbk1/3n1p1p/p3p1p1/q1P5/p2BP3/Q6P/P3BPP1/1R1R2K1,1,-1
1Rb1rbk1/3n1p1p/p3p1p1/q1P5/p2BP3/Q6P/P3BPP1/3R2K1,0,-1
1nb1rbk1/5p1p/p3p1p1/q1P5/p2BP3/Q6P/P3BPP1/3R2K1,1,-1
1nb1rbk1/5p1p/p3p1p1/q1P5/p2BP3/6QP/P3BPP1/3R2K1,0,-1
2b1rbk1/5p1p/p1n1p1p1/q1P5/p2BP3/6QP/P3BPP1/3R2K1,1,-1
2b1rbk1/5p1p/p1n1p1p1/q1P5/p3P3/6QP/P3BPP1/B2R2K1,0,-1
2b1rbk1/5p1p/p1n1p1p1/2q5/p3P3/6QP/P3BPP1/B2R2K1,1,-1
r3Bb2/5Rpk/p2p3p/2nP4/2PN1q2/7P/6P1/3Q3K,0,-1
r3Bb2/5Rpk/p2p3p/2nP4/2PN4/4q2P/6P1/3Q3K,1,-1
r4b2/5Rpk/p1Bp3p/2nP4/2PN4/4q2P/6P1/3Q3K,0,-1
1r3b2/5Rpk/p1Bp3p/2nP4/2PN4/4q2P/6P1/3Q3K,1,-1
1r3b2/6pk/p1Bp3p/2nP4/2PN4/4qR1P/6P1/3Q3K,0,-1
1r3b2/6pk/p1Bp3p/2nPq3/2PN4/5R1P/6P1/3Q3K,1,-1
1r3b2/6pk/p1BpN2p/2nPq3/2P5/5R1P/6P1/3Q3K,0,-1
1r6/4b1pk/p1BpN2p/2nPq3/2P5/5R1P/6P1/3Q3K,1,-1
1r6/4b1pk/p1Bp3p/2NPq3/2P5/5R1P/6P1/3Q3K,0,-1
1r6/4b1pk/p1B4p/2pPq3/2P5/5R1P/6P1/3Q3K,1,-1
1r6/4b1pk/p1B4p/2pPq3/2P5/3Q1R1P/6P1/7K,0,-1
1r5k/4b1p1/p1B4p/2pPq3/2P5/3Q1R1P/6P1/7K,1,-1
1r5k/4b1p1/p1B4p/2pPq3/2P5/3QR2P/6P1/7K,0,-1
1r5k/4b1p1/p1B4p/2pP4/2P5/3QR2P/6P1/q6K,1,-1
1r5k/4b1p1/p1B4p/2pP4/2P5/3QR2P/6PK/q7,0,-1
1r5k/6p1/p1Bb3p/2pP4/2P5/3QR2P/6PK/q7,1,-1
1r5k/6p1/p1Bb3p/2pP4/2P5/3QR1PP/7K/q7,0,-1
7k/6p1/p1Bb3p/2pP4/2P5/3QR1PP/1r5K/q7,1,-1
7k/6p1/p1Bb3p/2pP4/2P5/3Q2PP/1r2R2K/q7,0,-1
7k/6p1/p1Bb3p/2pP4/2P5/3Q2PP/1r2R2K/5q2,1,-1
r5k1/4Bpbp/6p1/p7/2N1n3/7P/R4PP1/6K1,0,-1
r5k1/4Bpbp/6p1/8/p1N1n3/7P/R4PP1/6K1,1,-1
r5k1/4Bpbp/1N4p1/8/p3n3/7P/R4PP1/6K1,0,-1
6k1/r3Bpbp/1N4p1/8/p3n3/7P/R4PP1/6K1,1,-1
6k1/r4pbp/1N4p1/8/pB2n3/7P/R4PP1/6K1,0,-1
6k1/r4p1p/1N4p1/8/pB1bn3/7P/R4PP1/6K1,1,-1
6k1/r4p1p/6p1/8/NB1bn3/7P/R4PP1/6K1,0,-1
6k1/r4p1p/6p1/8/NB1b4/7P/R4nP1/6K1,1,-1
6k1/r4p1p/6p1/8/NB1b4/7P/R4nP1/5K2,0,-1
6k1/r4p1p/6p1/8/NB1bn3/7P/R5P1/5K2,1,-1
6k1/r4p1p/6p1/8/N2bn3/7P/R5P1/4BK2,0,-1
6k1/2r2p1p/6p1/8/N2bn3/7P/R5P1/4BK2,1,-1
6k1/2r2p1p/6p1/8/N2bn3/7P/4R1P1/4BK2,0,-1
6k1/2r4p/6p1/5p2/N2bn3/7P/4R1P1/4BK2,1,-1
6k1/2r4p/6p1/5p2/N2bn1P1/7P/4R3/4BK2,0,-1
6k1/7p/6p1/5p2/N2bn1P1/7P/4R3/2r1BK2,1,-1
6k1/7p/6p1/5p2/N2bn1P1/7P/R7/2r1BK2,0,-1
6k1/7p/6p1/5p2/N2b2P1/2n4P/R7/2r1BK2,1,-1
6k1/7p/6p1/5p2/N2b2P1/2n4P/3R4/2r1BK2,0,-1
6k1/7p/6p1/4bp2/N5P1/2n4P/3R4/2r1BK2,1,-1
r3kb1r/1b4p1/p1q1p3/2N1P1B1/1p4Q1/1P6/1PP4P/2KR3R,0,-1
r3k2r/1b4p1/p1q1p3/2b1P1B1/1p4Q1/1P6/1PP4P/2KR3R,1,-1
r3k2r/1b4p1/p1q1pB2/2b1P3/1p4Q1/1P6/1PP4P/2KR3R,0,-1
r3kr2/1b4p1/p1q1pB2/2b1P3/1p4Q1/1P6/1PP4P/2KR3R,1,-1
r3kr2/1b4Q1/p1q1pB2/2b1P3/1p6/1P6/1PP4P/2KR3R,0,-1
r3k3/1b3rQ1/p1q1pB2/2b1P3/1p6/1P6/1PP4P/2KR3R,1,-1
r3k1Q1/1b3r2/p1q1pB2/2b1P3/1p6/1P6/1PP4P/2KR3R,0,-1
r3kbQ1/1b3r2/p1q1pB2/4P3/1p6/1P6/1PP4P/2KR3R,1,-1
r3kbQ1/1b3r2/p1q1pB2/4P3/1p6/1P6/1PP4P/2KR2R1,0,-1
2r1kbQ1/1b3r2/p1q1pB2/4P3/1p6/1P6/1PP4P/2KR2R1,1,-1
2r1kbQ1/1b3r2/p1q1pB2/4P3/1p6/1P6/1PPR3P/2K3R1,0,-1
2r1kbQ1/1b3r2/p3pB2/4P3/1p2q3/1P6/1PPR3P/2K3R1,1,-1
2r1kbQ1/1b3r2/p3pB2/4P3/1p2q3/1P6/1PPR3P/1K4R1,0,-1
2r1kbQ1/5r2/p3pB2/3bP3/1p2q3/1P6/1PPR3P/1K4R1,1,-1
2r1kbQ1/5r2/p3pB2/3bP3/1p2q3/1P1R4/1PP4P/1K4R1,0,-1
4kbQ1/5r2/p3pB2/3bP3/1p2q3/1P1R4/1Pr4P/1K4R1,1,-1
4kbQ1/5r2/p3pB2/3bP3/1p2q3/1P1R4/1PK4P/6R1,0,-1
4kbQ1/5r2/p3pB2/3bP3/1p6/1P1R4/1PK1q2P/6R1,1,-1
4kbQ1/5r2/p3pB2/3bP3/1p6/1P6/1PKRq2P/6R1,0,-1
4kbQ1/5r2/p3pB2/4P3/1p2b3/1P6/1PKRq2P/6R1,1,-1
3N4/6bn/p2p1k2/3Pp3/p1P2n2/1q2B3/1P3Q2/7K,1,0
3N4/6bn/p2p1k2/3Pp3/p1P2B2/1q6/1P3Q2/7K,0,0
3N4/6bn/p2p1k2/3P4/p1P2p2/1q6/1P3Q2/7K,1,0
3N4/6bn/p2p1k2/3P4/p1P2Q2/1q6/1P6/7K,0,0
3N4/4k1bn/p2p4/3P4/p1P2Q2/1q6/1P6/7K,1,0
8/4k1bn/p1Np4/3P4/p1P2Q2/1q6/1P6/7K,0,0
4k3/6bn/p1Np4/3P4/p1P2Q2/1q6/1P6/7K,1,0
4k3/6bn/p1Np4/3P4/p1P3Q1/1q6/1P6/7K,0,0
4k3/7n/p1Np1b2/3P4/p1P3Q1/1q6/1P6/7K,1,0
4k3/7n/p1Np1bQ1/3P4/p1P5/1q6/1P6/7K,0,0
5k2/7n/p1Np1bQ1/3P4/p1P5/1q6/1P6/7K,1,0
5k2/7Q/p1Np1b2/3P4/p1P5/1q6/1P6/7K,0,0
5k2/7Q/p1Np1b2/3P4/p1P5/8/1q6/7K,1,0
5k2/8/p1Np1b1Q/3P4/p1P5/8/1q6/7K,0,0
8/5k2/p1Np1b1Q/3P4/p1P5/8/1q6/7K,1,0
8/5k1Q/p1Np1b2/3P4/p1P5/8/1q6/7K,0,0
5k2/7Q/p1Np1b2/3P4/p1P5/8/1q6/7K,1,0
5k2/8/p1Np1b1Q/3P4/p1P5/8/1q6/7K,0,0
8/5k2/p1Np1b1Q/3P4/p1P5/8/1q6/7K,1,0
8/5k1Q/p1Np1b2/3P4/p1P5/8/1q6/7K,0,0
rnbqkbnr/pppppppp/8/8/4P3/8/PPPP1PPP/RNBQKBNR,0,0
rnbqkbnr/pp1ppppp/8/2p5/4P3/8/PPPP1PPP/RNBQKBNR,1,0
rnbqkbnr/pp1ppppp/8/2p5/4P3/5N2/PPPP1PPP/RNBQKB1R,0,0
rnbqkbnr/pp2pppp/3p4/2p5/4P3/5N2/PPPP1PPP/RNBQKB1R,1,0
rnbqkbnr/pp2pppp/3p4/2p5/3PP3/5N2/PPP2PPP/RNBQKB1R,0,0
rnbqkbnr/pp2pppp/3p4/8/3pP3/5N2/PPP2PPP/RNBQKB1R,1,0
rnbqkbnr/pp2pppp/3p4/8/3NP3/8/PPP2PPP/RNBQKB1R,0,0
rnbqkb1r/pp2pppp/3p1n2/8/3NP3/8/PPP2PPP/RNBQKB1R,1,0
rnbqkb1r/pp2pppp/3p1n2/8/3NP3/2N5/PPP2PPP/R1BQKB1R,0,0
rnbqkb1r/1p2pppp/p2p1n2/8/3NP3/2N5/PPP2PPP/R1BQKB1R,1,0
rnbqkb1r/1p2pppp/p2p1n2/8/3NP3/2N5/PPP1BPPP/R1BQK2R,0,0
rnbqkb1r/1p2pp1p/p2p1np1/8/3NP3/2N5/PPP1BPPP/R1BQK2R,1,0
rnbqkb1r/1p2pp1p/p2p1np1/8/3NP3/2N5/PPP1BPPP/R1BQ1RK1,0,0
rnbqk2r/1p2ppbp/p2p1np1/8/3NP3/2N5/PPP1BPPP/R1BQ1RK1,1,0
rnbqk2r/1p2ppbp/p2p1np1/8/3NP3/2N5/PPP1BPPP/R1BQR1K1,0,0
rnbq1rk1/1p2ppbp/p2p1np1/8/3NP3/2N5/PPP1BPPP/R1BQR1K1,1,0
rnbq1rk1/1p2ppbp/p2p1np1/6B1/3NP3/2N5/PPP1BPPP/R2QR1K1,0,0
8/8/6pk/8/8/3qPQPK/8/8,1,1
8/8/6pk/8/5Q2/3qP1PK/8/8,0,1
8/7k/6p1/8/5Q2/3qP1PK/8/8,1,1
8/7k/6p1/8/8/3qPQPK/8/8,0,1
8/8/6pk/8/8/3qPQPK/8/8,1,1
8/8/6pk/8/6P1/3qPQ1K/8/8,0,1
8/3q4/6pk/8/6P1/4PQ1K/8/8,1,1
8/3q4/6pk/8/6P1/4PQK1/8/8,0,1
8/8/6pk/8/6P1/3qPQK1/8/8,1,1
8/8/6pk/8/5QP1/3qP1K1/8/8,0,1
8/7k/6p1/8/5QP1/3qP1K1/8/8,1,1
8/5Q1k/6p1/8/6P1/3qP1K1/8/8,0,1
8/5Q2/6pk/8/6P1/3qP1K1/8/8,1,1
8/5Q2/6pk/6P1/8/3qP1K1/8/8,0,1
8/5Q2/6p1/6Pk/8/3qP1K1/8/8,1,1
8/8/6p1/6Pk/8/3qPQK1/8/8,0,1
8/8/6p1/6k1/8/3qPQK1/8/8,1,1
8/8/6p1/6k1/5Q2/3qP1K1/8/8,0,1
8/8/6p1/7k/5Q2/3qP1K1/8/8,1,1
8/8/6p1/7k/7Q/3qP1K1/8/8,0,1
8/6k1/BP6/2B5/3Pq1p1/5pK1/8/8,0,-1
8/6k1/BP6/2B5/3P2p1/5pK1/8/4q3,1,-1
8/6k1/BP6/2B5/3P2K1/5p2/8/4q3,0,-1
8/6k1/BP6/2B5/3P2K1/8/5p2/4q3,1,-1
8/6k1/BP6/2B5/3P4/5K2/5p2/4q3,0,-1
8/6k1/BP6/2B5/3P4/5K2/8/4qq2,1,-1
8/6k1/1P6/2B5/3P4/5K2/8/4qB2,0,-1
8/6k1/1P6/2B5/3P4/5K2/8/5q2,1,-1
8/6k1/1P6/2B5/3PK3/8/8/5q2,0,-1
8/8/1P3k2/2B5/3PK3/8/8/5q2,1,-1
8/8/1P3k2/2BK4/3P4/8/8/5q2,0,-1
8/8/1P3k2/2BK4/3P4/5q2/8/8,1,-1
8/8/1P1K1k2/2B5/3P4/5q2/8/8,0,-1
8/1q6/1P1K1k2/2B5/3P4/8/8/8,1,-1
8/1q6/1P1K1k2/2BP4/8/8/8/8,0,-1
8/1q6/1P1K4/2BP1k2/8/8/8/8,1,-1
8/1q6/1P1K4/3P1k2/8/4B3/8/8,0,-1
8/1q6/1P1K4/3P4/4k3/4B3/8/8,1,-1
8/1q6/1P1K4/3P4/4k3/8/8/6B1,0,-1
8/8/1P1K4/3q4/4k3/8/8/6B1,1,-1
2kr3r/3bbp1p/pqnppp2/1p3P2/4P3/2N2N2/PPPQ2PP/1K1R1B1R,1,0
2kr3r/3bbp1p/pqnppp2/1p3P2/4P3/2N2NP1/PPPQ3P/1K1R1B1R,0,0
1k1r3r/3bbp1p/pqnppp2/1p3P2/4P3/2N2NP1/PPPQ3P/1K1R1B1R,1,0
1k1r3r/3bbp1p/pqnpPp2/1p6/4P3/2N2NP1/PPPQ3P/1K1R1B1R,0,0
1k1r3r/3bb2p/pqnppp2/1p6/4P3/2N2NP1/PPPQ3P/1K1R1B1R,1,0
1k1r3r/3bb2p/pqnppp2/1p6/4P3/2N2NPB/PPPQ3P/1K1R3R,0,0
1k1r3r/3bb2p/p1nppp2/1pq5/4P3/2N2NPB/PPPQ3P/1K1R3R,1,0
1k1r3r/3bb2p/p1nppp2/1pq5/4P3/5NPB/PPPQN2P/1K1R3R,0,0
1k1r3r/3bb2p/p2ppp2/1pq1n3/4P3/5NPB/PPPQN2P/1K1R3R,1,0
1k1r3r/3bb2p/p2ppp2/1pq1n3/3NP3/6PB/PPPQN2P/1K1R3R,0,0
1k1r3r/3bb2p/p2ppp2/1pq5/2nNP3/6PB/PPPQN2P/1K1R3R,1,0
1k1r3r/3bb2p/p2ppp2/1pq5/2nNP3/6PB/PPP1N2P/1KQR3R,0,0
1k1r3r/3bb2p/p2p1p2/1pq1p3/2nNP3/6PB/PPP1N2P/1KQR3R,1,0
1k1r3r/3bb2p/p2pNp2/1pq1p3/2n1P3/6PB/PPP1N2P/1KQR3R,0,0
1k1r3r/4b2p/p2pbp2/1pq1p3/2n1P3/6PB/PPP1N2P/1KQR3R,1,0
1k1r3r/4b2p/p2pBp2/1pq1p3/2n1P3/6P1/PPP1N2P/1KQR3R,0,0
1k1r3r/4b3/p2pBp2/1pq1p2p/2n1P3/6P1/PPP1N2P/1KQR3R,1,0
1k1r3r/4b3/p2pBp2/1pq1p2p/2n1P3/3R2P1/PPP1N2P/1KQ4R,0,0
1k1r1b1r/8/p2pBp2/1pq1p2p/2n1P3/3R2P1/PPP1N2P/1KQ4R,1,0
1k1r1b1r/8/p2pBp2/1pq1p2p/2n1P3/3R2P1/PPP1N2P/1K2Q2R,0,0
r1b1k2r/2q1bpp1/p3pn1p/1p2P3/3N4/1BN5/PPP1Q1PP/2KR3R,0,1
r1b1k2r/2q1bppn/p3p2p/1p2P3/3N4/1BN5/PPP1Q1PP/2KR3R,1,1
r1b1k2r/2q1bppn/p3p2p/1p2P3/3N3P/1BN5/PPP1Q1P1/2KR3R,0,1
r1b2rk1/2q1bppn/p3p2p/1p2P3/3N3P/1BN5/PPP1Q1P1/2KR3R,1,1
r1b2rk1/2q1bppn/p3p2p/1p2P3/3N3P/1BN1Q3/PPP3P1/2KR3R,0,1
r4rk1/1bq1bppn/p3p2p/1p2P3/3N3P/1BN1Q3/PPP3P1/2KR3R,1,1
r4rk1/1bq1bppn/p3N2p/1p2P3/7P/1BN1Q3/PPP3P1/2KR3R,0,1
r4rk1/1bq1b1pn/p3p2p/1p2P3/7P/1BN1Q3/PPP3P1/2KR3R,1,1
r4rk1/1bq1b1pn/p3B2p/1p2P3/7P/2N1Q3/PPP3P1/2KR3R,0,1
r4r1k/1bq1b1pn/p3B2p/1p2P3/7P/2N1Q3/PPP3P1/2KR3R,1,1
r4r1k/1bqRb1pn/p3B2p/1p2P3/7P/2N1Q3/PPP3P1/2K4R,0,1
r4r1k/1b1Rb1pn/p1q1B2p/1p2P3/7P/2N1Q3/PPP3P1/2K4R,1,1
r4r1k/1b2R1pn/p1q1B2p/1p2P3/7P/2N1Q3/PPP3P1/2K4R,0,1
r4r1k/1b2R1pn/p3B2p/1p2P3/7P/2N1Q3/PPP3q1/2K4R,1,1
r4r1k/1b2R1pn/p3B2p/1p2P3/7P/2N1Q3/PPP3q1/2K1R3,0,1
3r1r1k/1b2R1pn/p3B2p/1p2P3/7P/2N1Q3/PPP3q1/2K1R3,1,1
3r1r1k/1b2R1pn/p6p/1p2P3/7P/2N1Q2B/PPP3q1/2K1R3,0,1
3r1r1k/1b2R1pn/p1q4p/1p2P3/7P/2N1Q2B/PPP5/2K1R3,1,1
3r1r1k/1b2R1pn/p1q4p/1p2P3/7P/2N3QB/PPP5/2K1R3,0,1
3r1r1k/1b2R2n/p1q4p/1p2P1p1/7P/2N3QB/PPP5/2K1R3,1,1
3r1b2/2k2p1p/p4p2/2p2P2/N2P4/5P2/PP5P/2K3R1,0,0
3r1b2/2k2p1p/p4p2/5P2/N2p4/5P2/PP5P/2K3R1,1,0
3r1b2/2k2p1p/p4p2/5P2/N2p4/5P2/PP5P/3K2R1,0,0
5b2/2k2p1p/p4p2/3r1P2/N2p4/5P2/PP5P/3K2R1,1,0
5bR1/2k2p1p/p4p2/3r1P2/N2p4/5P2/PP5P/3K4,0,0
6R1/2k2p1p/p2b1p2/3r1P2/N2p4/5P2/PP5P/3K4,1,0
8/2k2pRp/p2b1p2/3r1P2/N2p4/5P2/PP5P/3K4,0,0
8/2k2pRp/p2b1p2/5r2/N2p4/5P2/PP5P/3K4,1,0
8/2k2R1p/p2b1p2/5r2/N2p4/5P2/PP5P/3K4,0,0
8/5R1p/p1kb1p2/5r2/N2p4/5P2/PP5P/3K4,1,0
8/5R1p/p1kb1p2/5r2/N2p4/5P2/PP2K2P/8,0,0
8/5R2/p1kb1p2/5r1p/N2p4/5P2/PP2K2P/8,1,0
8/5R2/p1kb1p2/5r1p/N2p4/5P1P/PP2K3/8,0,0
8/5R2/p1kb1p2/4r2p/N2p4/5P1P/PP2K3/8,1,0
8/5R2/p1kb1p2/4r2p/N2p4/5P1P/PP1K4/8,0,0
8/5R2/p1kb1p2/5r1p/N2p4/5P1P/PP1K4/8,1,0
8/5R2/p1kb1p2/5r1p/N2p4/5P1P/PP2K3/8,0,0
8/5R2/p1kb1p2/4r2p/N2p4/5P1P/PP2K3/8,1,0
8/5R2/p1kb1p2/4r2p/N2p4/5P1P/PP1K4/8,0,0
8/5R2/p1kb1p2/5r1p/N2p4/5P1P/PP1K4/8,1,0
4r3/3R3p/p3p1kP/1pB5/2P2p2/PP3n1r/2K1RP2/8,1,0
4r3/7p/p2Rp1kP/1pB5/2P2p2/PP3n1r/2K1RP2/8,0,0
4r3/7p/p2Rp1kP/2B5/2p2p2/PP3n1r/2K1RP2/8,1,0
4r3/7p/p3R1kP/2B5/2p2p2/PP3n1r/2K1RP2/8,0,0
8/7p/p3r1kP/2B5/2p2p2/PP3n1r/2K1RP2/8,1,0
8/7p/p3R1kP/2B5/2p2p2/PP3n1r/2K2P2/8,0,0
8/7p/p3R2P/2B2k2/2p2p2/PP3n1r/2K2P2/8,1,0
8/7p/R6P/2B2k2/2p2p2/PP3n1r/2K2P2/8,0,0
8/7p/R6P/2B2k2/2p2p2/PP5r/2K2P2/4n3,1,0
8/7p/R6P/2B2k2/2p2p2/PP5r/3K1P2/4n3,0,0
8/7p/R6P/2B2k2/5p2/PPp4r/3K1P2/4n3,1,0
8/7p/R6P/2B2k2/5p2/PPp4r/5P2/2K1n3,0,0
8/7p/R6P/2B2k2/5p2/PPpn3r/5P2/2K5,1,0
8/7p/R6P/2B2k2/5p2/PPpn3r/2K2P2/8,0,0
8/7p/R6P/2B2k2/5p2/PPp4r/2K2P2/4n3,1,0
8/7p/R6P/2B2k2/5p2/PPp4r/5P2/2K1n3,0,0
8/7p/R6P/2B2k2/5p2/PPpn3r/5P2/2K5,1,0
8/7p/R6P/2B2k2/5p2/PPpn3r/2K2P2/8,0,0
8/7p/R6P/2B2k2/5p2/PPp4r/2K2P2/4n3,1,0
8/7p/R6P/2B2k2/5p2/PPp4r/5P2/2K1n3,0,0
8/3k4/8/p7/3p1R2/1P2p3/2P4r/4K3,0,-1
8/3k4/8/p7/3p1R2/1P2p3/2Pr4/4K3,1,-1
8/3k4/8/p7/3pR3/1P2p3/2Pr4/4K3,0,-1
8/8/3k4/p7/3pR3/1P2p3/2Pr4/4K3,1,-1
8/8/3k4/p7/3pR3/1PP1p3/3r4/4K3,0,-1
8/8/8/p2k4/3pR3/1PP1p3/3r4/4K3,1,-1
4R3/8/8/p2k4/3p4/1PP1p3/3r4/4K3,0,-1
4R3/8/8/p2k4/8/1Pp1p3/3r4/4K3,1,-1
8/8/8/p2k4/8/1Pp1R3/3r4/4K3,0,-1
8/8/8/p7/3k4/1Pp1R3/3r4/4K3,1,-1
4R3/8/8/p7/3k4/1Pp5/3r4/4K3,0,-1
4R3/8/8/p7/3k4/1Pp5/1r6/4K3,1,-1
3R4/8/8/p7/3k4/1Pp5/1r6/4K3,0,-1
3R4/8/8/p7/8/1Pp1k3/1r6/4K3,1,-1
4R3/8/8/p7/8/1Pp1k3/1r6/4K3,0,-1
4R3/8/8/p7/8/1Ppk4/1r6/4K3,1,-1
R7/8/8/p7/8/1Ppk4/1r6/4K3,0,-1
R7/8/8/p7/8/1Ppk4/8/1r2K3,1,-1
R7/8/8/p7/8/1Ppk4/5K2/1r6,0,-1
R7/8/8/p7/8/1P1k4/2p2K2/1r6,1,-1
r3kb1R/1bqn1pp1/pn6/6P1/1p1QP3/8/PPP1N3/2KR1B2,1,0
r3kb1R/1bqn1pp1/pn6/6P1/1Q2P3/8/PPP1N3/2KR1B2,0,0
2kr1b1R/1bqn1pp1/pn6/6P1/1Q2P3/8/PPP1N3/2KR1B2,1,0
2kr1b1R/1bqn1pp1/pn6/6P1/4P3/1Q6/PPP1N3/2KR1B2,0,0
2kr1b1R/2qn1pp1/pn6/6P1/4b3/1Q6/PPP1N3/2KR1B2,1,0
2kr1b1R/2qn1pp1/pn6/6P1/4b3/1QN5/PPP5/2KR1B2,0,0
2kr1b1R/3n1pp1/pn6/6P1/4bq2/1QN5/PPP5/2KR1B2,1,0
2kr1b1R/3n1pp1/pn6/6P1/4bq2/1QN5/PPP5/1K1R1B2,0,0
3r1b1R/2kn1pp1/pn6/6P1/4bq2/1QN5/PPP5/1K1R1B2,1,0
3r1b1R/2kn1pp1/Bn6/6P1/4bq2/1QN5/PPP5/1K1R4,0,0
3r1b1R/2k2pp1/Bn6/2n3P1/4bq2/1QN5/PPP5/1K1R4,1,0
3r1b1R/2k2pp1/Bn6/1Nn3P1/4bq2/1Q6/PPP5/1K1R4,0,0
3r1b1R/5pp1/Bnk5/1Nn3P1/4bq2/1Q6/PPP5/1K1R4,1,0
3r1b1R/N4pp1/Bnk5/2n3P1/4bq2/1Q6/PPP5/1K1R4,0,0
3r1b1R/N1k2pp1/Bn6/2n3P1/4bq2/1Q6/PPP5/1K1R4,1,0
3r1b1R/2k2pp1/Bn6/1Nn3P1/4bq2/1Q6/PPP5/1K1R4,0,0
3r1b1R/5pp1/Bnk5/1Nn3P1/4bq2/1Q6/PPP5/1K1R4,1,0
3r1b1R/N4pp1/Bnk5/2n3P1/4bq2/1Q6/PPP5/1K1R4,0,0
3r1b1R/N1k2pp1/Bn6/2n3P1/4bq2/1Q6/PPP5/1K1R4,1,0
3r1b1R/2k2pp1/Bn6/1Nn3P1/4bq2/1Q6/PPP5/1K1R4,0,0
3r4/7p/3P1k2/4p3/8/5K2/3R1P1P/8,0,0
3r4/7p/3Pk3/4p3/8/5K2/3R1P1P/8,1,0
3r4/7p/3Pk3/4p3/4K3/8/3R1P1P/8,0,0
8/7p/3rk3/4p3/4K3/8/3R1P1P/8,1,0
8/7p/3Rk3/4p3/4K3/8/5P1P/8,0,0
8/7p/3k4/4p3/4K3/8/5P1P/8,1,0
8/7p/3k4/4pK2/8/8/5P1P/8,0,0
8/7p/8/3kpK2/8/8/5P1P/8,1,0
8/7p/8/3kpK2/7P/8/5P2/8,0,0
8/7p/8/3k1K2/4p2P/8/5P2/8,1,0
8/7p/8/3k1K1P/4p3/8/5P2/8,0,0
8/7p/8/5K1P/3kp3/8/5P2/8,1,0
8/7p/7P/5K2/3kp3/8/5P2/8,0,0
8/7p/7P/3k1K2/4p3/8/5P2/8,1,0
8/7p/5K1P/3k4/4p3/8/5P2/8,0,0
8/7p/3k1K1P/8/4p3/8/5P2/8,1,0
8/5K1p/3k3P/8/4p3/8/5P2/8,0,0
8/3k1K1p/7P/8/4p3/8/5P2/8,1,0
8/3k3p/5K1P/8/4p3/8/5P2/8,0,0
8/7p/3k1K1P/8/4p3/8/5P2/8,1,0
3qk2r/1b2bp1p/p1rp2p1/n1nNp1P1/4P2P/2P1B1NB/5P2/R2QK2R,1,1
3qk2r/1b2bp1p/p1rp2p1/n1nNp1P1/4P2P/2P1B1NB/5P2/1R1QK2R,0,1
3q1rk1/1b2bp1p/p1rp2p1/n1nNp1P1/4P2P/2P1B1NB/5P2/1R1QK2R,1,1
3q1rk1/1b2bp1p/p1rp2p1/n1nNpNP1/4P2P/2P1B2B/5P2/1R1QK2R,0,1
3qr1k1/1b2bp1p/p1rp2p1/n1nNpNP1/4P2P/2P1B2B/5P2/1R1QK2R,1,1
3qr1k1/1b2Np1p/p1rp2p1/n1nNp1P1/4P2P/2P1B2B/5P2/1R1QK2R,0,1
3q2k1/1b2rp1p/p1rp2p1/n1nNp1P1/4P2P/2P1B2B/5P2/1R1QK2R,1,1
3q2k1/1b2rp1p/p1rp2p1/n1nNp1PP/4P3/2P1B2B/5P2/1R1QK2R,0,1
3q2k1/1b2rp1p/p1rp2p1/n2Np1PP/4n3/2P1B2B/5P2/1R1QK2R,1,1
3q2k1/1b2rp1p/p1rp2P1/n2Np1P1/4n3/2P1B2B/5P2/1R1QK2R,0,1
3q2k1/1b2rp2/p1rp2p1/n2Np1P1/4n3/2P1B2B/5P2/1R1QK2R,1,1
3q2k1/1b2rp2/p1rp2p1/n2Np1P1/4n3/2P1B3/5PB1/1R1QK2R,0,1
3q2k1/1b2rp2/p1rp2p1/n2Np1P1/8/2n1B3/5PB1/1R1QK2R,1,1
3q2k1/1b2rp2/p1rp1Np1/n3p1P1/8/2n1B3/5PB1/1R1QK2R,0,1
3q4/1b2rpk1/p1rp1Np1/n3p1P1/8/2n1B3/5PB1/1R1QK2R,1,1
3q4/1b2rpkR/p1rp1Np1/n3p1P1/8/2n1B3/5PB1/1R1QK3,0,1
3q1k2/1b2rp1R/p1rp1Np1/n3p1P1/8/2n1B3/5PB1/1R1QK3,1,1
3q1k1R/1b2rp2/p1rp1Np1/n3p1P1/8/2n1B3/5PB1/1R1QK3,0,1
3q3R/1b2rpk1/p1rp1Np1/n3p1P1/8/2n1B3/5PB1/1R1QK3,1,1
3R4/1b2rpk1/p1rp1Np1/n3p1P1/8/2n1B3/5PB1/1R1QK3,0,1
4rk1r/3q1pp1/3p4/p2Pb3/P1P4p/4B3/1P4PP/2R1QRK1,0,-1
4rk1r/3q1pp1/3p4/p2Pb3/P1P5/4B2p/1P4PP/2R1QRK1,1,-1
4rk1r/3q1pp1/3p4/p2Pb3/P1P5/4B1Pp/1P5P/2R1QRK1,0,-1
4rk1r/3q1pp1/3p4/p2P4/P1Pb4/4B1Pp/1P5P/2R1QRK1,1,-1
4rk1r/3q1pp1/3p4/p2P4/P1Pb4/4BRPp/1P5P/2R1Q1K1,0,-1
4rk1r/5pp1/3p4/p2P4/P1Pb2q1/4BRPp/1P5P/2R1Q1K1,1,-1
4rk1r/5pp1/3p4/p2P4/P1Pb2q1/4BRPp/1P3Q1P/2R3K1,0,-1
4rk1r/5pp1/3p4/p2P4/P1Pb4/4BqPp/1P3Q1P/2R3K1,1,-1
4rk1r/5pp1/3p4/p2P4/P1PB4/5qPp/1P3Q1P/2R3K1,0,-1
4rk1r/5pp1/3p4/p2P4/P1PBq3/6Pp/1P3Q1P/2R3K1,1,-1
4rk1r/5pp1/3p4/p2P4/P1PBq3/6Pp/1P3Q1P/5RK1,0,-1
4rk1r/6p1/3p1p2/p2P4/P1PBq3/6Pp/1P3Q1P/5RK1,1,-1
4rk1r/6p1/3p1p2/p2P4/P1P1q3/2B3Pp/1P3Q1P/5RK1,0,-1
4rk2/6p1/3p1p2/p2P3r/P1P1q3/2B3Pp/1P3Q1P/5RK1,1,-1
4rk2/6p1/3p1p2/p2P3r/P1P1q3/2B3Pp/1P3Q1P/4R1K1,0,-1
4rk2/6p1/3p1p2/p2P3r/P1q5/2B3Pp/1P3Q1P/4R1K1,1,-1
4Rk2/6p1/3p1p2/p2P3r/P1q5/2B3Pp/1P3Q1P/6K1,0,-1
4k3/6p1/3p1p2/p2P3r/P1q5/2B3Pp/1P3Q1P/6K1,1,-1
4k3/6p1/3p1p2/p2P3r/P1q5/2B3Pp/1P5P/4Q1K1,0,-1
5k2/6p1/3p1p2/p2P3r/P1q5/2B3Pp/1P5P/4Q1K1,1,-1
8/8/3R3P/8/1b5r/5K2/8/7k,1,0
8/8/3R3P/8/1b5r/6K1/8/7k,0,0
8/8/3R3P/8/7r/6K1/8/4b2k,1,0
8/8/3R3P/8/7r/5K2/8/4b2k,0,0
8/8/3R3P/8/7r/5K2/8/4b1k1,1,0
8/8/6RP/8/7r/5K2/8/4b1k1,0,0
8/8/6RP/8/7r/5K2/8/4bk2,1,0
8/8/R6P/8/7r/5K2/8/4bk2,0,0
8/8/R6P/8/8/5K1r/8/4bk2,1,0
8/8/R6P/8/6K1/7r/8/4bk2,0,0
8/8/R6P/8/6K1/8/7r/4bk2,1,0
8/8/5R1P/8/6K1/8/7r/4bk2,0,0
8/8/5R1P/8/6K1/8/6kr/4b3,1,0
8/8/4R2P/8/6K1/8/6kr/4b3,0,0
8/8/4R2P/8/6K1/8/7r/4bk2,1,0
8/8/7P/8/6K1/8/7r/4Rk2,0,0
8/8/7P/8/6K1/8/7r/4k3,1,0
8/8/7P/6K1/8/8/7r/4k3,0,0
8/8/7r/6K1/8/8/8/4k3,1,0
8/8/7K/8/8/8/8/4k3,0,0
5rk1/1N2bpp1/Q7/3Bp2p/3nP3/P2R4/KP5q/8,1,1
5rk1/1N2bpp1/8/3Bp2p/2QnP3/P2R4/KP5q/8,0,1
5rk1/1N2bpp1/8/3Bp2p/2QnP3/P2R4/KP2q3/8,1,1
5rk1/1N2bpp1/8/3Bp2p/2QRP3/P7/KP2q3/8,0,1
5rk1/1N2bpp1/8/3Bp2p/2qRP3/P7/KP6/8,1,1
5rk1/1N2bpp1/8/3Bp2p/2R1P3/P7/KP6/8,0,1
5rk1/1N2bp2/8/3Bp1pp/2R1P3/P7/KP6/8,1,1
5rk1/1NR1bp2/8/3Bp1pp/4P3/P7/KP6/8,0,1
4r1k1/1NR1bp2/8/3Bp1pp/4P3/P7/KP6/8,1,1
4r1k1/1NR1bp2/2B5/4p1pp/4P3/P7/KP6/8,0,1
3br1k1/1NR2p2/2B5/4p1pp/4P3/P7/KP6/8,1,1
2Rbr1k1/1N3p2/2B5/4p1pp/4P3/P7/KP6/8,0,1
2Rb1rk1/1N3p2/2B5/4p1pp/4P3/P7/KP6/8,1,1
2RN1rk1/5p2/2B5/4p1pp/4P3/P7/KP6/8,0,1
2RN1rk1/5p2/2B5/4p2p/4P1p1/P7/KP6/8,1,1
2RN1rk1/3B1p2/8/4p2p/4P1p1/P7/KP6/8,0,1
2RN1r2/3B1pk1/8/4p2p/4P1p1/P7/KP6/8,1,1
2RN1r2/3B1pk1/8/4p2p/P3P1p1/8/KP6/8,0,1
2RN1r2/3B1p2/5k2/4p2p/P3P1p1/8/KP6/8,1,1
2RN1r2/3B1p2/5k2/P3p2p/4P1p1/8/KP6/8,0,1
1rbq1rk1/p2nppbp/2np2p1/3N4/Q3P3/2N3PP/PP3PB1/R1B2RK1,0,-1
1r1q1rk1/pb1nppbp/2np2p1/3N4/Q3P3/2N3PP/PP3PB1/R1B2RK1,1,-1
1r1q1rk1/pb1nppbp/2np2p1/3N4/Q3P3/2N1B1PP/PP3PB1/R4RK1,0,-1
1r1q1rk1/pb1n1pbp/2npp1p1/3N4/Q3P3/2N1B1PP/PP3PB1/R4RK1,1,-1
1r1q1rk1/pb1n1pbp/2npp1p1/8/Q3PN2/2N1B1PP/PP3PB1/R4RK1,0,-1
1r1q1rk1/pb3pbp/2npp1p1/2n5/Q3PN2/2N1B1PP/PP3PB1/R4RK1,1,-1
1r1q1rk1/pb3pbp/2npp1p1/2B5/Q3PN2/2N3PP/PP3PB1/R4RK1,0,-1
1r1q1rk1/pb3pbp/2n1p1p1/2p5/Q3PN2/2N3PP/PP3PB1/R4RK1,1,-1
1r1q1rk1/pb3pbp/2n1p1p1/2p5/2Q1PN2/2N3PP/PP3PB1/R4RK1,0,-1
1r3rk1/pb3pbp/2n1p1p1/q1p5/2Q1PN2/2N3PP/PP3PB1/R4RK1,1,-1
1r3rk1/pb3pbp/2n1N1p1/q1p5/2Q1P3/2N3PP/PP3PB1/R4RK1,0,-1
1r3rk1/pb4bp/2n1p1p1/q1p5/2Q1P3/2N3PP/PP3PB1/R4RK1,1,-1
1r3rk1/pb4bp/2n1Q1p1/q1p5/4P3/2N3PP/PP3PB1/R4RK1,0,-1
1r3r1k/pb4bp/2n1Q1p1/q1p5/4P3/2N3PP/PP3PB1/R4RK1,1,-1
1r3r1k/pb4bp/2n1Q1p1/q1p5/4PP2/2N3PP/PP4B1/R4RK1,0,-1
1r3r1k/pb4bp/4Q1p1/q1p5/3nPP2/2N3PP/PP4B1/R4RK1,1,-1
1r3r1k/pb1Q2bp/6p1/q1p5/3nPP2/2N3PP/PP4B1/R4RK1,0,-1
1r3r1k/p2Q2bp/2b3p1/q1p5/3nPP2/2N3PP/PP4B1/R4RK1,1,-1
1r3r1k/p5bp/2bQ2p1/q1p5/3nPP2/2N3PP/PP4B1/R4RK1,0,-1
3r1r1k/p5bp/2bQ2p1/q1p5/3nPP2/2N3PP/PP4B1/R4RK1,1,-1
5rk1/4bppp/8/pP2p3/2P1Nn2/1q3P2/R5PP/2QR3K,1,1
5rk1/4bppp/8/pP2p3/2P1Nn2/1q3P2/1R4PP/2QR3K,0,1
5rk1/4bppp/8/pP2p3/2P1Nn2/q4P2/1R4PP/2QR3K,1,1
5rk1/4bppp/8/pP2p3/2P1Nn2/q4P2/1RQ3PP/3R3K,0,1
5rk1/4bppp/8/pP2p3/2P1Nn2/4qP2/1RQ3PP/3R3K,1,1
5rk1/4bppp/8/pP2p3/2P1Nn2/1R2qP2/2Q3PP/3R3K,0,1
5rk1/q3bppp/8/pP2p3/2P1Nn2/1R3P2/2Q3PP/3R3K,1,1
5rk1/q3bppp/8/pPP1p3/4Nn2/1R3P2/2Q3PP/3R3K,0,1
5rk1/q3bppp/4n3/pPP1p3/4N3/1R3P2/2Q3PP/3R3K,1,1
5rk1/q3bppp/1P2n3/p1P1p3/4N3/1R3P2/2Q3PP/3R3K,0,1
5rk1/4bppp/qP2n3/p1P1p3/4N3/1R3P2/2Q3PP/3R3K,1,1
5rk1/1P2bppp/q3n3/p1P1p3/4N3/1R3P2/2Q3PP/3R3K,0,1
5rk1/1P2bppp/q7/p1P1p3/3nN3/1R3P2/2Q3PP/3R3K,1,1
5rk1/1P2bppp/q7/p1P1p3/3nN3/1R1Q1P2/6PP/3R3K,0,1
5rk1/qP2bppp/8/p1P1p3/3nN3/1R1Q1P2/6PP/3R3K,1,1
5rk1/qP2bppp/8/p1P1p3/3nN3/3Q1P2/6PP/1R1R3K,0,1
5rk1/qP2bppp/8/2P1p3/p2nN3/3Q1P2/6PP/1R1R3K,1,1
5rk1/qP2bppp/8/2P1p3/p1QnN3/5P2/6PP/1R1R3K,0,1
5rk1/qP2bppp/8/2P1p3/2QnN3/p4P2/6PP/1R1R3K,1,1
5rk1/qP2bppp/2P5/4p3/2QnN3/p4P2/6PP/1R1R3K,0,1
r2r4/1p1bkppQ/p2qp3/3p2P1/3NRP2/1BP5/PP5P/R6K,0,-1
r2r4/1p1bkppQ/p2qp3/6P1/3NpP2/1BP5/PP5P/R6K,1,-1
r2r4/1p1bkppQ/p2qp3/6P1/3NpP2/1BP5/PP5P/5R1K,0,-1
r5r1/1p1bkppQ/p2qp3/6P1/3NpP2/1BP5/PP5P/5R1K,1,-1
r5r1/1p1bkppQ/p2qp3/5PP1/3Np3/1BP5/PP5P/5R1K,0,-1
r5r1/1p1bkppQ/p3p3/4qPP1/3Np3/1BP5/PP5P/5R1K,1,-1
r5r1/1p1bkppQ/p3pP2/4q1P1/3Np3/1BP5/PP5P/5R1K,0,-1
r5r1/1p1b1ppQ/p2kpP2/4q1P1/3Np3/1BP5/PP5P/5R1K,1,-1
r5r1/1p1b1pp1/p2kpP2/4q1P1/3Np2Q/1BP5/PP5P/5R1K,0,-1
r6r/1p1b1pp1/p2kpP2/4q1P1/3Np2Q/1BP5/PP5P/5R1K,1,-1
r6r/1p1b1pp1/p2kpP2/4q1P1/3Np3/1BP5/PP3Q1P/5R1K,0,-1
r6r/1p1b1p2/p2kpp2/4q1P1/3Np3/1BP5/PP3Q1P/5R1K,1,-1
r6r/1p1b1p2/p2kpP2/4q3/3Np3/1BP5/PP3Q1P/5R1K,0,-1
r6r/1p1b1p2/p2kpP2/4q3/3N4/1BP1p3/PP3Q1P/5R1K,1,-1
r6r/1p1b1p2/p2kpP2/4q3/3N4/1BP1p3/PP2Q2P/5R1K,0,-1
r6r/1p1b1p2/p2kpP2/8/3Nq3/1BP1p3/PP2Q2P/5R1K,1,-1
r6r/1p1b1p2/p2kpP2/8/3Nq3/1BP1pR2/PP2Q2P/7K,0,-1
6rr/1p1b1p2/p2kpP2/8/3Nq3/1BP1pR2/PP2Q2P/7K,1,-1
6rr/1p1b1p2/p2kpP2/8/3Nq3/2P1pR2/PPB1Q2P/7K,0,-1
6rr/1p1b1p2/p2kpP2/8/3N2q1/2P1pR2/PPB1Q2P/7K,1,-1
r2qkb1r/pp3ppp/2npbn2/4p3/4P3/1NN2P2/PPP3PP/R1BQKB1R,1,0
r2qkb1r/pp3ppp/2npbn2/4p3/4P3/1NN1BP2/PPP3PP/R2QKB1R,0,0
r2qkb1r/pp3ppp/2n1bn2/3pp3/4P3/1NN1BP2/PPP3PP/R2QKB1R,1,0
r2qkb1r/pp3ppp/2n1bn2/3Pp3/8/1NN1BP2/PPP3PP/R2QKB1R,0,0
r2qkb1r/pp3ppp/2n1b3/3np3/8/1NN1BP2/PPP3PP/R2QKB1R,1,0
r2qkb1r/pp3ppp/2n1b3/3Np3/8/1N2BP2/PPP3PP/R2QKB1R,0,0
r3kb1r/pp3ppp/2n1b3/3qp3/8/1N2BP2/PPP3PP/R2QKB1R,1,0
r3kb1r/pp3ppp/2n1b3/3Qp3/8/1N2BP2/PPP3PP/R3KB1R,0,0
r3kb1r/pp3ppp/2n5/3bp3/8/1N2BP2/PPP3PP/R3KB1R,1,0
r3kb1r/pp3ppp/2n5/3bp3/8/1N2BP2/PPP3PP/2KR1B1R,0,0
2kr1b1r/pp3ppp/2n5/3bp3/8/1N2BP2/PPP3PP/2KR1B1R,1,0
2kr1b1r/pp3ppp/2n5/1B1bp3/8/1N2BP2/PPP3PP/2KR3R,0,0
2kr1b1r/1p3ppp/p1n5/1B1bp3/8/1N2BP2/PPP3PP/2KR3R,1,0
2kr1b1r/1p3ppp/p1B5/3bp3/8/1N2BP2/PPP3PP/2KR3R,0,0
2kr1b1r/1p3ppp/p1b5/4p3/8/1N2BP2/PPP3PP/2KR3R,1,0
2kr1b1r/1p3ppp/pBb5/4p3/8/1N3P2/PPP3PP/2KR3R,0,0
2k2b1r/1p3ppp/pBb5/4p3/8/1N3P2/PPP3PP/2Kr3R,1,0
2k2b1r/1p3ppp/pBb5/4p3/8/1N3P2/PPP3PP/2KR4,0,0
2k4r/1p2bppp/pBb5/4p3/8/1N3P2/PPP3PP/2KR4,1,0
2k4r/1p2bppp/pBb5/N3p3/8/5P2/PPP3PP/2KR4,0,0
4nrk1/5pp1/p3p3/8/5P2/5Q1P/q3N1RK/8,1,0
4nrk1/5pp1/p3p3/8/5P2/5QNP/q5RK/8,0,0
4nrk1/5pp1/p3p3/3q4/5P2/5QNP/6RK/8,1,0
4nrk1/5pp1/p3p3/3q4/4NP2/5Q1P/6RK/8,0,0
4nrk1/6p1/p3p3/3q1p2/4NP2/5Q1P/6RK/8,1,0
4nrk1/6p1/p3p3/3q1pN1/5P2/5Q1P/6RK/8,0,0
4nrk1/6p1/p3p3/5pN1/5P2/5q1P/6RK/8,1,0
4nrk1/6p1/p3p3/5p2/5P2/5N1P/6RK/8,0,0
5rk1/6p1/p3pn2/5p2/5P2/5N1P/6RK/8,1,0
5rk1/6p1/p3pn2/5pN1/5P2/7P/6RK/8,0,0
4r1k1/6p1/p3pn2/5pN1/5P2/7P/6RK/8,1,0
4r1k1/6p1/p3pn2/5pN1/5P2/7P/R6K/8,0,0
4r1k1/6p1/p3p3/5pN1/4nP2/7P/R6K/8,1,0
4r1k1/6p1/p3p3/5p2/4NP2/7P/R6K/8,0,0
4r1k1/6p1/p3p3/8/4pP2/7P/R6K/8,1,0
4r1k1/6p1/R3p3/8/4pP2/7P/7K/8,0,0
4r1k1/6p1/R7/4p3/4pP2/7P/7K/8,1,0
4r1k1/6p1/R7/4pP2/4p3/7P/7K/8,0,0
4r3/5kp1/R7/4pP2/4p3/7P/7K/8,1,0
4r3/5kp1/R7/4pP2/4p3/6KP/8/8,0,0
r5k1/5pp1/4bn1p/8/1p2P2P/4NPP1/rR1R1KB1/8,1,0
r5k1/5pp1/4bn1p/8/1p2P2P/4NPP1/rR1R1K2/5B2,0,0
r5k1/5pp1/4bn1p/8/4P2P/1p2NPP1/rR1R1K2/5B2,1,0
r5k1/5pp1/4bn1p/8/4P2P/1p3PP1/rR1R1K2/3N1B2,0,0
r5k1/3n1pp1/4b2p/8/4P2P/1p3PP1/rR1R1K2/3N1B2,1,0
r5k1/3n1pp1/4b2p/8/4P2P/1p2KPP1/rR1R4/3N1B2,0,0
r5k1/5pp1/4b2p/2n5/4P2P/1p2KPP1/rR1R4/3N1B2,1,0
r5k1/5pp1/4b2p/2n5/4P2P/1pN1KPP1/rR1R4/5B2,0,0
r5k1/5pp1/4b2p/2n5/4P2P/1pN1KPP1/1r1R4/5B2,1,0
r5k1/5pp1/4b2p/2n5/4P2P/1pN1KPP1/1R6/5B2,0,0
r5k1/5pp1/4b2p/8/n3P2P/1pN1KPP1/1R6/5B2,1,0
r5k1/5pp1/4b2p/8/N3P2P/1p2KPP1/1R6/5B2,0,0
6k1/5pp1/4b2p/8/r3P2P/1p2KPP1/1R6/5B2,1,0
6k1/5pp1/4b2p/8/r3P2P/1p2KPP1/8/1R3B2,0,0
6k1/5p2/4b2p/6p1/r3P2P/1p2KPP1/8/1R3B2,1,0
6k1/5p2/4b2p/6P1/r3P3/1p2KPP1/8/1R3B2,0,0
6k1/5p2/4b3/6p1/r3P3/1p2KPP1/8/1R3B2,1,0
6k1/5p2/4b3/6p1/r3P3/1p2KPP1/4B3/1R6,0,0
5k2/5p2/4b3/6p1/r3P3/1p2KPP1/4B3/1R6,1,0
5k2/5p2/4b3/6p1/r3P3/1p2KPP1/8/1R1B4,0,0
8/8/PQ2k3/2p5/6pp/1P6/4K1P1/q7,0,0
8/3k4/PQ6/2p5/6pp/1P6/4K1P1/q7,1,0
8/1Q1k4/P7/2p5/6pp/1P6/4K1P1/q7,0,0
8/1Q6/P2k4/2p5/6pp/1P6/4K1P1/q7,1,0
8/PQ6/3k4/2p5/6pp/1P6/4K1P1/q7,0,0
8/PQ6/3k4/2p5/6pp/1P6/1q2K1P1/8,1,0
8/PQ6/3k4/2p5/6pp/1P6/1q4P1/3K4,0,0
8/PQ6/3k4/2p5/3q2pp/1P6/6P1/3K4,1,0
8/PQ6/3k4/2p5/3q2pp/1P6/2K3P1/8,0,0
8/PQ6/3k4/2p5/6pp/1P6/2K2qP1/8,1,0
8/PQ6/3k4/2p5/6pp/1PK5/5qP1/8,0,0
8/PQ6/3k4/2p5/3q2pp/1PK5/6P1/8,1,0
8/PQ6/3k4/2p5/3q2pp/1P6/2K3P1/8,0,0
8/PQ6/3k4/2p5/6pp/1P6/2K2qP1/8,1,0
8/PQ6/3k4/2p5/6pp/1P1K4/5qP1/8,0,0
8/PQ6/3k4/2p5/3q2pp/1P1K4/6P1/8,1,0
8/PQ6/3k4/2p5/3q2pp/1P6/4K1P1/8,0,0
8/PQ6/3k4/2p5/6pp/1P6/1q2K1P1/8,1,0
8/PQ6/3k4/2p5/6pp/1P6/1q4P1/3K4,0,0
8/PQ6/3k4/2p5/3q2pp/1P6/6P1/3K4,1,0
2kr3r/1bq2p2/p2pp3/1p2n3/P1n3P1/1NN4P/1PP2QB1/1K1RR3,1,1
2kr3r/1bq2p2/p2pp3/1P2n3/2n3P1/1NN4P/1PP2QB1/1K1RR3,0,1
2kr3r/2q2p2/p2pp3/1P2n3/2n3P1/1NN4P/1PP2Qb1/1K1RR3,1,1
2kr3r/2q2p2/p2pp3/1P2n3/2n3P1/1NN4P/1PP3Q1/1K1RR3,0,1
2kr3r/1q3p2/p2pp3/1P2n3/2n3P1/1NN4P/1PP3Q1/1K1RR3,1,1
2kr3r/1q3p2/p2pp3/1P2n3/2n3P1/1NN3QP/1PP5/1K1RR3,0,1
3r3r/1qk2p2/p2pp3/1P2n3/2n3P1/1NN3QP/1PP5/1K1RR3,1,1
3r3r/1qk2p2/p2pp3/1P2n3/2nN2P1/2N3QP/1PP5/1K1RR3,0,1
r6r/1qk2p2/p2pp3/1P2n3/2nN2P1/2N3QP/1PP5/1K1RR3,1,1
r6r/1qk2p2/p2pp3/1P2n3/2nN2P1/1PN3QP/2P5/1K1RR3,0,1
r6r/1qk2p2/3pp3/1p2n3/2nN2P1/1PN3QP/2P5/1K1RR3,1,1
r6r/1qk2p2/3pp3/1N2n3/2n3P1/1PN3QP/2P5/1K1RR3,0,1
rk5r/1q3p2/3pp3/1N2n3/2n3P1/1PN3QP/2P5/1K1RR3,1,1
rk5r/1q3p2/3Rp3/1N2n3/2n3P1/1PN3QP/2P5/1K2R3,0,1
rk5r/5p2/3Rp3/1N2n3/2n3P1/1PN2qQP/2P5/1K2R3,1,1
rk5r/5p2/3Rp3/1N2n3/2n3P1/1PN2q1P/2P5/1K2R1Q1,0,1
rk5r/5p2/3np3/1N2n3/6P1/1PN2q1P/2P5/1K2R1Q1,1,1
rk5r/5p2/1Q1np3/1N2n3/6P1/1PN2q1P/2P5/1K2R3,0,1
rk5r/1q3p2/1Q1np3/1N2n3/6P1/1PN4P/2P5/1K2R3,1,1
rk5r/1q3p2/3Qp3/1N2n3/6P1/1PN4P/2P5/1K2R3,0,1
r4rk1/2q1bpp1/p3p1bp/1pp1P3/6P1/1BP2N1P/PP2QP2/3RR1K1,1,0
r4rk1/2q1bpp1/p3p1bp/1pp1P3/6P1/2P2N1P/PPB1QP2/3RR1K1,0,0
r4rk1/2q1bpp1/p3p2p/1pp1P3/6P1/2P2N1P/PPb1QP2/3RR1K1,1,0
r4rk1/2q1bpp1/p3p2p/1pp1P3/6P1/2P2N1P/PPQ2P2/3RR1K1,0,0
r4rk1/2q1b1p1/p3p2p/1pp1Pp2/6P1/2P2N1P/PPQ2P2/3RR1K1,1,0
r4rk1/2q1b1p1/p3pP1p/1pp5/6P1/2P2N1P/PPQ2P2/3RR1K1,0,0
r5k1/2q1b1p1/p3pr1p/1pp5/6P1/2P2N1P/PPQ2P2/3RR1K1,1,0
r5k1/2q1b1p1/p3pr1p/1pp1N3/6P1/2P4P/PPQ2P2/3RR1K1,0,0
r5k1/2q3p1/p2bpr1p/1pp1N3/6P1/2P4P/PPQ2P2/3RR1K1,1,0
r5k1/2q3p1/p2bpr1p/1pp1N3/4Q1P1/2P4P/PP3P2/3RR1K1,0,0
5rk1/2q3p1/p2bpr1p/1pp1N3/4Q1P1/2P4P/PP3P2/3RR1K1,1,0
5rk1/2q3p1/p2bpr1p/1pp1N3/4Q1P1/2P4P/PP1R1P2/4R1K1,0,0
5rk1/2q3p1/p2bpr1p/1p2N3/2p1Q1P1/2P4P/PP1R1P2/4R1K1,1,0
5rk1/2q3p1/p2bpr1p/1p2N3/2p1Q1P1/2P4P/PP1RRP2/6K1,0,0
5rk1/2q3p1/p3pr1p/1pb1N3/2p1Q1P1/2P4P/PP1RRP2/6K1,1,0
5rk1/2q3p1/p3pr1p/1pb1N3/2p1Q1P1/2P4P/PP1RRP2/5K2,0,0
5rk1/2q3p1/p2bpr1p/1p2N3/2p1Q1P1/2P4P/PP1RRP2/5K2,1,0
5rk1/2q3p1/p2bpr1p/1p2N3/2p1Q1P1/2P4P/PP1RRP2/6K1,0,0
5rk1/2q3p1/p3pr1p/1pb1N3/2p1Q1P1/2P4P/PP1RRP2/6K1,1,0
5rk1/2q3p1/p3pr1p/1pb1N3/2p1Q1P1/2P4P/PP1RRP2/5K2,0,0
1rr3k1/pp2ppb1/3p1np1/q7/2bBP2R/P1NB1P2/1PPQ2P1/1K1R4,0,-1
1rr3k1/pp2ppb1/3p1np1/q7/3BP2R/P1Nb1P2/1PPQ2P1/1K1R4,1,-1
1rr3k1/pp2ppb1/3p1np1/q7/3BP2R/P1NP1P2/1P1Q2P1/1K1R4,0,-1
1rr3k1/p3ppb1/3p1np1/qp6/3BP2R/P1NP1P2/1P1Q2P1/1K1R4,1,-1
1rr3k1/p3ppb1/3p1np1/qp6/3BP2R/P1NP1P2/1P1Q2P1/1K5R,0,-1
1rr3k1/p4pb1/3p1np1/qp2p3/3BP2R/P1NP1P2/1P1Q2P1/1K5R,1,-1
1rr3k1/p4pb1/3p1np1/qp2p3/4P2R/P1NPBP2/1P1Q2P1/1K5R,0,-1
1rr3k1/p4pb1/3p1np1/q3p3/1p2P2R/P1NPBP2/1P1Q2P1/1K5R,1,-1
1rr3k1/p4pb1/3p1np1/q3p3/1p2P2R/P2PBP2/NP1Q2P1/1K5R,0,-1
1rr3k1/p4pb1/3p1np1/4p3/qp2P2R/P2PBP2/NP1Q2P1/1K5R,1,-1
1rr3k1/p4pb1/3p1np1/4p3/qN2P2R/P2PBP2/1P1Q2P1/1K5R,0,-1
1rr3k1/5pb1/3p1np1/p3p3/qN2P2R/P2PBP2/1P1Q2P1/1K5R,1,-1
1rr3k1/5pb1/3p1npB/p3p3/qN2P2R/P2P1P2/1P1Q2P1/1K5R,0,-1
1rr3kb/5p2/3p1npB/p3p3/qN2P2R/P2P1P2/1P1Q2P1/1K5R,1,-1
1rr3kb/5p2/3p1np1/p3p1B1/qN2P2R/P2P1P2/1P1Q2P1/1K5R,0,-1
1rr3k1/5pb1/3p1np1/p3p1B1/qN2P2R/P2P1P2/1P1Q2P1/1K5R,1,-1
1rr3k1/5pb1/3p1Bp1/p3p3/qN2P2R/P2P1P2/1P1Q2P1/1K5R,0,-1
1rr3k1/5p2/3p1bp1/p3p3/qN2P2R/P2P1P2/1P1Q2P1/1K5R,1,-1
1rr3k1/5p1R/3p1bp1/p3p3/qN2P3/P2P1P2/1P1Q2P1/1K5R,0,-1
2r3k1/5p1R/3p1bp1/p3p3/qr2P3/P2P1P2/1P1Q2P1/1K5R,1,-1
2r4r/1pk2ppp/4b3/1Bq1P3/Pp1p4/1P6/2P3PP/1K1RQR2,1,1
2r4r/1pk2ppp/4b3/1Bq1P3/Pp1p1R2/1P6/2P3PP/1K1RQ3,0,1
2rr4/1pk2ppp/4b3/1Bq1P3/Pp1p1R2/1P6/2P3PP/1K1RQ3,1,1
2rr4/1pk2ppp/4b3/1Bq1P3/Pp1p1R2/1P6/2P2QPP/1K1R4,0,1
1krr4/1p3ppp/4b3/1Bq1P3/Pp1p1R2/1P6/2P2QPP/1K1R4,1,1
1krr4/1p3ppp/4b3/1Bq1P3/Pp1p1R2/1P6/2PR1QPP/1K6,0,1
1krr4/1p3ppp/8/1Bq1P3/Pp1p1R2/1b6/2PR1QPP/1K6,1,1
1krr4/1p3ppp/4P3/1Bq5/Pp1p1R2/1b6/2PR1QPP/1K6,0,1
1krr4/1p3ppp/4b3/1Bq5/Pp1p1R2/8/2PR1QPP/1K6,1,1
1krr4/1p3ppp/4b3/1Bq5/Pp1R4/8/2PR1QPP/1K6,0,1
1krr4/1p3ppp/4b3/1Bq5/P2R4/1p6/2PR1QPP/1K6,1,1
1krR4/1p3ppp/4b3/1Bq5/P7/1p6/2PR1QPP/1K6,0,1
1krR4/1p3ppp/4b3/1Bq5/P7/8/2pR1QPP/1K6,1,1
1krR4/1p3ppp/4b3/1Bq5/P7/8/2R2QPP/1K6,0,1
1krR4/1p3ppp/4b3/1B6/Pq6/8/2R2QPP/1K6,1,1
1krR4/1p3ppp/4b3/1B6/Pq6/8/1R3QPP/1K6,0,1
1krR4/1p3ppp/4b3/1B6/P3q3/8/1R3QPP/1K6,1,1
1krR4/1p3ppp/4b3/8/P3q3/3B4/1R3QPP/1K6,0,1
1krR4/1p3ppp/4b3/8/q7/3B4/1R3QPP/1K6,1,1
1krR4/1p3ppp/4b3/8/q7/3B2Q1/1R4PP/1K6,0,1
2r3k1/1pq1r1pp/P2ppb2/1Q2p3/4P3/5N1P/2P2PP1/R2R2K1,0,0
2r3k1/2q1r1pp/p2ppb2/1Q2p3/4P3/5N1P/2P2PP1/R2R2K1,1,0
2r3k1/2q1r1pp/R2ppb2/1Q2p3/4P3/5N1P/2P2PP1/3R2K1,0,0
2r3k1/2qr2pp/R2ppb2/1Q2p3/4P3/5N1P/2P2PP1/3R2K1,1,0
2r3k1/2qr2pp/R2ppb2/4p3/Q3P3/5N1P/2P2PP1/3R2K1,0,0
2r2k2/2qr2pp/R2ppb2/4p3/Q3P3/5N1P/2P2PP1/3R2K1,1,0
2r2k2/2qr2pp/R2ppb2/4p3/Q3P2P/5N2/2P2PP1/3R2K1,0,0
2rr1k2/2q3pp/R2ppb2/4p3/Q3P2P/5N2/2P2PP1/3R2K1,1,0
2rr1k2/2q3pp/R2ppb2/4p3/4P2P/Q4N2/2P2PP1/3R2K1,0,0
2rr1k2/6pp/R2ppb2/2q1p3/4P2P/Q4N2/2P2PP1/3R2K1,1,0
2rr1k2/6pp/R2ppb2/2Q1p3/4P2P/5N2/2P2PP1/3R2K1,0,0
3r1k2/6pp/R2ppb2/2r1p3/4P2P/5N2/2P2PP1/3R2K1,1,0
3r1k2/6pp/3Rpb2/2r1p3/4P2P/5N2/2P2PP1/3R2K1,0,0
5k2/6pp/3rpb2/2r1p3/4P2P/5N2/2P2PP1/3R2K1,1,0
5k2/6pp/3Rpb2/2r1p3/4P2P/5N2/2P2PP1/6K1,0,0
5k2/6pp/3Rpb2/4p3/4P2P/5N2/2r2PP1/6K1,1,0
5k2/6pp/4Rb2/4p3/4P2P/5N2/2r2PP1/6K1,0,0
8/5kpp/4Rb2/4p3/4P2P/5N2/2r2PP1/6K1,1,0
8/5kpp/R4b2/4p3/4P2P/5N2/2r2PP1/6K1,0,0
8/5kpp/R4b2/4p3/2r1P2P/5N2/5PP1/6K1,1,0
5r1k/1p1B4/3p4/2nPb3/5p2/P1P2R2/1P2K1R1/4B2r,1,1
5r1k/1p6/3pB3/2nPb3/5p2/P1P2R2/1P2K1R1/4B2r,0,1
4r2k/1p6/3pB3/2nPb3/5p2/P1P2R2/1P2K1R1/4B2r,1,1
4r2k/1p6/3pB3/2nPb3/5p2/P1P2R2/1P1BK1R1/7r,0,1
4r2k/1p6/3pn3/3Pb3/5p2/P1P2R2/1P1BK1R1/7r,1,1
4r2k/1p6/3pP3/4b3/5p2/P1P2R2/1P1BK1R1/7r,0,1
7k/1p6/3pr3/4b3/5p2/P1P2R2/1P1BK1R1/7r,1,1
7k/1p6/3pr3/4b3/5p2/P1PK1R2/1P1B2R1/7r,0,1
8/1p5k/3pr3/4b3/5p2/P1PK1R2/1P1B2R1/7r,1,1
8/1p5k/3pr3/4b3/5B2/P1PK1R2/1P4R1/7r,0,1
8/1p5k/3p1r2/4b3/5B2/P1PK1R2/1P4R1/7r,1,1
8/1p5k/3p1r2/4b3/5B2/P1PK1R2/1P3R2/7r,0,1
8/1p5k/3p1r2/8/5b2/P1PK1R2/1P3R2/7r,1,1
8/1p5k/3p1r2/8/5R2/P1PK4/1P3R2/7r,0,1
8/1p5k/3p1r2/8/5R2/P1PK3r/1P3R2/8,1,1
8/1p5k/3p1r2/8/2K2R2/P1P4r/1P3R2/8,0,1
8/1p5k/3p4/8/2K2r2/P1P4r/1P3R2/8,1,1
8/1p5k/3p4/8/2K2R2/P1P4r/1P6/8,0,1
8/1p6/3p2k1/8/2K2R2/P1P4r/1P6/8,1,1
8/1p6/3p2k1/8/2KR4/P1P4r/1P6/8,0,1
r1br2k1/2q1bpp1/p3p3/1pn1P1pQ/3N4/1BN5/PPP4P/2KRR3,1,-1
r1br2k1/2q1bpp1/p3p3/1pn1P1pQ/3N3P/1BN5/PPP5/2KRR3,0,-1
r1br2k1/2q1bp2/p3p1p1/1pn1P1pQ/3N3P/1BN5/PPP5/2KRR3,1,-1
r1br2k1/2q1bp2/p3p1pQ/1pn1P1p1/3N3P/1BN5/PPP5/2KRR3,0,-1
r1br2k1/2q1bp2/p3p1pQ/1pn1P3/3N3p/1BN5/PPP5/2KRR3,1,-1
r1br2k1/2q1bp2/p3p1pQ/1pn1P3/3NN2p/1B6/PPP5/2KRR3,0,-1
r1b3k1/2q1bp2/p3p1pQ/1pn1P3/3rN2p/1B6/PPP5/2KRR3,1,-1
r1b3k1/2q1bp2/p3p1pQ/1pn1P3/3RN2p/1B6/PPP5/2K1R3,0,-1
r1b3k1/4bp2/p3p1pQ/1pn1q3/3RN2p/1B6/PPP5/2K1R3,1,-1
r1b3k1/4bp2/p3p1p1/1pn1q3/3RN2p/1B6/PPPQ4/2K1R3,0,-1
r1b3k1/4bp2/p3p1p1/1p2q3/3Rn2p/1B6/PPPQ4/2K1R3,1,-1
r1b3k1/4bp2/p3p1p1/1p2q3/4R2p/1B6/PPPQ4/2K1R3,0,-1
r1b3k1/4bp2/p3p1p1/1p4q1/4R2p/1B6/PPPQ4/2K1R3,1,-1
r1b3k1/4bp2/p3p1p1/1p4q1/5R1p/1B6/PPPQ4/2K1R3,0,-1
r5k1/1b2bp2/p3p1p1/1p4q1/5R1p/1B6/PPPQ4/2K1R3,1,-1
r5k1/1b2bp2/p3p1p1/1p4q1/5R1p/1B6/PPPQ4/2K2R2,0,-1
3r2k1/1b2bp2/p3p1p1/1p4q1/5R1p/1B6/PPPQ4/2K2R2,1,-1
3r2k1/1b2bp2/p3p1p1/1p4q1/5R1p/1B2Q3/PPP5/2K2R2,0,-1
3r2k1/1b3p2/p3p1p1/1pb3q1/5R1p/1B2Q3/PPP5/2K2R2,1,-1
3r2k1/1b3p2/p3p1p1/1pb3q1/5R1p/1B6/PPP5/2K1QR2,0,-1
r3k2r/2q5/ppNp1pp1/3PbP2/2P1pBp1/8/PP4PP/2Q2RK1,1,1
r3k2r/2q5/ppNp1pP1/3Pb3/2P1pBp1/8/PP4PP/2Q2RK1,0,1
r3k2r/6q1/ppNp1pP1/3Pb3/2P1pBp1/8/PP4PP/2Q2RK1,1,1
r3k2r/6q1/ppNp1pP1/2PPb3/4pBp1/8/PP4PP/2Q2RK1,0,1
r3k2r/6q1/p1Np1pP1/2pPb3/4pBp1/8/PP4PP/2Q2RK1,1,1
r3k2r/6q1/p1Np1pP1/2pPB3/4p1p1/8/PP4PP/2Q2RK1,0,1
r3k2r/6q1/p1Np2P1/2pPp3/4p1p1/8/PP4PP/2Q2RK1,1,1
r3k2r/6q1/p1Np2P1/2pPp1Q1/4p1p1/8/PP4PP/5RK1,0,1
r3kr2/6q1/p1Np2P1/2pPp1Q1/4p1p1/8/PP4PP/5RK1,1,1
r3kR2/6q1/p1Np2P1/2pPp1Q1/4p1p1/8/PP4PP/6K1,0,1
r4k2/6q1/p1Np2P1/2pPp1Q1/4p1p1/8/PP4PP/6K1,1,1
r2N1k2/6q1/p2p2P1/2pPp1Q1/4p1p1/8/PP4PP/6K1,0,1
r2N2k1/6q1/p2p2P1/2pPp1Q1/4p1p1/8/PP4PP/6K1,1,1
r5k1/5Nq1/p2p2P1/2pPp1Q1/4p1p1/8/PP4PP/6K1,0,1
r5k1/5Nq1/p2p2P1/2pPp1Q1/6p1/4p3/PP4PP/6K1,1,1
r5k1/6q1/p2p2PN/2pPp1Q1/6p1/4p3/PP4PP/6K1,0,1
r6k/6q1/p2p2PN/2pPp1Q1/6p1/4p3/PP4PP/6K1,1,1
r6k/6q1/p2p2P1/2pPpNQ1/6p1/4p3/PP4PP/6K1,0,1
r6k/6q1/p2p2P1/2pPpNQ1/6p1/8/PP2p1PP/6K1,1,1
r6k/6q1/p2p2P1/2pPpN2/6pQ/8/PP2p1PP/6K1,0,1
r2r4/1q2ppkp/np1p2p1/2PP4/bP6/4QN1P/4BPP1/1R1R2K1,1,1
r2r4/1q2ppkp/npPp2p1/3P4/bP6/4QN1P/4BPP1/1R1R2K1,0,1
r2r4/2q1ppkp/npPp2p1/3P4/bP6/4QN1P/4BPP1/1R1R2K1,1,1
r2r4/2q1ppkp/npPp2p1/3P4/bP6/4QN1P/4BPP1/1RR3K1,0,1
r2r4/2q1ppkp/n1Pp2p1/1p1P4/bP6/4QN1P/4BPP1/1RR3K1,1,1
r2r4/2q1ppkp/n1Pp2p1/1p1P4/bP1N4/4Q2P/4BPP1/1RR3K1,0,1
1r1r4/2q1ppkp/n1Pp2p1/1p1P4/bP1N4/4Q2P/4BPP1/1RR3K1,1,1
1r1r4/2q1ppkp/n1Pp2p1/1p1P4/bP1N4/4QB1P/5PP1/1RR3K1,0,1
1r2r3/2q1ppkp/n1Pp2p1/1p1P4/bP1N4/4QB1P/5PP1/1RR3K1,1,1
1r2r3/2q1ppkp/n1Pp2p1/1p1P4/bP1N3P/4QB2/5PP1/1RR3K1,0,1
1rq1r3/4ppkp/n1Pp2p1/1p1P4/bP1N3P/4QB2/5PP1/1RR3K1,1,1
1rq1r3/4ppkp/n1Pp2p1/1p1P4/bP1N3P/2Q2B2/5PP1/1RR3K1,0,1
1rq1r1k1/4pp1p/n1Pp2p1/1p1P4/bP1N3P/2Q2B2/5PP1/1RR3K1,1,1
1rq1r1k1/4pp1p/n1Pp2p1/1p1P4/bP1N3P/2Q2B2/5PP1/1R2R1K1,0,1
1rq1r1k1/2n1pp1p/2Pp2p1/1p1P4/bP1N3P/2Q2B2/5PP1/1R2R1K1,1,1
1rq1r1k1/2n1pp1p/2Pp2p1/1p1P4/bP1N3P/2Q2B2/1R3PP1/4R1K1,0,1
1rq1r1k1/2n2p1p/2Pp2p1/1p1Pp3/bP1N3P/2Q2B2/1R3PP1/4R1K1,1,1
1rq1r1k1/2n2p1p/2PpP1p1/1p6/bP1N3P/2Q2B2/1R3PP1/4R1K1,0,1
1rq1r1k1/2n4p/2Ppp1p1/1p6/bP1N3P/2Q2B2/1R3PP1/4R1K1,1,1
1rq1r1k1/2n4p/2Ppp1p1/1p6/bP1N2BP/2Q5/1R3PP1/4R1K1,0,1
r3k2r/3bbp1p/pq1ppp2/1p3P2/2n1P3/5N2/PPPQN1PP/1K1R1B1R,1,1
r3k2r/3bbp1p/pq1ppp1Q/1p3P2/2n1P3/5N2/PPP1N1PP/1K1R1B1R,0,1
2r1k2r/3bbp1p/pq1ppp1Q/1p3P2/2n1P3/5N2/PPP1N1PP/1K1R1B1R,1,1
2r1k2r/3bbp1p/pq1pPp1Q/1p6/2n1P3/5N2/PPP1N1PP/1K1R1B1R,0,1
2r1k2r/3bb2p/pq1ppp1Q/1p6/2n1P3/5N2/PPP1N1PP/1K1R1B1R,1,1
2r1k2r/3bb2p/pq1ppp1Q/1p6/2n1PN2/5N2/PPP3PP/1K1R1B1R,0,1
2r1k2r/3bb2p/pq1ppp1Q/1p6/4PN2/5N2/PnP3PP/1K1R1B1R,1,1
2r1k2r/3bb2p/pq1ppp1Q/1p6/4PN2/5N2/PKP3PP/3R1B1R,0,1
2r1k2r/3bb2p/pq2pp1Q/1p1p4/4PN2/5N2/PKP3PP/3R1B1R,1,1
2r1k2r/3bb2p/pq2pp1Q/1p1p4/3NPN2/8/PKP3PP/3R1B1R,0,1
2r1k2r/3b3p/pq2pp1Q/1p1p4/1b1NPN2/8/PKP3PP/3R1B1R,1,1
2r1k2r/3b3p/pq2pp1Q/1p1p4/1b1NPN2/8/P1P3PP/1K1R1B1R,0,1
2r1k2r/3b3p/p2qpp1Q/1p1p4/1b1NPN2/8/P1P3PP/1K1R1B1R,1,1
2r1k2r/3b3p/p2qpp1Q/1p1p4/1b1NPN2/8/P1P1B1PP/1K1R3R,0,1
2r1k2r/3b3p/p2q1p1Q/1p1pp3/1b1NPN2/8/P1P1B1PP/1K1R3R,1,1
2r1k2r/3b2Qp/p2q1p2/1p1pp3/1b1NPN2/8/P1P1B1PP/1K1R3R,0,1
2r1kr2/3b2Qp/p2q1p2/1p1pp3/1b1NPN2/8/P1P1B1PP/1K1R3R,1,1
2r1kr2/3b2Qp/p2q1p2/1p1pp2B/1b1NPN2/8/P1P3PP/1K1R3R,0,1
2rk1r2/3b2Qp/p2q1p2/1p1pp2B/1b1NPN2/8/P1P3PP/1K1R3R,1,1
2rk1Q2/3b3p/p2q1p2/1p1pp2B/1b1NPN2/8/P1P3PP/1K1R3R,0,1
2q5/5kbp/pR3pp1/1p6/4P3/P5B1/1PP3PP/1K6,0,-1
2q2b2/5k1p/pR3pp1/1p6/4P3/P5B1/1PP3PP/1K6,1,-1
2q2b2/5k1p/pR3pp1/1p2P3/8/P5B1/1PP3PP/1K6,0,-1
2q2b2/5k1p/pR4p1/1p2p3/8/P5B1/1PP3PP/1K6,1,-1
2q2b2/5k1p/pR4p1/1p2B3/8/P7/1PP3PP/1K6,0,-1
2q5/4bk1p/pR4p1/1p2B3/8/P7/1PP3PP/1K6,1,-1
1Rq5/4bk1p/p5p1/1p2B3/8/P7/1PP3PP/1K6,0,-1
1R6/4bk1p/p5p1/1pq1B3/8/P7/1PP3PP/1K6,1,-1
1R6/4bk1p/p5p1/1pq5/8/P5B1/1PP3PP/1K6,0,-1
1R6/4bk1p/p5p1/1p6/8/P5B1/1PP3PP/1K4q1,1,-1
1R6/4bk1p/p5p1/1p6/8/P5B1/KPP3PP/6q1,0,-1
1R6/4bk1p/p5p1/1p6/8/P5B1/KPP3qP/8,1,-1
1R6/4bk1p/p5p1/1p6/8/P1P3B1/KP4qP/8,0,-1
1R6/5k1p/p2b2p1/1p6/8/P1P3B1/KP4qP/8,1,-1
1R6/5k1p/p2B2p1/1p6/8/P1P5/KP4qP/8,0,-1
1R6/5k1p/p2B2p1/1p1q4/8/P1P5/KP5P/8,1,-1
1R6/5k1p/p2B2p1/1p1q4/8/P1P5/1P5P/K7,0,-1
1R6/5k1p/p2q2p1/1p6/8/P1P5/1P5P/K7,1,-1
8/1R3k1p/p2q2p1/1p6/8/P1P5/1P5P/K7,0,-1
6k1/1R5p/p2q2p1/1p6/8/P1P5/1P5P/K7,1,-1
8/8/R4Pk1/6p1/8/8/p5K1/r7,1,0
8/8/R4Pk1/6p1/8/8/p6K/r7,0,0
8/8/R4Pk1/8/6p1/8/p6K/r7,1,0
8/8/R4Pk1/8/6p1/8/p5K1/r7,0,0
8/8/R4Pk1/8/8/6p1/p5K1/r7,1,0
8/8/5Pk1/R7/8/6p1/p5K1/r7,0,0
8/8/5k2/R7/8/6p1/p5K1/r7,1,0
8/8/R4k2/8/8/6p1/p5K1/r7,0,0
8/8/R7/4k3/8/6p1/p5K1/r7,1,0
8/8/8/R3k3/8/6p1/p5K1/r7,0,0
8/8/8/R7/3k4/6p1/p5K1/r7,1,0
R7/8/8/8/3k4/6p1/p5K1/r7,0,0
R7/8/8/2k5/8/6p1/p5K1/r7,1,0
2R5/8/8/2k5/8/6p1/p5K1/r7,0,0
2R5/8/3k4/8/8/6p1/p5K1/r7,1,0
R7/8/3k4/8/8/6p1/p5K1/r7,0,0
R7/2k5/8/8/8/6p1/p5K1/r7,1,0
8/R1k5/8/8/8/6p1/p5K1/r7,0,0
8/R7/1k6/8/8/6p1/p5K1/r7,1,0
R7/8/1k6/8/8/6p1/p5K1/r7,0,0
3r2rb/1p3q1k/pN1p3p/P2P1pR1/1PP1pP2/1R1nB2Q/7P/7K,1,1
3r2rb/1p3q1k/pN1p3p/P2P1R2/1PP1pP2/1R1nB2Q/7P/7K,0,1
3r2rb/1p4qk/pN1p3p/P2P1R2/1PP1pP2/1R1nB2Q/7P/7K,1,1
3r2rb/1p4qk/pN1p3p/P2P1R2/1PP1pP2/3nB2Q/7P/1R5K,0,1
5rrb/1p4qk/pN1p3p/P2P1R2/1PP1pP2/3nB2Q/7P/1R5K,1,1
5Rrb/1p4qk/pN1p3p/P2P4/1PP1pP2/3nB2Q/7P/1R5K,0,1
5qrb/1p5k/pN1p3p/P2P4/1PP1pP2/3nB2Q/7P/1R5K,1,1
5qrb/1p5k/pN1pQ2p/P2P4/1PP1pP2/3nB3/7P/1R5K,0,1
5qrb/1p5k/pN1pQ2p/P2P4/1PP1pP2/4B3/5n1P/1R5K,1,1
5qrb/1p5k/pN1pQ2p/P2P4/1PP1pP2/8/5B1P/1R5K,0,1
6rb/1p5k/pN1pQ2p/P2P4/1PP1pq2/8/5B1P/1R5K,1,1
6rb/1p5k/pN1p3p/P2P4/1PP1pq2/7Q/5B1P/1R5K,0,1
6rb/1p5k/pN1p3p/P2P4/1PP1p3/7Q/5q1P/1R5K,1,1
6rb/1p5k/pN1p3p/P2P4/1PP1p3/7Q/5q1P/5R1K,0,1
6rb/1p5k/pN1p3p/P2P4/1PPqp3/7Q/7P/5R1K,1,1
6rb/1p5k/pN1p3p/P2P1Q2/1PPqp3/8/7P/5R1K,0,1
7b/1p5k/pN1p2rp/P2P1Q2/1PPqp3/8/7P/5R1K,1,1
7b/1p1N3k/p2p2rp/P2P1Q2/1PPqp3/8/7P/5R1K,0,1
8/1p1N2bk/p2p2rp/P2P1Q2/1PPqp3/8/7P/5R1K,1,1
8/1p1N1Qbk/p2p2rp/P2P4/1PPqp3/8/7P/5R1K,0,1
rn2k2r/1bqnbppp/p2pp3/1p6/3NPPP1/2N1B2P/PPP1Q1B1/R3K2R,1,1
rn2k2r/1bqnbppp/p2pp3/1p6/3NPPP1/2N1B2P/PPP1Q1B1/R4RK1,0,1
rn2k2r/1bq1bppp/p2pp3/1pn5/3NPPP1/2N1B2P/PPP1Q1B1/R4RK1,1,1
rn2k2r/1bq1bppp/p2pp3/1pn5/3NPPP1/P1N1B2P/1PP1Q1B1/R4RK1,0,1
r3k2r/1bq1bppp/p1npp3/1pn5/3NPPP1/P1N1B2P/1PP1Q1B1/R4RK1,1,1
r3k2r/1bq1bppp/p1npp3/1pn5/3NPPP1/P1N1B2P/1PP1Q1B1/3R1RK1,0,1
r4rk1/1bq1bppp/p1npp3/1pn5/3NPPP1/P1N1B2P/1PP1Q1B1/3R1RK1,1,1
r4rk1/1bq1bppp/p1npp3/1pn2P2/3NP1P1/P1N1B2P/1PP1Q1B1/3R1RK1,0,1
r4rk1/1bq2ppp/p1nppb2/1pn2P2/3NP1P1/P1N1B2P/1PP1Q1B1/3R1RK1,1,1
r4rk1/1bq2ppp/p1nppb2/1pn2PP1/3NP3/P1N1B2P/1PP1Q1B1/3R1RK1,0,1
r4rk1/1bq2ppp/p2ppb2/1pn2PP1/3nP3/P1N1B2P/1PP1Q1B1/3R1RK1,1,1
r4rk1/1bq2ppp/p2ppb2/1pn2PP1/3BP3/P1N4P/1PP1Q1B1/3R1RK1,0,1
r4rk1/1bq2ppp/p2pp3/1pn2Pb1/3BP3/P1N4P/1PP1Q1B1/3R1RK1,1,1
r4rk1/1bq2ppp/p2pp3/1pn2Pb1/3BP1Q1/P1N4P/1PP3B1/3R1RK1,0,1
r4rk1/1bq3pp/p2ppp2/1pn2Pb1/3BP1Q1/P1N4P/1PP3B1/3R1RK1,1,1
r4rk1/1bq3pp/p2pPp2/1pn3b1/3BP1Q1/P1N4P/1PP3B1/3R1RK1,0,1
r1b2rk1/2q3pp/p2pPp2/1pn3b1/3BP1Q1/P1N4P/1PP3B1/3R1RK1,1,1
r1b2rk1/2q3pp/p2pPp2/1pnN2b1/3BP1Q1/P6P/1PP3B1/3R1RK1,0,1
rqb2rk1/6pp/p2pPp2/1pnN2b1/3BP1Q1/P6P/1PP3B1/3R1RK1,1,1
rqb2rk1/6pp/p2pPp2/1pnN2Q1/3BP3/P6P/1PP3B1/3R1RK1,0,1
1rq3k1/2r1ppb1/pp1p2p1/3P3p/P1P5/1P2BP2/5QPP/2RR2K1,0,0
1rq3k1/1r2ppb1/pp1p2p1/3P3p/P1P5/1P2BP2/5QPP/2RR2K1,1,0
1rq3k1/1r2ppb1/pp1p2p1/3P3p/P1P5/1P2BP1P/5QP1/2RR2K1,0,0
1rq3k1/1r2pp2/pp1p1bp1/3P3p/P1P5/1P2BP1P/5QP1/2RR2K1,1,0
1rq3k1/1r2pp2/pp1p1bp1/3P3p/P1P3P1/1P2BP1P/5Q2/2RR2K1,0,0
1rq3k1/1r2pp2/pp1p1bp1/3P4/P1P3p1/1P2BP1P/5Q2/2RR2K1,1,0
1rq3k1/1r2pp2/pp1p1bp1/3P4/P1P3P1/1P2BP2/5Q2/2RR2K1,0,0
1r3qk1/1r2pp2/pp1p1bp1/3P4/P1P3P1/1P2BP2/5Q2/2RR2K1,1,0
1r3qk1/1r2pp2/pp1p1bp1/3P4/P1P3P1/1P2BP2/5QK1/2RR4,0,0
1r3qk1/1r3p2/pp1ppbp1/3P4/P1P3P1/1P2BP2/5QK1/2RR4,1,0
1r3qk1/1r3p2/pp1ppbp1/3P4/P1P2PP1/1P2B3/5QK1/2RR4,0,0
1r3qk1/1r3p2/pp1p1bp1/3p4/P1P2PP1/1P2B3/5QK1/2RR4,1,0
1r3qk1/1r3p2/pp1p1bp1/3R4/P1P2PP1/1P2B3/5QK1/2R5,0,0
1r3qk1/4rp2/pp1p1bp1/3R4/P1P2PP1/1P2B3/5QK1/2R5,1,0
1r3qk1/4rp2/pp1p1bp1/3R4/P1P2PP1/1P2B3/2R2QK1/8,0,0
1rq3k1/4rp2/pp1p1bp1/3R4/P1P2PP1/1P2B3/2R2QK1/8,1,0
1rq3k1/4rp2/pp1p1bp1/3R1P2/P1P3P1/1P2B3/2R2QK1/8,0,0
1rq3k1/4rp2/pp1p2p1/3RbP2/P1P3P1/1P2B3/2R2QK1/8,1,0
1rq3k1/4rp2/pp1p2p1/3RbP2/P1PB2P1/1P6/2R2QK1/8,0,0
1r4k1/1q2rp2/pp1p2p1/3RbP2/P1PB2P1/1P6/2R2QK1/8,1,0
Rr2b3/1k4p1/6P1/5B2/p7/4K3/PP6/8,1,1
1R2b3/1k4p1/6P1/5B2/p7/4K3/PP6/8,0,1
1k2b3/6p1/6P1/5B2/p7/4K3/PP6/8,1,1
1k2b3/6p1/6P1/5B2/p2K4/8/PP6/8,0,1
4b3/2k3p1/6P1/5B2/p2K4/8/PP6/8,1,1
4b3/2k3p1/6P1/4KB2/p7/8/PP6/8,0,1
4b3/6p1/2k3P1/4KB2/p7/8/PP6/8,1,1
4b3/6p1/2k3P1/4K3/p7/8/PPB5/8,0,1
4b3/6p1/6P1/2k1K3/p7/8/PPB5/8,1,1
4b3/6p1/4K1P1/2k5/p7/8/PPB5/8,0,1
4b3/6p1/4K1P1/8/p2k4/8/PPB5/8,1,1
4b3/4K1p1/6P1/8/p2k4/8/PPB5/8,0,1
8/4K1p1/2b3P1/8/p2k4/8/PPB5/8,1,1
5K2/6p1/2b3P1/8/p2k4/8/PPB5/8,0,1
5K2/6p1/2b3P1/8/3k4/p7/PPB5/8,1,1
5K2/6p1/2b3P1/8/3k4/P7/P1B5/8,0,1
5K2/6p1/2b3P1/8/8/P1k5/P1B5/8,1,1
5K2/6p1/2b3P1/8/8/PBk5/P7/8,0,1
5K2/6p1/2b3P1/8/8/PB6/Pk6/8,1,1
5K2/6p1/2b3P1/8/P7/1B6/Pk6/8,0,1
2r1k2r/2qnb3/1p1p1p1p/p2PpNp1/2P3PP/1P2BP2/P2Q2K1/2R2R2,1,1
2r1k2r/2qnb3/1p1p1p1p/p2PpNP1/2P3P1/1P2BP2/P2Q2K1/2R2R2,0,1
2r1k2r/2qnb3/1p1p1p2/p2PpNp1/2P3P1/1P2BP2/P2Q2K1/2R2R2,1,1
2r1k2r/2qnb3/1p1p1p2/p2PpNp1/2P3P1/1P2BP2/P2Q2K1/2R4R,0,1
2r4r/2qnbk2/1p1p1p2/p2PpNp1/2P3P1/1P2BP2/P2Q2K1/2R4R,1,1
2r4r/2qnbk2/1p1p1p2/p2PpNp1/2P3P1/1P1QBP2/P5K1/2R4R,0,1
2r5/2qnbk2/1p1p1p2/p2PpNp1/2P3P1/1P1QBP2/P5K1/2R4r,1,1
2r5/2qnbk2/1p1p1p2/p2PpNp1/2P3P1/1P1QBP2/P5K1/7R,0,1
2r2n2/2q1bk2/1p1p1p2/p2PpNp1/2P3P1/1P1QBP2/P5K1/7R,1,1
2r2n2/2q1bk2/1p1p1p2/p2PpNp1/P1P3P1/1P1QBP2/6K1/7R,0,1
2rb1n2/2q2k2/1p1p1p2/p2PpNp1/P1P3P1/1P1QBP2/6K1/7R,1,1
2rb1n1R/2q2k2/1p1p1p2/p2PpNp1/P1P3P1/1P1QBP2/6K1/8,0,1
2rb1n1R/3q1k2/1p1p1p2/p2PpNp1/P1P3P1/1P1QBP2/6K1/8,1,1
2rb1n1R/3q1k2/1p1p1p1N/p2Pp1p1/P1P3P1/1P1QBP2/6K1/8,0,1
2rb1n1R/3q2k1/1p1p1p1N/p2Pp1p1/P1P3P1/1P1QBP2/6K1/8,1,1
2rb1nR1/3q2k1/1p1p1p1N/p2Pp1p1/P1P3P1/1P1QBP2/6K1/8,0,1
2rb1nR1/3q4/1p1p1p1k/p2Pp1p1/P1P3P1/1P1QBP2/6K1/8,1,1
2rb1nR1/3q4/1p1p1p1k/p2Pp1p1/P1P3P1/1P2BP2/6K1/1Q6,0,1
2rb1nR1/6q1/1p1p1p1k/p2Pp1p1/P1P3P1/1P2BP2/6K1/1Q6,1,1
2rb1nR1/6q1/1p1p1p1k/p2Pp1p1/P1P3P1/1P2BP2/6K1/7Q,0,1
3nkb2/2q2p2/p3b1rp/2p1p1p1/P3P3/2P1NN2/1R3PPP/2BQ2K1,1,-1
3nkb2/2q2p2/p3b1rp/2pNp1p1/P3P3/2P2N2/1R3PPP/2BQ2K1,0,-1
3nkb2/2q2p2/p5rp/2pbp1p1/P3P3/2P2N2/1R3PPP/2BQ2K1,1,-1
3nkb2/2q2p2/p5rp/2pQp1p1/P3P3/2P2N2/1R3PPP/2B3K1,0,-1
3nkb2/2q2p2/p2r3p/2pQp1p1/P3P3/2P2N2/1R3PPP/2B3K1,1,-1
3nkb2/2q2p2/p2r3p/2p1Q1p1/P3P3/2P2N2/1R3PPP/2B3K1,0,-1
4kb2/2q2p2/p2rn2p/2p1Q1p1/P3P3/2P2N2/1R3PPP/2B3K1,1,-1
4kb2/2q2p2/p2rn2p/2p1Q1p1/P3P3/2P2N2/3R1PPP/2B3K1,0,-1
4kb2/5p2/pq1rn2p/2p1Q1p1/P3P3/2P2N2/3R1PPP/2B3K1,1,-1
4kb2/5p2/pq1rn2p/2p1Q1p1/P3P3/2P2N1P/3R1PP1/2B3K1,0,-1
5b2/3k1p2/pq1rn2p/2p1Q1p1/P3P3/2P2N1P/3R1PP1/2B3K1,1,-1
5b2/3k1p2/pq1Rn2p/2p1Q1p1/P3P3/2P2N1P/5PP1/2B3K1,0,-1
8/3k1p2/pq1bn2p/2p1Q1p1/P3P3/2P2N1P/5PP1/2B3K1,1,-1
8/3k1p2/pq1bn2p/2pQ2p1/P3P3/2P2N1P/5PP1/2B3K1,0,-1
8/3k1p2/p2bn2p/2pQ2p1/P3P3/2P2N1P/5PP1/1qB3K1,1,-1
8/3k1p2/p2bn2p/2p3p1/P3P3/2P2N1P/3Q1PP1/1qB3K1,0,-1
8/3k1p2/p2b3p/2p3p1/P3Pn2/2P2N1P/3Q1PP1/1qB3K1,1,-1
8/3k1p2/p2b3p/2p3p1/P3Pn2/2P4P/3Q1PP1/1qB1N1K1,0,-1
8/3k1p2/p2b3p/2p3p1/P3Pn2/2P4P/3Q1PP1/2q1N1K1,1,-1
8/3k1p2/p2b3p/2p3p1/P3Pn2/2P4P/5PP1/2Q1N1K1,0,-1
2kr3r/1p3Q2/p1q1p3/2B1Pbp1/1P5p/2P4P/P4PP1/R2R2K1,1,1
2kr3r/1p3Q2/p1q1p3/2B1Pbp1/1P5p/2P2P1P/P5P1/R2R2K1,0,1
2k4r/1p3Q2/p1q1p3/2BrPbp1/1P5p/2P2P1P/P5P1/R2R2K1,1,1
2k4r/1p3Q2/p1q1p3/2BrPbp1/1PP4p/5P1P/P5P1/R2R2K1,0,1
2k4r/1p3Q2/p1q1p3/2B1Pbp1/1PP4p/3r1P1P/P5P1/R2R2K1,1,1
2k4r/1p3Q2/p1q1p3/2B1Pbp1/1PP4p/3R1P1P/P5P1/R5K1,0,1
2k4r/1p3Q2/p1q1p3/2B1P1p1/1PP4p/3b1P1P/P5P1/R5K1,1,1
2k4r/1p3Q2/p1q1p3/2B1P1p1/1PP4p/3b1P1P/P5P1/2R3K1,0,1
2kr4/1p3Q2/p1q1p3/2B1P1p1/1PP4p/3b1P1P/P5P1/2R3K1,1,1
2kr4/1p3Q2/p1q1p3/2B1P1p1/PPP4p/3b1P1P/6P1/2R3K1,0,1
2kr4/1p3Q2/p1q1p3/2B1P3/PPP3pp/3b1P1P/6P1/2R3K1,1,1
2kr4/1p3Q2/p1q1p3/2B1P3/PPP3Pp/3b1P2/6P1/2R3K1,0,1
2kr4/1p3Q2/p1q1p3/2B1P3/PPP3P1/3b1P1p/6P1/2R3K1,1,1
2kr4/1p3Q2/p1q1p3/4P3/PPP3P1/3bBP1p/6P1/2R3K1,0,1
2kr4/1p3Q2/p1q1p3/4P3/PPb3P1/4BP1p/6P1/2R3K1,1,1
2kr4/1p3Q2/p1q1p3/1P2P3/P1b3P1/4BP1p/6P1/2R3K1,0,1
2kr4/1p3Q2/2q1p3/1p2P3/P1b3P1/4BP1p/6P1/2R3K1,1,1
2kr4/1p3Q2/2q1p3/1P2P3/2b3P1/4BP1p/6P1/2R3K1,0,1
2kr4/1p3Q2/4p3/1q2P3/2b3P1/4BP1p/6P1/2R3K1,1,1
2kr4/1p6/4Q3/1q2P3/2b3P1/4BP1p/6P1/2R3K1,0,1
8/8/R7/2k1p1p1/2P3P1/4K2p/7P/1r6,1,0
8/8/6R1/2k1p1p1/2P3P1/4K2p/7P/1r6,0,0
8/8/6R1/4p1p1/2k3P1/4K2p/7P/1r6,1,0
8/8/8/4p1R1/2k3P1/4K2p/7P/1r6,0,0
8/8/8/3kp1R1/6P1/4K2p/7P/1r6,1,0
8/8/8/3kp2R/6P1/4K2p/7P/1r6,0,0
8/8/8/3kp2R/6P1/4K2p/1r5P/8,1,0
8/8/8/3kp1PR/8/4K2p/1r5P/8,0,0
8/8/8/3kp1PR/8/4K2p/7r/8,1,0
8/8/6P1/3kp2R/8/4K2p/7r/8,0,0
8/8/6P1/3kp2R/8/4K2p/6r1/8,1,0
8/8/6P1/3kp3/8/4K2R/6r1/8,0,0
8/8/6r1/3kp3/8/4K2R/8/8,1,0
8/8/6r1/3kp3/7R/4K3/8/8,0,0
8/8/r7/3kp3/7R/4K3/8/8,1,0
8/8/r7/3kp3/1R6/4K3/8/8,0,0
8/8/8/3kp3/1R6/r3K3/8/8,1,0
8/8/8/3kp3/1R6/r7/4K3/8,0,0
8/8/8/3kp3/1R6/2r5/4K3/8,1,0
8/8/8/3kp3/R7/2r5/4K3/8,0,0
8/2r3k1/2qp1pp1/2r1p3/p1PnP2P/PpR1Q1P1/1P1R3K/5B2,1,0
8/2r3k1/2qp1pp1/2r1p3/p1PnP2P/PpR1Q1P1/1P3R1K/5B2,0,0
2r5/6k1/2qp1pp1/2r1p3/p1PnP2P/PpR1Q1P1/1P3R1K/5B2,1,0
2r5/6k1/2qp1pp1/2r1p3/p1PnP2P/PpR1Q1P1/1P3R2/5BK1,0,0
2r5/3q2k1/3p1pp1/2r1p3/p1PnP2P/PpR1Q1P1/1P3R2/5BK1,1,0
2r5/3q2k1/3p1pp1/2r1p3/p1PnP2P/PpR1Q1P1/1P3R1K/5B2,0,0
7r/3q2k1/3p1pp1/2r1p3/p1PnP2P/PpR1Q1P1/1P3R1K/5B2,1,0
7r/3q2k1/3p1pp1/2r1p3/p1PnP2P/PpR1Q1PB/1P3R1K/8,0,0
4q2r/6k1/3p1pp1/2r1p3/p1PnP2P/PpR1Q1PB/1P3R1K/8,1,0
4q2r/6k1/3p1pp1/2r1p3/p1PnP2P/Pp2Q1PB/1P3R1K/2R5,0,0
7r/6k1/2qp1pp1/2r1p3/p1PnP2P/Pp2Q1PB/1P3R1K/2R5,1,0
7r/6k1/2qp1Rp1/2r1p3/p1PnP2P/Pp2Q1PB/1P5K/2R5,0,0
7r/8/2qp1kp1/2r1p3/p1PnP2P/Pp2Q1PB/1P5K/2R5,1,0
7r/8/2qp1kp1/2r1p1Q1/p1PnP2P/Pp4PB/1P5K/2R5,0,0
7r/6k1/2qp2p1/2r1p1Q1/p1PnP2P/Pp4PB/1P5K/2R5,1,0
7r/4Q1k1/2qp2p1/2r1p3/p1PnP2P/Pp4PB/1P5K/2R5,0,0
7r/4Q3/2qp2pk/2r1p3/p1PnP2P/Pp4PB/1P5K/2R5,1,0
7r/8/2qp2pk/2r1p1Q1/p1PnP2P/Pp4PB/1P5K/2R5,0,0
7r/6k1/2qp2p1/2r1p1Q1/p1PnP2P/Pp4PB/1P5K/2R5,1,0
7r/4Q1k1/2qp2p1/2r1p3/p1PnP2P/Pp4PB/1P5K/2R5,0,0
r4rk1/p1q1bpp1/1pbp1n1p/P3p3/1PP1P3/2NQ1N2/5PPP/R1BR2K1,0,-1
r4rk1/p1q1bpp1/2bp1n1p/p3p3/1PP1P3/2NQ1N2/5PPP/R1BR2K1,1,-1
r4rk1/p1q1bpp1/2bp1n1p/R3p3/1PP1P3/2NQ1N2/5PPP/2BR2K1,0,-1
r4rk1/pq2bpp1/2bp1n1p/R3p3/1PP1P3/2NQ1N2/5PPP/2BR2K1,1,-1
r4rk1/pq2bpp1/2bp1n1p/R2Np3/1PP1P3/3Q1N2/5PPP/2BR2K1,0,-1
r4rk1/pq2bpp1/3p1n1p/R2bp3/1PP1P3/3Q1N2/5PPP/2BR2K1,1,-1
r4rk1/pq2bpp1/3p1n1p/R2Pp3/1P2P3/3Q1N2/5PPP/2BR2K1,0,-1
r4rk1/p3bpp1/3p1n1p/R2Pp3/1q2P3/3Q1N2/5PPP/2BR2K1,1,-1
r4rk1/p3bpp1/R2p1n1p/3Pp3/1q2P3/3Q1N2/5PPP/2BR2K1,0,-1
r4rk1/p3bpp1/R2p1n1p/3Pp3/4q3/3Q1N2/5PPP/2BR2K1,1,-1
r4rk1/p3bpp1/R2p1n1p/3Pp3/4q3/Q4N2/5PPP/2BR2K1,0,-1
r1r3k1/p3bpp1/R2p1n1p/3Pp3/4q3/Q4N2/5PPP/2BR2K1,1,-1
r1r3k1/p3bpp1/R2p1n1p/3Pp3/4q3/Q3BN2/5PPP/3R2K1,0,-1
r1r3k1/p3bpp1/R2p3p/3np3/4q3/Q3BN2/5PPP/3R2K1,1,-1
r1r3k1/B3bpp1/R2p3p/3np3/4q3/Q4N2/5PPP/3R2K1,0,-1
r1r3k1/B3bpp1/R2p3p/4p3/4q3/Q1n2N2/5PPP/3R2K1,1,-1
r1r3k1/B3bpp1/R2p3p/4p3/4q3/Q1n2N2/5PPP/4R1K1,0,-1
r1r3k1/Bq2bpp1/R2p3p/4p3/8/Q1n2N2/5PPP/4R1K1,1,-1
r1r3k1/Bq2bpp1/R2p3p/4p3/8/2n2N2/5PPP/Q3R1K1,0,-1
r5k1/Bqr1bpp1/R2p3p/4p3/8/2n2N2/5PPP/Q3R1K1,1,-1
8/1pr1kB2/p2p2p1/6P1/n4P1R/3p4/1PP3P1/2K5,1,1
8/1pr1k3/p2p2p1/6P1/n4P1R/1B1p4/1PP3P1/2K5,0,1
8/1pr1k3/p2p2p1/2n3P1/5P1R/1B1p4/1PP3P1/2K5,1,1
8/1pr1k2R/p2p2p1/2n3P1/5P2/1B1p4/1PP3P1/2K5,0,1
3k4/1pr4R/p2p2p1/2n3P1/5P2/1B1p4/1PP3P1/2K5,1,1
3k4/1pR5/p2p2p1/2n3P1/5P2/1B1p4/1PP3P1/2K5,0,1
8/1pk5/p2p2p1/2n3P1/5P2/1B1p4/1PP3P1/2K5,1,1
8/1pk5/p2p2p1/2n2PP1/8/1B1p4/1PP3P1/2K5,0,1
8/1pk5/p2p4/2n2pP1/8/1B1p4/1PP3P1/2K5,1,1
8/1pk5/p2p2P1/2n2p2/8/1B1p4/1PP3P1/2K5,0,1
8/1pk5/p2p2P1/2n2p2/8/1B6/1PPp2P1/2K5,1,1
8/1pk5/p2p2P1/2n2p2/8/1B6/1PPK2P1/8,0,1
8/1pk5/p2p2P1/5p2/4n3/1B6/1PPK2P1/8,1,1
8/1pk5/p2p2P1/5p2/4n3/1B2K3/1PP3P1/8,0,1
8/1pk5/p2p1nP1/5p2/8/1B2K3/1PP3P1/8,1,1
8/1pk3P1/p2p1n2/5p2/8/1B2K3/1PP3P1/8,0,1
8/1pk3P1/p4n2/3p1p2/8/1B2K3/1PP3P1/8,1,1
8/1pk3P1/p4n2/3p1p2/3K4/1B6/1PP3P1/8,0,1
8/1p4P1/p2k1n2/3p1p2/3K4/1B6/1PP3P1/8,1,1
8/1p4P1/p2k1n2/3B1p2/3K4/8/1PP3P1/8,0,1
5k1r/1p2bB2/p5p1/4p1Pp/4b3/PPr2P2/2NB2q1/2KR3R,1,-1
5k1r/1p2bB2/p5p1/4p1Pp/4P3/PPr5/2NB2q1/2KR3R,0,-1
5k1r/1p2bB2/p5p1/4p1Pp/4P3/PP6/2rB2q1/2KR3R,1,-1
5k1r/1p2bB2/p5p1/4p1Pp/4P3/PP6/2KB2q1/3R3R,0,-1
5k1r/1p2bB2/p5p1/4p1Pp/4q3/PP6/2KB4/3R3R,1,-1
5k1r/1p2bB2/p5p1/4p1Pp/4q3/PP6/1K1B4/3R3R,0,-1
7r/1p2bk2/p5p1/4p1Pp/4q3/PP6/1K1B4/3R3R,1,-1
7r/1p2bk2/p5p1/4p1Pp/4q3/PP6/1K1B4/3R1R2,0,-1
7r/1p2b3/p3k1p1/4p1Pp/4q3/PP6/1K1B4/3R1R2,1,-1
7r/1p2b3/p3k1p1/4p1Pp/4q3/PP6/1K1B4/3RR3,0,-1
7r/1p2b3/p3k1p1/4p1Pp/3q4/PP6/1K1B4/3RR3,1,-1
7r/1p2b3/p3k1p1/4p1Pp/3q4/PPB5/1K6/3RR3,0,-1
7r/1p6/p3k1p1/4p1Pp/3q4/bPB5/1K6/3RR3,1,-1
7r/1p6/p3k1p1/4p1Pp/3q4/bPB5/2K5/3RR3,0,-1
7r/1p6/p3k1p1/4p1Pp/8/bPB5/2K2q2/3RR3,1,-1
7r/1p6/p3k1p1/4p1Pp/8/bPB5/5q2/1K1RR3,0,-1
7r/1p6/p2bk1p1/4p1Pp/8/1PB5/5q2/1K1RR3,1,-1
7r/1p6/p2Rk1p1/4p1Pp/8/1PB5/5q2/1K2R3,0,-1
7r/1p6/p2k2p1/4p1Pp/8/1PB5/5q2/1K2R3,1,-1
7r/1p6/p2k2p1/4B1Pp/8/1P6/5q2/1K2R3,0,-1
6k1/3bbrP1/Q2p4/2q1pP1p/8/1PN3R1/P1PB3r/1K4R1,1,0
Q5k1/3bbrP1/3p4/2q1pP1p/8/1PN3R1/P1PB3r/1K4R1,0,0
Q1q3k1/3bbrP1/3p4/4pP1p/8/1PN3R1/P1PB3r/1K4R1,1,0
2q3k1/3bbrP1/3p4/3QpP1p/8/1PN3R1/P1PB3r/1K4R1,0,0
2q3k1/4brP1/3p4/3Qpb1p/8/1PN3R1/P1PB3r/1K4R1,1,0
2q3k1/4brP1/3p4/3Qpb1p/8/1PN5/P1PB2Rr/1K4R1,0,0
2q3k1/4brP1/3p4/3Qpb1p/8/1PN5/P1PB2r1/1K4R1,1,0
2q3k1/4brP1/3p4/3Qpb1p/8/1PN5/P1PB2R1/1K6,0,0
2q3k1/4brP1/3p4/3Qpb2/7p/1PN5/P1PB2R1/1K6,1,0
2q3k1/4brP1/3p4/3Qpb2/7p/1PN5/P1PB4/1K4R1,0,0
2q3k1/4brP1/3p4/3Qpb2/8/1PN4p/P1PB4/1K4R1,1,0
2q3k1/4brP1/3p4/3Qpb2/P7/1PN4p/2PB4/1K4R1,0,0
6k1/4brP1/3pq3/3Qpb2/P7/1PN4p/2PB4/1K4R1,1,0
Q5k1/4brP1/3pq3/4pb2/P7/1PN4p/2PB4/1K4R1,0,0
Q1q3k1/4brP1/3p4/4pb2/P7/1PN4p/2PB4/1K4R1,1,0
2q3k1/4brP1/3p4/3Qpb2/P7/1PN4p/2PB4/1K4R1,0,0
6k1/4brP1/3pq3/3Qpb2/P7/1PN4p/2PB4/1K4R1,1,0
Q5k1/4brP1/3pq3/4pb2/P7/1PN4p/2PB4/1K4R1,0,0
Q1q3k1/4brP1/3p4/4pb2/P7/1PN4p/2PB4/1K4R1,1,0
2q3k1/4brP1/3p4/3Qpb2/P7/1PN4p/2PB4/1K4R1,0,0
2r2rk1/1p3p1p/p3b2P/4q1p1/2n1P3/2N5/PPP2Q2/2KR1B1R,1,1
2r2rk1/1p3p1p/p3b2P/4q1p1/2n1P3/2N5/PPP2Q2/2KR1BR1,0,1
2r2rk1/1p5p/p3bp1P/4q1p1/2n1P3/2N5/PPP2Q2/2KR1BR1,1,1
2r2rk1/1p5p/p3bp1P/4q1p1/2B1P3/2N5/PPP2Q2/2KR2R1,0,1
5rk1/1p5p/p3bp1P/4q1p1/2r1P3/2N5/PPP2Q2/2KR2R1,1,1
5rk1/1p5p/pQ2bp1P/4q1p1/2r1P3/2N5/PPP5/2KR2R1,0,1
5rk1/1p3b1p/pQ3p1P/4q1p1/2r1P3/2N5/PPP5/2KR2R1,1,1
5rk1/1p3b1p/pQ3p1P/4q1p1/2r1P3/2N5/PPP5/2KR1R2,0,1
5rk1/1p3b1p/pQr2p1P/4q1p1/4P3/2N5/PPP5/2KR1R2,1,1
5rk1/1Q3b1p/p1r2p1P/4q1p1/4P3/2N5/PPP5/2KR1R2,0,1
5rk1/1Q3b1p/p4p1P/4q1p1/4P3/2r5/PPP5/2KR1R2,1,1
5rk1/1Q3b1p/p4p1P/4q1p1/4P3/2P5/P1P5/2KR1R2,0,1
5rk1/1Q3b1p/p4p1P/6p1/4P3/2q5/P1P5/2KR1R2,1,1
5rk1/1Q3b1p/p4p1P/6p1/4P3/2q5/P1PR4/2K2R2,0,1
5rk1/1Q3b1p/p4p1P/6p1/4P3/6q1/P1PR4/2K2R2,1,1
5rk1/4Qb1p/p4p1P/6p1/4P3/6q1/P1PR4/2K2R2,0,1
5rk1/4Qb1p/p4p1P/6p1/4P3/7q/P1PR4/2K2R2,1,1
5rk1/5b1p/p4Q1P/6p1/4P3/7q/P1PR4/2K2R2,0,1
5rk1/5b1p/p4Q1P/6p1/4P3/q7/P1PR4/2K2R2,1,1
5rk1/5b1p/p6P/6p1/4P3/q7/PQPR4/2K2R2,0,1
2r5/1b3kR1/p2pp3/1p5p/4PP1P/q1bQ1B2/P1P5/1K4R1,0,-1
2r1k3/1b4R1/p2pp3/1p5p/4PP1P/q1bQ1B2/P1P5/1K4R1,1,-1
2r1k1R1/1b6/p2pp3/1p5p/4PP1P/q1bQ1B2/P1P5/1K4R1,0,-1
2r3R1/1b1k4/p2pp3/1p5p/4PP1P/q1bQ1B2/P1P5/1K4R1,1,-1
2r3R1/1b1k2R1/p2pp3/1p5p/4PP1P/q1bQ1B2/P1P5/1K6,0,-1
2r3R1/1b4R1/p1kpp3/1p5p/4PP1P/q1bQ1B2/P1P5/1K6,1,-1
2r3R1/1b4R1/p1kpp3/1p2P2p/5P1P/q1bQ1B2/P1P5/1K6,0,-1
2r3R1/1b4R1/p1k1p3/1p1pP2p/5P1P/q1bQ1B2/P1P5/1K6,1,-1
2r3R1/1b4R1/p1k1p3/1p1BP2p/5P1P/q1bQ4/P1P5/1K6,0,-1
2r3R1/1b4R1/pk2p3/1p1BP2p/5P1P/q1bQ4/P1P5/1K6,1,-1
2r3R1/1R6/pk2p3/1p1BP2p/5P1P/q1bQ4/P1P5/1K6,0,-1
2r3R1/1R6/p3p3/kp1BP2p/5P1P/q1bQ4/P1P5/1K6,1,-1
2r3R1/1R6/p3p3/kp1BP2p/5P1P/q1Q5/P1P5/1K6,0,-1
2r3R1/1R6/p3p3/kp1BP2p/5P1P/2q5/P1P5/1K6,1,-1
2R5/1R6/p3p3/kp1BP2p/5P1P/2q5/P1P5/1K6,0,-1
2q5/1R6/p3p3/kp1BP2p/5P1P/8/P1P5/1K6,1,-1
2q5/1R6/p3p3/kp2P2p/4BP1P/8/P1P5/1K6,0,-1
8/1R6/p3p3/kp2P2p/2q1BP1P/8/P1P5/1K6,1,-1
8/1R6/p3p3/kp2P2p/2q2P1P/3B4/P1P5/1K6,0,-1
8/1R6/p3p3/1p2P2p/1kq2P1P/3B4/P1P5/1K6,1,-1
r4rk1/1p2pp1p/p3n1pB/3P1b2/8/1Nq2P1P/PP4P1/2R2RK1,1,1
r4rk1/1p2pp1p/p3n1pB/3P1b2/8/1NR2P1P/PP4P1/5RK1,0,1
r4rk1/1p2ppnp/p5pB/3P1b2/8/1NR2P1P/PP4P1/5RK1,1,1
r4rk1/1p2ppnp/p5pB/3P1b2/6P1/1NR2P1P/PP6/5RK1,0,1
r1b2rk1/1p2ppnp/p5pB/3P4/6P1/1NR2P1P/PP6/5RK1,1,1
r1b2rk1/1pR1ppnp/p5pB/3P4/6P1/1N3P1P/PP6/5RK1,0,1
r1b2rk1/1pR2pnp/p3p1pB/3P4/6P1/1N3P1P/PP6/5RK1,1,1
r1b2rk1/1pR2pnp/p2Pp1pB/8/6P1/1N3P1P/PP6/5RK1,0,1
r1br2k1/1pR2pnp/p2Pp1pB/8/6P1/1N3P1P/PP6/5RK1,1,1
r1br2k1/1pR2pBp/p2Pp1p1/8/6P1/1N3P1P/PP6/5RK1,0,1
r1br4/1pR2pkp/p2Pp1p1/8/6P1/1N3P1P/PP6/5RK1,1,1
r1br4/1pR2pkp/p2Pp1p1/8/6P1/1N3P1P/PP6/3R2K1,0,1
r2r4/1pRb1pkp/p2Pp1p1/8/6P1/1N3P1P/PP6/3R2K1,1,1
r2r4/1pRb1pkp/p2Pp1p1/2N5/6P1/5P1P/PP6/3R2K1,0,1
r1br4/1pR2pkp/p2Pp1p1/2N5/6P1/5P1P/PP6/3R2K1,1,1
r1br4/1pRP1pkp/p3p1p1/2N5/6P1/5P1P/PP6/3R2K1,0,1
r1br4/1pRP1p1p/p3pkp1/2N5/6P1/5P1P/PP6/3R2K1,1,1
r1br4/1pRP1p1p/p3pkp1/8/4N1P1/5P1P/PP6/3R2K1,0,1
r1br4/1pRP1pkp/p3p1p1/8/4N1P1/5P1P/PP6/3R2K1,1,1
r1br4/1pRP1pkp/p3p1p1/6P1/4N3/5P1P/PP6/3R2K1,0,1
2r2rk1/1p3pp1/pq1p1b1p/4nP2/5BP1/1P5P/P1PQ2B1/3R1RK1,1,0
2r2rk1/1p3pp1/pq1p1b1p/4nP2/6P1/1P2B2P/P1PQ2B1/3R1RK1,0,0
2r2rk1/1pq2pp1/p2p1b1p/4nP2/6P1/1P2B2P/P1PQ2B1/3R1RK1,1,0
2r2rk1/1pq2pp1/p2p1b1p/4nP2/2P3P1/1P2B2P/P2Q2B1/3R1RK1,0,0
3r1rk1/1pq2pp1/p2p1b1p/4nP2/2P3P1/1P2B2P/P2Q2B1/3R1RK1,1,0
3r1rk1/1pq2pp1/p2p1b1p/4nP2/1QP3P1/1P2B2P/P5B1/3R1RK1,0,0
5rk1/1pqr1pp1/p2p1b1p/4nP2/1QP3P1/1P2B2P/P5B1/3R1RK1,1,0
5rk1/1pqr1pp1/pQ1p1b1p/4nP2/2P3P1/1P2B2P/P5B1/3R1RK1,0,0
1q3rk1/1p1r1pp1/pQ1p1b1p/4nP2/2P3P1/1P2B2P/P5B1/3R1RK1,1,0
1q3rk1/1p1r1pp1/pQ1p1b1p/4nP2/2P3P1/1P2B2P/P2R2B1/5RK1,0,0
1q2r1k1/1p1r1pp1/pQ1p1b1p/4nP2/2P3P1/1P2B2P/P2R2B1/5RK1,1,0
1q2r1k1/1p1r1pp1/pQ1p1b1p/4nP2/2P3P1/1P2B2P/P2R2B1/3R2K1,0,0
1q1br1k1/1p1r1pp1/pQ1p3p/4nP2/2P3P1/1P2B2P/P2R2B1/3R2K1,1,0
1q1br1k1/1p1r1pp1/p2p3p/4nP2/2PQ2P1/1P2B2P/P2R2B1/3R2K1,0,0
1q2r1k1/1p1r1pp1/p2p1b1p/4nP2/2PQ2P1/1P2B2P/P2R2B1/3R2K1,1,0
1q2r1k1/1p1r1pp1/pQ1p1b1p/4nP2/2P3P1/1P2B2P/P2R2B1/3R2K1,0,0
1q1br1k1/1p1r1pp1/pQ1p3p/4nP2/2P3P1/1P2B2P/P2R2B1/3R2K1,1,0
1q1br1k1/1p1r1pp1/p2p3p/4nP2/2PQ2P1/1P2B2P/P2R2B1/3R2K1,0,0
1q2r1k1/1p1r1pp1/p2p1b1p/4nP2/2PQ2P1/1P2B2P/P2R2B1/3R2K1,1,0
1q2r1k1/1p1r1pp1/p2p1b1p/4nP2/2PQ2P1/1P2B2P/P2R2B1/R5K1,0,0
8/1n2Qpk1/6p1/5p1p/1P2bP2/6P1/4K3/8,1,1
8/1n2Qpk1/6p1/5p1p/1P2bP2/4K1P1/8/8,0,1
8/1n2Qpk1/6p1/5p1p/1P3P2/4K1P1/8/7b,1,1
8/1n2Qpk1/6p1/5p1p/1P1K1P2/6P1/8/7b,0,1
8/1n2Qpk1/6p1/5p1p/1P1KbP2/6P1/8/8,1,1
8/1n2Qpk1/6p1/5p1p/1PK1bP2/6P1/8/8,0,1
8/1n2Qpk1/6p1/5p1p/1PK2P2/6P1/8/7b,1,1
8/1n2Qpk1/6p1/1K3p1p/1P3P2/6P1/8/7b,0,1
8/1n2Qpk1/6p1/1K3p1p/1P2bP2/6P1/8/8,1,1
8/1n2Qpk1/K5p1/5p1p/1P2bP2/6P1/8/8,0,1
8/1n2Qpk1/K5p1/5p1p/1P3P2/6P1/8/7b,1,1
8/1n2Qpk1/K5p1/1P3p1p/5P2/6P1/8/7b,0,1
8/1n2Qpk1/K5p1/1P3p1p/4bP2/6P1/8/8,1,1
8/1n2Qpk1/KP4p1/5p1p/4bP2/6P1/8/8,0,1
8/1n2Qpk1/KP4p1/5p1p/5P2/6P1/8/7b,1,1
8/1Q3pk1/KP4p1/5p1p/5P2/6P1/8/7b,0,1
8/1b3pk1/KP4p1/5p1p/5P2/6P1/8/8,1,1
8/1K3pk1/1P4p1/5p1p/5P2/6P1/8/8,0,1
8/1K3pk1/1P6/5ppp/5P2/6P1/8/8,1,1
8/2K2pk1/1P6/5ppp/5P2/6P1/8/8,0,1
r3r1k1/p2bppb1/6p1/1p1pq3/4P3/1PN2P2/PP1QN1PR/2K4R,0,-1
r3r1k1/p2bppb1/6p1/1p2q3/3pP3/1PN2P2/PP1QN1PR/2K4R,1,-1
r3r1k1/p2bppb1/6p1/1p2q3/3pP3/1P3P2/PP1QN1PR/2KN3R,0,-1
r3r1k1/p2bppb1/6p1/1p2q3/4P3/1P1p1P2/PP1QN1PR/2KN3R,1,-1
r3r1k1/p2bppb1/6p1/1p2q3/4P3/1P1Q1P2/PP2N1PR/2KN3R,0,-1
r2r2k1/p2bppb1/6p1/1p2q3/4P3/1P1Q1P2/PP2N1PR/2KN3R,1,-1
r2r2k1/p2bppb1/6p1/1p2q3/4P3/1PNQ1P2/PP4PR/2KN3R,0,-1
2rr2k1/p2bppb1/6p1/1p2q3/4P3/1PNQ1P2/PP4PR/2KN3R,1,-1
2rr2k1/p2bppb1/6p1/1p2q3/4P3/1PNQ1P2/PP4PR/1K1N3R,0,-1
2rr2k1/p3ppb1/4b1p1/1p2q3/4P3/1PNQ1P2/PP4PR/1K1N3R,1,-1
2rr2k1/p3ppb1/4b1p1/1p2q3/4P3/1PN2P2/PP2Q1PR/1K1N3R,0,-1
2rr2k1/p3ppb1/4b1p1/4q3/1p2P3/1PN2P2/PP2Q1PR/1K1N3R,1,-1
2rr2k1/p3ppb1/4b1p1/4q3/Np2P3/1P3P2/PP2Q1PR/1K1N3R,0,-1
2rr2k1/p2bppb1/6p1/4q3/Np2P3/1P3P2/PP2Q1PR/1K1N3R,1,-1
2rr2k1/p2bppb1/6p1/4q3/Np2P3/1P2NP2/PP2Q1PR/1K5R,0,-1
2rr2k1/p3ppb1/6p1/1b2q3/Np2P3/1P2NP2/PP2Q1PR/1K5R,1,-1
2rr2k1/p3ppb1/6p1/1b2q3/Np2P3/1P2NP2/PP3QPR/1K5R,0,-1
2rr2k1/p3ppb1/6p1/4q3/Np2P3/1P1bNP2/PP3QPR/1K5R,1,-1
2rr2k1/p3ppb1/6p1/4q3/Np2P3/1P1bNP2/PP3QPR/K6R,0,-1
2rr2k1/p3ppb1/6p1/8/Np2P3/1P1bNP2/PP3QPq/K6R,1,-1
rr4k1/5ppp/1B1Rp3/2P1n3/P3P3/1P6/6PP/4K3,0,-1
rr4k1/6pp/1B1Rpp2/2P1n3/P3P3/1P6/6PP/4K3,1,-1
rr4k1/6pp/1B1Rpp2/2P1n3/P3P3/1P6/3K2PP/8,0,-1
rr6/5kpp/1B1Rpp2/2P1n3/P3P3/1P6/3K2PP/8,1,-1
rr6/5kpp/1B1Rpp2/2P1n3/P3P3/1PK5/6PP/8,0,-1
rr6/4k1pp/1B1Rpp2/2P1n3/P3P3/1PK5/6PP/8,1,-1
rr6/4k1pp/1B1Rpp2/2P1n3/PK2P3/1P6/6PP/8,0,-1
r7/1r2k1pp/1B1Rpp2/2P1n3/PK2P3/1P6/6PP/8,1,-1
r7/1r2k1pp/1B2pp2/2P1n3/PK2P3/1P6/3R2PP/8,0,-1
r7/3rk1pp/1B2pp2/2P1n3/PK2P3/1P6/3R2PP/8,1,-1
r7/3rk1pp/1B2pp2/2P1n3/PK2P3/1P6/R5PP/8,0,-1
r7/4k1pp/1B2pp2/2P1n3/PK2P3/1P1r4/R5PP/8,1,-1
r7/4k1pp/1B2pp2/P1P1n3/1K2P3/1P1r4/R5PP/8,0,-1
r7/3k2pp/1B2pp2/P1P1n3/1K2P3/1P1r4/R5PP/8,1,-1
r7/3k2pp/1B2pp2/P1P1n3/K3P3/1P1r4/R5PP/8,0,-1
r7/6pp/1Bk1pp2/P1P1n3/K3P3/1P1r4/R5PP/8,1,-1
r7/6pp/1Bk1pp2/P1P1n3/KP2P3/3r4/R5PP/8,0,-1
r7/6pp/1Bk1pp2/P1P1n3/KP1rP3/8/R5PP/8,1,-1
r7/6pp/1Bk1pp2/P1P1n3/KP1rP3/8/2R3PP/8,0,-1
r7/6pp/1Bk1pp2/P1P5/KP1rP3/3n4/2R3PP/8,1,-1
8/5p1p/3p1k2/5p2/PP6/1K2RP2/7b/5r2,0,-1
8/5p1p/3p1k2/5p2/PP6/1K2RP2/8/5rb1,1,-1
8/5p1p/3p1k2/5p2/PP6/1K1R1P2/8/5rb1,0,-1
8/4kp1p/3p4/5p2/PP6/1K1R1P2/8/5rb1,1,-1
8/4kp1p/3p4/5p2/PPK5/3R1P2/8/5rb1,0,-1
8/4kp2/3p4/5p1p/PPK5/3R1P2/8/5rb1,1,-1
8/4kp2/3p4/P4p1p/1PK5/3R1P2/8/5rb1,0,-1
8/4kp2/3p4/P4p2/1PK4p/3R1P2/8/5rb1,1,-1
8/4kp2/3p4/PP3p2/2K4p/3R1P2/8/5rb1,0,-1
8/4kp2/3p4/PP3p2/2K5/3R1P1p/8/5rb1,1,-1
8/4kp2/3p4/PP3p2/2K2P2/3R3p/8/5rb1,0,-1
8/4kp2/3p4/PP3p2/2K2r2/3R3p/8/6b1,1,-1
8/4kp2/3p4/PP3p2/5r2/1K1R3p/8/6b1,0,-1
8/4kp2/3p4/PP3p2/7r/1K1R3p/8/6b1,1,-1
8/4kp2/1P1p4/P4p2/7r/1K1R3p/8/6b1,0,-1
8/4kp2/1P1p4/P4p2/7r/1K1R4/7p/6b1,1,-1
8/1P2kp2/3p4/P4p2/7r/1K1R4/7p/6b1,0,-1
8/bP2kp2/3p4/P4p2/7r/1K1R4/7p/8,1,-1
8/bP2kp2/3p4/P4p2/7r/1K2R3/7p/8,0,-1
8/bP1k1p2/3p4/P4p2/7r/1K2R3/7p/8,1,-1
r1rq2k1/1p2ppbp/3p2p1/p1nN4/2P1P3/PP3PP1/3BQ2P/1R3RK1,1,1
r1rq2k1/1p2ppbp/3p2p1/p1nN4/1PP1P3/P4PP1/3BQ2P/1R3RK1,0,1
r1rq2k1/1p2ppbp/3p2p1/2nN4/1pP1P3/P4PP1/3BQ2P/1R3RK1,1,1
r1rq2k1/1p2ppbp/3p2p1/2nN4/1PP1P3/5PP1/3BQ2P/1R3RK1,0,1
r1rq2k1/1p2ppbp/3p2p1/3N4/nPP1P3/5PP1/3BQ2P/1R3RK1,1,1
r1rq2k1/1p2ppbp/3p2p1/3N2B1/nPP1P3/5PP1/4Q2P/1R3RK1,0,1
r1rq2k1/1p2p1bp/3p1pp1/3N2B1/nPP1P3/5PP1/4Q2P/1R3RK1,1,1
r1rq2k1/1p2p1bp/3p1pp1/3N4/nPP1P3/5PP1/3BQ2P/1R3RK1,0,1
r1rq2k1/1p2p1bp/1n1p1pp1/3N4/1PP1P3/5PP1/3BQ2P/1R3RK1,1,1
r1rq2k1/1p2p1bp/1n1p1pp1/3N4/1PP1P3/5PP1/3BQ2P/2R2RK1,0,1
2rq2k1/1p2p1bp/1n1p1pp1/3N4/1PP1P3/5PP1/r2BQ2P/2R2RK1,1,1
2rq2k1/1p2p1bp/1n1p1pp1/3N4/1PP1P3/3Q1PP1/r2B3P/2R2RK1,0,1
3q2k1/1p2p1bp/1n1p1pp1/3N4/1Pr1P3/3Q1PP1/r2B3P/2R2RK1,1,1
3q2k1/1p2p1bp/1N1p1pp1/8/1Pr1P3/3Q1PP1/r2B3P/2R2RK1,0,1
3q2k1/1p2p1bp/1N1p1pp1/8/1P2P3/3Q1PP1/r2B3P/2r2RK1,1,1
3q2k1/1p2p1bp/1N1p1pp1/8/1P2P3/3Q1PP1/r2B3P/2R3K1,0,1
6k1/1p2p1bp/1q1p1pp1/8/1P2P3/3Q1PP1/r2B3P/2R3K1,1,1
6k1/1p2p1bp/1q1p1pp1/8/1P2P3/3QBPP1/r6P/2R3K1,0,1
6k1/1p2p1bp/q2p1pp1/8/1P2P3/3QBPP1/r6P/2R3K1,1,1
6k1/1p2p1bp/q2p1pp1/3Q4/1P2P3/4BPP1/r6P/2R3K1,0,1
8/3k4/P7/8/K2pP1pp/8/1r5P/2R5,1,0
8/3k4/P7/8/K2pP1pp/8/1r5P/6R1,0,0
8/3k4/P7/8/K2pP1pp/8/7r/6R1,1,0
8/3k4/P7/8/K2pP1Rp/8/7r/8,0,0
8/2k5/P7/8/K2pP1Rp/8/7r/8,1,0
8/2k5/P7/1K6/3pP1Rp/8/7r/8,0,0
8/2k5/P7/1K6/3pP1Rp/8/1r6/8,1,0
8/2k5/P7/2K5/3pP1Rp/8/1r6/8,0,0
8/2k5/P7/2K5/4P1Rp/3p4/1r6/8,1,0
8/2k5/P7/2K5/4P2R/3p4/1r6/8,0,0
8/2k5/P7/2K5/4P2R/3p4/2r5/8,1,0
8/2k5/P7/1K6/4P2R/3p4/2r5/8,0,0
8/2k5/P7/1K6/4P2R/8/2rp4/8,1,0
8/2k4R/P7/1K6/4P3/8/2rp4/8,0,0
8/7R/P2k4/1K6/4P3/8/2rp4/8,1,0
8/8/P2k3R/1K6/4P3/8/2rp4/8,0,0
8/8/P6R/1K2k3/4P3/8/2rp4/8,1,0
8/8/P7/1K2k2R/4P3/8/2rp4/8,0,0
8/8/P7/1K5R/4k3/8/2rp4/8,1,0
8/8/P7/1K6/4k3/8/2rp4/7R,0,0
r2q1rk1/1p2bppp/p1bppn2/6B1/2P1P3/2NQ1N2/PP3PPP/3R1RK1,0,0
r4rk1/1pq1bppp/p1bppn2/6B1/2P1P3/2NQ1N2/PP3PPP/3R1RK1,1,0
r4rk1/1pq1bppp/p1bppn2/6B1/P1P1P3/2NQ1N2/1P3PPP/3R1RK1,0,0
r2r2k1/1pq1bppp/p1bppn2/6B1/P1P1P3/2NQ1N2/1P3PPP/3R1RK1,1,0
r2r2k1/1pq1bppp/p1bppn2/6B1/P1P1P3/2NQ1N2/1P3PPP/3RR1K1,0,0
2rr2k1/1pq1bppp/p1bppn2/6B1/P1P1P3/2NQ1N2/1P3PPP/3RR1K1,1,0
2rr2k1/1pq1bppp/p1bppn2/6B1/P1PNP3/2NQ4/1P3PPP/3RR1K1,0,0
2rrb1k1/1pq1bppp/p2ppn2/6B1/P1PNP3/2NQ4/1P3PPP/3RR1K1,1,0
2rrb1k1/1pq1bppp/p2ppn2/6B1/P1PNP3/1PNQ4/5PPP/3RR1K1,0,0
2rrb1k1/1p2bppp/p2ppn2/2q3B1/P1PNP3/1PNQ4/5PPP/3RR1K1,1,0
2rrb1k1/1p2bppp/p2ppn2/2q5/P1PNP3/1PNQB3/5PPP/3RR1K1,0,0
2rrb1k1/1p2bppp/p2ppn2/q7/P1PNP3/1PNQB3/5PPP/3RR1K1,1,0
2rrb1k1/1p2bppp/p2ppn2/q7/P1PNP3/1PNQ4/3B1PPP/3RR1K1,0,0
2rrb1k1/1p2bppp/p2ppn2/2q5/P1PNP3/1PNQ4/3B1PPP/3RR1K1,1,0
2rrb1k1/1p2bppp/p2ppn2/2q5/P1PNP3/1PNQB3/5PPP/3RR1K1,0,0
2rrb1k1/1p2bppp/p2ppn2/q7/P1PNP3/1PNQB3/5PPP/3RR1K1,1,0
2rrb1k1/1p2bppp/p2ppn2/q7/P1PNP3/1PNQ4/3B1PPP/3RR1K1,0,0
2rrb1k1/1p2bppp/p2ppn2/2q5/P1PNP3/1PNQ4/3B1PPP/3RR1K1,1,0
2rrb1k1/1p2bppp/p2ppn2/2q5/P1PNP3/1PNQB3/5PPP/3RR1K1,0,0
2rrb1k1/1p2bppp/p2ppn2/q7/P1PNP3/1PNQB3/5PPP/3RR1K1,1,0
4rbk1/2qr1ppp/pnbpp3/2p2P2/2P1P2P/1PNRB1P1/P3Q1BK/3R4,1,1
4rbk1/2qr1ppp/pnbpp3/2p2P2/2P1P1QP/1PNRB1P1/P5BK/3R4,0,1
3rrbk1/2q2ppp/pnbpp3/2p2P2/2P1P1QP/1PNRB1P1/P5BK/3R4,1,1
3rrbk1/2q2ppp/pnbpp3/2p2PB1/2P1P1QP/1PNR2P1/P5BK/3R4,0,1
1r2rbk1/2q2ppp/pnbpp3/2p2PB1/2P1P1QP/1PNR2P1/P5BK/3R4,1,1
1r2rbk1/2q2ppp/pnbpp3/2p2P2/2P1PBQP/1PNR2P1/P5BK/3R4,0,1
1r2rbk1/2q2ppp/pnbp4/2p1pP2/2P1PBQP/1PNR2P1/P5BK/3R4,1,1
1r2rbk1/2q2ppp/pnbp4/2p1pPB1/2P1P1QP/1PNR2P1/P5BK/3R4,0,1
1r2rbk1/2qn1ppp/p1bp4/2p1pPB1/2P1P1QP/1PNR2P1/P5BK/3R4,1,1
1r2rbk1/2qn1ppp/p1bp1P2/2p1p1B1/2P1P1QP/1PNR2P1/P5BK/3R4,0,1
1r2rbk1/2qn1p1p/p1bp1Pp1/2p1p1B1/2P1P1QP/1PNR2P1/P5BK/3R4,1,1
1r2rbk1/2qn1p1p/p1bp1Pp1/2p1p1BP/2P1P1Q1/1PNR2P1/P5BK/3R4,0,1
1r3bk1/2qn1p1p/p1bprPp1/2p1p1BP/2P1P1Q1/1PNR2P1/P5BK/3R4,1,1
1r3bk1/2qn1p1p/p1bprPP1/2p1p1B1/2P1P1Q1/1PNR2P1/P5BK/3R4,0,1
1r3bk1/2qn1p2/p1bprPp1/2p1p1B1/2P1P1Q1/1PNR2P1/P5BK/3R4,1,1
1r3bk1/2qn1p2/p1bprPp1/2p1p1B1/2P1P2Q/1PNR2P1/P5BK/3R4,0,1
1r1q1bk1/3n1p2/p1bprPp1/2p1p1B1/2P1P2Q/1PNR2P1/P5BK/3R4,1,1
1r1q1bk1/3n1p2/p1bprPp1/2p1p1B1/2P1P2Q/1PN2RP1/P5BK/3R4,0,1
1r1q1bk1/3n1p2/2bprPp1/p1p1p1B1/2P1P2Q/1PN2RP1/P5BK/3R4,1,1
1r1q1bk1/3n1p2/2bprPp1/p1p1p1B1/2P1P2Q/1PN2RP1/P5BK/7R,0,1
4k2r/1b1nbppp/p3p3/1p4P1/7P/PNnBqP2/2PB4/R3K2R,1,1
4k2r/1b1nbppp/p3p3/1p4P1/7P/PNnBBP2/2P5/R3K2R,0,1
4k2r/1b2bppp/p3p3/1p2n1P1/7P/PNnBBP2/2P5/R3K2R,1,1
4k2r/1b2bppp/p3p3/1p2n1P1/7P/P1nBBP2/2PN4/R3K2R,0,1
4k2r/1b2bppp/p3p3/1p4P1/7P/P1nBBn2/2PN4/R3K2R,1,1
4k2r/1b2bppp/p3p3/1p4P1/7P/P1nBBN2/2P5/R3K2R,0,1
4k2r/4bppp/p3p3/1p4P1/7P/P1nBBb2/2P5/R3K2R,1,1
4k2r/4bppp/p3p3/1p4P1/7P/P1nBBb2/2P5/R3KR2,0,1
4k2r/4bppp/p3p3/1p4Pb/7P/P1nBB3/2P5/R3KR2,1,1
4k2r/4bppp/p3p3/1p4Pb/3B3P/P1nB4/2P5/R3KR2,0,1
4k2r/4bppp/p3p3/1p1n2Pb/3B3P/P2B4/2P5/R3KR2,1,1
4k2r/4bpBp/p3p3/1p1n2Pb/7P/P2B4/2P5/R3KR2,0,1
4k1r1/4bpBp/p3p3/1p1n2Pb/7P/P2B4/2P5/R3KR2,1,1
4k1r1/4bp1p/p3p3/1p1n2Pb/3B3P/P2B4/2P5/R3KR2,0,1
4k1r1/4b2p/p3p3/1p1n1pPb/3B3P/P2B4/2P5/R3KR2,1,1
4k1r1/4b2p/p3pP2/1p1n3b/3B3P/P2B4/2P5/R3KR2,0,1
4k1r1/7p/p2bpP2/1p1n3b/3B3P/P2B4/2P5/R3KR2,1,1
4k1r1/7p/p2bpP2/1p1n3b/3B3P/P7/2P1B3/R3KR2,0,1
4k1r1/7p/p2bpP2/1p1n4/3B3P/P7/2P1b3/R3KR2,1,1
4k1r1/5P1p/p2bp3/1p1n4/3B3P/P7/2P1b3/R3KR2,0,1
8/8/8/2Npk1rp/PP6/2P1p3/8/K6R,1,1
8/8/8/P1Npk1rp/1P6/2P1p3/8/K6R,0,1
8/8/8/P1N1k1rp/1P1p4/2P1p3/8/K6R,1,1
8/8/8/P1N1k1rp/1P1P4/4p3/8/K6R,0,1
8/8/8/P1Nk2rp/1P1P4/4p3/8/K6R,1,1
8/8/P7/2Nk2rp/1P1P4/4p3/8/K6R,0,1
8/8/P7/2N3rp/1PkP4/4p3/8/K6R,1,1
8/P7/8/2N3rp/1PkP4/4p3/8/K6R,0,1
6r1/P7/8/2N4p/1PkP4/4p3/8/K6R,1,1
6r1/P2N4/8/7p/1PkP4/4p3/8/K6R,0,1
6r1/P2N4/8/7p/1PkP4/8/4p3/K6R,1,1
6r1/P2N4/8/7p/1PkP4/8/4p3/K3R3,0,1
6r1/P2N4/8/7p/1P1P4/3k4/4p3/K3R3,1,1
1N4r1/P7/8/7p/1P1P4/3k4/4p3/K3R3,0,1
1N4r1/P7/8/7p/1P1P4/8/3kp3/K3R3,1,1
1N4r1/P7/8/7p/1P1P4/8/3kR3/K7,0,1
1N4r1/P7/8/7p/1P1P4/8/4k3/K7,1,1
QN4r1/8/8/7p/1P1P4/8/4k3/K7,0,1
QN4r1/8/8/8/1P1P3p/8/4k3/K7,1,1
1N4r1/8/8/8/1P1PQ2p/8/4k3/K7,0,1
r1bqnrk1/1p3ppp/p2pp2B/8/4P1Qb/1NN5/PPP2PPP/3R1RK1,0,-1
r1bqnrk1/1p3ppp/p2p3B/4p3/4P1Qb/1NN5/PPP2PPP/3R1RK1,1,-1
r1bqnrk1/1p3ppp/p2p3B/4p2Q/4P2b/1NN5/PPP2PPP/3R1RK1,0,-1
r1bqnrk1/1p3p1p/p2p3p/4p2Q/4P2b/1NN5/PPP2PPP/3R1RK1,1,-1
r1bqnrk1/1p3p1p/p2p3p/3Np2Q/4P2b/1N6/PPP2PPP/3R1RK1,0,-1
r1bqnrk1/1p3p1p/p2p3p/3Np1bQ/4P3/1N6/PPP2PPP/3R1RK1,1,-1
r1bqnrk1/1p3p1p/p2p3p/3Np1bQ/4P3/1N4P1/PPP2P1P/3R1RK1,0,-1
r1bqnr1k/1p3p1p/p2p3p/3Np1bQ/4P3/1N4P1/PPP2P1P/3R1RK1,1,-1
r1bqnr1k/1p3p1p/p2p3p/3Np1bQ/4P2P/1N4P1/PPP2P2/3R1RK1,0,-1
r1bq1r1k/1p3pnp/p2p3p/3Np1bQ/4P2P/1N4P1/PPP2P2/3R1RK1,1,-1
r1bq1r1k/1p3pnp/p2p3p/3Np1b1/4P2P/1N4P1/PPP1QP2/3R1RK1,0,-1
r1bq1r1k/1p3pnp/p2p3p/3Np3/4P2b/1N4P1/PPP1QP2/3R1RK1,1,-1
r1bq1r1k/1p3pnp/p2p3p/3Np3/4P2P/1N6/PPP1QP2/3R1RK1,0,-1
r1bq2rk/1p3pnp/p2p3p/3Np3/4P2P/1N6/PPP1QP2/3R1RK1,1,-1
r1bq2rk/1p3pnp/p2p3p/3Np3/4P2P/1N1R4/PPP1QP2/5RK1,0,-1
r1bq2rk/1p3p1p/p2p3p/3Np2n/4P2P/1N1R4/PPP1QP2/5RK1,1,-1
r1bq2rk/1p3p1p/p2p3p/3Np2n/4P2P/1N4R1/PPP1QP2/5RK1,0,-1
r1bq2rk/1p3p1p/p2p3p/3Np3/4P2P/1N4n1/PPP1QP2/5RK1,1,-1
r1bq2rk/1p3p1p/p2p3p/3Np3/4P2P/1N4P1/PPP1Q3/5RK1,0,-1
r1bq3k/1p3p1p/p2p3p/3Np3/4P2P/1N4r1/PPP1Q3/5RK1,1,-1
8/kb3R2/8/p3p1r1/1p1q2P1/1P4Q1/P1P1B3/1K6,1,1
8/kb3R2/8/p3p1r1/1p1q2P1/1P6/P1P1B2Q/1K6,0,1
8/kb3R2/8/p5r1/1p1qp1P1/1P6/P1P1B2Q/1K6,1,1
8/kb3R2/7Q/p5r1/1p1qp1P1/1P6/P1P1B3/1K6,0,1
8/kb3R2/7Q/p5r1/1p2p1P1/1P6/P1P1B3/1K4q1,1,1
8/kb3R2/7Q/p5r1/1p2p1P1/1P6/P1P5/1K3Bq1,0,1
8/kb3R2/7Q/pr6/1p2p1P1/1P6/P1P5/1K3Bq1,1,1
8/kb3R2/8/pr6/1p2p1P1/1P6/P1P5/1KQ2Bq1,0,1
8/kb3R2/1r6/p7/1p2p1P1/1P6/P1P5/1KQ2Bq1,1,1
8/kb3R2/1r6/p5Q1/1p2p1P1/1P6/P1P5/1K3Bq1,0,1
8/kb3R2/1r6/p5Q1/1p1qp1P1/1P6/P1P5/1K3B2,1,1
8/kb3R2/1r6/Q7/1p1qp1P1/1P6/P1P5/1K3B2,0,1
1k6/1b3R2/1r6/Q7/1p1qp1P1/1P6/P1P5/1K3B2,1,1
1k6/1b3R2/1r6/Q7/1p1qp1P1/1P6/P1P1B3/1K6,0,1
1k6/5R2/br6/Q7/1p1qp1P1/1P6/P1P1B3/1K6,1,1
1k6/3R4/br6/Q7/1p1qp1P1/1P6/P1P1B3/1K6,0,1
1k6/3R4/br6/Q7/1p2p1P1/1P2q3/P1P1B3/1K6,1,1
1k6/3R4/br6/4Q3/1p2p1P1/1P2q3/P1P1B3/1K6,0,1
k7/3R4/br6/4Q3/1p2p1P1/1P2q3/P1P1B3/1K6,1,1
k7/3R4/Br6/4Q3/1p2p1P1/1P2q3/P1P5/1K6,0,1
8/5k2/p1N2pp1/4p3/2K3P1/8/5P2/8,1,1
8/5k2/p1N2pp1/3Kp3/6P1/8/5P2/8,0,1
8/5k2/p1N2p2/3Kp1p1/6P1/8/5P2/8,1,1
8/5k2/p1N2p2/3Kp1p1/6P1/5P2/8/8,0,1
8/8/p1N2pk1/3Kp1p1/6P1/5P2/8/8,1,1
8/8/p1N1Kpk1/4p1p1/6P1/5P2/8/8,0,1
8/6k1/p1N1Kp2/4p1p1/6P1/5P2/8/8,1,1
8/6k1/p3Kp2/N3p1p1/6P1/5P2/8/8,0,1
8/8/p3Kpk1/N3p1p1/6P1/5P2/8/8,1,1
8/8/p3Kpk1/4p1p1/2N3P1/5P2/8/8,0,1
8/6k1/p3Kp2/4p1p1/2N3P1/5P2/8/8,1,1
8/6k1/p2NKp2/4p1p1/6P1/5P2/8/8,0,1
8/6k1/3NKp2/p3p1p1/6P1/5P2/8/8,1,1
4N3/6k1/4Kp2/p3p1p1/6P1/5P2/8/8,0,1
4N3/8/4Kpk1/p3p1p1/6P1/5P2/8/8,1,1
8/8/4KNk1/p3p1p1/6P1/5P2/8/8,0,1
8/8/4KNk1/4p1p1/p5P1/5P2/8/8,1,1
8/8/4K1k1/4p1p1/p3N1P1/5P2/8/8,0,1
8/8/4K1k1/4p1p1/4N1P1/p4P2/8/8,1,1
8/8/4K1k1/4p1p1/6P1/p1N2P2/8/8,0,1
2r5/2qn1pk1/2Np1npr/1B1Pp2p/8/Q4P2/PP4PP/1K1R3R,1,1
2r5/2qn1pk1/2Np1npr/1B1Pp2p/8/Q4P2/PP4PP/1KR4R,0,1
2r5/3n1pk1/1qNp1npr/1B1Pp2p/8/Q4P2/PP4PP/1KR4R,1,1
2r5/3n1pk1/QqNp1npr/1B1Pp2p/8/5P2/PP4PP/1KR4R,0,1
2r4r/3n1pk1/QqNp1np1/1B1Pp2p/8/5P2/PP4PP/1KR4R,1,1
2r4r/3n1pk1/1QNp1np1/1B1Pp2p/8/5P2/PP4PP/1KR4R,0,1
2r4r/5pk1/1nNp1np1/1B1Pp2p/8/5P2/PP4PP/1KR4R,1,1
2r4r/4Npk1/1n1p1np1/1B1Pp2p/8/5P2/PP4PP/1KR4R,0,1
1r5r/4Npk1/1n1p1np1/1B1Pp2p/8/5P2/PP4PP/1KR4R,1,1
1r5r/4Npk1/1n1p1np1/1B1Pp2p/P7/5P2/1P4PP/1KR4R,0,1
7r/1r2Npk1/1n1p1np1/1B1Pp2p/P7/5P2/1P4PP/1KR4R,1,1
7r/1r3pk1/1nNp1np1/1B1Pp2p/P7/5P2/1P4PP/1KR4R,0,1
r7/1r3pk1/1nNp1np1/1B1Pp2p/P7/5P2/1P4PP/1KR4R,1,1
r7/1r3pk1/1nNp1np1/PB1Pp2p/8/5P2/1P4PP/1KR4R,0,1
r7/1r3pk1/2Np1np1/PB1np2p/8/5P2/1P4PP/1KR4R,1,1
r7/1r3pk1/2Np1np1/P2np2p/2B5/5P2/1P4PP/1KR4R,0,1
r7/1r3pk1/2Np1np1/P3p2p/2B5/4nP2/1P4PP/1KR4R,1,1
r7/1r3pk1/2Np1np1/P3p2p/2B5/4nPP1/1P5P/1KR4R,0,1
r7/1r3pk1/2N2np1/P2pp2p/2B5/4nPP1/1P5P/1KR4R,1,1
r7/1r3pk1/2N2np1/P2pp2p/8/4nPP1/1P2B2P/1KR4R,0,1
8/8/2k5/p6R/r7/1K6/8/8,0,0
8/8/2k5/p6R/1r6/1K6/8/8,1,0
8/8/2k5/p6R/1r6/K7/8/8,0,0
8/8/2k5/pr5R/8/K7/8/8,1,0
8/8/2k5/pR6/8/K7/8/8,0,0
8/8/8/pk6/8/K7/8/8,1,0
8/8/8/pk6/8/1K6/8/8,0,0
8/8/8/1k6/p7/1K6/8/8,1,0
8/8/8/1k6/p7/K7/8/8,0,0
8/8/8/k7/p7/K7/8/8,1,0
8/8/8/k7/p7/8/K7/8,0,0
8/8/8/8/pk6/8/K7/8,1,0
8/8/8/8/pk6/8/1K6/8,0,0
8/8/8/8/1k6/p7/1K6/8,1,0
8/8/8/8/1k6/p7/K7/8,0,0
8/8/8/8/k7/p7/K7/8,1,0
8/8/8/8/k7/p7/8/1K6,0,0
8/8/8/8/8/pk6/8/1K6,1,0
8/8/8/8/8/pk6/8/K7,0,0
8/8/8/8/8/1k6/p7/K7,1,0
2r3k1/3nbppp/3p4/qbrPp3/4P3/1RP2NP1/4QPKP/1R1B4,1,1
2r3k1/3nbppp/3p4/qRrPp3/4P3/2P2NP1/4QPKP/1R1B4,0,1
2r3k1/3nbppp/3p4/1RrPp3/4P3/2q2NP1/4QPKP/1R1B4,1,1
2r3k1/1R1nbppp/3p4/2rPp3/4P3/2q2NP1/4QPKP/1R1B4,0,1
2r3k1/1Rrnbppp/3p4/3Pp3/4P3/2q2NP1/4QPKP/1R1B4,1,1
2r3k1/1Rrnbppp/3p4/3Pp3/B3P3/2q2NP1/4QPKP/1R6,0,1
2r3k1/1Rr1bppp/3p4/2nPp3/B3P3/2q2NP1/4QPKP/1R6,1,1
2r3k1/2R1bppp/3p4/2nPp3/B3P3/2q2NP1/4QPKP/1R6,0,1
6k1/2r1bppp/3p4/2nPp3/B3P3/2q2NP1/4QPKP/1R6,1,1
1R4k1/2r1bppp/3p4/2nPp3/B3P3/2q2NP1/4QPKP/8,0,1
1R3bk1/2r2ppp/3p4/2nPp3/B3P3/2q2NP1/4QPKP/8,1,1
1R3bk1/2r2ppp/2Bp4/2nPp3/4P3/2q2NP1/4QPKP/8,0,1
1R3bk1/2r2ppp/2Bp4/3Pp3/4P3/2qn1NP1/4QPKP/8,1,1
1R3bk1/2r2ppp/2Bp4/3Pp3/4P3/2qn1NP1/Q4PKP/8,0,1
1R3bk1/2r2ppp/2Bp4/3Pp3/1n2P3/2q2NP1/Q4PKP/8,1,1
QR3bk1/2r2ppp/2Bp4/3Pp3/1n2P3/2q2NP1/5PKP/8,0,1
QR3bk1/2r2pp1/2Bp3p/3Pp3/1n2P3/2q2NP1/5PKP/8,1,1
Q4Rk1/2r2pp1/2Bp3p/3Pp3/1n2P3/2q2NP1/5PKP/8,0,1
Q4R2/2r2ppk/2Bp3p/3Pp3/1n2P3/2q2NP1/5PKP/8,1,1
5R2/2r2ppk/2Bp3p/3Pp3/1n2P3/2q2NP1/Q4PKP/8,0,1
6k1/q3pp2/3p2p1/p2Pn1Pp/1r6/1PQ2PP1/P1R3K1/3R4,1,1
6k1/q3pp2/3p2p1/p2Pn1Pp/1r6/1PQ2PP1/P1R3K1/2R5,0,1
6k1/q3pp2/3p2p1/pr1Pn1Pp/8/1PQ2PP1/P1R3K1/2R5,1,1
6k1/q3pp2/3p2p1/pr1Pn1Pp/8/1P3PP1/P1RQ2K1/2R5,0,1
6k1/q3pp2/3p2p1/1r1Pn1Pp/p7/1P3PP1/P1RQ2K1/2R5,1,1
6k1/q3pp2/3p2p1/1r1Pn1Pp/p4P2/1P4P1/P1RQ2K1/2R5,0,1
6k1/q3pp2/3p2p1/1r1P2Pp/p4Pn1/1P4P1/P1RQ2K1/2R5,1,1
2R3k1/q3pp2/3p2p1/1r1P2Pp/p4Pn1/1P4P1/P2Q2K1/2R5,0,1
2R5/q3pp1k/3p2p1/1r1P2Pp/p4Pn1/1P4P1/P2Q2K1/2R5,1,1
2R5/q3pp1k/3p2p1/1r1P2Pp/p4Pn1/1P4P1/PQ4K1/2R5,0,1
2R5/q4p1k/3p2p1/1r1Pp1Pp/p4Pn1/1P4P1/PQ4K1/2R5,1,1
2R5/q4p1k/3pP1p1/1r4Pp/p4Pn1/1P4P1/PQ4K1/2R5,0,1
2R5/1q3p1k/3pP1p1/1r4Pp/p4Pn1/1P4P1/PQ4K1/2R5,1,1
2R5/1q3p1k/2RpP1p1/1r4Pp/p4Pn1/1P4P1/PQ4K1/8,0,1
2R5/1q3p1k/2RpP1p1/1r2n1Pp/p4P2/1P4P1/PQ4K1/8,1,1
2R5/1q3p1k/2RpP1p1/1r2P1Pp/p7/1P4P1/PQ4K1/8,0,1
2R5/1q3p1k/2RpP1p1/4r1Pp/p7/1P4P1/PQ4K1/8,1,1
2R5/1q3P1k/2Rp2p1/4r1Pp/p7/1P4P1/PQ4K1/8,0,1
2R5/5P1k/2Rp2p1/1q2r1Pp/p7/1P4P1/PQ4K1/8,1,1
7R/5P1k/2Rp2p1/1q2r1Pp/p7/1P4P1/PQ4K1/8,0,1
3q1k2/3P1p2/3Q2p1/7p/p3P3/7P/6P1/7K,0,0
3q4/3P1pk1/3Q2p1/7p/p3P3/7P/6P1/7K,1,0
3q4/3P1pk1/3Q2p1/4P2p/p7/7P/6P1/7K,0,0
3q4/3P1p1k/3Q2p1/4P2p/p7/7P/6P1/7K,1,0
3q4/3P1p1k/3QP1p1/7p/p7/7P/6P1/7K,0,0
3q4/3P3k/3Qp1p1/7p/p7/7P/6P1/7K,1,0
3q4/3P3k/4Q1p1/7p/p7/7P/6P1/7K,0,0
3q4/3P3k/4Q1p1/7p/8/p6P/6P1/7K,1,0
3q4/3P1Q1k/6p1/7p/8/p6P/6P1/7K,0,0
3q4/3P1Q2/6pk/7p/8/p6P/6P1/7K,1,0
3q4/3P4/6pk/7p/5Q2/p6P/6P1/7K,0,0
3q4/3P3k/6p1/7p/5Q2/p6P/6P1/7K,1,0
3q4/3P1Q1k/6p1/7p/8/p6P/6P1/7K,0,0
3q4/3P1Q2/6pk/7p/8/p6P/6P1/7K,1,0
3qQ3/3P4/6pk/7p/8/p6P/6P1/7K,0,0
3qQ3/3P4/6pk/7p/8/7P/p5P1/7K,1,0
3Q4/3P4/6pk/7p/8/7P/p5P1/7K,0,0
3Q4/3P4/6pk/7p/8/7P/6P1/q6K,1,0
3Q4/3P4/6pk/7p/8/7P/6PK/q7,0,0
3Q4/3P4/6pk/4q2p/8/7P/6PK/8,1,0
7R/4kpp1/p7/1p4P1/6P1/1P2r3/P1K5/8,0,-1
7R/4kpp1/p7/1p4P1/6P1/1P6/P1K1r3/8,1,-1
7R/4kpp1/p7/1p4P1/6P1/1PK5/P3r3/8,0,-1
7R/4kpp1/p7/1p4P1/6P1/1PK5/r7/8,1,-1
6R1/4kpp1/p7/1p4P1/6P1/1PK5/r7/8,0,-1
6R1/4kp2/p5p1/1p4P1/6P1/1PK5/r7/8,1,-1
R7/4kp2/p5p1/1p4P1/6P1/1PK5/r7/8,0,-1
R7/4kp2/p5p1/1p4P1/6P1/1PK5/6r1/8,1,-1
8/R3kp2/p5p1/1p4P1/6P1/1PK5/6r1/8,0,-1
5k2/R4p2/p5p1/1p4P1/6P1/1PK5/6r1/8,1,-1
5k2/5p2/R5p1/1p4P1/6P1/1PK5/6r1/8,0,-1
5k2/5p2/R5p1/1p4P1/6r1/1PK5/8/8,1,-1
5k2/5p2/1R4p1/1p4P1/6r1/1PK5/8/8,0,-1
5k2/5p2/1R4p1/1p4r1/8/1PK5/8/8,1,-1
5k2/5p2/1R4p1/1p4r1/1K6/1P6/8/8,0,-1
5k2/5p2/1R4p1/1p3r2/1K6/1P6/8/8,1,-1
5k2/5p2/6p1/1R3r2/1K6/1P6/8/8,0,-1
5k2/5p2/6p1/1r6/1K6/1P6/8/8,1,-1
5k2/5p2/6p1/1K6/8/1P6/8/8,0,-1
5k2/5p2/8/1K4p1/8/1P6/8/8,1,-1
1r2k1r1/3b1p2/2p1p2p/2npP1pP/pq3P2/1PQ4R/P1P1N1P1/K1R2B2,0,-1
1r2k1r1/3b1p2/2p1p2p/2npP2P/pq3p2/1PQ4R/P1P1N1P1/K1R2B2,1,-1
1r2k1r1/3b1p2/2p1p2p/2npP2P/pq3p2/1PQ2R2/P1P1N1P1/K1R2B2,0,-1
1r2k1r1/3b1p2/2p1p2p/2npP2P/p4p2/1Pq2R2/P1P1N1P1/K1R2B2,1,-1
1r2k1r1/3b1p2/2p1p2p/2npP2P/p4p2/1PN2R2/P1P3P1/K1R2B2,0,-1
1r2k1r1/3b1p2/2p1p2p/2npP2P/5p2/1pN2R2/P1P3P1/K1R2B2,1,-1
1r2k1r1/3b1p2/2p1p2p/2npP2P/5p2/1PN2R2/P5P1/K1R2B2,0,-1
1r2k3/3b1p2/2p1p2p/2npP1rP/5p2/1PN2R2/P5P1/K1R2B2,1,-1
1r2k3/3b1p2/2p1p2p/2nNP1rP/5p2/1P3R2/P5P1/K1R2B2,0,-1
1r2k3/3b1p2/4p2p/2npP1rP/5p2/1P3R2/P5P1/K1R2B2,1,-1
1r2k3/3b1p2/4p2p/2RpP1rP/5p2/1P3R2/P5P1/K4B2,0,-1
1r2k3/3b1p2/4p2p/2RpP2r/5p2/1P3R2/P5P1/K4B2,1,-1
1r2k3/3b1p2/4p2p/2RpP2r/5R2/1P6/P5P1/K4B2,0,-1
1r2k3/3b1p2/4p2p/2Rpr3/5R2/1P6/P5P1/K4B2,1,-1
1r2k3/3b1p2/4p2p/2Rpr3/5R2/1P6/PK4P1/5B2,0,-1
1r6/3bkp2/4p2p/2Rpr3/5R2/1P6/PK4P1/5B2,1,-1
1r6/3bkp2/4p2p/3pr3/5R2/1PR5/PK4P1/5B2,0,-1
1r6/3bkp2/4p2p/3p4/5R2/1PR5/PK4P1/4rB2,1,-1
1r6/3bkp2/4p2p/3p4/5R2/1P5R/PK4P1/4rB2,0,-1
1r6/3bkp2/7p/3pp3/5R2/1P5R/PK4P1/4rB2,1,-1
8/p1K5/r7/4pk2/2R3p1/5r2/8/4R3,0,-1
8/p1K5/r7/4pk2/2R5/5rp1/8/4R3,1,-1
8/p1K5/r7/2R1pk2/8/5rp1/8/4R3,0,-1
8/p1K5/4r3/2R1pk2/8/5rp1/8/4R3,1,-1
8/p2K4/4r3/2R1pk2/8/5rp1/8/4R3,0,-1
8/p2K4/4r3/2R1pk2/8/3r2p1/8/4R3,1,-1
8/p1K5/4r3/2R1pk2/8/3r2p1/8/4R3,0,-1
8/p1K5/4r3/2R1p3/5k2/3r2p1/8/4R3,1,-1
8/p1K5/4r3/4p3/5k2/3r2p1/2R5/4R3,0,-1
8/p1K5/4r3/8/4pk2/3r2p1/2R5/4R3,1,-1
8/p1K5/4r3/8/4pk2/3r2p1/2R5/5R2,0,-1
8/p1K5/4r3/8/4pk2/5rp1/2R5/5R2,1,-1
8/p1K5/4r3/8/4pk2/5rp1/2R5/6R1,0,-1
8/p1K5/4r3/8/4pk2/6p1/2R2r2/6R1,1,-1
8/p1K5/4r3/8/4pk2/2R3p1/5r2/6R1,0,-1
8/p1K5/4r3/8/4pk2/2R5/5rp1/6R1,1,-1
8/p2K4/4r3/8/4pk2/2R5/5rp1/6R1,0,-1
8/p2K4/6r1/8/4pk2/2R5/5rp1/6R1,1,-1
2R5/p2K4/6r1/8/4pk2/8/5rp1/6R1,0,-1
2R5/p2K4/6r1/8/4p3/6k1/5rp1/6R1,1,-1
r1b1k2r/1pqnbpp1/p2ppn1p/8/3NPP1B/2N5/PPP1Q1PP/2KR1B1R,1,0
r1b1k2r/1pqnbpp1/p2ppn1p/8/3NPPPB/2N5/PPP1Q2P/2KR1B1R,0,0
r1b1k2r/2qnbpp1/p2ppn1p/1p6/3NPPPB/2N5/PPP1Q2P/2KR1B1R,1,0
r1b1k2r/2qnbpp1/p2ppn1p/1p6/3NPPPB/P1N5/1PP1Q2P/2KR1B1R,0,0
r3k2r/1bqnbpp1/p2ppn1p/1p6/3NPPPB/P1N5/1PP1Q2P/2KR1B1R,1,0
r3k2r/1bqnbpp1/p2ppn1p/1p6/3NPPPB/P1N5/1PP1Q2P/1K1R1B1R,0,0
r3k2r/1bqnbpp1/p2pp2p/1p6/3NnPPB/P1N5/1PP1Q2P/1K1R1B1R,1,0
r3k2r/1bqnbpp1/p2pp2p/1p6/3NNPPB/P7/1PP1Q2P/1K1R1B1R,0,0
r3k2r/1bqn1pp1/p2pp2p/1p6/3NNPPb/P7/1PP1Q2P/1K1R1B1R,1,0
r3k2r/1bqn1pp1/p2pN2p/1p6/4NPPb/P7/1PP1Q2P/1K1R1B1R,0,0
r3k2r/1bqn2p1/p2pp2p/1p6/4NPPb/P7/1PP1Q2P/1K1R1B1R,1,0
r3k2r/1bqn2p1/p2Np2p/1p6/5PPb/P7/1PP1Q2P/1K1R1B1R,0,0
r6r/1bqnk1p1/p2Np2p/1p6/5PPb/P7/1PP1Q2P/1K1R1B1R,1,0
r6r/1bqnk1p1/p3p2p/1p3N2/5PPb/P7/1PP1Q2P/1K1R1B1R,0,0
r6r/1bqn1kp1/p3p2p/1p3N2/5PPb/P7/1PP1Q2P/1K1R1B1R,1,0
r6r/1bqn1kp1/p2Np2p/1p6/5PPb/P7/1PP1Q2P/1K1R1B1R,0,0
r6r/1bqnk1p1/p2Np2p/1p6/5PPb/P7/1PP1Q2P/1K1R1B1R,1,0
r6r/1bqnk1p1/p3p2p/1p3N2/5PPb/P7/1PP1Q2P/1K1R1B1R,0,0
r6r/1bqn1kp1/p3p2p/1p3N2/5PPb/P7/1PP1Q2P/1K1R1B1R,1,0
r6r/1bqn1kp1/p2Np2p/1p6/5PPb/P7/1PP1Q2P/1K1R1B1R,0,0
3nrrk1/7p/pp2q1pQ/3b1p1P/2pPpR2/2P1B1P1/1PB3P1/5RK1,1,1
3nrrk1/7p/pp2q1PQ/3b1p2/2pPpR2/2P1B1P1/1PB3P1/5RK1,0,1
3nrrk1/7p/pp4qQ/3b1p2/2pPpR2/2P1B1P1/1PB3P1/5RK1,1,1
3nrrk1/7p/pp4q1/3b1p2/2pPpR2/2P1B1PQ/1PB3P1/5RK1,0,1
3nrrk1/7p/pp2b1q1/5p2/2pPpR2/2P1B1PQ/1PB3P1/5RK1,1,1
3nrrk1/7p/pp2b1q1/5p2/2pPpR1Q/2P1B1P1/1PB3P1/5RK1,0,1
4rrk1/5n1p/pp2b1q1/5p2/2pPpR1Q/2P1B1P1/1PB3P1/5RK1,1,1
4rrk1/5n1p/pp2b1q1/5p2/2pPpR1Q/2P1B1P1/1P4P1/3B1RK1,0,1
3r1rk1/5n1p/pp2b1q1/5p2/2pPpR1Q/2P1B1P1/1P4P1/3B1RK1,1,1
3r1rk1/5n1p/pp2b1q1/5p2/2pPp2Q/2P1B1P1/1P3RP1/3B1RK1,0,1
5rk1/5n1p/pp2b1q1/3r1p2/2pPp2Q/2P1B1P1/1P3RP1/3B1RK1,1,1
5rk1/5n1p/pp2b1q1/3r1p1B/2pPp2Q/2P1B1P1/1P3RP1/5RK1,0,1
5rk1/5nqp/pp2b3/3r1p1B/2pPp2Q/2P1B1P1/1P3RP1/5RK1,1,1
5rk1/5nqp/pp2b3/3r1p1B/2pPp1PQ/2P1B3/1P3RP1/5RK1,0,1
5rk1/5nqp/pp2b3/3r3B/2pPp1pQ/2P1B3/1P3RP1/5RK1,1,1
5rk1/5nqp/pp2bR2/3r3B/2pPp1pQ/2P1B3/1P4P1/5RK1,0,1
5rk1/5nqp/pp1rbR2/7B/2pPp1pQ/2P1B3/1P4P1/5RK1,1,1
5rk1/5Bqp/pp1rbR2/8/2pPp1pQ/2P1B3/1P4P1/5RK1,0,1
6k1/5rqp/pp1rbR2/8/2pPp1pQ/2P1B3/1P4P1/5RK1,1,1
6k1/5rqp/pp1rbR1B/8/2pPp1pQ/2P5/1P4P1/5RK1,0,1
1r3rk1/1q1n1ppp/p1b1p3/1p6/3B3b/1BN2P2/PPP1Q1PP/1K1R2R1,0,-1
1r3rk1/1q1n1ppp/2b1p3/pp6/3B3b/1BN2P2/PPP1Q1PP/1K1R2R1,1,-1
1r3rk1/1q1n1ppp/2b1p3/pp6/P2B3b/1BN2P2/1PP1Q1PP/1K1R2R1,0,-1
1r3rk1/1q1n1ppp/2b1p3/p7/p2B3b/1BN2P2/1PP1Q1PP/1K1R2R1,1,-1
1r3rk1/1q1n1ppp/2b1p3/p7/N2B3b/1B3P2/1PP1Q1PP/1K1R2R1,0,-1
1r3rk1/1q1n1ppp/2b1pb2/p7/N2B4/1B3P2/1PP1Q1PP/1K1R2R1,1,-1
1r3rk1/1q1n1ppp/2b1pB2/p7/N7/1B3P2/1PP1Q1PP/1K1R2R1,0,-1
1r3rk1/1q3ppp/2b1pn2/p7/N7/1B3P2/1PP1Q1PP/1K1R2R1,1,-1
1r3rk1/1q3ppp/2b1pn2/p1N5/8/1B3P2/1PP1Q1PP/1K1R2R1,0,-1
1r3rk1/5ppp/1qb1pn2/p1N5/8/1B3P2/1PP1Q1PP/1K1R2R1,1,-1
1r3rk1/5ppp/1qb1pn2/p7/8/1B1N1P2/1PP1Q1PP/1K1R2R1,0,-1
1r3rk1/5ppp/1qb1pn2/8/p7/1B1N1P2/1PP1Q1PP/1K1R2R1,1,-1
1r3rk1/5ppp/1qb1pn2/8/p7/3N1P2/BPP1Q1PP/1K1R2R1,0,-1
1r3rk1/5ppp/1qb1pn2/8/8/p2N1P2/BPP1Q1PP/1K1R2R1,1,-1
1r3rk1/5ppp/1qb1pn2/8/8/pP1N1P2/B1P1Q1PP/1K1R2R1,0,-1
1r3rk1/5ppp/1qb1p3/3n4/8/pP1N1P2/B1P1Q1PP/1K1R2R1,1,-1
1r3rk1/5ppp/1qb1p3/3n4/8/pP1N1P2/B1PQ2PP/1K1R2R1,0,-1
1r3rk1/5ppp/2b1p3/3n4/3q4/pP1N1P2/B1PQ2PP/1K1R2R1,1,-1
1r3rk1/5ppp/2b1p3/3n4/3q4/pP3P2/B1PQ1NPP/1K1R2R1,0,-1
1r3rk1/5ppp/2b1p3/3n4/8/pP3P2/BqPQ1NPP/1K1R2R1,1,-1
3rr1k1/4bppp/pp6/2nb1B2/5q2/1P3N1P/P2B1PP1/2R1R1K1,1,1
3rr1k1/4bppp/pp6/2nb1B2/5B2/1P3N1P/P4PP1/2R1R1K1,0,1
3rr1k1/4bp1p/pp4p1/2nb1B2/5B2/1P3N1P/P4PP1/2R1R1K1,1,1
3rr1k1/2B1bp1p/pp4p1/2nb1B2/8/1P3N1P/P4PP1/2R1R1K1,0,1
r3r1k1/2B1bp1p/pp4p1/2nb1B2/8/1P3N1P/P4PP1/2R1R1K1,1,1
r3r1k1/4bp1p/pB4p1/2nb1B2/8/1P3N1P/P4PP1/2R1R1K1,0,1
r3r1k1/4bp1p/pB4p1/3b1B2/8/1n3N1P/P4PP1/2R1R1K1,1,1
r3r1k1/4bp1p/pB4p1/3b1B2/8/1P3N1P/5PP1/2R1R1K1,0,1
r3r1k1/4bp1p/pB6/3b1p2/8/1P3N1P/5PP1/2R1R1K1,1,1
r3r1k1/4bp1p/pB6/3b1p2/3N4/1P5P/5PP1/2R1R1K1,0,1
r3r1k1/5p1p/pB6/3b1p2/3N4/bP5P/5PP1/2R1R1K1,1,1
r3R1k1/5p1p/pB6/3b1p2/3N4/bP5P/5PP1/2R3K1,0,1
4r1k1/5p1p/pB6/3b1p2/3N4/bP5P/5PP1/2R3K1,1,1
4r1k1/5p1p/pB6/3b1p2/3N4/bP5P/5PP1/R5K1,0,1
4r1k1/5p1p/pB6/3b1p2/3N4/1P5P/1b3PP1/R5K1,1,1
4r1k1/5p1p/pB6/R2b1p2/3N4/1P5P/1b3PP1/6K1,0,1
4r1k1/5p1p/pB6/R2b1p2/3b4/1P5P/5PP1/6K1,1,1
4r1k1/5p1p/p7/R2b1p2/3B4/1P5P/5PP1/6K1,0,1
4r1k1/5p1p/p7/R4p2/3B4/1b5P/5PP1/6K1,1,1
4r1k1/5p1p/p7/5R2/3B4/1b5P/5PP1/6K1,0,1
8/3k1Q2/p1q2bp1/PpB2p1p/1P3P1P/3p2P1/7K/8,0,-1
2k5/5Q2/p1q2bp1/PpB2p1p/1P3P1P/3p2P1/7K/8,1,-1
2k5/8/p1q2bQ1/PpB2p1p/1P3P1P/3p2P1/7K/8,0,-1
2k5/8/p3qbQ1/PpB2p1p/1P3P1P/3p2P1/7K/8,1,-1
2k5/8/p3qb2/PpB2p1Q/1P3P1P/3p2P1/7K/8,0,-1
2k5/8/p4b2/PpB2p1Q/1P3P1P/3p2P1/4q2K/8,1,-1
2k5/8/p4b2/PpB2p2/1P3P1P/3p2P1/4Q2K/8,0,-1
2k5/8/p4b2/PpB2p2/1P3P1P/6P1/4p2K/8,1,-1
2k5/8/p4b2/Pp3p2/1P3P1P/6P1/4pB1K/8,0,-1
2k5/8/p7/Pp3p2/1P3P1P/2b3P1/4pB1K/8,1,-1
2k5/8/p7/Pp3p1P/1P3P2/2b3P1/4pB1K/8,0,-1
2k5/8/p7/Pp3p1P/1P3P2/2b3P1/5B1K/4q3,1,-1
2k5/8/p7/Pp3p1P/1P3P2/2b3P1/7K/4B3,0,-1
2k5/8/p7/Pp3p1P/1P3P2/6P1/7K/4b3,1,-1
2k5/8/p6P/Pp3p2/1P3P2/6P1/7K/4b3,0,-1
2k5/8/p6P/Pp3p2/1b3P2/6P1/7K/8,1,-1
2k5/8/p6P/Pp3p2/1b3PP1/8/7K/8,0,-1
2k5/8/p6P/Pp6/1b3Pp1/8/7K/8,1,-1
2k5/8/p6P/Pp6/1b3Pp1/6K1/8/8,0,-1
2k5/8/p6P/Pp6/5Pp1/2b3K1/8/8,1,-1
8/2k2B2/2b5/2P5/P1K5/8/8/8,1,1
8/2k2B2/2b5/P1P5/2K5/8/8/8,0,1
8/2k2B2/8/P1P5/2K5/8/6b1/8,1,1
8/2k2B2/8/P1P5/3K4/8/6b1/8,0,1
8/2k2B2/8/P1P5/3K4/8/8/5b2,1,1
8/2k5/8/P1P5/2BK4/8/8/5b2,0,1
8/2k5/8/P1P5/2BK4/8/6b1/8,1,1
8/2k5/P7/2P5/2BK4/8/6b1/8,0,1
1k6/8/P7/2P5/2BK4/8/6b1/8,1,1
1k6/8/P7/2P1K3/2B5/8/6b1/8,0,1
1k6/8/P7/2P1K3/2B5/7b/8/8,1,1
1k6/8/P2K4/2P5/2B5/7b/8/8,0,1
1kb5/8/P2K4/2P5/2B5/8/8/8,1,1
1kb5/8/P1PK4/8/2B5/8/8/8,0,1
2b5/k7/P1PK4/8/2B5/8/8/8,1,1
2b5/k1K5/P1P5/8/2B5/8/8/8,0,1
8/kbK5/P1P5/8/2B5/8/8/8,1,1
8/kbK5/P1P5/8/8/8/8/5B2,0,1
b7/k1K5/P1P5/8/8/8/8/5B2,1,1
b7/k2K4/P1P5/8/8/8/8/5B2,0,1
1r1q1r1k/4bpp1/p1n1p2p/2ppPb1P/P4B2/P2p1NQ1/R2N1PP1/2R2BK1,0,0
1r1q1r1k/4bpp1/p1n1p2p/3pPb1P/P1p2B2/P2p1NQ1/R2N1PP1/2R2BK1,1,0
1r1q1r1k/4bpp1/p1n1p2p/3pPb1P/P1p2B2/P2p2Q1/R2N1PP1/2R1NBK1,0,0
1r1q1r1k/4bpp1/p3p2p/3pPb1P/P1pn1B2/P2p2Q1/R2N1PP1/2R1NBK1,1,0
1r1q1r1k/4bpp1/p3p2p/3pPb1P/P1pn1B2/P2N2Q1/R2N1PP1/2R2BK1,0,0
1r1q1r1k/4bpp1/p3p2p/3pPb1P/P2n1B2/P2p2Q1/R2N1PP1/2R2BK1,1,0
1r1q1r1k/4bpp1/p3p2p/3pPb1P/P2n1B2/P2B2Q1/R2N1PP1/2R3K1,0,0
1r3r1k/4bpp1/p3p2p/q2pPb1P/P2n1B2/P2B2Q1/R2N1PP1/2R3K1,1,0
1r3r1k/4bpp1/p3p2p/q2pPb1P/P2n1B2/P5Q1/R2N1PP1/2R2BK1,0,0
1r3r1k/4bpp1/p3p2p/3pPb1P/q2n1B2/P5Q1/R2N1PP1/2R2BK1,1,0
1r3r1k/2R1bpp1/p3p2p/3pPb1P/q2n1B2/P5Q1/R2N1PP1/5BK1,0,0
1r1b1r1k/2R2pp1/p3p2p/3pPb1P/q2n1B2/P5Q1/R2N1PP1/5BK1,1,0
1r1b1r1k/R4pp1/p3p2p/3pPb1P/q2n1B2/P5Q1/R2N1PP1/5BK1,0,0
1r1b1r1k/R4pp1/4p2p/p2pPb1P/q2n1B2/P5Q1/R2N1PP1/5BK1,1,0
1r1b1r1k/R4pp1/4p2p/p2pPb1P/q2n1B2/P3Q3/R2N1PP1/5BK1,0,0
1r1b1r1k/R4ppb/4p2p/p2pP2P/q2n1B2/P3Q3/R2N1PP1/5BK1,1,0
1r1b1r1k/5ppb/R3p2p/p2pP2P/q2n1B2/P3Q3/R2N1PP1/5BK1,0,0
2rb1r1k/5ppb/R3p2p/p2pP2P/q2n1B2/P3Q3/R2N1PP1/5BK1,1,0
2rb1r1k/5ppb/3Rp2p/p2pP2P/q2n1B2/P3Q3/R2N1PP1/5BK1,0,0
2rb1r1k/5ppb/3Rp2p/p2pPn1P/q4B2/P3Q3/R2N1PP1/5BK1,1,0
1r1qr1k1/5p1p/3p2pb/1b2p3/2n1P3/2B2NPP/5PB1/2RQR1K1,1,1
1r1qr1k1/5p1p/3p2pb/1b2p3/2n1P3/2B2NPP/5PB1/R2QR1K1,0,1
1r2r1k1/2q2p1p/3p2pb/1b2p3/2n1P3/2B2NPP/5PB1/R2QR1K1,1,1
1r2r1k1/2q2p1p/3p2pb/1b2p3/1Bn1P3/5NPP/5PB1/R2QR1K1,0,1
1r1r2k1/2q2p1p/3p2pb/1b2p3/1Bn1P3/5NPP/5PB1/R2QR1K1,1,1
1r1r2k1/2q2p1p/3p2pb/1b2p3/1Bn1P2P/5NP1/5PB1/R2QR1K1,0,1
1r1r2k1/2qb1p1p/3p2pb/4p3/1Bn1P2P/5NP1/5PB1/R2QR1K1,1,1
1r1r2k1/2qb1p1p/3p2pb/4p3/1Bn1P2P/5NP1/5PB1/1R1QR1K1,0,1
3r2k1/1rqb1p1p/3p2pb/4p3/1Bn1P2P/5NP1/5PB1/1R1QR1K1,1,1
3r2k1/1rqb1p1p/3p2pb/4p3/2n1P2P/2B2NP1/5PB1/1R1QR1K1,0,1
3r2k1/2qb1p1p/3p2pb/4p3/2n1P2P/2B2NP1/5PB1/1r1QR1K1,1,1
3r2k1/2qb1p1p/3p2pb/4p3/2n1P2P/2B2NP1/5PB1/1Q2R1K1,0,1
3r2k1/2qb1p1p/3p2pb/4p3/4P2P/2B1nNP1/5PB1/1Q2R1K1,1,1
3r2k1/2qb1p1p/3p2pb/4p3/4P2P/4nNP1/3B1PB1/1Q2R1K1,0,1
3r2k1/2qb1p1p/3p2pb/4p3/4P2P/5NP1/3B1Pn1/1Q2R1K1,1,1
3r2k1/2qb1p1p/3p2pb/4p3/4P2P/5NP1/3B1Pn1/1QR3K1,0,1
1r4k1/2qb1p1p/3p2pb/4p3/4P2P/5NP1/3B1Pn1/1QR3K1,1,1
1r4k1/2qb1p1p/3p2pb/4p3/4P2P/3Q1NP1/3B1Pn1/2R3K1,0,1
1r4k1/3b1p1p/3p2pb/4p3/4P2P/3Q1NP1/3B1Pn1/2q3K1,1,1
1r4k1/3b1p1p/3p2pb/4p3/4P2P/3Q1NP1/5Pn1/2B3K1,0,1
r4rk1/5pbp/1q2p1p1/1ppnP1N1/3n1P2/pP1P2QP/P2B2P1/2R1RB1K,0,-1
2r2rk1/5pbp/1q2p1p1/1ppnP1N1/3n1P2/pP1P2QP/P2B2P1/2R1RB1K,1,-1
2r2rk1/5pbp/1q2p1p1/1ppnP1N1/3n1P1Q/pP1P3P/P2B2P1/2R1RB1K,0,-1
2r2rk1/5pb1/1q2p1pp/1ppnP1N1/3n1P1Q/pP1P3P/P2B2P1/2R1RB1K,1,-1
2r2rk1/5pb1/1q2p1pp/1ppnP3/3nNP1Q/pP1P3P/P2B2P1/2R1RB1K,0,-1
5rk1/2r2pb1/1q2p1pp/1ppnP3/3nNP1Q/pP1P3P/P2B2P1/2R1RB1K,1,-1
5rk1/2r2pb1/1q2p1pp/1ppnP3/3nNP2/pP1P3P/P2B1QP1/2R1RB1K,0,-1
3r2k1/2r2pb1/1q2p1pp/1ppnP3/3nNP2/pP1P3P/P2B1QP1/2R1RB1K,1,-1
3r2k1/2r2pb1/1q2p1pp/1pNnP3/3n1P2/pP1P3P/P2B1QP1/2R1RB1K,0,-1
3r2k1/2r2pb1/1q2p1pp/1pN1P3/3n1n2/pP1P3P/P2B1QP1/2R1RB1K,1,-1
3r2k1/2r2pb1/1q2p1pp/1pN1P3/3n1Q2/pP1P3P/P2B2P1/2R1RB1K,0,-1
3r2k1/5pb1/1q2p1pp/1pr1P3/3n1Q2/pP1P3P/P2B2P1/2R1RB1K,1,-1
3r2k1/5pb1/1q2p1pp/Bpr1P3/3n1Q2/pP1P3P/P5P1/2R1RB1K,0,-1
3r2k1/5pb1/4p1pp/qpr1P3/3n1Q2/pP1P3P/P5P1/2R1RB1K,1,-1
3r2k1/5pb1/4p1pp/qpR1P3/3n1Q2/pP1P3P/P5P1/4RB1K,0,-1
3r2k1/5pb1/4p1pp/1pR1P3/3n1Q2/pP1P3P/P5P1/4qB1K,1,-1
3r2k1/2R2pb1/4p1pp/1p2P3/3n1Q2/pP1P3P/P5P1/4qB1K,0,-1
3r2k1/2R2pb1/4p1pp/1p2Pn2/5Q2/pP1P3P/P5P1/4qB1K,1,-1
3r2k1/2R2pb1/4p1pp/1p2Pn2/5QP1/pP1P3P/P7/4qB1K,0,-1
3r2k1/2R2p2/4p1pp/1p2bn2/5QP1/pP1P3P/P7/4qB1K,1,-1
4rbk1/1pqb2p1/pN1p1npp/P2P4/3N4/1Q2B2P/1P3PP1/4R1K1,1,1
4rbk1/1pqb2p1/pN1p1npp/P2P4/3N4/1Q2B2P/1P3PP1/2R3K1,0,1
3qrbk1/1p1b2p1/pN1p1npp/P2P4/3N4/1Q2B2P/1P3PP1/2R3K1,1,1
3qrbk1/1p1b2p1/pN1p1npp/P2P4/3N4/4B2P/1PQ2PP1/2R3K1,0,1
3qrbk1/1p1b2p1/pN1p2pp/P2P4/3Nn3/4B2P/1PQ2PP1/2R3K1,1,1
3qrbk1/1pQb2p1/pN1p2pp/P2P4/3Nn3/4B2P/1P3PP1/2R3K1,0,1
3qrbk1/1pQ3p1/pN1p2pp/Pb1P4/3Nn3/4B2P/1P3PP1/2R3K1,1,1
3Qrbk1/1p4p1/pN1p2pp/Pb1P4/3Nn3/4B2P/1P3PP1/2R3K1,0,1
3r1bk1/1p4p1/pN1p2pp/Pb1P4/3Nn3/4B2P/1P3PP1/2R3K1,1,1
3r1bk1/1pR3p1/pN1p2pp/Pb1P4/3Nn3/4B2P/1P3PP1/6K1,0,1
3r1bk1/1pR3p1/pN1p2pp/PbnP4/3N4/4B2P/1P3PP1/6K1,1,1
3r1bk1/1pR3p1/pN1p2pp/PNnP4/8/4B2P/1P3PP1/6K1,0,1
3r1bk1/1pR3p1/1N1p2pp/PpnP4/8/4B2P/1P3PP1/6K1,1,1
3r1bk1/1pR3p1/1N1p2pp/PpBP4/8/7P/1P3PP1/6K1,0,1
3r1bk1/1pR3p1/1N4pp/PppP4/8/7P/1P3PP1/6K1,1,1
3r1bk1/1R4p1/1N4pp/PppP4/8/7P/1P3PP1/6K1,0,1
3r1bk1/1R4p1/1N4pp/Pp1P4/2p5/7P/1P3PP1/6K1,1,1
3r1bk1/1R4p1/PN4pp/1p1P4/2p5/7P/1P3PP1/6K1,0,1
3r2k1/1R4p1/PN4pp/1pbP4/2p5/7P/1P3PP1/6K1,1,1
3r2k1/PR4p1/1N4pp/1pbP4/2p5/7P/1P3PP1/6K1,0,1
2br4/p4pk1/4pnpP/2qp4/1r1R3P/1PN1QP2/P1P1B3/2K4R,0,-1
2br4/p4p1k/4pnpP/2qp4/1r1R3P/1PN1QP2/P1P1B3/2K4R,1,-1
2br4/p4p1k/4pnpP/2qp4/1r1R3P/1PN1QP2/P1P1B3/2KR4,0,-1
2br4/p4p1k/5npP/2qpp3/1r1R3P/1PN1QP2/P1P1B3/2KR4,1,-1
2br4/p4p1k/5npP/2qpp3/1r5P/1PNRQP2/P1P1B3/2KR4,0,-1
2br4/p4p1k/5npP/2q1p3/1r1p3P/1PNRQP2/P1P1B3/2KR4,1,-1
2br4/p4p1k/5npP/2q1p1Q1/1r1p3P/1PNR1P2/P1P1B3/2KR4,0,-1
2br4/p4p1k/1r3npP/2q1p1Q1/3p3P/1PNR1P2/P1P1B3/2KR4,1,-1
2br4/p4p1k/1r3npP/2q1p1Q1/3pN2P/1P1R1P2/P1P1B3/2KR4,0,-1
2br4/p4p1k/1r3npP/4p1Q1/3pN2P/qP1R1P2/P1P1B3/2KR4,1,-1
2br4/p4p1k/1r3npP/4p1Q1/3pN2P/qP1R1P2/P1PKB3/3R4,0,-1
2br4/p4p1k/1r4pP/4p1Q1/3pn2P/qP1R1P2/P1PKB3/3R4,1,-1
2br4/p4p1k/1r4pP/4p1Q1/3pP2P/qP1R4/P1PKB3/3R4,0,-1
2br4/p4p1k/1r4pP/q3p1Q1/3pP2P/1P1R4/P1PKB3/3R4,1,-1
2br4/p4p1k/1r4pP/q3p1Q1/3pP2P/1P1R4/P1P1B3/2KR4,0,-1
2br4/p4p1k/1r4pP/4p1Q1/3pP2P/qP1R4/P1P1B3/2KR4,1,-1
2br4/p4p1k/1r4pP/4p1Q1/3pP2P/qP1R4/P1P1B3/1K1R4,0,-1
2br4/p6k/1r3ppP/4p1Q1/3pP2P/qP1R4/P1P1B3/1K1R4,1,-1
2br4/p6k/1r3ppP/4p3/3pP2P/qP1R4/P1PQB3/1K1R4,0,-1
2br4/p6k/r4ppP/4p3/3pP2P/qP1R4/P1PQB3/1K1R4,1,-1
8/3nk3/7p/1PP2p1P/2BK4/8/1r6/3R4,1,1
8/3nk3/7p/1PP2p1P/2BK4/8/1r6/6R1,0,1
8/3nk3/7p/1PP2p1P/2BK4/8/3r4/6R1,1,1
8/3nk3/7p/1PP2p1P/2B5/2K5/3r4/6R1,0,1
8/3nk3/7p/1PP2p1P/2B5/2K5/7r/6R1,1,1
8/3nk1R1/7p/1PP2p1P/2B5/2K5/7r/8,0,1
4k3/3n2R1/7p/1PP2p1P/2B5/2K5/7r/8,1,1
4k3/3n2R1/2P4p/1P3p1P/2B5/2K5/7r/8,0,1
4k3/6R1/1nP4p/1P3p1P/2B5/2K5/7r/8,1,1
4k3/1R6/1nP4p/1P3p1P/2B5/2K5/7r/8,0,1
4k3/1R6/2P4p/1P3p1P/2n5/2K5/7r/8,1,1
4k3/1R6/2P4p/1P3p1P/2K5/8/7r/8,0,1
4k3/1R6/2P4p/1P5P/2K2p2/8/7r/8,1,1
4k3/1R6/2P4p/1P5P/5p2/3K4/7r/8,0,1
4k3/1R6/2P4p/1P5P/8/3K1p2/7r/8,1,1
1R2k3/8/2P4p/1P5P/8/3K1p2/7r/8,0,1
1R6/4k3/2P4p/1P5P/8/3K1p2/7r/8,1,1
1R6/2P1k3/7p/1P5P/8/3K1p2/7r/8,0,1
1R6/2P1k3/7p/1P5P/8/3K4/5p1r/8,1,1
1R6/2P1k3/7p/1P5P/8/8/4Kp1r/8,0,1
2r4k/4r2p/6p1/4p3/3qP3/1Q1N3P/5PP1/2R4K,0,-1
7k/4r2p/6p1/4p3/3qP3/1Q1N3P/5PP1/2r4K,1,-1
7k/4r2p/6p1/4p3/3qP3/1Q5P/5PP1/2N4K,0,-1
7k/4r2p/6p1/4p3/4P3/1Q5P/5qP1/2N4K,1,-1
1Q5k/4r2p/6p1/4p3/4P3/7P/5qP1/2N4K,0,-1
1Q6/4r1kp/6p1/4p3/4P3/7P/5qP1/2N4K,1,-1
2Q5/4r1kp/6p1/4p3/4P3/7P/5qP1/2N4K,0,-1
2Q5/4r1kp/6p1/4p3/4P3/7P/6P1/2N2q1K,1,-1
2Q5/4r1kp/6p1/4p3/4P3/7P/6PK/2N2q2,0,-1
2Q5/4r1kp/6p1/4p3/4Pq2/7P/6PK/2N5,1,-1
2Q5/4r1kp/6p1/4p3/4Pq2/7P/6P1/2N4K,0,-1
2Q5/5rkp/6p1/4p3/4Pq2/7P/6P1/2N4K,1,-1
8/5rkp/6p1/2Q1p3/4Pq2/7P/6P1/2N4K,0,-1
8/5rkp/6p1/2Q1p3/4q3/7P/6P1/2N4K,1,-1
8/5rkp/6p1/4p3/4q3/7P/6P1/2N3QK,0,-1
8/5rkp/6p1/4p3/2q5/7P/6P1/2N3QK,1,-1
8/5rkp/6p1/4p3/2q5/4Q2P/6P1/2N4K,0,-1
8/6kp/6p1/4p3/2q5/4Q2P/6P1/2N2r1K,1,-1
8/6kp/6p1/4p3/2q5/4Q2P/6PK/2N2r2,0,-1
8/6kp/6p1/4p3/5q2/4Q2P/6PK/2N2r2,1,-1
8/7p/P2k1pp1/8/2B1Pp2/4b2P/2K5/8,0,0
8/7p/P4pp1/4k3/2B1Pp2/4b2P/2K5/8,1,0
8/7p/P4pp1/4k3/2B1Pp2/3Kb2P/8/8,0,0
8/7p/P4pp1/2b1k3/2B1Pp2/3K3P/8/8,1,0
6B1/7p/P4pp1/2b1k3/4Pp2/3K3P/8/8,0,0
6B1/8/P4ppp/2b1k3/4Pp2/3K3P/8/8,1,0
8/5B2/P4ppp/2b1k3/4Pp2/3K3P/8/8,0,0
8/5B2/P4p1p/2b1k1p1/4Pp2/3K3P/8/8,1,0
8/8/P4p1p/2b1k1pB/4Pp2/3K3P/8/8,0,0
8/b7/P4p1p/4k1pB/4Pp2/3K3P/8/8,1,0
8/b7/P4p1p/4k1p1/4PpB1/3K3P/8/8,0,0
8/8/Pb3p1p/4k1p1/4PpB1/3K3P/8/8,1,0
8/8/Pb3p1p/4k1p1/4Pp2/3K1B1P/8/8,0,0
8/b7/P4p1p/4k1p1/4Pp2/3K1B1P/8/8,1,0
8/b7/P4p1p/4k1p1/2K1Pp2/5B1P/8/8,0,0
8/8/P4p1p/4k1p1/2K1Pp2/4bB1P/8/8,1,0
8/8/P4p1p/4k1p1/4Pp2/3KbB1P/8/8,0,0
8/b7/P4p1p/4k1p1/4Pp2/3K1B1P/8/8,1,0
8/b7/P4p1p/4k1p1/4PpB1/3K3P/8/8,0,0
8/8/Pb3p1p/4k1p1/4PpB1/3K3P/8/8,1,0
2b3R1/3k4/8/2K5/8/8/8/8,0,0
6R1/3k4/b7/2K5/8/8/8/8,1,0
8/3k2R1/b7/2K5/8/8/8/8,0,0
4k3/6R1/b7/2K5/8/8/8/8,1,0
4k3/6R1/b7/3K4/8/8/8/8,0,0
5k2/6R1/b7/3K4/8/8/8/8,1,0
5k2/2R5/b7/3K4/8/8/8/8,0,0
6k1/2R5/b7/3K4/8/8/8/8,1,0
6k1/2R5/b3K3/8/8/8/8/8,0,0
6k1/2R5/4K3/8/8/3b4/8/8,1,0
6k1/2R5/5K2/8/8/3b4/8/8,0,0
6k1/2R5/5K2/8/8/8/8/1b6,1,0
6k1/8/5K2/8/8/2R5/8/1b6,0,0
7k/8/5K2/8/8/2R5/8/1b6,1,0
7k/8/5K2/8/8/6R1/8/1b6,0,0
7k/7b/5K2/8/8/6R1/8/8,1,0
7k/7b/5K2/8/8/7R/8/8,0,0
6k1/7b/5K2/8/8/7R/8/8,1,0
6k1/7R/5K2/8/8/8/8/8,0,0
8/7k/5K2/8/8/8/8/8,1,0
r1bqkb1r/5pp1/p1pppn1p/8/4P1PP/2N2Q2/PPP2P2/R1B1KB1R,1,1
r1bqkb1r/5pp1/p1pppn1p/6P1/4P2P/2N2Q2/PPP2P2/R1B1KB1R,0,1
r1bqkb1r/3n1pp1/p1ppp2p/6P1/4P2P/2N2Q2/PPP2P2/R1B1KB1R,1,1
r1bqkb1r/3n1pp1/p1ppp2p/6P1/4P2P/2N1BQ2/PPP2P2/R3KB1R,0,1
r1bqkb1r/3n1pp1/p1ppp3/6p1/4P2P/2N1BQ2/PPP2P2/R3KB1R,1,1
r1bqkb1r/3n1pp1/p1ppp3/6P1/4P3/2N1BQ2/PPP2P2/R3KB1R,0,1
r1bqkb1r/5pp1/p1ppp3/4n1P1/4P3/2N1BQ2/PPP2P2/R3KB1R,1,1
r1bqkb1r/5pp1/p1ppp3/4n1P1/4P3/2N1B3/PPP2PQ1/R3KB1R,0,1
r1bqkb2/5pp1/p1ppp3/4n1P1/4P3/2N1B3/PPP2PQ1/R3KB1r,1,1
r1bqkb2/5pp1/p1ppp3/4n1P1/4P3/2N1B3/PPP2P2/R3KB1Q,0,1
r1bqkb2/5pp1/p1ppp3/6P1/4P1n1/2N1B3/PPP2P2/R3KB1Q,1,1
r1bqkb2/5pp1/p1ppp3/6P1/4P1n1/2N5/PPPB1P2/R3KB1Q,0,1
r1bqkb2/5pp1/p1ppp3/6P1/4P3/2N5/PPPB1n2/R3KB1Q,1,1
r1bqkb2/5pp1/p1ppp3/6P1/4P3/2N5/PPPB1K2/R4B1Q,0,1
r1b1kb2/5pp1/pqppp3/6P1/4P3/2N5/PPPB1K2/R4B1Q,1,1
r1b1kb2/5pp1/pqppp3/6P1/4P3/2N5/PPPB4/R3KB1Q,0,1
r1b1kb2/5pp1/p1ppp3/6P1/4P3/2N5/PqPB4/R3KB1Q,1,1
r1b1kb2/5pp1/p1ppp3/6P1/4P3/2N5/PqPB4/1R2KB1Q,0,1
r1b1kb2/5pp1/p1ppp3/6P1/4P3/2N5/P1qB4/1R2KB1Q,1,1
r1b1kb2/5pp1/p1ppp3/6P1/4P3/2N2Q2/P1qB4/1R2KB2,0,1
1rr1b1k1/4qp2/p3pbp1/P3p1Pn/1p2P2Q/1N3R2/1PP3BP/5RK1,1,1
1rr1b1k1/4qp2/p3pPp1/P3p2n/1p2P2Q/1N3R2/1PP3BP/5RK1,0,1
1rr1b1k1/q4p2/p3pPp1/P3p2n/1p2P2Q/1N3R2/1PP3BP/5RK1,1,1
1rr1b1k1/q4p2/p3pPp1/P3p2n/1p2P2Q/1N3R2/1PP3BP/5R1K,0,1
1r2b1k1/q4p2/p3pPp1/P3p2n/1p2P2Q/1N3R2/1Pr3BP/5R1K,1,1
1r2b1k1/q4p2/p3pPp1/P3p2n/1p2P2Q/1N4R1/1Pr3BP/5R1K,0,1
1r2b3/q4p1k/p3pPp1/P3p2n/1p2P2Q/1N4R1/1Pr3BP/5R1K,1,1
1r2b3/q4p1k/p3pPp1/P3p2n/1p2P2Q/1N3BR1/1Pr4P/5R1K,0,1
1r2b3/5p1k/p3pPp1/P3p2n/1p2P2Q/1N2qBR1/1Pr4P/5R1K,1,1
1r2b3/5p1k/p3pPp1/P3p2B/1p2P2Q/1N2q1R1/1Pr4P/5R1K,0,1
1r2b3/5p1k/p3pPpq/P3p2B/1p2P2Q/1N4R1/1Pr4P/5R1K,1,1
1r2b3/5p1k/p3pPpq/P3p2B/1p2P1Q1/1N4R1/1Pr4P/5R1K,0,1
1r2b3/5p1k/p3pPpq/P3p2B/1p2P1Q1/1N4R1/1r5P/5R1K,1,1
1r2b3/5p1k/p3pPpq/P1N1p2B/1p2P1Q1/6R1/1r5P/5R1K,0,1
3rb3/5p1k/p3pPpq/P1N1p2B/1p2P1Q1/6R1/1r5P/5R1K,1,1
3rb3/5p1k/p3pPBq/P1N1p3/1p2P1Q1/6R1/1r5P/5R1K,0,1
3rb3/5p1k/p3pPq1/P1N1p3/1p2P1Q1/6R1/1r5P/5R1K,1,1
3rb3/5p1k/p3pPq1/P1N1p3/1p2P2Q/6R1/1r5P/5R1K,0,1
3rb3/5p1k/p3pP1q/P1N1p3/1p2P2Q/6R1/1r5P/5R1K,1,1
3rb3/5pRk/p3pP1q/P1N1p3/1p2P2Q/8/1r5P/5R1K,0,1
5r1k/p1qn2b1/2p2rp1/7p/2Pp4/1Q5P/PP1BRPP1/R2N2K1,0,-1
5r1k/p1q3b1/2p2rp1/2n4p/2Pp4/1Q5P/PP1BRPP1/R2N2K1,1,-1
5r1k/p1q3b1/2p2rp1/2n4p/2Pp4/Q6P/PP1BRPP1/R2N2K1,0,-1
5r1k/p1q3b1/2p1nrp1/7p/2Pp4/Q6P/PP1BRPP1/R2N2K1,1,-1
5r1k/p1q3b1/2p1nrp1/7p/2Pp4/Q4P1P/PP1BR1P1/R2N2K1,0,-1
5r1k/p5b1/2p1nrp1/7p/2Pp4/Q4PqP/PP1BR1P1/R2N2K1,1,-1
5r1k/p5b1/2p1nrp1/7p/2Pp4/Q4PqP/PP1BRNP1/R5K1,0,-1
5r1k/p5b1/2p1n1p1/7p/2Pp4/Q4rqP/PP1BRNP1/R5K1,1,-1
5r1k/p5b1/2p1n1p1/7p/2Pp4/5QqP/PP1BRNP1/R5K1,0,-1
7k/p5b1/2p1n1p1/7p/2Pp4/5rqP/PP1BRNP1/R5K1,1,-1
7k/p5b1/2p1n1p1/7p/2PpN3/5rqP/PP1BR1P1/R5K1,0,-1
1q5k/p5b1/2p1n1p1/7p/2PpN3/5r1P/PP1BR1P1/R5K1,1,-1
1q5k/p5b1/2p1n1p1/7p/2PpN3/5P1P/PP1BR3/R5K1,0,-1
7k/p5b1/2p1n1p1/7p/2PpN3/5P1P/Pq1BR3/R5K1,1,-1
7k/p5b1/2p1n1p1/7p/2PpN3/5P1P/Pq1BR3/4R1K1,0,-1
7k/p5b1/2p1n1p1/7p/2PpN3/5P1P/q2BR3/4R1K1,1,-1
7k/p5b1/2p1n1pB/7p/2PpN3/5P1P/q3R3/4R1K1,0,-1
7k/p5b1/2p1n1pB/7p/2PpN3/q4P1P/4R3/4R1K1,1,-1
7k/p5B1/2p1n1p1/7p/2PpN3/q4P1P/4R3/4R1K1,0,-1
8/p5k1/2p1n1p1/7p/2PpN3/q4P1P/4R3/4R1K1,1,-1
5rk1/1Q3ppp/p7/3ppP2/P7/4q2P/1P1r2B1/N4R1K,1,1
5rk1/5ppp/Q7/3ppP2/P7/4q2P/1P1r2B1/N4R1K,0,1
5rk1/5ppp/Q7/3ppP2/P7/4q2P/1r4B1/N4R1K,1,1
5rk1/5ppp/2Q5/3ppP2/P7/4q2P/1r4B1/N4R1K,0,1
5rk1/5ppp/2Q5/4pP2/P2p4/4q2P/1r4B1/N4R1K,1,1
5rk1/5ppp/2Q2P2/4p3/P2p4/4q2P/1r4B1/N4R1K,0,1
5rk1/5p1p/2Q2Pp1/4p3/P2p4/4q2P/1r4B1/N4R1K,1,1
5rk1/5p1p/2Q2Pp1/P3p3/3p4/4q2P/1r4B1/N4R1K,0,1
5rk1/5p1p/2Q2Pp1/P3p3/8/3pq2P/1r4B1/N4R1K,1,1
5rk1/5p1p/P1Q2Pp1/4p3/8/3pq2P/1r4B1/N4R1K,0,1
5rk1/5p1p/P1Q2Pp1/4p3/8/4q2P/1r1p2B1/N4R1K,1,1
5rk1/5p1p/P4Pp1/3Qp3/8/4q2P/1r1p2B1/N4R1K,0,1
5rk1/5p1p/P4Pp1/3Qp3/8/7P/1r1pq1B1/N4R1K,1,1
5rk1/P4p1p/5Pp1/3Qp3/8/7P/1r1pq1B1/N4R1K,0,1
5rk1/P4p1p/5Pp1/3Qp3/8/7P/r2pq1B1/N4R1K,1,1
5rk1/P4p1p/5Pp1/4p3/8/7P/Q2pq1B1/N4R1K,0,1
5rk1/P4p1p/5Pp1/4p3/8/7P/Q3q1B1/N2q1R1K,1,1
Q4rk1/5p1p/5Pp1/4p3/8/7P/Q3q1B1/N2q1R1K,0,1
Q4rk1/5p1p/5Pp1/4p3/8/7P/Q3q1B1/N4q1K,1,1
Q4rk1/5p1p/5Pp1/4p3/8/7P/Q3q3/N4B1K,0,1
1qrr2k1/1b1nbppp/pp1pp3/8/2P1PP2/2NBN1P1/PP1Q2P1/2RR2K1,0,-1
1qrr2k1/1b2bppp/pp1ppn2/8/2P1PP2/2NBN1P1/PP1Q2P1/2RR2K1,1,-1
1qrr2k1/1b2bppp/pp1ppn2/8/2P1PP2/2NBN1P1/PP2Q1P1/2RR2K1,0,-1
1qrr2k1/1b2bp1p/pp1ppnp1/8/2P1PP2/2NBN1P1/PP2Q1P1/2RR2K1,1,-1
1qrr2k1/1b2bp1p/pp1ppnp1/8/2P1PP2/2N1N1P1/PP2Q1P1/1BRR2K1,0,-1
1qrr2k1/1b2bp1p/p2ppnp1/1p6/2P1PP2/2N1N1P1/PP2Q1P1/1BRR2K1,1,-1
1qrr2k1/1b2bp1p/p2ppnp1/1P6/4PP2/2N1N1P1/PP2Q1P1/1BRR2K1,0,-1
1qrr2k1/1b2bp1p/3ppnp1/1p6/4PP2/2N1N1P1/PP2Q1P1/1BRR2K1,1,-1
1qrr2k1/1b2bp1p/3ppnp1/1Q6/4PP2/2N1N1P1/PP4P1/1BRR2K1,0,-1
1qrr2k1/1b2bp1p/4pnp1/1Q1p4/4PP2/2N1N1P1/PP4P1/1BRR2K1,1,-1
1qrr2k1/1b2bp1p/4pnp1/1Q1pP3/5P2/2N1N1P1/PP4P1/1BRR2K1,0,-1
1qrr2k1/1b3p1p/4pnp1/1QbpP3/5P2/2N1N1P1/PP4P1/1BRR2K1,1,-1
1qrr2k1/1b3p1p/4pPp1/1Qbp4/5P2/2N1N1P1/PP4P1/1BRR2K1,0,-1
1qrr2k1/1b3p1p/4pPp1/1Q1p4/5P2/2N1b1P1/PP4P1/1BRR2K1,1,-1
1qrr2k1/1b3p1p/4pPp1/1Q1p4/5P2/2N1b1P1/PP4PK/1BRR4,0,-1
1q1r2k1/1b3p1p/4pPp1/1Qrp4/5P2/2N1b1P1/PP4PK/1BRR4,1,-1
1q1r2k1/1b3p1p/4pPp1/2rp4/5P2/2N1b1P1/PP4PK/1BRR1Q2,0,-1
1q1r2k1/1b3p1p/4pPp1/2r5/3p1P2/2N1b1P1/PP4PK/1BRR1Q2,1,-1
1q1r2k1/1b3p1p/4pPp1/2r5/3pNP2/4b1P1/PP4PK/1BRR1Q2,0,-1
1q1r2k1/1b3p1p/4pPp1/7r/3pNP2/4b1P1/PP4PK/1BRR1Q2,1,-1
r1bq1rk1/3nbppp/p2pp3/1p6/1n2PP2/1NNB1Q2/PPPB2PP/R4R1K,1,0
r1bq1rk1/3nbppp/p2pp3/1p2P3/1n3P2/1NNB1Q2/PPPB2PP/R4R1K,0,0
1rbq1rk1/3nbppp/p2pp3/1p2P3/1n3P2/1NNB1Q2/PPPB2PP/R4R1K,1,0
1rbq1rk1/3nbppB/p2pp3/1p2P3/1n3P2/1NN2Q2/PPPB2PP/R4R1K,0,0
1rbq1r2/3nbppk/p2pp3/1p2P3/1n3P2/1NN2Q2/PPPB2PP/R4R1K,1,0
1rbq1r2/3nbppk/p2pp3/1p2P2Q/1n3P2/1NN5/PPPB2PP/R4R1K,0,0
1rbq1rk1/3nbpp1/p2pp3/1p2P2Q/1n3P2/1NN5/PPPB2PP/R4R1K,1,0
1rbq1rk1/3nbpp1/p2pp3/1p2P2Q/1n3P2/1NN2R2/PPPB2PP/R6K,0,0
1rbq1rk1/3nb1p1/p2pp3/1p2Pp1Q/1n3P2/1NN2R2/PPPB2PP/R6K,1,0
1rbq1rk1/3nb1p1/p2pp3/1p2Pp1Q/1n3P2/1NN4R/PPPB2PP/R6K,0,0
1rbq1rk1/3nb1p1/p3p3/1p2pp1Q/1n3P2/1NN4R/PPPB2PP/R6K,1,0
1rbq1rkQ/3nb1p1/p3p3/1p2pp2/1n3P2/1NN4R/PPPB2PP/R6K,0,0
1rbq1r1Q/3nbkp1/p3p3/1p2pp2/1n3P2/1NN4R/PPPB2PP/R6K,1,0
1rbq1r2/3nbkp1/p3p3/1p2pp1Q/1n3P2/1NN4R/PPPB2PP/R6K,0,0
1rbq1rk1/3nb1p1/p3p3/1p2pp1Q/1n3P2/1NN4R/PPPB2PP/R6K,1,0
1rbq1rkQ/3nb1p1/p3p3/1p2pp2/1n3P2/1NN4R/PPPB2PP/R6K,0,0
1rbq1r1Q/3nbkp1/p3p3/1p2pp2/1n3P2/1NN4R/PPPB2PP/R6K,1,0
1rbq1r2/3nbkp1/p3p3/1p2pp1Q/1n3P2/1NN4R/PPPB2PP/R6K,0,0
1rbq1rk1/3nb1p1/p3p3/1p2pp1Q/1n3P2/1NN4R/PPPB2PP/R6K,1,0
1rbq1rkQ/3nb1p1/p3p3/1p2pp2/1n3P2/1NN4R/PPPB2PP/R6K,0,0
8/8/4K3/2k5/6N1/8/8/5r2,1,0
8/8/4KN2/2k5/8/8/8/5r2,0,0
8/8/2k1KN2/8/8/8/8/5r2,1,0
8/8/2k1K3/8/6N1/8/8/5r2,0,0
8/8/2k1K3/8/6N1/8/8/4r3,1,0
8/8/2k5/5K2/6N1/8/8/4r3,0,0
8/8/3k4/5K2/6N1/8/8/4r3,1,0
8/8/3k1N2/5K2/8/8/8/4r3,0,0
8/8/3k1N2/5K2/8/8/8/5r2,1,0
8/8/3k1N2/6K1/8/8/8/5r2,0,0
8/8/4kN2/6K1/8/8/8/5r2,1,0
8/8/4k3/6K1/6N1/8/8/5r2,0,0
5r2/8/4k3/6K1/6N1/8/8/8,1,0
5r2/8/4k2N/6K1/8/8/8/8,0,0
5r2/8/7N/4k1K1/8/8/8/8,1,0
5r2/8/8/4k1K1/6N1/8/8/8,0,0
5r2/8/8/6K1/4k1N1/8/8/8,1,0
5r2/8/5N2/6K1/4k3/8/8/8,0,0
5r2/8/5N2/4k1K1/8/8/8/8,1,0
5r2/3N4/8/4k1K1/8/8/8/8,0,0
2r1k2r/3n1pbp/p2q2p1/3Pp3/3N4/2P3PB/1P3P1P/2BRQ1K1,1,1
2r1k2r/3n1pbp/p2qN1p1/3Pp3/8/2P3PB/1P3P1P/2BRQ1K1,0,1
2r1k2r/3n1p1p/p2qNbp1/3Pp3/8/2P3PB/1P3P1P/2BRQ1K1,1,1
2r1k2r/3n1p1p/p2qNbp1/3Pp3/1P6/2P3PB/5P1P/2BRQ1K1,0,1
2r1k2r/5p1p/pn1qNbp1/3Pp3/1P6/2P3PB/5P1P/2BRQ1K1,1,1
2r1k2r/5p1p/pn1q1bp1/2NPp3/1P6/2P3PB/5P1P/2BRQ1K1,0,1
r3k2r/5p1p/pn1q1bp1/2NPp3/1P6/2P3PB/5P1P/2BRQ1K1,1,1
r3k2r/5p1p/pn1q1bp1/3Pp3/1P2N3/2P3PB/5P1P/2BRQ1K1,0,1
r2qk2r/5p1p/pn3bp1/3Pp3/1P2N3/2P3PB/5P1P/2BRQ1K1,1,1
r2qk2r/5p1p/pn3bp1/3Pp3/1P2N3/2P1B1PB/5P1P/3RQ1K1,0,1
r2q1rk1/5p1p/pn3bp1/3Pp3/1P2N3/2P1B1PB/5P1P/3RQ1K1,1,1
r2q1rk1/5p1p/pn3bp1/2BPp3/1P2N3/2P3PB/5P1P/3RQ1K1,0,1
r2qr1k1/5p1p/pn3bp1/2BPp3/1P2N3/2P3PB/5P1P/3RQ1K1,1,1
r2qr1k1/5p1p/pn1P1bp1/2B1p3/1P2N3/2P3PB/5P1P/3RQ1K1,0,1
r2qr3/5pkp/pn1P1bp1/2B1p3/1P2N3/2P3PB/5P1P/3RQ1K1,1,1
r2qr3/5pkp/pn1P1Np1/2B1p3/1P6/2P3PB/5P1P/3RQ1K1,0,1
r2qr3/5p1p/pn1P1kp1/2B1p3/1P6/2P3PB/5P1P/3RQ1K1,1,1
r2qr3/3P1p1p/pn3kp1/2B1p3/1P6/2P3PB/5P1P/3RQ1K1,0,1
r2q2r1/3P1p1p/pn3kp1/2B1p3/1P6/2P3PB/5P1P/3RQ1K1,1,1
r2q2r1/3P1p1p/pn1R1kp1/2B1p3/1P6/2P3PB/5P1P/4Q1K1,0,1
5rk1/1p3pp1/p1BP3p/2r5/4QBP1/2q4P/P1P5/1K1R1R2,0,-1
5rk1/5pp1/p1pP3p/2r5/4QBP1/2q4P/P1P5/1K1R1R2,1,-1
5rk1/5pp1/p1pP3p/2r5/4QBP1/2q2R1P/P1P5/1K1R4,0,-1
1r4k1/5pp1/p1pP3p/2r5/4QBP1/2q2R1P/P1P5/1K1R4,1,-1
1r4k1/5pp1/p1pP3p/2r5/4QBP1/2q2R1P/P1P5/2KR4,0,-1
1r4k1/5pp1/p1pP3p/2r5/4QBP1/5R1P/PqP5/2KR4,1,-1
1r4k1/5pp1/p1pP3p/2r5/4QBP1/5R1P/PqPK4/3R4,0,-1
6k1/5pp1/p1pP3p/2r5/1r2QBP1/5R1P/PqPK4/3R4,1,-1
6k1/5pp1/p1pP3p/2r5/1r2QBP1/1R5P/PqPK4/3R4,0,-1
6k1/5pp1/p1pP3p/2r5/3rQBP1/1R5P/PqPK4/3R4,1,-1
6k1/5pp1/p1pP3p/2r5/3rQBP1/1R2K2P/PqP5/3R4,0,-1
6k1/5pp1/p1pP3p/2r5/4rBP1/1R2K2P/PqP5/3R4,1,-1
6k1/5pp1/p1pP3p/2r5/4KBP1/1R5P/PqP5/3R4,0,-1
6k1/5pp1/p1pP3p/2r5/4KBP1/1R5P/P1q5/3R4,1,-1
6k1/5pp1/p1pP3p/2r5/4KBP1/3R3P/P1q5/3R4,0,-1
6k1/5pp1/p1pP3p/3r4/4KBP1/3R3P/P1q5/3R4,1,-1
6k1/3P1pp1/p1p4p/3r4/4KBP1/3R3P/P1q5/3R4,0,-1
6k1/3r1pp1/p1p4p/8/4KBP1/3R3P/P1q5/3R4,1,-1
6k1/3r1pp1/p1p4p/8/4KBP1/3R3P/P1qR4/8,0,-1
6k1/3r1pp1/p1p4p/8/2q1KBP1/3R3P/P2R4/8,1,-1
2r3k1/1Q1nbpp1/1p2p2p/4B3/pPP5/7P/P4PP1/6K1,0,1
3r2k1/1Q1nbpp1/1p2p2p/4B3/pPP5/7P/P4PP1/6K1,1,1
3r2k1/1QBnbpp1/1p2p2p/8/pPP5/7P/P4PP1/6K1,0,1
5rk1/1QBnbpp1/1p2p2p/8/pPP5/7P/P4PP1/6K1,1,1
5rk1/1Q1nbpp1/1B2p2p/8/pPP5/7P/P4PP1/6K1,0,1
5rk1/1Q2bpp1/1n2p2p/8/pPP5/7P/P4PP1/6K1,1,1
5rk1/4bpp1/1Q2p2p/8/pPP5/7P/P4PP1/6K1,0,1
3r2k1/4bpp1/1Q2p2p/8/pPP5/7P/P4PP1/6K1,1,1
3r2k1/4bpp1/1Q2p2p/2P5/pP6/7P/P4PP1/6K1,0,1
6k1/4bpp1/1Q2p2p/2P5/pP6/7P/P4PP1/3r2K1,1,1
6k1/4bpp1/1Q2p2p/2P5/pP6/7P/P4PPK/3r4,0,1
6k1/5pp1/1Q2pb1p/2P5/pP6/7P/P4PPK/3r4,1,1
1Q4k1/5pp1/4pb1p/2P5/pP6/7P/P4PPK/3r4,0,1
1Q6/5ppk/4pb1p/2P5/pP6/7P/P4PPK/3r4,1,1
1Q6/5ppk/2P1pb1p/8/pP6/7P/P4PPK/3r4,0,1
1Q6/5ppk/2P1pb1p/8/pP6/7P/P4PPK/4r3,1,1
1Q6/2P2ppk/4pb1p/8/pP6/7P/P4PPK/4r3,0,1
1Q6/2P2ppk/4p2p/4b3/pP6/7P/P4PPK/4r3,1,1
1Q6/2P2ppk/4p2p/4b3/pP6/6PP/P4P1K/4r3,0,1
1Q6/2P2ppk/4p2p/4b3/pP6/6PP/P3rP1K/8,1,1
r2q1rk1/3bppb1/p1np1np1/1p1N3p/3NP2P/P3BP2/1PPQB1P1/2KR3R,0,1
r2q1rk1/3bppb1/p1np2p1/1p1n3p/3NP2P/P3BP2/1PPQB1P1/2KR3R,1,1
r2q1rk1/3bppb1/p1np2p1/1p1P3p/3N3P/P3BP2/1PPQB1P1/2KR3R,0,1
r2q1rk1/3bppb1/p2p2p1/1p1Pn2p/3N3P/P3BP2/1PPQB1P1/2KR3R,1,1
r2q1rk1/3bppb1/p2p2p1/1p1Pn2p/3N2PP/P3BP2/1PPQB3/2KR3R,0,1
r2q1rk1/3bppb1/p2p2p1/1p1Pn3/3N2pP/P3BP2/1PPQB3/2KR3R,1,1
r2q1rk1/3bppb1/p2p2p1/1p1Pn3/3N2PP/P3B3/1PPQB3/2KR3R,0,1
r2q1rk1/3bppb1/p2p2p1/1p1P4/3N2nP/P3B3/1PPQB3/2KR3R,1,1
r2q1rk1/3bppb1/p2p2p1/1p1P3P/3N2n1/P3B3/1PPQB3/2KR3R,0,1
r2q1rk1/3bppb1/p2p2p1/1p1P3P/3N4/P3n3/1PPQB3/2KR3R,1,1
r2q1rk1/3bppb1/p2p2p1/1p1P3P/3N4/P3Q3/1PP1B3/2KR3R,0,1
r2q1rk1/3bppb1/p2p4/1p1P2pP/3N4/P3Q3/1PP1B3/2KR3R,1,1
r2q1rk1/3bppb1/p2p4/1p1P2pP/3N4/P3Q3/1PP1B3/2KR2R1,0,1
r2q1r1k/3bppb1/p2p4/1p1P2pP/3N4/P3Q3/1PP1B3/2KR2R1,1,1
r2q1r1k/3bppb1/p2p4/1p1P2QP/3N4/P7/1PP1B3/2KR2R1,0,1
r2q2rk/3bppb1/p2p4/1p1P2QP/3N4/P7/1PP1B3/2KR2R1,1,1
r2q2rk/3bppb1/p2p4/1p1P3P/3N1Q2/P7/1PP1B3/2KR2R1,0,1
r4qrk/3bppb1/p2p4/1p1P3P/3N1Q2/P7/1PP1B3/2KR2R1,1,1
r4qrk/3bppb1/p2p4/1p1P3P/3N1Q2/P7/1PP1B3/1K1R2R1,0,1
r4qrk/3bpp2/p2p4/1p1Pb2P/3N1Q2/P7/1PP1B3/1K1R2R1,1,1
8/6b1/1N6/1Pp4p/2P1K1k1/2P5/7P/8,1,1
8/3N2b1/8/1Pp4p/2P1K1k1/2P5/7P/8,0,1
8/3N4/8/1Pp4p/2P1K1k1/2b5/7P/8,1,1
8/3N4/1P6/2p4p/2P1K1k1/2b5/7P/8,0,1
8/3N4/1P6/b1p4p/2P1K1k1/8/7P/8,1,1
8/1P1N4/8/b1p4p/2P1K1k1/8/7P/8,0,1
8/1PbN4/8/2p4p/2P1K1k1/8/7P/8,1,1
1Q6/2bN4/8/2p4p/2P1K1k1/8/7P/8,0,1
1b6/3N4/8/2p4p/2P1K1k1/8/7P/8,1,1
1N6/8/8/2p4p/2P1K1k1/8/7P/8,0,1
1N6/8/8/2p5/2P1K1kp/8/7P/8,1,1
8/3N4/8/2p5/2P1K1kp/8/7P/8,0,1
8/3N4/8/2p5/2P1K2p/7k/7P/8,1,1
8/3N4/8/2p5/2P4p/5K1k/7P/8,0,1
8/3N4/8/2p5/2P4p/5K2/7k/8,1,1
8/8/8/2N5/2P4p/5K2/7k/8,0,1
8/8/8/2N5/2P5/5K1p/7k/8,1,1
8/8/8/2N5/2P5/7p/5K1k/8,0,1
8/8/8/2N5/2P5/7p/5K2/7k,1,1
8/8/8/8/2P1N3/7p/5K2/7k,0,1
1kr4r/4b1p1/p2p1p1p/1p1RpP2/n1Q1P1PP/PN6/1PP2B2/1K1R4,0,1
1k5r/4b1p1/p2p1p1p/1p1RpP2/n1r1P1PP/PN6/1PP2B2/1K1R4,1,1
1k5r/4b1p1/p2p1p1p/1p1RpP2/n1r1P1PP/P7/1PPN1B2/1K1R4,0,1
1k5r/4b1p1/p1rp1p1p/1p1RpP2/n3P1PP/P7/1PPN1B2/1K1R4,1,1
1k5r/4b1p1/p1rp1p1p/1p1RpP2/n3P1PP/P3B3/1PPN4/1K1R4,0,1
1k1b3r/6p1/p1rp1p1p/1p1RpP2/n3P1PP/P3B3/1PPN4/1K1R4,1,1
1k1b3r/6p1/p1rp1p1p/1p2pP2/n3P1PP/P2RB3/1PPN4/1K1R4,0,1
1k5r/6p1/pbrp1p1p/1p2pP2/n3P1PP/P2RB3/1PPN4/1K1R4,1,1
1k5r/6p1/pBrp1p1p/1p2pP2/n3P1PP/P2R4/1PPN4/1K1R4,0,1
1k5r/6p1/pr1p1p1p/1p2pP2/n3P1PP/P2R4/1PPN4/1K1R4,1,1
1k5r/6p1/pr1p1p1p/1p2pP2/n3P1PP/PN1R4/1PP5/1K1R4,0,1
7r/2k3p1/pr1p1p1p/1p2pP2/n3P1PP/PN1R4/1PP5/1K1R4,1,1
7r/2k3p1/pr1p1p1p/1p2pP2/n3P1PP/PNPR4/1P6/1K1R4,0,1
3r4/2k3p1/pr1p1p1p/1p2pP2/n3P1PP/PNPR4/1P6/1K1R4,1,1
3r4/2k3p1/pr1p1p1p/1p2pPP1/n3P2P/PNPR4/1P6/1K1R4,0,1
3r4/2k3p1/pr1p1p2/1p2pPp1/n3P2P/PNPR4/1P6/1K1R4,1,1
3r4/2k3p1/pr1p1p2/1p2pPP1/n3P3/PNPR4/1P6/1K1R4,0,1
1r1r4/2k3p1/p2p1p2/1p2pPP1/n3P3/PNPR4/1P6/1K1R4,1,1
1r1r4/2k3p1/p2p1p2/1p2pPP1/n3P3/PNP3R1/1P6/1K1R4,0,1
1r6/2kr2p1/p2p1p2/1p2pPP1/n3P3/PNP3R1/1P6/1K1R4,1,1
8/1pk5/2n3B1/p3p3/3r2p1/PP2RP2/1P6/2K5,0,-1
8/1pk5/2n3B1/p3p3/3r4/PP2RPp1/1P6/2K5,1,-1
8/1pk5/2n3B1/p3p3/3r4/PP3Pp1/1P6/2K1R3,0,-1
8/1pk5/2n3B1/p3p3/5r2/PP3Pp1/1P6/2K1R3,1,-1
8/1pk5/2n5/p3p3/4Br2/PP3Pp1/1P6/2K1R3,0,-1
8/1pk5/8/p3p3/3nBr2/PP3Pp1/1P6/2K1R3,1,-1
8/1pk5/8/p3p3/3nBr2/PP3Pp1/1P1K4/4R3,0,-1
8/1pk5/8/p3p3/3nr3/PP3Pp1/1P1K4/4R3,1,-1
8/1pk5/8/p3p3/3nR3/PP3Pp1/1P1K4/8,0,-1
8/1pk5/8/p3p3/3nR3/PP3P2/1P1K2p1/8,1,-1
8/1pk5/8/p3p3/3n2R1/PP3P2/1P1K2p1/8,0,-1
8/1pk5/8/p3p3/3n2R1/PP3P2/1P1K4/6q1,1,-1
8/1pk5/8/p3p3/3n4/PP3P2/1P1K4/6R1,0,-1
8/1pk5/8/p3p3/8/PP3n2/1P1K4/6R1,1,-1
8/1pk5/8/p3p3/8/PP2Kn2/1P6/6R1,0,-1
8/1pk5/8/p3p3/8/PP2K3/1P6/6n1,1,-1
8/1pk5/8/p3p3/4K3/PP6/1P6/6n1,0,-1
8/1p6/3k4/p3p3/4K3/PP6/1P6/6n1,1,-1
8/1p6/3k4/p3p3/1P2K3/P7/1P6/6n1,0,-1
8/1p6/3k4/4p3/1p2K3/P7/1P6/6n1,1,-1
2r5/6k1/2P1Rb1p/5P2/3p4/8/5PBP/6K1,1,1
2r5/6k1/2P1Rb1p/5P2/3pB3/8/5P1P/6K1,0,1
8/2r3k1/2P1Rb1p/5P2/3pB3/8/5P1P/6K1,1,1
8/2r3k1/2P1Rb1p/5P2/3pB3/8/5P1P/5K2,0,1
8/2r3k1/2P1Rb2/5P1p/3pB3/8/5P1P/5K2,1,1
8/2r3k1/2P1Rb2/5P1p/3pB3/8/4KP1P/8,0,1
8/2r3k1/2P1Rb2/5P2/3pB2p/8/4KP1P/8,1,1
8/2r3k1/2P1Rb2/5P2/3pB2p/7P/4KP2/8,0,1
8/2r2k2/2P1Rb2/5P2/3pB2p/7P/4KP2/8,1,1
8/2r2k2/2P1Rb2/5P2/3pB2p/3K3P/5P2/8,0,1
8/2r3k1/2P1Rb2/5P2/3pB2p/3K3P/5P2/8,1,1
8/2r3k1/2PR1b2/5P2/3pB2p/3K3P/5P2/8,0,1
8/2r2k2/2PR1b2/5P2/3pB2p/3K3P/5P2/8,1,1
8/2r2k2/2PR1b2/3B1P2/3p3p/3K3P/5P2/8,0,1
8/2r3k1/2PR1b2/3B1P2/3p3p/3K3P/5P2/8,1,1
8/2r3k1/2PR1b2/3B1P2/2Kp3p/7P/5P2/8,0,1
8/2r3k1/2PR4/3BbP2/2Kp3p/7P/5P2/8,1,1
8/2r3k1/2P3R1/3BbP2/2Kp3p/7P/5P2/8,0,1
5k2/2r5/2P3R1/3BbP2/2Kp3p/7P/5P2/8,1,1
5k2/2r5/2P2PR1/3Bb3/2Kp3p/7P/5P2/8,0,1
8/1p6/p7/5pp1/4q1kp/P1Q5/1PP3r1/1K2R3,0,-1
8/1p6/p7/5pp1/6kp/P1Q2q2/1PP3r1/1K2R3,1,-1
8/1p6/p7/5pp1/3Q2kp/P4q2/1PP3r1/1K2R3,0,-1
8/1p6/p7/6p1/3Q1pkp/P4q2/1PP3r1/1K2R3,1,-1
8/1p6/p7/4R1p1/3Q1pkp/P4q2/1PP3r1/1K6,0,-1
8/1p6/p7/4R1p1/3Q1p1p/P4q1k/1PP3r1/1K6,1,-1
8/1p6/p7/2R3p1/3Q1p1p/P4q1k/1PP3r1/1K6,0,-1
8/1p6/p7/2R3p1/3Q1p1p/P4q2/1PP3rk/1K6,1,-1
7Q/1p6/p7/2R3p1/5p1p/P4q2/1PP3rk/1K6,0,-1
7Q/1p6/p7/2R3p1/5p2/P4q1p/1PP3rk/1K6,1,-1
7Q/1p6/p7/6p1/5p2/P1R2q1p/1PP3rk/1K6,0,-1
7Q/1p6/p7/6p1/5p2/P1R4p/1PP3rk/1K1q4,1,-1
7Q/1p6/p7/6p1/5p2/P1R4p/KPP3rk/3q4,0,-1
7Q/1p6/p7/3q2p1/5p2/P1R4p/KPP3rk/8,1,-1
7Q/1p6/p7/3q2p1/5p2/PPR4p/K1P3rk/8,0,-1
7Q/1p6/p7/3q4/5pp1/PPR4p/K1P3rk/8,1,-1
8/1p6/p4Q2/3q4/5pp1/PPR4p/K1P3rk/8,0,-1
8/1p6/p4Q2/3q4/5pp1/PPR4p/K1P2r1k/8,1,-1
8/1p6/p6Q/3q4/5pp1/PPR4p/K1P2r1k/8,0,-1
8/1p6/7Q/p2q4/5pp1/PPR4p/K1P2r1k/8,1,-1
8/8/8/b2k1p2/R2PpP1p/4r2P/1Pr3P1/3R1K2,0,-1
8/2b5/8/3k1p2/R2PpP1p/4r2P/1Pr3P1/3R1K2,1,-1
8/R1b5/8/3k1p2/3PpP1p/4r2P/1Pr3P1/3R1K2,0,-1
8/R7/3b4/3k1p2/3PpP1p/4r2P/1Pr3P1/3R1K2,1,-1
8/8/3b4/R2k1p2/3PpP1p/4r2P/1Pr3P1/3R1K2,0,-1
8/8/3bk3/R4p2/3PpP1p/4r2P/1Pr3P1/3R1K2,1,-1
8/8/3bk3/R2P1p2/4pP1p/4r2P/1Pr3P1/3R1K2,0,-1
8/3k4/3b4/R2P1p2/4pP1p/4r2P/1Pr3P1/3R1K2,1,-1
8/R2k4/3b4/3P1p2/4pP1p/4r2P/1Pr3P1/3R1K2,0,-1
8/R1rk4/3b4/3P1p2/4pP1p/4r2P/1P4P1/3R1K2,1,-1
R7/2rk4/3b4/3P1p2/4pP1p/4r2P/1P4P1/3R1K2,0,-1
R7/2rk4/8/3P1p2/4pb1p/4r2P/1P4P1/3R1K2,1,-1
5R2/2rk4/8/3P1p2/4pb1p/4r2P/1P4P1/3R1K2,0,-1
5R2/2rk4/8/3P1p2/4pb1p/3r3P/1P4P1/3R1K2,1,-1
8/2rk1R2/8/3P1p2/4pb1p/3r3P/1P4P1/3R1K2,0,-1
8/2r2R2/3k4/3P1p2/4pb1p/3r3P/1P4P1/3R1K2,1,-1
8/2r2R2/3k4/3P1p2/4pb1p/3r3P/1P4P1/4RK2,0,-1
8/2r2R2/3k4/3r1p2/4pb1p/7P/1P4P1/4RK2,1,-1
8/2r2R2/3k4/3r1p2/1P2pb1p/7P/6P1/4RK2,0,-1
8/5r2/3k4/3r1p2/1P2pb1p/7P/6P1/4RK2,1,-1
rnbqkbnr/pppppppp/8/8/4P3/8/PPPP1PPP/RNBQKBNR,0,0
rnbqkbnr/pp1ppppp/8/2p5/4P3/8/PPPP1PPP/RNBQKBNR,1,0
rnbqkbnr/pp1ppppp/8/2p5/4P3/5N2/PPPP1PPP/RNBQKB1R,0,0
rnbqkbnr/pp2pppp/3p4/2p5/4P3/5N2/PPPP1PPP/RNBQKB1R,1,0
rnbqkbnr/pp2pppp/3p4/1Bp5/4P3/5N2/PPPP1PPP/RNBQK2R,0,0
rn1qkbnr/pp1bpppp/3p4/1Bp5/4P3/5N2/PPPP1PPP/RNBQK2R,1,0
rn1qkbnr/pp1Bpppp/3p4/2p5/4P3/5N2/PPPP1PPP/RNBQK2R,0,0
r2qkbnr/pp1npppp/3p4/2p5/4P3/5N2/PPPP1PPP/RNBQK2R,1,0
r2qkbnr/pp1npppp/3p4/2p5/3PP3/5N2/PPP2PPP/RNBQK2R,0,0
r2qkbnr/pp1npppp/3p4/8/3pP3/5N2/PPP2PPP/RNBQK2R,1,0
r2qkbnr/pp1npppp/3p4/8/3NP3/8/PPP2PPP/RNBQK2R,0,0
r2qkb1r/pp1npppp/3p1n2/8/3NP3/8/PPP2PPP/RNBQK2R,1,0
r2qkb1r/pp1npppp/3p1n2/8/3NP3/5P2/PPP3PP/RNBQK2R,0,0
r2qkb1r/pp1npppp/5n2/3p4/3NP3/5P2/PPP3PP/RNBQK2R,1,0
r2qkb1r/pp1npppp/5n2/3P4/3N4/5P2/PPP3PP/RNBQK2R,0,0
r2qkb1r/pp1npppp/8/3n4/3N4/5P2/PPP3PP/RNBQK2R,1,0
r2qkb1r/pp1npppp/8/3n4/2PN4/5P2/PP4PP/RNBQK2R,0,0
8/6kp/1b1p2p1/3Bpp2/2P1P3/6P1/5PKP/8,0,0
8/7p/1b1p1kp1/3Bpp2/2P1P3/6P1/5PKP/8,1,0
8/7p/1b1p1kp1/3Bpp2/2P1P3/6PP/5PK1/8,0,0
8/7p/3p1kp1/2bBpp2/2P1P3/6PP/5PK1/8,1,0
8/7p/2Bp1kp1/2b1pp2/2P1P3/6PP/5PK1/8,0,0
8/7p/2Bp1kp1/4pp2/1bP1P3/6PP/5PK1/8,1,0
8/7p/2Bp1kp1/4pP2/1bP5/6PP/5PK1/8,0,0
8/7p/2Bp1k2/4pp2/1bP5/6PP/5PK1/8,1,0
8/7p/2Bp1k2/4pp2/1bP3P1/7P/5PK1/8,0,0
8/7p/2Bp1k2/5p2/1bP1p1P1/7P/5PK1/8,1,0
8/7p/2Bp1k2/5P2/1bP1p3/7P/5PK1/8,0,0
8/7p/2Bp4/5k2/1bP1p3/7P/5PK1/8,1,0
8/7p/3p4/3B1k2/1bP1p3/7P/5PK1/8,0,0
8/7p/3p4/3B4/1bP1pk2/7P/5PK1/8,1,0
8/7p/2Bp4/8/1bP1pk2/7P/5PK1/8,0,0
8/7p/2Bp4/2b5/2P1pk2/7P/5PK1/8,1,0
8/7p/3p4/2bB4/2P1pk2/7P/5PK1/8,0,0
8/8/3p3p/2bB4/2P1pk2/7P/5PK1/8,1,0
8/8/2Bp3p/2b5/2P1pk2/7P/5PK1/8,0,0
8/8/2Bp3p/8/2Pbpk2/7P/5PK1/8,1,0
8/1r3k1p/p4ppP/3Kb3/2PN2P1/8/P7/7R,1,0
8/1r3k1p/p1N2ppP/3Kb3/2P3P1/8/P7/7R,0,0
8/3r1k1p/p1N2ppP/3Kb3/2P3P1/8/P7/7R,1,0
8/3r1k1p/p1N2ppP/2K1b3/2P3P1/8/P7/7R,0,0
8/3r1k1p/p1Nb1ppP/2K5/2P3P1/8/P7/7R,1,0
8/3r1k1p/pKNb1ppP/8/2P3P1/8/P7/7R,0,0
8/3r1k1p/pKN2ppP/8/2P2bP1/8/P7/7R,1,0
8/3r1k1p/K1N2ppP/8/2P2bP1/8/P7/7R,0,0
8/5k1p/K1Nr1ppP/8/2P2bP1/8/P7/7R,1,0
8/5k1p/2Nr1ppP/1K6/2P2bP1/8/P7/7R,0,0
8/5k1p/2N2ppP/1K6/2P2bP1/8/P2r4/7R,1,0
8/5k1p/2N2ppP/1K6/P1P2bP1/8/3r4/7R,0,0
8/5k1p/2N2ppP/1K6/P1P2bP1/8/1r6/7R,1,0
8/5k1p/K1N2ppP/8/P1P2bP1/8/1r6/7R,0,0
8/5k1p/K1N2ppP/8/P1P2bP1/8/2r5/7R,1,0
8/5k1p/2N2ppP/1K6/P1P2bP1/8/2r5/7R,0,0
8/5k1p/2N2ppP/1K6/P1P2bP1/8/1r6/7R,1,0
8/5k1p/K1N2ppP/8/P1P2bP1/8/1r6/7R,0,0
8/5k1p/K1N2ppP/8/P1P2bP1/8/2r5/7R,1,0
8/5k1p/2N2ppP/1K6/P1P2bP1/8/2r5/7R,0,0
2r5/1p2r1kp/p3b3/P3Np2/2P1pP2/1P6/2P4P/R3R1K1,1,1
2r5/1p2r1kp/p3b3/P3Np2/2P1pP2/1P6/2P2K1P/R3R3,0,1
2r5/1p2r2p/p3bk2/P3Np2/2P1pP2/1P6/2P2K1P/R3R3,1,1
2r5/1p2r2p/p3bk2/P3Np2/2P1pP2/1P6/2P2K1P/R5R1,0,1
3r4/1p2r2p/p3bk2/P3Np2/2P1pP2/1P6/2P2K1P/R5R1,1,1
3r4/1p2r2p/p3bk2/P3Np2/2P1pP2/1P6/2P2K1P/3R2R1,0,1
3rr3/1p5p/p3bk2/P3Np2/2P1pP2/1P6/2P2K1P/3R2R1,1,1
3Rr3/1p5p/p3bk2/P3Np2/2P1pP2/1P6/2P2K1P/6R1,0,1
3r4/1p5p/p3bk2/P3Np2/2P1pP2/1P6/2P2K1P/6R1,1,1
3r4/1p5p/p3bk2/P3Np2/2P1pP2/1P2K3/2P4P/6R1,0,1
2r5/1p5p/p3bk2/P3Np2/2P1pP2/1P2K3/2P4P/6R1,1,1
2r5/1p5p/p3bk2/P3Np2/2P1pP2/1P2K3/2P4P/3R4,0,1
8/1p5p/p3bk2/P1r1Np2/2P1pP2/1P2K3/2P4P/3R4,1,1
8/1p5p/p3bk2/P1r1Np2/1PP1pP2/4K3/2P4P/3R4,0,1
2r5/1p5p/p3bk2/P3Np2/1PP1pP2/4K3/2P4P/3R4,1,1
2r5/1p5p/p2Rbk2/P3Np2/1PP1pP2/4K3/2P4P/8,0,1
2r5/1p2k2p/p2Rb3/P3Np2/1PP1pP2/4K3/2P4P/8,1,1
2r5/1p2k2p/pR2b3/P3Np2/1PP1pP2/4K3/2P4P/8,0,1
8/1pr1k2p/pR2b3/P3Np2/1PP1pP2/4K3/2P4P/8,1,1
8/1pr1k2p/pR2b3/P1P1Np2/1P2pP2/4K3/2P4P/8,0,1
kr6/1r5p/4p3/qNnpbp2/ppP5/1P3QP1/P2NR2P/1KR5,0,-1
kr6/1r5p/4p3/qN1pbp2/ppP1n3/1P3QP1/P2NR2P/1KR5,1,-1
kr6/1r5p/4p3/qN1pbp2/ppP1N3/1P3QP1/P3R2P/1KR5,0,-1
kr6/1r5p/4p3/qN1pb3/ppP1p3/1P3QP1/P3R2P/1KR5,1,-1
kr6/1r5p/4p3/qN1pb2Q/ppP1p3/1P4P1/P3R2P/1KR5,0,-1
kr5b/1r5p/4p3/qN1p3Q/ppP1p3/1P4P1/P3R2P/1KR5,1,-1
kr5b/1r5p/4p3/qN1p3Q/PpP1p3/6P1/P3R2P/1KR5,0,-1
kr5b/1r5p/4p3/1N1p3Q/qpP1p3/6P1/P3R2P/1KR5,1,-1
kr5b/1r5p/3Np3/3p3Q/qpP1p3/6P1/P3R2P/1KR5,0,-1
kr5b/1r5p/3Np3/3p3Q/q1P1p3/1p4P1/P3R2P/1KR5,1,-1
kr5b/1N5p/4p3/3p3Q/q1P1p3/1p4P1/P3R2P/1KR5,0,-1
k6b/1r5p/4p3/3p3Q/q1P1p3/1p4P1/P3R2P/1KR5,1,-1
k6b/1r5p/4p3/3p3Q/q1P1p3/Pp4P1/4R2P/1KR5,0,-1
k6b/1r5p/4p3/3p3Q/2P1p3/qp4P1/4R2P/1KR5,1,-1
k3Q2b/1r5p/4p3/3p4/2P1p3/qp4P1/4R2P/1KR5,0,-1
kr2Q2b/7p/4p3/3p4/2P1p3/qp4P1/4R2P/1KR5,1,-1
kr5b/7p/2Q1p3/3p4/2P1p3/qp4P1/4R2P/1KR5,0,-1
1r5b/k6p/2Q1p3/3p4/2P1p3/qp4P1/4R2P/1KR5,1,-1
1r5b/k2Q3p/4p3/3p4/2P1p3/qp4P1/4R2P/1KR5,0,-1
7b/kr1Q3p/4p3/3p4/2P1p3/qp4P1/4R2P/1KR5,1,-1
2r2rk1/pp1bppbp/3p1np1/q3n3/3NP1PP/2N1BP2/PPPQ4/1K1R1B1R,1,1
2r2rk1/pp1bppbp/3p1np1/q3n1P1/3NP2P/2N1BP2/PPPQ4/1K1R1B1R,0,1
2r2rk1/pp1bppbp/3p2p1/q3n1Pn/3NP2P/2N1BP2/PPPQ4/1K1R1B1R,1,1
2r2rk1/pp1bppbp/3p2p1/q2Nn1Pn/3NP2P/4BP2/PPPQ4/1K1R1B1R,0,1
2rq1rk1/pp1bppbp/3p2p1/3Nn1Pn/3NP2P/4BP2/PPPQ4/1K1R1B1R,1,1
2rq1rk1/pp1bppbp/3p2p1/3Nn1Pn/3NP2P/4BP2/PPPQ4/1K1R1BR1,0,1
2rq1rk1/pp1bppbp/3p2p1/3N2Pn/2nNP2P/4BP2/PPPQ4/1K1R1BR1,1,1
2rq1rk1/pp1bppbp/3p2p1/3N2Pn/2BNP2P/4BP2/PPPQ4/1K1R2R1,0,1
3q1rk1/pp1bppbp/3p2p1/3N2Pn/2rNP2P/4BP2/PPPQ4/1K1R2R1,1,1
3q1rk1/pp1bppbp/3p2p1/3N2Pn/2rNPP1P/4B3/PPPQ4/1K1R2R1,0,1
3q1rk1/pp1b1pbp/3pp1p1/3N2Pn/2rNPP1P/4B3/PPPQ4/1K1R2R1,1,1
3q1rk1/pp1b1pbp/3pp1p1/6Pn/2rNPP1P/2N1B3/PPPQ4/1K1R2R1,0,1
3q1rk1/pp1b1pbp/3pp1p1/6P1/2rNPn1P/2N1B3/PPPQ4/1K1R2R1,1,1
3q1rk1/pp1b1pbp/3pp1p1/6P1/2r1Pn1P/1NN1B3/PPPQ4/1K1R2R1,0,1
3q1rk1/pp1b1p1p/3pp1p1/6P1/2r1Pn1P/1Nb1B3/PPPQ4/1K1R2R1,1,1
3q1rk1/pp1b1p1p/3pp1p1/6P1/2r1Pn1P/1NP1B3/P1PQ4/1K1R2R1,0,1
3q1rk1/pp1b1p1p/3pp1p1/6Pn/2r1P2P/1NP1B3/P1PQ4/1K1R2R1,1,1
3q1rk1/pp1b1p1p/3Qp1p1/6Pn/2r1P2P/1NP1B3/P1P5/1K1R2R1,0,1
3q1rk1/pp1b1p1p/3Qp1p1/6Pn/4r2P/1NP1B3/P1P5/1K1R2R1,1,1
3q1rk1/pp1b1p1p/3Qp1p1/2B3Pn/4r2P/1NP5/P1P5/1K1R2R1,0,1
r2qkb1r/1p1b1ppp/p1nppn2/6B1/3NP3/2N5/PPPQ1PPP/2KR1B1R,1,1
r2qkb1r/1p1b1ppp/p1nppn2/6B1/3NPP2/2N5/PPPQ2PP/2KR1B1R,0,1
r2qk2r/1p1bbppp/p1nppn2/6B1/3NPP2/2N5/PPPQ2PP/2KR1B1R,1,1
r2qk2r/1p1bbppp/p1nppB2/8/3NPP2/2N5/PPPQ2PP/2KR1B1R,0,1
r2qk2r/1p1b1ppp/p1nppb2/8/3NPP2/2N5/PPPQ2PP/2KR1B1R,1,1
r2qk2r/1p1b1ppp/p1nppb2/8/4PP2/2N2N2/PPPQ2PP/2KR1B1R,0,1
r2qk2r/1p1bbppp/p1npp3/8/4PP2/2N2N2/PPPQ2PP/2KR1B1R,1,1
r2qk2r/1p1bbppp/p1npp3/8/4PP2/2N2N2/PPPQ2PP/1K1R1B1R,0,1
r2qk2r/3bbppp/p1npp3/1p6/4PP2/2N2N2/PPPQ2PP/1K1R1B1R,1,1
r2qk2r/3bbppp/p1npp3/1p6/4PP2/2NB1N2/PPPQ2PP/1K1R3R,0,1
r2q1rk1/3bbppp/p1npp3/1p6/4PP2/2NB1N2/PPPQ2PP/1K1R3R,1,1
r2q1rk1/3bbppp/p1npp3/1p2P3/5P2/2NB1N2/PPPQ2PP/1K1R3R,0,1
r2q1rk1/3bbppp/p1n1p3/1p2p3/5P2/2NB1N2/PPPQ2PP/1K1R3R,1,1
r2q1rk1/3bbppp/p1n1p3/1p2P3/8/2NB1N2/PPPQ2PP/1K1R3R,0,1
3q1rk1/r2bbppp/p1n1p3/1p2P3/8/2NB1N2/PPPQ2PP/1K1R3R,1,1
3q1rk1/r2bbppp/p1n1p3/1p2P3/4N3/3B1N2/PPPQ2PP/1K1R3R,0,1
1q3rk1/r2bbppp/p1n1p3/1p2P3/4N3/3B1N2/PPPQ2PP/1K1R3R,1,1
1q3rk1/r2bbppp/p1n1pN2/1p2P3/8/3B1N2/PPPQ2PP/1K1R3R,0,1
1q3rk1/r2bbp1p/p1n1pp2/1p2P3/8/3B1N2/PPPQ2PP/1K1R3R,1,1
1q3rk1/r2bbp1p/p1n1pP2/1p6/8/3B1N2/PPPQ2PP/1K1R3R,0,1
r1bq1rk1/1p2ppb1/p1Np2p1/4n1Pp/4P3/2N1B2P/PPPQ1PB1/R4RK1,0,-1
r1bq1rk1/4ppb1/p1pp2p1/4n1Pp/4P3/2N1B2P/PPPQ1PB1/R4RK1,1,-1
r1bq1rk1/4ppb1/p1pp2p1/4n1Pp/4P3/2N1B2P/PPP1QPB1/R4RK1,0,-1
r2q1rk1/4ppb1/p1ppb1p1/4n1Pp/4P3/2N1B2P/PPP1QPB1/R4RK1,1,-1
r2q1rk1/4ppb1/p1ppb1p1/4n1Pp/4P3/1PN1B2P/P1P1QPB1/R4RK1,0,-1
r2q1rk1/4ppb1/p1ppb1p1/6Pp/2n1P3/1PN1B2P/P1P1QPB1/R4RK1,1,-1
r2q1rk1/4ppb1/p1ppb1p1/6Pp/2P1P3/2N1B2P/P1P1QPB1/R4RK1,0,-1
r2q1rk1/4pp2/p1ppb1p1/6Pp/2P1P3/2b1B2P/P1P1QPB1/R4RK1,1,-1
r2q1rk1/4pp2/p1ppb1p1/6Pp/2P1PP2/2b1B2P/P1P1Q1B1/R4RK1,0,-1
r2q1rk1/4pp2/p1ppb1p1/6Pp/2P1PP2/4B2P/P1P1Q1B1/b4RK1,1,-1
r2q1rk1/4pp2/p1ppb1p1/6Pp/2P1PP2/4B2P/P1P1Q1B1/R5K1,0,-1
r4rk1/4pp2/p1ppb1p1/q5Pp/2P1PP2/4B2P/P1P1Q1B1/R5K1,1,-1
r4rk1/4pp2/p1ppb1p1/q4PPp/2P1P3/4B2P/P1P1Q1B1/R5K1,0,-1
r4rk1/4pp2/p1ppb1p1/5PPp/2P1P3/2q1B2P/P1P1Q1B1/R5K1,1,-1
r4rk1/4pp2/p1ppb1p1/5PPp/2P1P3/2q1B2P/P1P1Q1B1/3R2K1,0,-1
r4rk1/4pp2/p1pp2p1/5PPp/2b1P3/2q1B2P/P1P1Q1B1/3R2K1,1,-1
r4rk1/4pp2/p1pp2p1/5PPp/2b1P3/2q1B2P/P1P2QB1/3R2K1,0,-1
1r3rk1/4pp2/p1pp2p1/5PPp/2b1P3/2q1B2P/P1P2QB1/3R2K1,1,-1
1r3rk1/4pp2/p1pp2p1/5PPp/2b1P3/2q1BB1P/P1P2Q2/3R2K1,0,-1
1r3rk1/4pp2/p2p2p1/2p2PPp/2b1P3/2q1BB1P/P1P2Q2/3R2K1,1,-1
r2q1rk1/1p2ppbp/p1np2p1/8/3NP1b1/P1N1BP2/1PPQ2PP/2KR3R,0,-1
r2q1rk1/1p1bppbp/p1np2p1/8/3NP3/P1N1BP2/1PPQ2PP/2KR3R,1,-1
r2q1rk1/1p1bppbp/p1np2p1/8/3NP2P/P1N1BP2/1PPQ2P1/2KR3R,0,-1
r2q1rk1/1p1bppbp/p2p2p1/4n3/3NP2P/P1N1BP2/1PPQ2P1/2KR3R,1,-1
r2q1rk1/1p1bppbp/p2p2p1/4n2P/3NP3/P1N1BP2/1PPQ2P1/2KR3R,0,-1
r2q1rk1/1p1bppbp/p2p2p1/7P/2nNP3/P1N1BP2/1PPQ2P1/2KR3R,1,-1
r2q1rk1/1p1bppbp/p2p2p1/7P/2nNP3/P1NQBP2/1PP3P1/2KR3R,0,-1
2rq1rk1/1p1bppbp/p2p2p1/7P/2nNP3/P1NQBP2/1PP3P1/2KR3R,1,-1
2rq1rk1/1p1bppbp/p2p2P1/8/2nNP3/P1NQBP2/1PP3P1/2KR3R,0,-1
2rq1rk1/1p1bppb1/p2p2p1/8/2nNP3/P1NQBP2/1PP3P1/2KR3R,1,-1
2rq1rk1/1p1bppb1/p2p2pB/8/2nNP3/P1NQ1P2/1PP3P1/2KR3R,0,-1
2r2rk1/1p1bppb1/pq1p2pB/8/2nNP3/P1NQ1P2/1PP3P1/2KR3R,1,-1
2r2rk1/1p1bppb1/pq1p2pB/8/2nNP3/PPNQ1P2/2P3P1/2KR3R,0,-1
2r2rk1/1p1bppb1/p2p2pB/q7/2nNP3/PPNQ1P2/2P3P1/2KR3R,1,-1
2r2rk1/1p1bppb1/p2p2pB/q7/2nNP3/PP1Q1P2/2P3P1/1NKR3R,0,-1
2r2rk1/1p1bpp2/p2p2pb/q7/2nNP3/PP1Q1P2/2P3P1/1NKR3R,1,-1
2r2rk1/1p1bpp2/p2p2pR/q7/2nNP3/PP1Q1P2/2P3P1/1NKR4,0,-1
2r2rk1/1p1bpp2/p2p2pR/6q1/2nNP3/PP1Q1P2/2P3P1/1NKR4,1,-1
2r2rk1/1p1bpp2/p2p2pR/6q1/2nNP3/PP1Q1P2/2PN2P1/2KR4,0,-1
2r2rk1/1p1bpp2/p2p2pR/4n1q1/3NP3/PP1Q1P2/2PN2P1/2KR4,1,-1
1r3bk1/2rn1pp1/p3p1qp/2PbP3/1P1N1P2/B3p1N1/4Q1PP/R3R2K,0,-1
1r3bk1/2rn1pp1/4p1qp/p1PbP3/1P1N1P2/B3p1N1/4Q1PP/R3R2K,1,-1
1r3bk1/2rn1pp1/4p1qp/P1PbP3/3N1P2/B3p1N1/4Q1PP/R3R2K,0,-1
1r4k1/2rn1pp1/4p1qp/P1bbP3/3N1P2/B3p1N1/4Q1PP/R3R2K,1,-1
1r4k1/2rn1pp1/4p1qp/P1BbP3/3N1P2/4p1N1/4Q1PP/R3R2K,0,-1
1r4k1/2r2pp1/4p1qp/P1nbP3/3N1P2/4p1N1/4Q1PP/R3R2K,1,-1
1r4k1/2r2pp1/4p1qp/P1nbP3/3N1P2/4Q1N1/6PP/R3R2K,0,-1
1r4k1/2r2pp1/4p1q1/P1nbP2p/3N1P2/4Q1N1/6PP/R3R2K,1,-1
1r4k1/2r2pp1/4p1q1/P1nbPP1p/3N4/4Q1N1/6PP/R3R2K,0,-1
1r4k1/2r2pp1/4p3/P1nbPP1p/3N2q1/4Q1N1/6PP/R3R2K,1,-1
1r4k1/2r2pp1/4p3/P1nbPP1p/3N2q1/4Q1N1/4R1PP/R6K,0,-1
1r4k1/2r2pp1/4p3/P1nbPP2/3N2qp/4Q1N1/4R1PP/R6K,1,-1
1r4k1/2r2pp1/4p3/P1nbPP2/3N2qp/4Q3/4R1PP/R4N1K,0,-1
6k1/2r2pp1/4p3/P1nbPP2/1r1N2qp/4Q3/4R1PP/R4N1K,1,-1
6k1/2r2pp1/4p3/P1nbPP2/1r4qp/4QN2/4R1PP/R4N1K,0,-1
6k1/2r2pp1/4p3/P1nbPP2/1r4q1/4QN1p/4R1PP/R4N1K,1,-1
6k1/2r2pp1/4p3/P1nbPP2/1r4q1/4QN1p/3NR1PP/R6K,0,-1
6k1/2r2pp1/4p3/P2bPP2/1r4q1/1n2QN1p/3NR1PP/R6K,1,-1
6k1/2r2pp1/4p3/P2bPP2/1r4q1/1n2QN1p/3NR1PP/R5K1,0,-1
6k1/2r2pp1/4p3/P2bPP2/1r4q1/4QN1p/3NR1PP/n5K1,1,-1
3q1rk1/p2bp1bp/3ppnp1/1pr5/4P1P1/1PN1BP2/P1PQ3P/1K1R3R,1,1
3q1rk1/p2bp1bp/3ppnp1/1pB5/4P1P1/1PN2P2/P1PQ3P/1K1R3R,0,1
3q1rk1/p2bp1bp/4pnp1/1pp5/4P1P1/1PN2P2/P1PQ3P/1K1R3R,1,1
3q1rk1/p2bp1bp/4pnp1/1pp1P3/6P1/1PN2P2/P1PQ3P/1K1R3R,0,1
3q1rk1/p2bp1bp/4pnp1/2p1P3/1p4P1/1PN2P2/P1PQ3P/1K1R3R,1,1
3q1rk1/p2bp1bp/4pPp1/2p5/1p4P1/1PN2P2/P1PQ3P/1K1R3R,0,1
3q1rk1/p2bp1bp/4pPp1/2p5/6P1/1Pp2P2/P1PQ3P/1K1R3R,1,1
3q1rk1/p2Qp1bp/4pPp1/2p5/6P1/1Pp2P2/P1P4P/1K1R3R,0,1
5rk1/p2Qp1bp/4pPp1/q1p5/6P1/1Pp2P2/P1P4P/1K1R3R,1,1
5rk1/p3p1bp/4QPp1/q1p5/6P1/1Pp2P2/P1P4P/1K1R3R,0,1
5r1k/p3p1bp/4QPp1/q1p5/6P1/1Pp2P2/P1P4P/1K1R3R,1,1
5r1k/p3p1Pp/4Q1p1/q1p5/6P1/1Pp2P2/P1P4P/1K1R3R,0,1
5r2/p3p1kp/4Q1p1/q1p5/6P1/1Pp2P2/P1P4P/1K1R3R,1,1
5r2/p3Q1kp/6p1/q1p5/6P1/1Pp2P2/P1P4P/1K1R3R,0,1
8/p3Qrkp/6p1/q1p5/6P1/1Pp2P2/P1P4P/1K1R3R,1,1
8/p4rkp/6p1/q1p1Q3/6P1/1Pp2P2/P1P4P/1K1R3R,0,1
6k1/p4r1p/6p1/q1p1Q3/6P1/1Pp2P2/P1P4P/1K1R3R,1,1
6k1/p4r1p/6p1/q1p1Q3/6P1/1Pp2P2/P1P4P/1K1RR3,0,1
6k1/p6p/6p1/q1p1Q3/6P1/1Pp2r2/P1P4P/1K1RR3,1,1
6k1/p2R3p/6p1/q1p1Q3/6P1/1Pp2r2/P1P4P/1K2R3,0,1
Bq4k1/5pb1/3P1npp/1p2pn2/1Pp5/2P3P1/3N1P1P/2BQR1K1,0,1
q5k1/5pb1/3P1npp/1p2pn2/1Pp5/2P3P1/3N1P1P/2BQR1K1,1,1
q5k1/5pb1/3P1npp/1p2Rn2/1Pp5/2P3P1/3N1P1P/2BQ2K1,0,1
q5k1/5pb1/3n1npp/1p2R3/1Pp5/2P3P1/3N1P1P/2BQ2K1,1,1
q5k1/5pb1/3n1npp/1p6/1Pp5/2P3P1/3N1P1P/2BQR1K1,0,1
q5k1/5pb1/3n2pp/1p1n4/1Pp5/2P3P1/3N1P1P/2BQR1K1,1,1
q5k1/5pb1/3n2pp/1p1n4/1Pp5/2P2QP1/3N1P1P/2B1R1K1,0,1
q5k1/5p2/3n2pp/1p1n4/1Pp5/2b2QP1/3N1P1P/2B1R1K1,1,1
q5k1/5p2/3n2pp/1p1n4/1Pp5/2b2QP1/3N1P1P/2BR2K1,0,1
6k1/5p2/3n2pp/1p1n4/qPp5/2b2QP1/3N1P1P/2BR2K1,1,1
6k1/5p2/3n2pp/1p1n4/qPp5/2b2QP1/5P1P/1NBR2K1,0,1
6k1/5p2/3n2pp/1p1n4/qbp5/5QP1/5P1P/1NBR2K1,1,1
6k1/5p2/3n2pp/1p1Q4/qbp5/6P1/5P1P/1NBR2K1,0,1
6k1/5p2/3n2pp/1p1Q4/1bp5/6P1/2q2P1P/1NBR2K1,1,1
6k1/5p2/3n2pB/1p1Q4/1bp5/6P1/2q2P1P/1N1R2K1,0,1
6k1/5p2/3n2pB/1pbQ4/2p5/6P1/2q2P1P/1N1R2K1,1,1
6k1/5p2/3n2pB/1pbQ4/2p5/6P1/2q2P1P/1N3RK1,0,1
6k1/5p2/6pB/1pbQ4/2p1n3/6P1/2q2P1P/1N3RK1,1,1
6k1/5p2/6pB/1pbQ4/2p1n3/6P1/2qN1P1P/5RK1,0,1
6k1/5p2/6pB/1pbQ4/2p5/2n3P1/2qN1P1P/5RK1,1,1
r6r/2qn1p1p/4k1pQ/pB2n3/Pp3P2/1P6/NP4PP/1K2R3,1,1
r6r/2qn1p1p/4k1pQ/pB2P3/Pp6/1P6/NP4PP/1K2R3,0,1
r6r/2q2p1p/4k1pQ/pB2n3/Pp6/1P6/NP4PP/1K2R3,1,1
r6r/2q2p1p/4k1pQ/pB2n3/Pp6/1P6/1P4PP/1KN1R3,0,1
r2r4/2q2p1p/4k1pQ/pB2n3/Pp6/1P6/1P4PP/1KN1R3,1,1
r2r4/2q2pQp/4k1p1/pB2n3/Pp6/1P6/1P4PP/1KN1R3,0,1
r7/2q2pQp/4k1p1/pB2n3/Pp1r4/1P6/1P4PP/1KN1R3,1,1
r7/2q2pQp/4k1p1/pB2n3/Pp1r4/1P1N4/1P4PP/1K2R3,0,1
r7/2q2pQp/4k1p1/pB2n3/Pp6/1P1r4/1P4PP/1K2R3,1,1
r7/2q2pQp/4k1p1/p3n3/Pp6/1P1B4/1P4PP/1K2R3,0,1
4r3/2q2pQp/4k1p1/p3n3/Pp6/1P1B4/1P4PP/1K2R3,1,1
4r3/2q2pQp/4k1p1/p3n3/PpB5/1P6/1P4PP/1K2R3,0,1
4r3/2q2pQp/6p1/p3nk2/PpB5/1P6/1P4PP/1K2R3,1,1
4r3/2q2pQp/6p1/p3nk2/PpB3P1/1P6/1P5P/1K2R3,0,1
4r3/2q2pQp/6p1/p3n1k1/PpB3P1/1P6/1P5P/1K2R3,1,1
4r3/2q2pQp/6p1/p3n1k1/PpB3PP/1P6/1P6/1K2R3,0,1
4r3/2q2pQp/6p1/p3n3/PpB3kP/1P6/1P6/1K2R3,1,1
4r3/2q2p1p/5Qp1/p3n3/PpB3kP/1P6/1P6/1K2R3,0,1
4r3/2q2p1p/5Qp1/p7/Ppn3kP/1P6/1P6/1K2R3,1,1
4r3/2q2p1p/5Qp1/p7/Ppn3kP/1P6/1P6/1K4R1,0,1
8/5pkp/4pNp1/4P3/1bPpB1P1/7P/7K/8,1,1
8/5pkp/4pNp1/4P3/1bPpB1P1/6KP/8/8,0,1
8/5pkp/4pNp1/b3P3/2PpB1P1/6KP/8/8,1,1
8/5pkp/4pNp1/b3P1P1/2PpB3/6KP/8/8,0,1
8/5pkp/4pNp1/4P1P1/2PpB3/6KP/3b4/8,1,1
8/5pkp/4pNp1/4P1P1/2PpB2P/6K1/3b4/8,0,1
8/5pkp/4pNp1/4P1P1/2PpB2P/6K1/8/4b3,1,1
8/5pkp/4pNp1/4P1P1/2PpB1KP/8/8/4b3,0,1
8/5pkp/4pNp1/4P1P1/2PpB1KP/8/5b2/8,1,1
4N3/5pkp/4p1p1/4P1P1/2PpB1KP/8/5b2/8,0,1
4Nk2/5p1p/4p1p1/4P1P1/2PpB1KP/8/5b2/8,1,1
5k2/5p1p/3Np1p1/4P1P1/2PpB1KP/8/5b2/8,0,1
8/4kp1p/3Np1p1/4P1P1/2PpB1KP/8/5b2/8,1,1
8/4kp1p/3Np1p1/2P1P1P1/3pB1KP/8/5b2/8,0,1
8/4kp1p/3Np1p1/2P1P1P1/4B1KP/3p4/5b2/8,1,1
8/4kp1p/2PNp1p1/4P1P1/4B1KP/3p4/5b2/8,0,1
8/4kp1p/2PNp1p1/4P1P1/4B1KP/8/3p1b2/8,1,1
8/4kp1p/2PNp1p1/4P1P1/6KP/5B2/3p1b2/8,0,1
8/4kp1p/1bPNp1p1/4P1P1/6KP/5B2/3p4/8,1,1
2N5/4kp1p/1bP1p1p1/4P1P1/6KP/5B2/3p4/8,0,1
6k1/5p1p/P2pp1p1/1Q6/R3P3/5nPP/5PK1/2rq1B2,0,-1
6k1/5p1p/P2pp1p1/1Q6/R3P3/6PP/5PK1/2rqnB2,1,-1
6k1/5p1p/P2pp1p1/1Q6/R3P3/6PP/5P1K/2rqnB2,0,-1
6k1/5p1p/P2pp1p1/1Q6/R3P3/6PP/2q2P1K/2r1nB2,1,-1
6k1/5p1p/P2pp1p1/1Q6/R3P3/6PP/2q2P2/2r1nBK1,0,-1
6k1/5p1p/P2pp1p1/1Q6/R3P3/5nPP/2q2P2/2r2BK1,1,-1
6k1/5p1p/P2pp1p1/1Q6/R3P3/5nPP/2q2PK1/2r2B2,0,-1
6k1/5p1p/P2pp1p1/1Q6/R3P3/6PP/2q2PK1/2r1nB2,1,-1
6k1/5p1p/P2pp1p1/1Q6/R3P3/6PP/2q2P2/2r1nBK1,0,-1
6k1/5p1p/P2pp1p1/1Q6/R3P3/3n2PP/2q2P2/2r2BK1,1,-1
6k1/5p1p/PQ1pp1p1/8/R3P3/3n2PP/2q2P2/2r2BK1,0,-1
6k1/5p1p/PQ1pp1p1/8/R3P3/3n2PP/5P2/2rq1BK1,1,-1
6k1/5p1p/PQ1pp1p1/8/R3P3/3n2PP/5PK1/2rq1B2,0,-1
6k1/5p1p/PQ1pp1p1/8/R3P3/3n2PP/5PK1/2r2q2,1,-1
6k1/5p1p/PQ1pp1p1/8/R3P3/3n1KPP/5P2/2r2q2,0,-1
6k1/5p1p/PQ1pp1p1/8/R3P3/3n1KPP/5P2/2rq4,1,-1
6k1/5p1p/PQ1pp1p1/8/R3P3/3nK1PP/5P2/2rq4,0,-1
6k1/5p1p/PQ1pp1p1/8/q3P3/3nK1PP/5P2/2r5,1,-1
6k1/P4p1p/1Q1pp1p1/8/q3P3/3nK1PP/5P2/2r5,0,-1
6k1/P4p1p/1Q1pp1p1/8/q3P3/3nK1PP/5P2/r7,1,-1
4r3/r2qk3/p5Pb/1p2Q3/3p1p2/P5R1/1PP5/2KR4,0,-1
4r3/r3k3/p3q1Pb/1p2Q3/3p1p2/P5R1/1PP5/2KR4,1,-1
4r3/r3k3/p3q1Pb/1pQ5/3p1p2/P5R1/1PP5/2KR4,0,-1
4r3/r7/p3qkPb/1pQ5/3p1p2/P5R1/1PP5/2KR4,1,-1
4r3/r7/p3qkPb/1p6/3Q1p2/P5R1/1PP5/2KR4,0,-1
4r3/r7/p4kPb/1p2q3/3Q1p2/P5R1/1PP5/2KR4,1,-1
4r3/r7/pQ3kPb/1p2q3/5p2/P5R1/1PP5/2KR4,0,-1
8/r7/pQ2rkPb/1p2q3/5p2/P5R1/1PP5/2KR4,1,-1
3Q4/r7/p3rkPb/1p2q3/5p2/P5R1/1PP5/2KR4,0,-1
3Q4/r5k1/p3r1Pb/1p2q3/5p2/P5R1/1PP5/2KR4,1,-1
3Q4/r5k1/p3r1Pb/1p2q3/5p2/P1R5/1PP5/2KR4,0,-1
3Qr3/r5k1/p5Pb/1p2q3/5p2/P1R5/1PP5/2KR4,1,-1
4r3/r5k1/p5Pb/1p2q3/5p1Q/P1R5/1PP5/2KR4,0,-1
4r3/4r1k1/p5Pb/1p2q3/5p1Q/P1R5/1PP5/2KR4,1,-1
4r3/4r1k1/p5Pb/1p2q3/5p1Q/P1R5/1PP5/1K1R4,0,-1
4r3/4r1k1/p4qPb/1p6/5p1Q/P1R5/1PP5/1K1R4,1,-1
4r3/4r1k1/p4qPb/1p6/5p2/P1R5/1PP2Q2/1K1R4,0,-1
4r1k1/4r3/p4qPb/1p6/5p2/P1R5/1PP2Q2/1K1R4,1,-1
4r1k1/4r3/p4qPb/1p6/5p2/P1R5/1PP2Q2/1K5R,0,-1
4r1k1/4r1b1/p4qP1/1p6/5p2/P1R5/1PP2Q2/1K5R,1,-1
6k1/1q6/1b1p2p1/pp1Ppb1p/7B/1P2N1PP/P2Q1PK1/8,0,-1
6k1/1q6/3p2p1/pp1Ppb1p/7B/1P2b1PP/P2Q1PK1/8,1,-1
6k1/1q6/3p2p1/pp1Ppb1p/7B/1P2P1PP/P2Q2K1/8,0,-1
6k1/1q6/3p2p1/pp1Pp2p/4b2B/1P2P1PP/P2Q2K1/8,1,-1
6k1/1q6/3p2p1/pp1Pp2p/4b2B/1P2P1PP/P2Q3K/8,0,-1
6k1/1q6/3p2p1/p2Pp2p/1p2b2B/1P2P1PP/P2Q3K/8,1,-1
6k1/1q6/3p2p1/p2Pp2p/1p2b2B/1P2P1PP/P4Q1K/8,0,-1
6k1/8/3p2p1/p2qp2p/1p2b2B/1P2P1PP/P4Q1K/8,1,-1
6k1/8/3p2p1/p2qp1Bp/1p2b3/1P2P1PP/P4Q1K/8,0,-1
6k1/8/3p2p1/p2qpbBp/1p6/1P2P1PP/P4Q1K/8,1,-1
6k1/8/3p2p1/p2qpbBp/1p4P1/1P2P2P/P4Q1K/8,0,-1
6k1/8/3p2p1/p2qpbB1/1p4p1/1P2P2P/P4Q1K/8,1,-1
6k1/8/3p2p1/p2qpbB1/1p4P1/1P2P3/P4Q1K/8,0,-1
6k1/8/3p2p1/p2qp1B1/1p4b1/1P2P3/P4Q1K/8,1,-1
6k1/8/3p2pB/p2qp3/1p4b1/1P2P3/P4Q1K/8,0,-1
6k1/8/3p2pB/p2qpb2/1p6/1P2P3/P4Q1K/8,1,-1
6k1/8/3p2pB/p2qpb2/1p5Q/1P2P3/P6K/8,0,-1
6k1/8/3p2pB/p3pb2/1p5Q/1P2P3/P2q3K/8,1,-1
6k1/8/3p2pB/p3pb2/1p5Q/1P2P1K1/P2q4/8,0,-1
6k1/8/3p2pB/p3pb2/1p5Q/1P2P1K1/P7/4q3,1,-1
1r2b3/2Rn3p/1P2k1p1/3N1p2/2B1p3/8/6PP/7K,0,-1
1r2b3/2Rn3p/1P1k2p1/3N1p2/2B1p3/8/6PP/7K,1,-1
1r2b3/1PRn3p/3k2p1/3N1p2/2B1p3/8/6PP/7K,0,-1
1r2b3/1PR4p/1n1k2p1/3N1p2/2B1p3/8/6PP/7K,1,-1
1r2b3/1P5R/1n1k2p1/3N1p2/2B1p3/8/6PP/7K,0,-1
1r2b3/1P5R/3k2p1/3n1p2/2B1p3/8/6PP/7K,1,-1
1r2b3/1P5R/3k2p1/3B1p2/4p3/8/6PP/7K,0,-1
1r2b3/1P5R/6p1/3k1p2/4p3/8/6PP/7K,1,-1
1r2b3/1P5R/6p1/3k1p2/4p3/8/6PP/6K1,0,-1
1r6/1P5R/2b3p1/3k1p2/4p3/8/6PP/6K1,1,-1
1r6/1P4R1/2b3p1/3k1p2/4p3/8/6PP/6K1,0,-1
8/1r4R1/2b3p1/3k1p2/4p3/8/6PP/6K1,1,-1
8/1r6/2b3R1/3k1p2/4p3/8/6PP/6K1,0,-1
8/1r6/2b3R1/3k1p2/8/4p3/6PP/6K1,1,-1
8/1r6/2b3R1/3k1p2/8/4p3/6PP/5K2,0,-1
8/8/2b3R1/3k1p2/8/4p3/1r4PP/5K2,1,-1
8/8/2b5/3k1pR1/8/4p3/1r4PP/5K2,0,-1
8/8/8/1b1k1pR1/8/4p3/1r4PP/5K2,1,-1
8/8/8/1b1k1pR1/8/4p3/1r4PP/4K3,0,-1
8/8/8/1b1k1pR1/8/4p3/6PP/1r2K3,1,-1
7r/4R2P/5k2/P2p1bN1/5p1P/4p3/1P2K3/8,1,1
7r/5R1P/5k2/P2p1bN1/5p1P/4p3/1P2K3/8,0,1
7r/5R1P/6k1/P2p1bN1/5p1P/4p3/1P2K3/8,1,1
7r/2R4P/6k1/P2p1bN1/5p1P/4p3/1P2K3/8,0,1
7r/2R4P/6k1/P4bN1/3p1p1P/4p3/1P2K3/8,1,1
7r/7P/2R3k1/P4bN1/3p1p1P/4p3/1P2K3/8,0,1
7r/7P/2R5/P4bNk/3p1p1P/4p3/1P2K3/8,1,1
7r/7P/3R4/P4bNk/3p1p1P/4p3/1P2K3/8,0,1
7r/7P/3R4/P4bNk/5p1P/3pp3/1P2K3/8,1,1
7r/7P/3R4/P4bNk/5p1P/3ppK2/1P6/8,0,1
7r/7P/3R4/P5Nk/5pbP/3ppK2/1P6/8,1,1
7r/7P/3R4/P5Nk/5KbP/3pp3/1P6/8,0,1
5r2/7P/3R4/P5Nk/5KbP/3pp3/1P6/8,1,1
5r2/7P/3R4/P5Nk/6bP/3pK3/1P6/8,0,1
5r2/7P/3R4/P5Nk/7P/3pK3/1P2b3/8,1,1
5r2/5N1P/3R4/P6k/7P/3pK3/1P2b3/8,0,1
8/5r1P/3R4/P6k/7P/3pK3/1P2b3/8,1,1
7Q/5r2/3R4/P6k/7P/3pK3/1P2b3/8,0,1
7Q/5r2/3R4/P7/6kP/3pK3/1P2b3/8,1,1
6Q1/5r2/3R4/P7/6kP/3pK3/1P2b3/8,0,1
R7/7K/8/2pk4/8/8/8/6r1,0,-1
R7/7K/8/3k4/2p5/8/8/6r1,1,-1
3R4/7K/8/3k4/2p5/8/8/6r1,0,-1
3R4/7K/8/8/2p1k3/8/8/6r1,1,-1
2R5/7K/8/8/2p1k3/8/8/6r1,0,-1
2R5/7K/8/8/2p5/3k4/8/6r1,1,-1
2R5/8/7K/8/2p5/3k4/8/6r1,0,-1
2R5/8/7K/8/8/2pk4/8/6r1,1,-1
3R4/8/7K/8/8/2pk4/8/6r1,0,-1
3R4/8/7K/8/8/2p5/2k5/6r1,1,-1
3R4/8/8/7K/8/2p5/2k5/6r1,0,-1
3R4/8/8/7K/8/2p5/1k6/6r1,1,-1
1R6/8/8/7K/8/2p5/1k6/6r1,0,-1
1R6/8/8/7K/8/2p5/8/2k3r1,1,-1
1R6/8/8/8/7K/2p5/8/2k3r1,0,-1
1R6/8/8/8/7K/8/2p5/2k3r1,1,-1
1R6/8/8/8/8/7K/2p5/2k3r1,0,-1
1R6/8/8/8/8/7K/2pk4/6r1,1,-1
3R4/8/8/8/8/7K/2pk4/6r1,0,-1
3R4/8/8/8/8/2k4K/2p5/6r1,1,-1
1q3r2/4b1k1/p1b1Pp1p/6pP/p3P1Q1/n1B5/1PP5/2KR1R2,0,-1
1q3r2/4b1k1/p1b1Pp1p/1n4pP/p3P1Q1/2B5/1PP5/2KR1R2,1,-1
1q3r2/4b1k1/p1b1Pp1p/1n3QpP/p3P3/2B5/1PP5/2KR1R2,0,-1
4qr2/4b1k1/p1b1Pp1p/1n3QpP/p3P3/2B5/1PP5/2KR1R2,1,-1
4qr2/4b1k1/p1b1Pp1p/Bn3QpP/p3P3/8/1PP5/2KR1R2,0,-1
4qr2/4b1k1/p1b1Pp1p/Bn3QpP/4P3/p7/1PP5/2KR1R2,1,-1
4qr2/4b1k1/p1b1Pp1p/Bn2PQpP/8/p7/1PP5/2KR1R2,0,-1
4qr2/4b1k1/p1b1Pp1p/Bn2PQpP/8/8/pPP5/2KR1R2,1,-1
4qr2/4b1k1/p1b1Pp1p/Bn2PQpP/8/8/pPPK4/3R1R2,0,-1
5r2/4b1k1/p1b1Pp1p/Bn2PQpq/8/8/pPPK4/3R1R2,1,-1
5r2/4b1k1/p1b1Pp1p/Bn2PQpq/2P5/8/pP1K4/3R1R2,0,-1
5r2/4b1k1/p1b1Pp1p/B3PQpq/2Pn4/8/pP1K4/3R1R2,1,-1
5r2/4b1k1/p1b1Pp1p/B3P1pq/2Pn4/3Q4/pP1K4/3R1R2,0,-1
5r2/4b1k1/p1b1Pp1p/B3P1p1/2Pn4/3Q4/pP1K3q/3R1R2,1,-1
5r2/4b1k1/p1b1Pp1p/B3P1p1/2Pn4/2KQ4/pP5q/3R1R2,0,-1
5r2/4b1k1/p1b1P2p/B3p1p1/2Pn4/2KQ4/pP5q/3R1R2,1,-1
5R2/4b1k1/p1b1P2p/B3p1p1/2Pn4/2KQ4/pP5q/3R4,0,-1
5b2/6k1/p1b1P2p/B3p1p1/2Pn4/2KQ4/pP5q/3R4,1,-1
5b2/6k1/p1b1P2p/B3p1p1/2Pn4/2KQ4/pP5q/5R2,0,-1
5b2/6k1/p3P2p/B3p1p1/2Pn4/2KQ1b2/pP5q/5R2,1,-1
8/4Rp2/8/2rk2P1/3p1PP1/1K2p3/8/8,0,-1
8/4Rp2/8/2rk2P1/5PP1/1K1pp3/8/8,1,-1
8/5p2/8/2rk2P1/5PP1/1K1pR3/8/8,0,-1
8/5p2/8/2r3P1/3k1PP1/1K1pR3/8/8,1,-1
8/5p2/8/2r3P1/3k1PP1/1K1p4/8/4R3,0,-1
8/5p2/8/2r3P1/3k1PP1/1K6/3p4/4R3,1,-1
8/5p2/8/2r3P1/3k1PP1/1K6/3p4/3R4,0,-1
8/5p2/8/2r3P1/5PP1/1K1k4/3p4/3R4,1,-1
8/5p2/8/2r2PP1/6P1/1K1k4/3p4/3R4,0,-1
8/5p2/8/4rPP1/6P1/1K1k4/3p4/3R4,1,-1
8/5p2/8/4rPP1/1K4P1/3k4/3p4/3R4,0,-1
8/5p2/8/5PP1/1K2r1P1/3k4/3p4/3R4,1,-1
8/5p2/8/2K2PP1/4r1P1/3k4/3p4/3R4,0,-1
8/5p2/8/2K2PP1/6r1/3k4/3p4/3R4,1,-1
8/5p2/3K4/5PP1/6r1/3k4/3p4/3R4,0,-1
8/5p2/3K4/5Pr1/8/3k4/3p4/3R4,1,-1
8/5p2/8/4KPr1/8/3k4/3p4/3R4,0,-1
8/5p2/8/4KP2/8/3k4/3p2r1/3R4,1,-1
8/5p2/5K2/5P2/8/3k4/3p2r1/3R4,0,-1
8/5p2/5K2/5P2/8/3k4/3p1r2/3R4,1,-1
8/4rk1p/p4pp1/1p1p4/1P1B1RnP/P1P5/6P1/5K2,0,-1
8/5k1p/p4pp1/1p1p4/1P1BrRnP/P1P5/6P1/5K2,1,-1
8/5k1p/p4pp1/1p1p4/1P1BR1nP/P1P5/6P1/5K2,0,-1
8/5k1p/p4pp1/1p6/1P1Bp1nP/P1P5/6P1/5K2,1,-1
8/5k1p/p4pp1/1p6/1P1Bp1nP/P1P5/4K1P1/8,0,-1
8/7p/p3kpp1/1p6/1P1Bp1nP/P1P5/4K1P1/8,1,-1
8/7p/p3kpp1/1p6/1P1Bp1nP/P1P3P1/4K3/8,0,-1
8/7p/p4pp1/1p1k4/1P1Bp1nP/P1P3P1/4K3/8,1,-1
8/7p/p4pp1/1p1k4/1P1Bp1nP/P1P3P1/3K4/8,0,-1
8/7p/p5p1/1p1k1p2/1P1Bp1nP/P1P3P1/3K4/8,1,-1
8/7p/pB4p1/1p1k1p2/1P2p1nP/P1P3P1/3K4/8,0,-1
8/7p/pB4p1/1p1knp2/1P2p2P/P1P3P1/3K4/8,1,-1
8/7p/p5p1/1p1knp2/1P2p2P/P1P1B1P1/3K4/8,0,-1
8/7p/p5p1/1p1k1p2/1Pn1p2P/P1P1B1P1/3K4/8,1,-1
8/7p/p5p1/1p1k1p2/1Pn1p2P/P1P1B1P1/4K3/8,0,-1
8/7p/p5p1/1p1k1p2/1P2p2P/P1P1n1P1/4K3/8,1,-1
8/7p/p5p1/1p1k1p2/1P2p2P/P1P1K1P1/8/8,0,-1
8/7p/p5p1/1p3p2/1Pk1p2P/P1P1K1P1/8/8,1,-1
8/7p/p5p1/1p3p2/1Pk1p2P/P1P3P1/3K4/8,0,-1
8/7p/p5p1/1p3p2/1P2p2P/PkP3P1/3K4/8,1,-1
r2q1rk1/1p2ppbp/p1np2p1/3N4/3NP1b1/4B3/PPPQ1PPP/R4RK1,1,0
r2q1rk1/1p2ppbp/p1np2p1/3N4/3NP1b1/4B2P/PPPQ1PP1/R4RK1,0,0
r2q1rk1/1p1bppbp/p1np2p1/3N4/3NP3/4B2P/PPPQ1PP1/R4RK1,1,0
r2q1rk1/1p1bppbp/p1np2p1/3N4/2PNP3/4B2P/PP1Q1PP1/R4RK1,0,0
2rq1rk1/1p1bppbp/p1np2p1/3N4/2PNP3/4B2P/PP1Q1PP1/R4RK1,1,0
2rq1rk1/1p1bppbp/p1np2p1/3N4/2PNP3/4B2P/PP1Q1PP1/2R2RK1,0,0
2rq1rk1/1p1b1pbp/p1npp1p1/3N4/2PNP3/4B2P/PP1Q1PP1/2R2RK1,1,0
2rq1rk1/1p1b1pbp/p1npp1p1/8/2PNP3/2N1B2P/PP1Q1PP1/2R2RK1,0,0
2rq1rk1/1p1b1pbp/p2pp1p1/8/2PnP3/2N1B2P/PP1Q1PP1/2R2RK1,1,0
2rq1rk1/1p1b1pbp/p2pp1p1/8/2PBP3/2N4P/PP1Q1PP1/2R2RK1,0,0
3q1rk1/1p1b1pbp/p2pp1p1/8/2rBP3/2N4P/PP1Q1PP1/2R2RK1,1,0
3q1rk1/1p1b1pBp/p2pp1p1/8/2r1P3/2N4P/PP1Q1PP1/2R2RK1,0,0
3q1r2/1p1b1pkp/p2pp1p1/8/2r1P3/2N4P/PP1Q1PP1/2R2RK1,1,0
3q1r2/1p1b1pkp/p2Qp1p1/8/2r1P3/2N4P/PP3PP1/2R2RK1,0,0
3q1r2/1p3pkp/p1bQp1p1/8/2r1P3/2N4P/PP3PP1/2R2RK1,1,0
3q1r2/1p3pkp/p1b1p1p1/8/2r1PQ2/2N4P/PP3PP1/2R2RK1,0,0
5r2/1p3pkp/p1b1pqp1/8/2r1PQ2/2N4P/PP3PP1/2R2RK1,1,0
5r2/1p3pkp/p1b1pqp1/8/2r1P3/2N1Q2P/PP3PP1/2R2RK1,0,0
5r2/1p3pkp/p1b1p1p1/8/2rqP3/2N1Q2P/PP3PP1/2R2RK1,1,0
5r2/1p3pkp/p1b1p1p1/8/2rqP3/2N1Q2P/PP3PP1/2R1R1K1,0,0
r4rk1/pbq2pbp/1p1p1np1/2p3B1/2n1P3/2P2N1P/PPB1QPP1/R3RNK1,0,0
r4rk1/pbq2pbp/3p1np1/1pp3B1/2n1P3/2P2N1P/PPB1QPP1/R3RNK1,1,0
r4rk1/pbq2pbp/3p1np1/1pp3B1/P1n1P3/2P2N1P/1PB1QPP1/R3RNK1,0,0
r4rk1/1bq2pbp/p2p1np1/1pp3B1/P1n1P3/2P2N1P/1PB1QPP1/R3RNK1,1,0
r4rk1/1bq2pbp/p2p1np1/1pp3B1/P1n1P3/2PB1N1P/1P2QPP1/R3RNK1,0,0
r4rk1/1bq2pbp/p4np1/1ppp2B1/P1n1P3/2PB1N1P/1P2QPP1/R3RNK1,1,0
r4rk1/1bq2pbp/p4np1/1Ppp2B1/2n1P3/2PB1N1P/1P2QPP1/R3RNK1,0,0
r4rk1/1bq2pbp/5np1/1ppp2B1/2n1P3/2PB1N1P/1P2QPP1/R3RNK1,1,0
R4rk1/1bq2pbp/5np1/1ppp2B1/2n1P3/2PB1N1P/1P2QPP1/4RNK1,0,0
b4rk1/2q2pbp/5np1/1ppp2B1/2n1P3/2PB1N1P/1P2QPP1/4RNK1,1,0
b4rk1/2q2pbp/5np1/1ppP2B1/2n5/2PB1N1P/1P2QPP1/4RNK1,0,0
5rk1/2q2pbp/5np1/1ppb2B1/2n5/2PB1N1P/1P2QPP1/4RNK1,1,0
5rk1/2q2pbp/5np1/1ppb2B1/2n5/2PBNN1P/1P2QPP1/4R1K1,0,0
5rk1/2q2pbp/5np1/1ppb2B1/8/2PBnN1P/1P2QPP1/4R1K1,1,0
5rk1/2q2pbp/5np1/1ppb2B1/8/2PBQN1P/1P3PP1/4R1K1,0,0
5rk1/5pbp/2q2np1/1ppb2B1/8/2PBQN1P/1P3PP1/4R1K1,1,0
5rk1/5pbp/2q2np1/1ppbN1B1/8/2PBQ2P/1P3PP1/4R1K1,0,0
5rk1/1q3pbp/5np1/1ppbN1B1/8/2PBQ2P/1P3PP1/4R1K1,1,0
5rk1/1q3pbp/5np1/1pQbN1B1/8/2PB3P/1P3PP1/4R1K1,0,0
5rk1/1q3pbp/6p1/1pQbN1B1/4n3/2PB3P/1P3PP1/4R1K1,1,0
1rbq1rk1/1p3pb1/p2p2p1/8/P1NPB2p/6PP/4NP2/R2QR1K1,0,-1
1rbq1rk1/1p3pb1/p5p1/3p4/P1NPB2p/6PP/4NP2/R2QR1K1,1,-1
1rbq1rk1/1p3pb1/p5p1/3B4/P1NP3p/6PP/4NP2/R2QR1K1,0,-1
1rb2rk1/1p3pb1/p5p1/3q4/P1NP3p/6PP/4NP2/R2QR1K1,1,-1
1rb2rk1/1p3pb1/pN4p1/3q4/P2P3p/6PP/4NP2/R2QR1K1,0,-1
1rb2rk1/1p3pb1/pN1q2p1/8/P2P3p/6PP/4NP2/R2QR1K1,1,-1
1rN2rk1/1p3pb1/p2q2p1/8/P2P3p/6PP/4NP2/R2QR1K1,0,-1
2r2rk1/1p3pb1/p2q2p1/8/P2P3p/6PP/4NP2/R2QR1K1,1,-1
2r2rk1/1p3pb1/p2q2p1/8/P2P3p/1Q4PP/4NP2/R3R1K1,0,-1
2r2rk1/1p3pb1/p2q2p1/8/P2P4/1Q4pP/4NP2/R3R1K1,1,-1
2r2rk1/1p3pb1/p2q2p1/8/P2P4/6QP/4NP2/R3R1K1,0,-1
2r2rk1/1p1q1pb1/p5p1/8/P2P4/6QP/4NP2/R3R1K1,1,-1
2r2rk1/1p1q1pb1/p5p1/8/P2P4/7P/4NPQ1/R3R1K1,0,-1
2r1r1k1/1p1q1pb1/p5p1/8/P2P4/7P/4NPQ1/R3R1K1,1,-1
2r1r1k1/1p1q1pb1/p5p1/8/P2P4/7P/4NPQ1/3RR1K1,0,-1
4r1k1/1p1q1pb1/p5p1/8/P2P4/7P/2r1NPQ1/3RR1K1,1,-1
4r1k1/1p1q1pb1/p5p1/8/P2P4/5Q1P/2r1NP2/3RR1K1,0,-1
4r1k1/1p3pb1/p5p1/8/q2P4/5Q1P/2r1NP2/3RR1K1,1,-1
4r1k1/1p3pb1/p5p1/3P4/q7/5Q1P/2r1NP2/3RR1K1,0,-1
4r1k1/1p3pb1/p5p1/3P4/q7/5Q1P/4rP2/3RR1K1,1,-1
6k1/2r4p/p7/3R1N2/P7/5p1P/8/7K,1,1
6k1/2r4p/p7/3R1N2/P7/5p1P/8/6K1,0,1
8/2r2k1p/p7/3R1N2/P7/5p1P/8/6K1,1,1
8/2r2k1p/p7/3R1N2/P7/5p1P/5K2/8,0,1
8/2r4p/p4k2/3R1N2/P7/5p1P/5K2/8,1,1
8/2r4p/p4k2/3R4/P7/4Np1P/5K2/8,0,1
8/2r4p/p3k3/3R4/P7/4Np1P/5K2/8,1,1
8/2r4p/p3k3/R7/P7/4Np1P/5K2/8,0,1
8/5r1p/p3k3/R7/P7/4Np1P/5K2/8,1,1
8/5r1p/R3k3/8/P7/4Np1P/5K2/8,0,1
8/5r1p/R7/4k3/P7/4Np1P/5K2/8,1,1
8/5r1p/R7/P3k3/8/4Np1P/5K2/8,0,1
8/5r1p/R7/P7/5k2/4Np1P/5K2/8,1,1
8/5r1p/1R6/P7/5k2/4Np1P/5K2/8,0,1
8/5r1p/1R6/P7/4k3/4Np1P/5K2/8,1,1
8/5r1p/PR6/8/4k3/4Np1P/5K2/8,0,1
8/r6p/PR6/8/4k3/4Np1P/5K2/8,1,1
8/r6p/P7/8/1R2k3/4Np1P/5K2/8,0,1
8/r6p/P7/8/1R6/3kNp1P/5K2/8,1,1
8/r6p/P7/8/R7/3kNp1P/5K2/8,0,1
rn6/pb2p1kp/3q1rp1/2pn4/2p5/6P1/PP3PBP/RNBQR1K1,1,1
rn6/pb2p1kp/3q1rp1/2pn4/2p5/2N3P1/PP3PBP/R1BQR1K1,0,1
rn6/pb4kp/3qprp1/2pn4/2p5/2N3P1/PP3PBP/R1BQR1K1,1,1
rn6/pb4kp/3qprp1/2pn4/2p1N3/6P1/PP3PBP/R1BQR1K1,0,1
rn3q2/pb4kp/4prp1/2pn4/2p1N3/6P1/PP3PBP/R1BQR1K1,1,1
rn3q2/pb4kp/4pNp1/2pn4/2p5/6P1/PP3PBP/R1BQR1K1,0,1
rn6/pb4kp/4pqp1/2pn4/2p5/6P1/PP3PBP/R1BQR1K1,1,1
rn6/pb4kp/4pqp1/2pn4/2p5/6P1/PP2QPBP/R1B1R1K1,0,1
rn6/pb3k1p/4pqp1/2pn4/2p5/6P1/PP2QPBP/R1B1R1K1,1,1
rn6/pb3k1p/4pqp1/2pn4/2p4P/6P1/PP2QPB1/R1B1R1K1,0,1
r7/pb1n1k1p/4pqp1/2pn4/2p4P/6P1/PP2QPB1/R1B1R1K1,1,1
r7/pb1n1k1p/4pqp1/2pn2B1/2p4P/6P1/PP2QPB1/R3R1K1,0,1
r7/pb1n1k1p/4p1p1/2pn1qB1/2p4P/6P1/PP2QPB1/R3R1K1,1,1
r7/pb1n1k1p/4p1p1/2pn1qB1/2p3PP/8/PP2QPB1/R3R1K1,0,1
r7/pb1n1k1p/4p1p1/2p2qB1/2p2nPP/8/PP2QPB1/R3R1K1,1,1
r7/pb1n1k1p/4p1p1/2p2q2/2p2BPP/8/PP2QPB1/R3R1K1,0,1
r7/pb1n1k1p/4p1p1/2p5/2p2qPP/8/PP2QPB1/R3R1K1,1,1
r7/pb1n1k1p/4Q1p1/2p5/2p2qPP/8/PP3PB1/R3R1K1,0,1
r4k2/pb1n3p/4Q1p1/2p5/2p2qPP/8/PP3PB1/R3R1K1,1,1
r4k2/pB1n3p/4Q1p1/2p5/2p2qPP/8/PP3P2/R3R1K1,0,1
2r3k1/3b2qp/2pp2r1/p4p2/3Q4/1P5P/P3NPP1/2R1R1K1,1,1
2r3k1/3b2Qp/2pp2r1/p4p2/8/1P5P/P3NPP1/2R1R1K1,0,1
2r3k1/3b2rp/2pp4/p4p2/8/1P5P/P3NPP1/2R1R1K1,1,1
2r3k1/3b2rp/2pp4/p4p2/5N2/1P5P/P4PP1/2R1R1K1,0,1
2r5/3b1krp/2pp4/p4p2/5N2/1P5P/P4PP1/2R1R1K1,1,1
2r5/3b1krp/2pp4/p4p2/5N2/1P5P/P4PP1/3RR1K1,0,1
2r5/3b1krp/2p5/p2p1p2/5N2/1P5P/P4PP1/3RR1K1,1,1
2r5/3b1krp/2p5/p2p1p2/8/1P1N3P/P4PP1/3RR1K1,0,1
2r5/3b1krp/8/p1pp1p2/8/1P1N3P/P4PP1/3RR1K1,1,1
2r5/3b1krp/8/p1ppNp2/8/1P5P/P4PP1/3RR1K1,0,1
2r5/3b2rp/4k3/p1ppNp2/8/1P5P/P4PP1/3RR1K1,1,1
2r5/3b2rp/4k3/p1pp1p2/2N5/1P5P/P4PP1/3RR1K1,0,1
2r5/3b2rp/5k2/p1pp1p2/2N5/1P5P/P4PP1/3RR1K1,1,1
2r5/3b2rp/5k2/p1pR1p2/2N5/1P5P/P4PP1/4R1K1,0,1
2r5/6rp/2b2k2/p1pR1p2/2N5/1P5P/P4PP1/4R1K1,1,1
2r5/6rp/2bR1k2/p1p2p2/2N5/1P5P/P4PP1/4R1K1,0,1
2r5/5krp/2bR4/p1p2p2/2N5/1P5P/P4PP1/4R1K1,1,1
2r5/5krp/2R5/p1p2p2/2N5/1P5P/P4PP1/4R1K1,0,1
8/5krp/2r5/p1p2p2/2N5/1P5P/P4PP1/4R1K1,1,1
8/5krp/2r5/p1p1Np2/8/1P5P/P4PP1/4R1K1,0,1
3r2k1/1p2pp2/p5p1/5q1p/P2bN2P/4Q1P1/5PK1/1R6,1,-1
3r2k1/1p2pp2/p5p1/5q1p/P2bN2P/6P1/4QPK1/1R6,0,-1
3r2k1/4pp2/pp4p1/5q1p/P2bN2P/6P1/4QPK1/1R6,1,-1
3r2k1/4pp2/pp4p1/5q1p/P2bN2P/6P1/4QPK1/3R4,0,-1
3r2k1/5p2/pp4p1/4pq1p/P2bN2P/6P1/4QPK1/3R4,1,-1
3r2k1/5p2/pp4p1/4pqNp/P2b3P/6P1/4QPK1/3R4,0,-1
3r2k1/5p2/p5p1/1p2pqNp/P2b3P/6P1/4QPK1/3R4,1,-1
3r2k1/5p2/p5p1/1P2pqNp/3b3P/6P1/4QPK1/3R4,0,-1
3r2k1/5p2/6p1/1p2pqNp/3b3P/6P1/4QPK1/3R4,1,-1
3r2k1/5p2/6p1/1p2pqNp/3b3P/3R2P1/4QPK1/8,0,-1
3r2k1/3q1p2/6p1/1p2p1Np/3b3P/3R2P1/4QPK1/8,1,-1
3r2k1/3q1p2/6p1/1p2p1Np/3b3P/5RP1/4QPK1/8,0,-1
5rk1/3q1p2/6p1/1p2p1Np/3b3P/5RP1/4QPK1/8,1,-1
5rk1/3q1p2/5Rp1/1p2p1Np/3b3P/6P1/4QPK1/8,0,-1
5r2/3q1pk1/5Rp1/1p2p1Np/3b3P/6P1/4QPK1/8,1,-1
5r2/3q1pk1/5Rp1/1p2p2p/3bN2P/6P1/4QPK1/8,0,-1
5r2/3q1pk1/5Rp1/4p2p/1p1bN2P/6P1/4QPK1/8,1,-1
5r2/3q1pk1/R5p1/4p2p/1p1bN2P/6P1/4QPK1/8,0,-1
5r2/1q3pk1/R5p1/4p2p/1p1bN2P/6P1/4QPK1/8,1,-1
5r2/1q3pk1/6p1/R3p2p/1p1bN2P/6P1/4QPK1/8,0,-1
4R3/8/8/1P1k4/4pp2/2P5/7r/3K4,0,-1
4R3/8/8/1P1k4/4p3/2P2p2/7r/3K4,1,-1
4R3/8/1P6/3k4/4p3/2P2p2/7r/3K4,0,-1
4R3/8/1P6/3k4/4p3/2P2p2/1r6/3K4,1,-1
3R4/8/1P6/3k4/4p3/2P2p2/1r6/3K4,0,-1
3R4/8/1P6/4k3/4p3/2P2p2/1r6/3K4,1,-1
4R3/8/1P6/4k3/4p3/2P2p2/1r6/3K4,0,-1
4R3/8/1P6/8/4pk2/2P2p2/1r6/3K4,1,-1
8/8/1P2R3/8/4pk2/2P2p2/1r6/3K4,0,-1
8/8/1P2R3/8/4p3/2P1kp2/1r6/3K4,1,-1
8/8/1P2R3/8/2P1p3/4kp2/1r6/3K4,0,-1
8/8/1P2R3/8/2P1p3/3k1p2/1r6/3K4,1,-1
8/8/1P2R3/8/2P1p3/3k1p2/1r6/2K5,0,-1
8/8/1P2R3/8/2P1p3/3k1p2/2r5/2K5,1,-1
8/8/1P2R3/8/2P1p3/3k1p2/2r5/1K6,0,-1
8/8/1P2R3/8/2r1p3/3k1p2/8/1K6,1,-1
8/8/1P1R4/8/2r1p3/3k1p2/8/1K6,0,-1
8/8/1P1R4/8/2r1p3/5p2/4k3/1K6,1,-1
8/8/1P1R4/8/2r1p3/5p2/K3k3/8,0,-1
8/8/1P1R4/8/2r1p3/8/K3kp2/8,1,-1
8/8/8/PR6/4kp2/2P5/1P4r1/3K4,0,0
8/8/8/PR6/4k3/2P2p2/1P4r1/3K4,1,0
8/8/8/PR6/4k3/2P2p2/1P4r1/4K3,0,0
8/8/8/PR6/8/2P1kp2/1P4r1/4K3,1,0
8/8/8/P3R3/8/2P1kp2/1P4r1/4K3,0,0
8/8/8/P3R3/5k2/2P2p2/1P4r1/4K3,1,0
4R3/8/8/P7/5k2/2P2p2/1P4r1/4K3,0,0
4R3/8/8/P7/5k2/2P2p2/1r6/4K3,1,0
4R3/8/8/P7/5k2/2P2p2/1r6/5K2,0,0
4R3/8/8/P7/5k2/2P2p2/r7/5K2,1,0
5R2/8/8/P7/5k2/2P2p2/r7/5K2,0,0
5R2/8/8/P7/8/2P1kp2/r7/5K2,1,0
4R3/8/8/P7/8/2P1kp2/r7/5K2,0,0
4R3/8/8/P7/8/2Pk1p2/r7/5K2,1,0
3R4/8/8/P7/8/2Pk1p2/r7/5K2,0,0
3R4/8/8/P7/8/2k2p2/r7/5K2,1,0
5R2/8/8/P7/8/2k2p2/r7/5K2,0,0
5R2/8/8/r7/8/2k2p2/8/5K2,1,0
8/8/8/r7/8/2k2R2/8/5K2,0,0
8/8/8/r7/1k6/5R2/8/5K2,1,0
rnq1k2r/1b2bppp/p2pp3/1p3PP1/3NP2P/P1N1B3/1PPQ4/R3K2R,1,1
rnq1k2r/1b2bppp/p2pp3/1p3PP1/3NP2P/P1N1B3/1PPQ4/R3KR2,0,1
r1q1k2r/1b2bppp/p1npp3/1p3PP1/3NP2P/P1N1B3/1PPQ4/R3KR2,1,1
r1q1k2r/1b2bppp/p1Npp3/1p3PP1/4P2P/P1N1B3/1PPQ4/R3KR2,0,1
r1q1k2r/4bppp/p1bpp3/1p3PP1/4P2P/P1N1B3/1PPQ4/R3KR2,1,1
r1q1k2r/4bppp/p1bpp3/1p3PP1/4P2P/P1N1B3/1PPQ4/2KR1R2,0,1
r3k2r/1q2bppp/p1bpp3/1p3PP1/4P2P/P1N1B3/1PPQ4/2KR1R2,1,1
r3k2r/1q2bppp/p1bpp3/1p3PP1/4P2P/P1N1B3/1PP2Q2/2KR1R2,0,1
r3k2r/1q2bppp/p1bpp3/5PP1/1p2P2P/P1N1B3/1PP2Q2/2KR1R2,1,1
r3k2r/1q2bppp/p1bpp3/5PP1/1P2P2P/2N1B3/1PP2Q2/2KR1R2,0,1
r3k2r/4bppp/p1bpp3/5PP1/1q2P2P/2N1B3/1PP2Q2/2KR1R2,1,1
r3k2r/4bppp/p1bpp3/5PP1/1q1RP2P/2N1B3/1PP2Q2/2K2R2,0,1
r3k2r/4bppp/p1bpp3/q4PP1/3RP2P/2N1B3/1PP2Q2/2K2R2,1,1
r3k2r/4bppp/p1bpP3/q5P1/3RP2P/2N1B3/1PP2Q2/2K2R2,0,1
r3k2r/4b1pp/p1bpp3/q5P1/3RP2P/2N1B3/1PP2Q2/2K2R2,1,1
r3k2r/4bQpp/p1bpp3/q5P1/3RP2P/2N1B3/1PP5/2K2R2,0,1
r6r/3kbQpp/p1bpp3/q5P1/3RP2P/2N1B3/1PP5/2K2R2,1,1
r6r/3kbQpp/p1bRp3/q5P1/4P2P/2N1B3/1PP5/2K2R2,0,1
r6r/4bQpp/p1bkp3/q5P1/4P2P/2N1B3/1PP5/2K2R2,1,1
r6r/4bQpp/p1bkp3/q5P1/4P2P/2N1B3/1PP5/2KR4,0,1
5b1r/2N2kpp/2b1pp2/8/2P2B2/1n3N2/1P3PPP/3R2K1,1,1
3R1b1r/2N2kpp/2b1pp2/8/2P2B2/1n3N2/1P3PPP/6K1,0,1
3R1b1r/2N2k1p/2b1pp2/6p1/2P2B2/1n3N2/1P3PPP/6K1,1,1
3R1b1r/2N2k1p/2b1pp2/6p1/2P5/1n2BN2/1P3PPP/6K1,0,1
3R3r/2N2kbp/2b1pp2/6p1/2P5/1n2BN2/1P3PPP/6K1,1,1
7r/2N2kbp/2bRpp2/6p1/2P5/1n2BN2/1P3PPP/6K1,0,1
7r/2N2kbp/3Rpp2/6p1/2P5/1n2Bb2/1P3PPP/6K1,1,1
7r/2NR1kbp/4pp2/6p1/2P5/1n2Bb2/1P3PPP/6K1,0,1
7r/2NR2bp/4ppk1/6p1/2P5/1n2Bb2/1P3PPP/6K1,1,1
7r/2NR2bp/4ppk1/6p1/2P5/1n2BP2/1P3P1P/6K1,0,1
7r/2NR2bp/5pk1/4p1p1/2P5/1n2BP2/1P3P1P/6K1,1,1
7r/3R2bp/5pk1/3Np1p1/2P5/1n2BP2/1P3P1P/6K1,0,1
r7/3R2bp/5pk1/3Np1p1/2P5/1n2BP2/1P3P1P/6K1,1,1
r7/3R2bp/5pk1/2PNp1p1/8/1n2BP2/1P3P1P/6K1,0,1
r4b2/3R3p/5pk1/2PNp1p1/8/1n2BP2/1P3P1P/6K1,1,1
r4b2/3R3p/2P2pk1/3Np1p1/8/1n2BP2/1P3P1P/6K1,0,1
r4b2/3R3p/2P2pk1/n2Np1p1/8/4BP2/1P3P1P/6K1,1,1
r4b2/2PR3p/5pk1/n2Np1p1/8/4BP2/1P3P1P/6K1,0,1
r4b2/2PR3p/2n2pk1/3Np1p1/8/4BP2/1P3P1P/6K1,1,1
r4b2/2PR3p/1Nn2pk1/4p1p1/8/4BP2/1P3P1P/6K1,0,1
4k3/4b1p1/p3p3/2p2QP1/3pN3/5K2/P1r5/4R3,0,-1
4k3/4b1p1/p7/2p2pP1/3pN3/5K2/P1r5/4R3,1,-1
4k3/4b1p1/p2N4/2p2pP1/3p4/5K2/P1r5/4R3,0,-1
8/3kb1p1/p2N4/2p2pP1/3p4/5K2/P1r5/4R3,1,-1
8/3kb1p1/p7/2p2NP1/3p4/5K2/P1r5/4R3,0,-1
8/3k2p1/p7/2p2Nb1/3p4/5K2/P1r5/4R3,1,-1
8/3k2N1/p7/2p3b1/3p4/5K2/P1r5/4R3,0,-1
8/3k2N1/p7/2p3b1/3p4/5K2/r7/4R3,1,-1
8/3k2N1/p7/2p3b1/3pK3/8/r7/4R3,0,-1
8/6N1/p1k5/2p3b1/3pK3/8/r7/4R3,1,-1
8/8/p1k5/2p2Nb1/3pK3/8/r7/4R3,0,-1
8/8/p1k5/2p2Nb1/3pK3/8/5r2/4R3,1,-1
8/8/p1k5/2p2Nb1/3pK3/8/5r2/R7,0,-1
8/8/p1k5/2p2Nb1/3pK3/8/4r3/R7,1,-1
8/8/p1k5/2p2Nb1/3p4/3K4/4r3/R7,0,-1
8/8/p1k5/2p1rNb1/3p4/3K4/8/R7,1,-1
8/8/p1k5/2p1r1b1/3p4/3K2N1/8/R7,0,-1
8/8/p1k5/2p3b1/3p4/3Kr1N1/8/R7,1,-1
8/8/p1k5/2p3b1/2Kp4/4r1N1/8/R7,0,-1
8/8/p1k5/2p3b1/2Kp4/2r3N1/8/R7,1,-1
1rr3k1/3n1p2/6p1/P1PP2q1/1P1Q3p/8/N7/K3RR2,1,1
1rr3k1/3n1p2/2P3p1/P2P2q1/1P1Q3p/8/N7/K3RR2,0,1
1rr2nk1/5p2/2P3p1/P2P2q1/1P1Q3p/8/N7/K3RR2,1,1
1rr2nk1/5p2/2P3p1/P2P2q1/1P1Q3p/8/N7/K3R2R,0,1
1r2rnk1/5p2/2P3p1/P2P2q1/1P1Q3p/8/N7/K3R2R,1,1
1r2rnk1/2P2p2/6p1/P2P2q1/1P1Q3p/8/N7/K3R2R,0,1
1r3nk1/2P2p2/6p1/P2P2q1/1P1Q3p/8/N7/K3r2R,1,1
1r3nk1/2P2p2/6p1/P2P2q1/1P1Q3p/8/N7/K3R3,0,1
2r2nk1/2P2p2/6p1/P2P2q1/1P1Q3p/8/N7/K3R3,1,1
2r2nk1/2P2p2/3P2p1/P5q1/1P1Q3p/8/N7/K3R3,0,1
2r3k1/2Pn1p2/3P2p1/P5q1/1P1Q3p/8/N7/K3R3,1,1
2r3k1/2Pn1p2/3P2p1/P5q1/1P1Q3p/2N5/8/K3R3,0,1
2r3k1/2Pn1p2/3P2p1/P7/1P1Q3p/2N3q1/8/K3R3,1,1
2r3k1/2Pn1p2/3P2p1/P7/1P1Q3p/2N1R1q1/8/K7,0,1
2r3k1/2Pn1p2/3P2p1/P7/1P1Q3p/2N1R3/8/K5q1,1,1
2r3k1/2Pn1p2/3P2p1/P7/1P1Q3p/2N1R3/1K6/6q1,0,1
2r3k1/2Pn1p2/3P2p1/P7/1P1Q3p/2N1R3/1K3q2/8,1,1
2r3k1/2Pn1p2/3P2p1/P7/1P1Q3p/1KN1R3/5q2/8,0,1
2r3k1/2Pn1p2/3P2p1/P4q2/1P1Q3p/1KN1R3/8/8,1,1
2r3k1/2Pn1p2/3P2p1/P4q2/1P5Q/1KN1R3/8/8,0,1
5R2/8/8/4r1p1/5pk1/2NK4/8/8,1,0
5R2/8/8/4r1p1/4Npk1/3K4/8/8,0,0
5R2/8/8/4r1p1/4Np2/3K1k2/8/8,1,0
5R2/8/8/4r1p1/5p2/3K1k2/3N4/8,0,0
5R2/8/8/4r1p1/5p2/3K4/3N2k1/8,1,0
5R2/8/8/4r1p1/3K1p2/8/3N2k1/8,0,0
5R2/8/8/r5p1/3K1p2/8/3N2k1/8,1,0
5R2/8/8/r5p1/3KNp2/8/6k1/8,0,0
5R2/8/8/r5p1/3KN3/5p2/6k1/8,1,0
8/5R2/8/r5p1/3KN3/5p2/6k1/8,0,0
8/5R2/8/6p1/r2KN3/5p2/6k1/8,1,0
8/5R2/8/6p1/r3N3/4Kp2/6k1/8,0,0
8/5R2/8/6p1/4r3/4Kp2/6k1/8,1,0
8/5R2/8/6p1/4K3/5p2/6k1/8,0,0
8/5R2/8/6p1/4K3/8/5pk1/8,1,0
8/8/8/6p1/4K3/8/5Rk1/8,0,0
8/8/8/6p1/4K3/8/5k2/8,1,0
8/8/8/5Kp1/8/8/5k2/8,0,0
8/8/8/5Kp1/8/5k2/8/8,1,0
8/8/8/6K1/8/5k2/8/8,0,0
8/1p1n1k1p/p2Ppb2/4P3/5B2/1P3NP1/P3r2K/3R4,1,1
8/1p1n1k1p/p2Ppb2/4P3/5B2/1P3NPK/P3r3/3R4,0,1
8/1p1n1k1p/p2Ppb2/4P3/5B2/1P3NPK/P4r2/3R4,1,1
8/1p1n1k1p/p2Ppb2/4P3/5B2/1P1R1NPK/P4r2/8,0,1
3b4/1p1n1k1p/p2Pp3/4P3/5B2/1P1R1NPK/P4r2/8,1,1
3b4/1p1n1k1p/p2Pp3/4P3/5B2/1PR2NPK/P4r2/8,0,1
3b4/1p3k1p/pn1Pp3/4P3/5B2/1PR2NPK/P4r2/8,1,1
3b4/1p3k1p/pn1Pp3/4P1N1/5B2/1PR3PK/P4r2/8,0,1
8/1p3k1p/pn1Pp3/4P1b1/5B2/1PR3PK/P4r2/8,1,1
8/1p3k1p/pn1Pp3/4P1B1/8/1PR3PK/P4r2/8,0,1
8/1p1n1k1p/p2Pp3/4P1B1/8/1PR3PK/P4r2/8,1,1
8/1pRn1k1p/p2Pp3/4P1B1/8/1P4PK/P4r2/8,0,1
4k3/1pRn3p/p2Pp3/4P1B1/8/1P4PK/P4r2/8,1,1
4k3/1pRn3p/p2Pp3/4P3/5B2/1P4PK/P4r2/8,0,1
4k3/1pRn3p/p2Pp3/4P3/5B2/1P4PK/P3r3/8,1,1
2R1k3/1p1n3p/p2Pp3/4P3/5B2/1P4PK/P3r3/8,0,1
2R5/1p1n1k1p/p2Pp3/4P3/5B2/1P4PK/P3r3/8,1,1
7R/1p1n1k1p/p2Pp3/4P3/5B2/1P4PK/P3r3/8,0,1
7R/1p1n3p/p2Pp1k1/4P3/5B2/1P4PK/P3r3/8,1,1
3R4/1p1n3p/p2Pp1k1/4P3/5B2/1P4PK/P3r3/8,0,1
8/3R4/2P2kp1/2rPbp2/8/3K1B1P/6P1/8,0,1
8/3R4/2P2kp1/3Pbp2/8/2rK1B1P/6P1/8,1,1
8/3R4/2P2kp1/3Pbp2/8/2r2B1P/3K2P1/8,0,1
8/3R4/2P2kp1/3Pbp2/2r5/5B1P/3K2P1/8,1,1
8/3R4/2P2kp1/3Pbp2/2r5/3K1B1P/6P1/8,0,1
8/3R4/2P2kp1/3Pbp2/8/2rK1B1P/6P1/8,1,1
8/3R4/2P2kp1/3Pbp2/8/2r2B1P/3K2P1/8,0,1
8/3R4/2P2kp1/3Pbp2/2r5/5B1P/3K2P1/8,1,1
8/3R4/2P2kp1/3Pbp2/2r5/7P/3KB1P1/8,0,1
8/3R4/2P2kp1/3Pbp2/3r4/7P/3KB1P1/8,1,1
8/3R4/2P2kp1/3Pbp2/3r4/4K2P/4B1P1/8,0,1
8/3R4/2P2kp1/3Pbp2/1r6/4K2P/4B1P1/8,1,1
8/2PR4/5kp1/3Pbp2/1r6/4K2P/4B1P1/8,0,1
8/2PR4/5kp1/3Pbp2/8/1r2K2P/4B1P1/8,1,1
8/2PR4/5kp1/3Pbp2/8/1r5P/4BKP1/8,0,1
8/2PR4/5kp1/3P1p2/3b4/1r5P/4BKP1/8,1,1
8/2PR4/5kp1/3P1p2/3b4/1r5P/4B1P1/4K3,0,1
8/2PR4/5kp1/3P1p2/3b4/2r4P/4B1P1/4K3,1,1
8/2PR4/3P1kp1/5p2/3b4/2r4P/4B1P1/4K3,0,1
8/2PR4/1b1P1kp1/5p2/8/2r4P/4B1P1/4K3,1,1
r2qk2r/pp3p1p/2np2p1/1B3b2/5P2/2b3N1/PPP3PP/R2Q1RK1,1,1
r2qk2r/pp3p1p/2np2p1/1B3N2/5P2/2b5/PPP3PP/R2Q1RK1,0,1
r2qk2r/pp3p1p/2np2p1/1B3N2/5P2/8/PbP3PP/R2Q1RK1,1,1
r2qk2r/pp3p1p/2np2p1/1B3N2/5P2/8/PbP3PP/1R1Q1RK1,0,1
r2qk2r/pp3p1p/2np2p1/1B3N2/5P2/b7/P1P3PP/1R1Q1RK1,1,1
r2qk2r/pp3p1p/2Bp2p1/5N2/5P2/b7/P1P3PP/1R1Q1RK1,0,1
r2qk2r/p4p1p/2pp2p1/5N2/5P2/b7/P1P3PP/1R1Q1RK1,1,1
r2qk2r/p4p1p/2pp2p1/5N2/5P2/b7/P1P3PP/1R2QRK1,0,1
r2q1k1r/p4p1p/2pp2p1/5N2/5P2/b7/P1P3PP/1R2QRK1,1,1
r2q1k1r/p4p1p/2pp2p1/5N2/5P2/b1Q5/P1P3PP/1R3RK1,0,1
r2q1k1r/p4p1p/2pp2p1/2b2N2/5P2/2Q5/P1P3PP/1R3RK1,1,1
r2q1k1r/p4p1p/2pp2p1/2b2N2/5P2/2Q5/P1P3PP/1R3R1K,0,1
r2q1kr1/p4p1p/2pp2p1/2b2N2/5P2/2Q5/P1P3PP/1R3R1K,1,1
r2q1kr1/p4p1p/2pp2pN/2b5/5P2/2Q5/P1P3PP/1R3R1K,0,1
r2q1k2/p4prp/2pp2pN/2b5/5P2/2Q5/P1P3PP/1R3R1K,1,1
r2q1k2/p4Nrp/2pp2p1/2b5/5P2/2Q5/P1P3PP/1R3R1K,0,1
r4k2/p3qNrp/2pp2p1/2b5/5P2/2Q5/P1P3PP/1R3R1K,1,1
r4k2/p3qNrp/2pp2p1/2b2P2/8/2Q5/P1P3PP/1R3R1K,0,1
r4k2/p3qNrp/2pp4/2b2p2/8/2Q5/P1P3PP/1R3R1K,1,1
r4k2/p3q1rp/2pp3N/2b2p2/8/2Q5/P1P3PP/1R3R1K,0,1
6k1/2r3bp/BRb3p1/3p4/1P1PppN1/1P5P/5PP1/6K1,1,1
6k1/2r3bp/BRb3p1/1P1p4/3PppN1/1P5P/5PP1/6K1,0,1
6k1/2rb2bp/BR4p1/1P1p4/3PppN1/1P5P/5PP1/6K1,1,1
6k1/2rb2bp/BR3Np1/1P1p4/3Ppp2/1P5P/5PP1/6K1,0,1
6k1/2rb3p/BR3bp1/1P1p4/3Ppp2/1P5P/5PP1/6K1,1,1
6k1/2rb3p/B4Rp1/1P1p4/3Ppp2/1P5P/5PP1/6K1,0,1
6k1/3b3p/B4Rp1/1P1p4/3Ppp2/1P5P/5PP1/2r3K1,1,1
6k1/3b3p/B4Rp1/1P1p4/3Ppp2/1P5P/5PPK/2r5,0,1
6k1/3b3p/B4Rp1/1P1p4/3Ppp2/1Pr4P/5PPK/8,1,1
6k1/3b3p/B2R2p1/1P1p4/3Ppp2/1Pr4P/5PPK/8,0,1
6k1/7p/B2R2p1/1P1p1b2/3Ppp2/1Pr4P/5PPK/8,1,1
6k1/7p/BP1R2p1/3p1b2/3Ppp2/1Pr4P/5PPK/8,0,1
6k1/7p/BP1R2p1/3p1b2/3Ppp2/1r5P/5PPK/8,1,1
6k1/1P5p/B2R2p1/3p1b2/3Ppp2/1r5P/5PPK/8,0,1
8/1P3k1p/B2R2p1/3p1b2/3Ppp2/1r5P/5PPK/8,1,1
3R4/1P3k1p/B5p1/3p1b2/3Ppp2/1r5P/5PPK/8,0,1
3R4/1P3k1p/B5p1/3p1b2/3P1p2/1r2p2P/5PPK/8,1,1
3R4/1P3k1p/B5p1/3p1b2/3P1p2/1r2P2P/6PK/8,0,1
3R4/1P3k1p/B5p1/3p1b2/3P4/1r2p2P/6PK/8,1,1
1Q1R4/5k1p/B5p1/3p1b2/3P4/1r2p2P/6PK/8,0,1
4r1k1/pp3ppp/4pn2/1b1p1PB1/2PqP2P/bN6/P1P3P1/1K1R1R2,1,1
4r1k1/pp3ppp/4pn2/1b1p1PB1/2PNP2P/b7/P1P3P1/1K1R1R2,0,1
4r1k1/pp3ppp/4pn2/3p1PB1/2bNP2P/b7/P1P3P1/1K1R1R2,1,1
4r1k1/pp3ppp/4pn2/3p1PB1/2bNP2P/b4R2/P1P3P1/1K1R4,0,1
4r1k1/pp3ppp/4pn2/3p1PB1/1bbNP2P/5R2/P1P3P1/1K1R4,1,1
4r1k1/pp3ppp/4pB2/3p1P2/1bbNP2P/5R2/P1P3P1/1K1R4,0,1
4r1k1/pp3p1p/4pp2/3p1P2/1bbNP2P/5R2/P1P3P1/1K1R4,1,1
4r1k1/pp3p1p/4Pp2/3p4/1bbNP2P/5R2/P1P3P1/1K1R4,0,1
4r1k1/pp5p/4pp2/3p4/1bbNP2P/5R2/P1P3P1/1K1R4,1,1
4r1k1/pp5p/4pp2/3P4/1bbN3P/5R2/P1P3P1/1K1R4,0,1
4r1k1/pp5p/4pp2/3b4/1b1N3P/5R2/P1P3P1/1K1R4,1,1
4r1k1/pp5p/4pR2/3b4/1b1N3P/8/P1P3P1/1K1R4,0,1
4r3/pp4kp/4pR2/3b4/1b1N3P/8/P1P3P1/1K1R4,1,1
4r3/pp4kp/4p3/3b4/1b1N1R1P/8/P1P3P1/1K1R4,0,1
4r3/pp4kp/4p3/2bb4/3N1R1P/8/P1P3P1/1K1R4,1,1
4r3/pp4kp/4p3/2bb4/3N2RP/8/P1P3P1/1K1R4,0,1
4r3/pp5p/4p2k/2bb4/3N2RP/8/P1P3P1/1K1R4,1,1
4r3/pp5p/4p2k/2bb2R1/3N3P/8/P1P3P1/1K1R4,0,1
4r3/pp5p/4p2k/2b3R1/3Nb2P/8/P1P3P1/1K1R4,1,1
4r3/pp5p/4p2k/2R5/3Nb2P/8/P1P3P1/1K1R4,0,1
2r1k2r/2qbbp2/p2ppn2/1p2n1p1/4P3/PBN2N2/1PP1Q1PP/1K1RBR2,0,1
2r1k2r/2qbbp2/p2pp3/1p2n1p1/4P1n1/PBN2N2/1PP1Q1PP/1K1RBR2,1,1
2r1k2r/2qbbp2/p2pp3/1p2n1p1/4P1n1/PBN2NB1/1PP1Q1PP/1K1R1R2,0,1
2r1k2r/3bbp2/pq1pp3/1p2n1p1/4P1n1/PBN2NB1/1PP1Q1PP/1K1R1R2,1,1
2r1k2r/3bbp2/pq1pp3/1p2n1p1/4P1n1/PBN2NBP/1PP1Q1P1/1K1R1R2,0,1
2r1k2r/3bbp2/pq1pp3/1p4p1/4P1n1/PBN2nBP/1PP1Q1P1/1K1R1R2,1,1
2r1k2r/3bbp2/pq1pp3/1p4p1/4P1n1/PBN2QBP/1PP3P1/1K1R1R2,0,1
2r1k2r/3bbp2/pq1pp2n/1p4p1/4P3/PBN2QBP/1PP3P1/1K1R1R2,1,1
2r1k2r/3bbp2/pq1pp2n/1p4p1/4P3/PBN2Q1P/1PP2BP1/1K1R1R2,0,1
2r1k2r/2qbbp2/p2pp2n/1p4p1/4P3/PBN2Q1P/1PP2BP1/1K1R1R2,1,1
2r1k2r/2qbbp2/p2pp2n/1p4p1/3BP3/PBN2Q1P/1PP3P1/1K1R1R2,0,1
2r1k3/2qbbp1r/p2pp2n/1p4p1/3BP3/PBN2Q1P/1PP3P1/1K1R1R2,1,1
2r1k3/2qbbp1r/p2pp2n/1p4pQ/3BP3/PBN4P/1PP3P1/1K1R1R2,0,1
2r2k2/2qbbp1r/p2pp2n/1p4pQ/3BP3/PBN4P/1PP3P1/1K1R1R2,1,1
2r2k2/2qbbp1r/p2ppB1n/1p4pQ/4P3/PBN4P/1PP3P1/1K1R1R2,0,1
2r2k2/2qb1p1r/p2ppb1n/1p4pQ/4P3/PBN4P/1PP3P1/1K1R1R2,1,1
2r2k2/2qb1p1r/p2ppR1n/1p4pQ/4P3/PBN4P/1PP3P1/1K1R4,0,1
2r2kn1/2qb1p1r/p2ppR2/1p4pQ/4P3/PBN4P/1PP3P1/1K1R4,1,1
2r2kn1/2qb1p1Q/p2ppR2/1p4p1/4P3/PBN4P/1PP3P1/1K1R4,0,1
2r2k2/2qb1p1Q/p2ppn2/1p4p1/4P3/PBN4P/1PP3P1/1K1R4,1,1
6k1/1q3p2/6p1/1r5p/1P1Q4/5P1P/6P1/1R5K,0,-1
1q4k1/5p2/6p1/1r5p/1P1Q4/5P1P/6P1/1R5K,1,-1
1q4k1/5p2/6p1/1r5p/1P1Q2P1/5P1P/8/1R5K,0,-1
6k1/1q3p2/6p1/1r5p/1P1Q2P1/5P1P/8/1R5K,1,-1
6k1/1q3p2/6p1/1r5p/1P1Q2P1/5P1P/6K1/1R6,0,-1
1q4k1/5p2/6p1/1r5p/1P1Q2P1/5P1P/6K1/1R6,1,-1
1q4k1/5p2/6p1/1r5p/1P1Q2P1/5P1P/1R4K1/8,0,-1
1q6/5p1k/6p1/1r5p/1P1Q2P1/5P1P/1R4K1/8,1,-1
1q6/5p1k/6p1/1r5p/1PQ3P1/5P1P/1R4K1/8,0,-1
1q6/5pk1/6p1/1r5p/1PQ3P1/5P1P/1R4K1/8,1,-1
1q6/5pk1/6p1/1r5p/1P1Q2P1/5P1P/1R4K1/8,0,-1
1q4k1/5p2/6p1/1r5p/1P1Q2P1/5P1P/1R4K1/8,1,-1
1q4k1/5p2/6p1/1r5p/1P1Q2P1/1R3P1P/6K1/8,0,-1
6k1/1q3p2/6p1/1r5p/1P1Q2P1/1R3P1P/6K1/8,1,-1
6k1/1q3p2/6p1/1r5p/1P1Q2P1/5P1P/6K1/1R6,0,-1
6k1/1q3p2/6p1/3r3p/1P1Q2P1/5P1P/6K1/1R6,1,-1
6k1/1q3p2/6p1/3r3p/1P4P1/4QP1P/6K1/1R6,0,-1
6k1/1q3p2/6p1/1r5p/1P4P1/4QP1P/6K1/1R6,1,-1
6k1/1q3p2/6p1/1r5p/1P4P1/5P1P/3Q2K1/1R6,0,-1
1q4k1/5p2/6p1/1r5p/1P4P1/5P1P/3Q2K1/1R6,1,-1
3r3r/5p1P/5p2/2kb4/1p6/3B1p2/PPPN4/2K2R2,1,0
3r3r/5p1P/5p2/2kb4/1p6/3B1N2/PPP5/2K2R2,0,0
3r3r/5p1P/5p2/2k5/1pb5/3B1N2/PPP5/2K2R2,1,0
3r3r/5p1P/5p2/2k5/1pB5/5N2/PPP5/2K2R2,0,0
3r3r/5p1P/5p2/8/1pk5/5N2/PPP5/2K2R2,1,0
3r3r/5p1P/5p2/8/1pk5/5N2/PPP5/2K4R,0,0
3r3r/5p1P/5p2/2k5/1p6/5N2/PPP5/2K4R,1,0
3r3r/5p1P/5p2/2k5/1p6/1P3N2/P1P5/2K4R,0,0
7r/5p1P/5p2/2kr4/1p6/1P3N2/P1P5/2K4R,1,0
7r/5p1P/5p2/2kr4/1p5R/1P3N2/P1P5/2K5,0,0
7r/5p1P/5p2/2k2r2/1p5R/1P3N2/P1P5/2K5,1,0
7r/5p1P/5p2/2k2r2/1p5R/1P6/P1PN4/2K5,0,0
7r/5p1P/5p2/1k3r2/1p5R/1P6/P1PN4/2K5,1,0
7r/5p1P/5p2/1k3r2/1p2N2R/1P6/P1P5/2K5,0,0
7r/5p1P/2k2p2/5r2/1p2N2R/1P6/P1P5/2K5,1,0
7r/5p1P/2k2p1R/5r2/1p2N3/1P6/P1P5/2K5,0,0
7r/3k1p1P/5p1R/5r2/1p2N3/1P6/P1P5/2K5,1,0
7r/3k1p1P/5N1R/5r2/1p6/1P6/P1P5/2K5,0,0
7r/4kp1P/5N1R/5r2/1p6/1P6/P1P5/2K5,1,0
7r/4kp1P/7R/5r2/1p4N1/1P6/P1P5/2K5,0,0
6k1/6p1/1p4rp/3q4/8/P3Rp1P/1P3PP1/5QK1,0,-1
6k1/6p1/1p5p/3q4/8/P3Rp1P/1P3Pr1/5QK1,1,-1
6k1/6p1/1p5p/3q4/8/P3Rp1P/1P3Pr1/5Q1K,0,-1
6k1/6p1/1p4rp/3q4/8/P3Rp1P/1P3P2/5Q1K,1,-1
6k1/6p1/1p4rp/3q4/8/P2QRp1P/1P3P2/7K,0,-1
6k1/6p1/1p4rp/6q1/8/P2QRp1P/1P3P2/7K,1,-1
6k1/6p1/1p4rp/6q1/2Q5/P3Rp1P/1P3P2/7K,0,-1
8/6pk/1p4rp/6q1/2Q5/P3Rp1P/1P3P2/7K,1,-1
8/6pk/1p4rp/6q1/8/P3Rp1P/1P3P2/5Q1K,0,-1
8/6pk/1p4rp/5q2/8/P3Rp1P/1P3P2/5Q1K,1,-1
8/6pk/1p4rp/5q2/P7/4Rp1P/1P3P2/5Q1K,0,-1
8/6pk/1p1r3p/5q2/P7/4Rp1P/1P3P2/5Q1K,1,-1
8/6pk/1p1r3p/5q2/P7/4Rp1P/1P3P1K/5Q2,0,-1
8/6pk/1p1r3p/8/P4q2/4Rp1P/1P3P1K/5Q2,1,-1
8/6pk/1p1r3p/8/P4q2/4Rp1P/1P3P2/5Q1K,0,-1
8/6pk/1p1r3p/5q2/P7/4Rp1P/1P3P2/5Q1K,1,-1
8/6pk/1p1r3p/5q2/PP6/4Rp1P/5P2/5Q1K,0,-1
8/6pk/1p5p/5q2/PP6/4Rp1P/5P2/3r1Q1K,1,-1
8/6pk/1p5p/5q2/PP6/4Rp1P/5P1K/3r1Q2,0,-1
8/6pk/1p5p/5q2/PP1r4/4Rp1P/5P1K/5Q2,1,-1
2r1r1k1/1bq2pp1/p4n1p/1pb1pN2/4PBPP/P1N2B2/1PPQ4/4RR1K,0,-1
2r1r1k1/1bq2pp1/p4n1p/1pb2N2/4PpPP/P1N2B2/1PPQ4/4RR1K,1,-1
2r1r1k1/1bq2pp1/p4n1p/1pb2NP1/4Pp1P/P1N2B2/1PPQ4/4RR1K,0,-1
2r1r1k1/1bq2pp1/p4n2/1pb2Np1/4Pp1P/P1N2B2/1PPQ4/4RR1K,1,-1
2r1r1k1/1bq2pp1/p4n2/1pb2NP1/4Pp2/P1N2B2/1PPQ4/4RR1K,0,-1
2r1r1k1/1bq2ppn/p7/1pb2NP1/4Pp2/P1N2B2/1PPQ4/4RR1K,1,-1
2r1r1k1/1bq2ppn/p7/1pb2NP1/4Pp2/P1N2B2/1PP3Q1/4RR1K,0,-1
2r1r1k1/1bq2p1n/p5p1/1pb2NP1/4Pp2/P1N2B2/1PP3Q1/4RR1K,1,-1
2r1r1k1/1bq2p1n/p5pN/1pb3P1/4Pp2/P1N2B2/1PP3Q1/4RR1K,0,-1
2r1r3/1bq2pkn/p5pN/1pb3P1/4Pp2/P1N2B2/1PP3Q1/4RR1K,1,-1
2r1r3/1bq2pkn/p5pN/1pbN2P1/4Pp2/P4B2/1PP3Q1/4RR1K,0,-1
2r1r3/1b3pkn/p5pN/1pbNq1P1/4Pp2/P4B2/1PP3Q1/4RR1K,1,-1
2r1r3/1b3pkn/p5pN/1pbNq1P1/4PpQ1/P4B2/1PP5/4RR1K,0,-1
2r1r3/1b3pkn/p5pN/1pbN2q1/4PpQ1/P4B2/1PP5/4RR1K,1,-1
2r1r3/1b3pkn/p5pN/1pbN2Q1/4Pp2/P4B2/1PP5/4RR1K,0,-1
2r1r3/1b3pk1/p5pN/1pbN2n1/4Pp2/P4B2/1PP5/4RR1K,1,-1
2r1r3/1b3pk1/p5p1/1pbN2n1/4PpN1/P4B2/1PP5/4RR1K,0,-1
2r1r3/1b3pk1/p5p1/1pbN4/4PpN1/P4n2/1PP5/4RR1K,1,-1
2r1r3/1b3pk1/p5p1/1pbN4/4PpN1/P4R2/1PP5/4R2K,0,-1
2r1r3/5pk1/p5p1/1pbb4/4PpN1/P4R2/1PP5/4R2K,1,-1
2q4k/1b2br2/pp1p3p/4n1pn/P2RP3/2P1BPN1/1P4PP/3RQ2K,0,-1
2q4k/1b2br2/pp1p3p/4n1p1/P2RP3/2P1BPn1/1P4PP/3RQ2K,1,-1
2q4k/1b2br2/pp1p3p/4n1p1/P2RP3/2P1BPQ1/1P4PP/3R3K,0,-1
7k/1b2br2/pp1pq2p/4n1p1/P2RP3/2P1BPQ1/1P4PP/3R3K,1,-1
7k/1b2br2/pp1pq2p/4n1p1/PR2P3/2P1BPQ1/1P4PP/3R3K,0,-1
7k/1b2br2/pp1pq2p/4n3/PR2P1p1/2P1BPQ1/1P4PP/3R3K,1,-1
7k/1b2br2/pp1pq2p/4n3/PR2PPp1/2P1B1Q1/1P4PP/3R3K,0,-1
7k/1b2br2/pp1pq2p/8/PRn1PPp1/2P1B1Q1/1P4PP/3R3K,1,-1
7k/1b2br2/pp1pq2p/8/PRnBPPp1/2P3Q1/1P4PP/3R3K,0,-1
8/1b2br1k/pp1pq2p/8/PRnBPPp1/2P3Q1/1P4PP/3R3K,1,-1
8/1b2br1k/pp1pq2p/5P2/PRnBP1p1/2P3Q1/1P4PP/3R3K,0,-1
8/1b2br1k/pp1p3p/5P2/PRnBq1p1/2P3Q1/1P4PP/3R3K,1,-1
8/1b2br1k/pp1p3p/5P2/PRnBq1p1/2P3Q1/1P4PP/4R2K,0,-1
8/1b2br1k/pp1p3p/5q2/PRnB2p1/2P3Q1/1P4PP/4R2K,1,-1
8/1b2br1k/pp1p3p/5q2/P1RB2p1/2P3Q1/1P4PP/4R2K,0,-1
8/1b3r1k/pp1p3p/5qb1/P1RB2p1/2P3Q1/1P4PP/4R2K,1,-1
8/1b3r1k/pp1p3p/5qb1/P1R3p1/2P1B1Q1/1P4PP/4R2K,0,-1
8/1b3r1k/pp1p3p/6b1/P1R3p1/2PqB1Q1/1P4PP/4R2K,1,-1
8/1b3r1k/pp1p3p/6B1/P1R3p1/2Pq2Q1/1P4PP/4R2K,0,-1
8/1b5k/pp1p3p/6B1/P1R3p1/2Pq2Q1/1P4PP/4Rr1K,1,-1
8/1p2kp2/3p1p1p/2nP4/5R2/P1P5/2P4P/7K,1,1
8/1p2kp2/3p1p1p/2nP4/7R/P1P5/2P4P/7K,0,1
8/1p2kp2/3p3p/2nP1p2/7R/P1P5/2P4P/7K,1,1
8/1p2kp2/3p3R/2nP1p2/8/P1P5/2P4P/7K,0,1
8/1p2kp2/3p3R/3P1p2/4n3/P1P5/2P4P/7K,1,1
8/1p2kp2/3p3R/3P1p2/2P1n3/P7/2P4P/7K,0,1
8/1p2kp2/3p3R/3P1p2/2P5/P7/2Pn3P/7K,1,1
8/1p2kp2/3p3R/2PP1p2/8/P7/2Pn3P/7K,0,1
8/1p2kp2/7R/2pP1p2/8/P7/2Pn3P/7K,1,1
8/1p2kp2/1R6/2pP1p2/8/P7/2Pn3P/7K,0,1
8/1p2kp2/1R6/2pP1p2/2n5/P7/2P4P/7K,1,1
8/1R2kp2/8/2pP1p2/2n5/P7/2P4P/7K,0,1
8/1R3p2/3k4/2pP1p2/2n5/P7/2P4P/7K,1,1
8/5R2/3k4/2pP1p2/2n5/P7/2P4P/7K,0,1
8/5R2/8/2pPkp2/2n5/P7/2P4P/7K,1,1
8/5R2/8/2pPkp2/2n4P/P7/2P5/7K,0,1
8/5R2/8/2pPk3/2n2p1P/P7/2P5/7K,1,1
8/5R2/8/2pPk2P/2n2p2/P7/2P5/7K,0,1
8/5R2/3n4/2pPk2P/5p2/P7/2P5/7K,1,1
5R2/8/3n4/2pPk2P/5p2/P7/2P5/7K,0,1
1k1r1r2/2q1bp1R/p5p1/1p1Pp1P1/5n2/P3B3/1PP1Q1B1/1K1R4,1,1
1k1r1r2/2q1bp1R/p5p1/1p1Pp1P1/5B2/P7/1PP1Q1B1/1K1R4,0,1
1k1r1r2/2q1bp1R/p5p1/1p1P2P1/5p2/P7/1PP1Q1B1/1K1R4,1,1
1k1r1r2/2q1bp2/p5p1/1p1P2P1/5p2/P6R/1PP1Q1B1/1K1R4,0,1
1k1r1r2/2q2p2/p2b2p1/1p1P2P1/5p2/P6R/1PP1Q1B1/1K1R4,1,1
1k1r1r2/2q2p2/p2b2p1/1p1P2P1/5p2/P1R5/1PP1Q1B1/1K1R4,0,1
1k1r1r2/1q3p2/p2b2p1/1p1P2P1/5p2/P1R5/1PP1Q1B1/1K1R4,1,1
1k1r1r2/1q3p2/p1Rb2p1/1p1P2P1/5p2/P7/1PP1Q1B1/1K1R4,0,1
1k1rr3/1q3p2/p1Rb2p1/1p1P2P1/5p2/P7/1PP1Q1B1/1K1R4,1,1
1k1rr3/1q3p2/p1Rb2p1/1p1P2P1/5p2/P7/1PP2QB1/1K1R4,0,1
1k1r4/1q3p2/p1Rb2p1/1p1P2P1/5p2/P3r3/1PP2QB1/1K1R4,1,1
1k1r4/1q3p2/p1Rb2p1/1p1P2P1/3R1p2/P3r3/1PP2QB1/1K6,0,1
1k1r4/4qp2/p1Rb2p1/1p1P2P1/3R1p2/P3r3/1PP2QB1/1K6,1,1
1k1r4/4qp2/p1Rb2p1/1p1P2P1/5R2/P3r3/1PP2QB1/1K6,0,1
1k1r4/4qp2/p1R3p1/1p1P2P1/5b2/P3r3/1PP2QB1/1K6,1,1
1k1r4/4qp2/p1R3p1/1p1P2P1/5Q2/P3r3/1PP3B1/1K6,0,1
1k1r4/5p2/p1R3p1/1p1Pq1P1/5Q2/P3r3/1PP3B1/1K6,1,1
1k1r4/5Q2/p1R3p1/1p1Pq1P1/8/P3r3/1PP3B1/1K6,0,1
1k1r4/4qQ2/p1R3p1/1p1P2P1/8/P3r3/1PP3B1/1K6,1,1
1k1r4/4q3/p1R3Q1/1p1P2P1/8/P3r3/1PP3B1/1K6,0,1
4r1k1/5pp1/1Q5p/1R6/1pq1n3/5N2/5PPK/8,0,-1
4r1k1/5pp1/1Q5p/1R6/1p2n3/5N2/4qPPK/8,1,-1
4r1k1/5pp1/1Q5p/4R3/1p2n3/5N2/4qPPK/8,0,-1
6k1/5pp1/1Q5p/4r3/1p2n3/5N2/4qPPK/8,1,-1
1Q4k1/5pp1/7p/4r3/1p2n3/5N2/4qPPK/8,0,-1
1Q6/5ppk/7p/4r3/1p2n3/5N2/4qPPK/8,1,-1
8/5ppk/7p/4Q3/1p2n3/5N2/4qPPK/8,0,-1
8/5ppk/7p/4Q3/1pq1n3/5N2/5PPK/8,1,-1
8/5ppk/7p/5Q2/1pq1n3/5N2/5PPK/8,0,-1
8/5p1k/6pp/5Q2/1pq1n3/5N2/5PPK/8,1,-1
8/5p1k/6pp/8/1pq1nQ2/5N2/5PPK/8,0,-1
8/5p1k/6pp/3q4/1p2nQ2/5N2/5PPK/8,1,-1
8/5p1k/6pp/3qN3/1p2nQ2/8/5PPK/8,0,-1
8/5pk1/6pp/3qN3/1p2nQ2/8/5PPK/8,1,-1
8/5Nk1/6pp/3q4/1p2nQ2/8/5PPK/8,0,-1
8/5Nk1/7p/3q2p1/1p2nQ2/8/5PPK/8,1,-1
8/5Nk1/7p/3q2p1/1p2n3/5Q2/5PPK/8,0,-1
8/5qk1/7p/6p1/1p2n3/5Q2/5PPK/8,1,-1
8/5qk1/7p/6p1/1p2Q3/8/5PPK/8,0,-1
8/6k1/7p/6p1/1p2Qq2/8/5PPK/8,1,-1
2r2k2/5p2/p4Pp1/1pN1Pb2/8/8/PPP3P1/2KR4,1,1
2r2k2/5p2/p4Pp1/1pN1Pb2/1P6/8/P1P3P1/2KR4,0,1
2r3k1/5p2/p4Pp1/1pN1Pb2/1P6/8/P1P3P1/2KR4,1,1
2r3k1/5p2/p4Pp1/1pN1Pb2/1P6/P7/2P3P1/2KR4,0,1
2r3k1/5p2/5Pp1/ppN1Pb2/1P6/P7/2P3P1/2KR4,1,1
2r3k1/5p2/5Pp1/ppN1Pb2/1P6/P7/1KP3P1/3R4,0,1
2r3k1/5p2/5Pp1/1pN1Pb2/1p6/P7/1KP3P1/3R4,1,1
2r3k1/5p2/5Pp1/1pN1Pb2/1P6/8/1KP3P1/3R4,0,1
4r1k1/5p2/5Pp1/1pN1Pb2/1P6/8/1KP3P1/3R4,1,1
4r1k1/5p2/5Pp1/1pNRPb2/1P6/8/1KP3P1/8,0,1
4r3/5p1k/5Pp1/1pNRPb2/1P6/8/1KP3P1/8,1,1
4r3/5p1k/5Pp1/1pNRPb2/1P6/6P1/1KP5/8,0,1
4r3/5p2/5Ppk/1pNRPb2/1P6/6P1/1KP5/8,1,1
4r3/1N3p2/5Ppk/1p1RPb2/1P6/6P1/1KP5/8,0,1
4r3/1N3p2/5Ppk/1p1RP3/1P2b3/6P1/1KP5/8,1,1
4r3/1N3p2/5Ppk/1R2P3/1P2b3/6P1/1KP5/8,0,1
4r3/1N3p2/2b2Ppk/1R2P3/1P6/6P1/1KP5/8,1,1
4r3/1N3p2/1Rb2Ppk/4P3/1P6/6P1/1KP5/8,0,1
4r3/1N3p2/1R3Ppk/3bP3/1P6/6P1/1KP5/8,1,1
4r3/1N3p2/1R3Ppk/3bP3/1PP5/6P1/1K6/8,0,1
7k/6p1/3p2Np/1p6/1P2n1PP/5R2/2r5/7K,0,-1
8/6pk/3p2Np/1p6/1P2n1PP/5R2/2r5/7K,1,-1
8/6pk/3p2Np/1p5P/1P2n1P1/5R2/2r5/7K,0,-1
8/6pk/3p1nNp/1p5P/1P4P1/5R2/2r5/7K,1,-1
8/6pk/3p1nNp/1p5P/1P4P1/R7/2r5/7K,0,-1
8/6pk/3p2Np/1p5P/1P4n1/R7/2r5/7K,1,-1
R7/6pk/3p2Np/1p5P/1P4n1/8/2r5/7K,0,-1
R7/6pk/3p2Np/1p5P/1P4n1/8/7r/7K,1,-1
R7/6pk/3p2Np/1p5P/1P4n1/8/7r/6K1,0,-1
R7/6pk/3p2Np/1p5r/1P4n1/8/8/6K1,1,-1
R4N2/6pk/3p3p/1p5r/1P4n1/8/8/6K1,0,-1
R4Nk1/6p1/3p3p/1p5r/1P4n1/8/8/6K1,1,-1
R5k1/6p1/3p2Np/1p5r/1P4n1/8/8/6K1,0,-1
R7/5kp1/3p2Np/1p5r/1P4n1/8/8/6K1,1,-1
R7/5kp1/3p3p/1p5r/1P3Nn1/8/8/6K1,0,-1
R7/5kp1/3p3p/1p3r2/1P3Nn1/8/8/6K1,1,-1
R7/5kp1/3p3p/1p3r2/1P4n1/8/4N3/6K1,0,-1
R7/5kp1/3p3p/1p2nr2/1P6/8/4N3/6K1,1,-1
R7/5kp1/3p3p/1p2nr2/1P1N4/8/8/6K1,0,-1
R7/5kp1/3p3p/1p3r2/1P1N4/5n2/8/6K1,1,-1
8/3k1p2/5p2/Q3pP2/6P1/p5K1/2q5/8,0,-1
8/3k1p2/5p2/Q3pP2/6P1/6K1/p1q5/8,1,-1
8/Q2k1p2/5p2/4pP2/6P1/6K1/p1q5/8,0,-1
8/Q4p2/3k1p2/4pP2/6P1/6K1/p1q5/8,1,-1
8/5p2/3k1p2/Q3pP2/6P1/6K1/p1q5/8,0,-1
8/5p2/3k1p2/Q3pP2/6P1/1q4K1/p7/8,1,-1
8/5p2/3k1p2/Q3pP2/6PK/1q6/p7/8,0,-1
8/5p2/3k1p2/Q3pP2/6PK/8/pq6/8,1,-1
3Q4/5p2/3k1p2/4pP2/6PK/8/pq6/8,0,-1
3Q4/5p2/5p2/2k1pP2/6PK/8/pq6/8,1,-1
8/2Q2p2/5p2/2k1pP2/6PK/8/pq6/8,0,-1
8/2Q2p2/5p2/4pP2/3k2PK/8/pq6/8,1,-1
8/5p2/3Q1p2/4pP2/3k2PK/8/pq6/8,0,-1
8/5p2/3Q1p2/4pP2/6PK/4k3/pq6/8,1,-1
8/5p2/5p2/2Q1pP2/6PK/4k3/pq6/8,0,-1
8/5p2/5p2/2Q1pP2/6PK/8/pq2k3/8,1,-1
8/5p2/5p2/4pP2/2Q3PK/8/pq2k3/8,0,-1
8/5p2/5p2/4pP2/2Q3PK/8/pq6/4k3,1,-1
8/5p2/5p2/4pP2/4Q1PK/8/pq6/4k3,0,-1
8/5p2/5p2/4pP2/4Q1PK/8/pq3k2/8,1,-1
8/1R3ppk/4p3/3n4/5PP1/3r3P/5B2/6K1,0,-1
8/1R3ppk/4p3/8/5nP1/3r3P/5B2/6K1,1,-1
8/5Rpk/4p3/8/5nP1/3r3P/5B2/6K1,0,-1
8/5Rpk/4p3/8/6P1/3r3n/5B2/6K1,1,-1
8/5Rpk/4p3/8/6P1/3r3n/5BK1/8,0,-1
6k1/5Rp1/4p3/8/6P1/3r3n/5BK1/8,1,-1
6k1/R5p1/4p3/8/6P1/3r3n/5BK1/8,0,-1
6k1/R5p1/4p3/8/5nP1/3r4/5BK1/8,1,-1
6k1/R5p1/4p3/8/5nP1/3r4/5B2/7K,0,-1
6k1/R5p1/8/4p3/5nP1/3r4/5B2/7K,1,-1
6k1/6p1/8/R3p3/5nP1/3r4/5B2/7K,0,-1
6k1/6p1/8/R7/4pnP1/3r4/5B2/7K,1,-1
6k1/6p1/8/5R2/4pnP1/3r4/5B2/7K,0,-1
6k1/6p1/8/5R2/4pnP1/7r/5B2/7K,1,-1
6k1/6p1/8/5R2/4pnP1/7r/5B2/6K1,0,-1
6k1/6p1/8/5R2/4pnP1/5r2/5B2/6K1,1,-1
6k1/6p1/8/5R2/4pnPB/5r2/8/6K1,0,-1
6k1/6p1/8/5R2/5nPB/4pr2/8/6K1,1,-1
6k1/6p1/8/4R3/5nPB/4pr2/8/6K1,0,-1
6k1/6p1/6n1/4R3/6PB/4pr2/8/6K1,1,-1
8/8/7p/p5q1/2Q5/1P6/KP2kp2/8,0,-1
8/8/7p/p5q1/2Q5/1P3k2/KP3p2/8,1,-1
8/8/2Q4p/p5q1/8/1P3k2/KP3p2/8,0,-1
8/8/2Q4p/p5q1/8/1P4k1/KP3p2/8,1,-1
8/8/7p/p5q1/8/1P4k1/KP3p2/7Q,0,-1
8/8/8/p5qp/8/1P4k1/KP3p2/7Q,1,-1
8/8/8/p5qp/8/1P4k1/KP3p2/3Q4,0,-1
8/8/8/p4q1p/8/1P4k1/KP3p2/3Q4,1,-1
8/8/8/p4q1p/8/1P4k1/KP3p2/5Q2,0,-1
8/8/8/p4q2/7p/1P4k1/KP3p2/5Q2,1,-1
8/8/8/p4q2/1P5p/6k1/KP3p2/5Q2,0,-1
8/8/8/5q2/1p5p/6k1/KP3p2/5Q2,1,-1
8/8/8/5q2/1p5p/1P4k1/K4p2/5Q2,0,-1
8/8/8/8/1p5p/1P4k1/K1q2p2/5Q2,1,-1
8/8/8/8/1p5p/1P4k1/2q2p2/K4Q2,0,-1
8/8/8/8/1p5p/1Pq3k1/5p2/K4Q2,1,-1
8/8/8/8/1p5p/1Pq3k1/K4p2/5Q2,0,-1
8/8/8/8/1p5p/1P4k1/K2q1p2/5Q2,1,-1
8/8/8/8/1p5p/1P4k1/3q1p2/1K3Q2,0,-1
8/8/8/8/1p5p/1P4k1/5p2/1K2qQ2,1,-1
k3rb2/4N3/3P3P/1R4P1/2BPK3/7r/1P6/8,1,1
k3rb2/4N3/3P3P/4R1P1/2BPK3/7r/1P6/8,0,1
4rb2/1k2N3/3P3P/4R1P1/2BPK3/7r/1P6/8,1,1
4rb2/1k2N3/3P3P/1R4P1/2BPK3/7r/1P6/8,0,1
k3rb2/4N3/3P3P/1R4P1/2BPK3/7r/1P6/8,1,1
k3rb2/4N3/3P3P/1R1B2P1/3PK3/7r/1P6/8,0,1
4rb2/k3N3/3P3P/1R1B2P1/3PK3/7r/1P6/8,1,1
4rb2/k3N3/3P3P/1R1B1KP1/3P4/7r/1P6/8,0,1
4r3/k3N3/3P3b/1R1B1KP1/3P4/7r/1P6/8,1,1
4r3/k3N3/3P3P/1R1B1K2/3P4/7r/1P6/8,0,1
4r3/k3N3/3P3r/1R1B1K2/3P4/8/1P6/8,1,1
4r3/k3N3/3P3r/1R1BK3/3P4/8/1P6/8,0,1
4r3/k3N3/3P4/1R1BK3/3P4/8/1P5r/8,1,1
4r3/k3N3/3PK3/1R1B4/3P4/8/1P5r/8,0,1
4r3/4N3/k2PK3/1R1B4/3P4/8/1P5r/8,1,1
4r3/4N3/k2PK3/3B4/3P4/1R6/1P5r/8,0,1
4r3/4N3/k2PK3/3B4/3P4/1R6/1Pr5/8,1,1
4r3/3KN3/k2P4/3B4/3P4/1R6/1Pr5/8,0,1
7r/3KN3/k2P4/3B4/3P4/1R6/1Pr5/8,1,1
7r/1B1KN3/k2P4/8/3P4/1R6/1Pr5/8,0,1
7r/4b1k1/1p6/p1r3p1/P1P1q1pP/1P4B1/3Q1R2/3B2K1,0,-1
3r4/4b1k1/1p6/p1r3p1/P1P1q1pP/1P4B1/3Q1R2/3B2K1,1,-1
3r4/4b1k1/1p6/p1r3p1/P1P1q1pP/1P4B1/1Q3R2/3B2K1,0,-1
3r4/4b1k1/1p6/p1r3p1/P1Pq2pP/1P4B1/1Q3R2/3B2K1,1,-1
3r4/4b1k1/1p6/p1r3p1/P1PQ2pP/1P4B1/5R2/3B2K1,0,-1
8/4b1k1/1p6/p1r3p1/P1Pr2pP/1P4B1/5R2/3B2K1,1,-1
8/4b1k1/1p6/p1r3p1/P1Pr2pP/1P4B1/2B2R2/6K1,0,-1
8/4b1k1/1p6/p1r5/P1Pr2pp/1P4B1/2B2R2/6K1,1,-1
8/4b1k1/1p6/p1r5/P1Pr2pp/1P4B1/2B1R3/6K1,0,-1
8/4b1k1/1p6/p1r5/P1Pr2p1/1P4p1/2B1R3/6K1,1,-1
8/4R1k1/1p6/p1r5/P1Pr2p1/1P4p1/2B5/6K1,0,-1
8/4R3/1p3k2/p1r5/P1Pr2p1/1P4p1/2B5/6K1,1,-1
8/8/1p3k2/p1r5/P1Pr2p1/1P2R1p1/2B5/6K1,0,-1
8/8/1p3k2/p3r3/P1Pr2p1/1P2R1p1/2B5/6K1,1,-1
8/8/1p3k2/p3r3/P1Pr2p1/1P4R1/2B5/6K1,0,-1
8/8/1p3k2/p3r3/P1P3p1/1P4R1/2Br4/6K1,1,-1
8/8/1p3k2/p3r3/P1P3p1/1P1B2R1/3r4/6K1,0,-1
8/8/1p3k2/p7/P1P3p1/1P1B2R1/3r4/4r1K1,1,-1
8/8/1p3k2/p7/P1P3p1/1P4R1/3r4/4rBK1,0,-1
8/8/1p3k2/p7/P1P3p1/1P4R1/8/3rrBK1,1,-1
1r1r2k1/2bqpp1p/p1pB2p1/8/1P2Q3/P4P2/2R1NPK1/2R5,0,-1
1r1r2k1/3qpp1p/p1pb2p1/8/1P2Q3/P4P2/2R1NPK1/2R5,1,-1
1r1r2k1/3qpp1p/p1Rb2p1/8/1P2Q3/P4P2/4NPK1/2R5,0,-1
3r2k1/3qpp1p/p1Rb2p1/1r6/1P2Q3/P4P2/4NPK1/2R5,1,-1
3r2k1/3qpp1p/p1Rb2p1/1r6/1P2Q3/P4PN1/5PK1/2R5,0,-1
3r2k1/3qpp1p/p1R3p1/1r6/1P2Q3/P4Pb1/5PK1/2R5,1,-1
3r2k1/3qpp1p/p1R3p1/1r6/1P2Q3/P4PP1/6K1/2R5,0,-1
3r2k1/3qpp1p/p1R3p1/7r/1P2Q3/P4PP1/6K1/2R5,1,-1
3r2k1/3qpp1p/p5p1/7r/1P2Q3/P4PP1/2R3K1/2R5,0,-1
3r2k1/4pp1p/p5p1/7r/1P2Q3/P4PPq/2R3K1/2R5,1,-1
3r2k1/4pp1p/p5p1/7r/1P2Q3/P4PPq/2R2K2/2R5,0,-1
3r2k1/4pp1p/p5p1/7r/1P2Q3/P4PP1/2R2K1q/2R5,1,-1
3r2k1/4pp1p/p5p1/7r/1P2Q3/P3KPP1/2R4q/2R5,0,-1
3r2k1/4pp1p/p5p1/7r/1P2Q3/P3KPq1/2R5/2R5,1,-1
3r2k1/4pp1p/p5p1/2R4r/1P2Q3/P3KPq1/8/2R5,0,-1
3r2k1/4pp1p/p5p1/2R5/1P2Q3/P3KPq1/7r/2R5,1,-1
3r2k1/4pp1p/p5p1/8/1P2Q3/P3KPq1/2R4r/2R5,0,-1
3r2k1/4pp1p/p5p1/6q1/1P2Q3/P3KP2/2R4r/2R5,1,-1
3r2k1/4pp1p/p5p1/6q1/1P2QP2/P3K3/2R4r/2R5,0,-1
3r2k1/4pp1p/p5p1/8/1P2QP2/P3K1q1/2R4r/2R5,1,-1
b3k3/7R/5Bp1/5p2/2r5/4K3/6PP/8,0,0
4k3/7R/5Bp1/5p2/2r5/4K3/6bP/8,1,0
4k3/6R1/5Bp1/5p2/2r5/4K3/6bP/8,0,0
4k3/6R1/5Bp1/8/2r2p2/4K3/6bP/8,1,0
4k3/6R1/5Bp1/8/2r2p2/8/5KbP/8,0,0
4k3/6R1/5Bp1/8/2r1bp2/8/5K1P/8,1,0
4k3/6R1/6p1/6B1/2r1bp2/8/5K1P/8,0,0
5k2/6R1/6p1/6B1/2r1bp2/8/5K1P/8,1,0
5k2/6R1/6pB/8/2r1bp2/8/5K1P/8,0,0
5k2/6R1/6pB/8/4bp2/8/2r2K1P/8,1,0
5k2/6R1/6pB/8/4bp2/8/2r4P/4K3,0,0
5k2/6R1/6pB/8/4bp2/8/7r/4K3,1,0
5k2/8/6RB/8/4bp2/8/7r/4K3,0,0
8/5k2/6RB/8/4bp2/8/7r/4K3,1,0
8/5k2/7B/8/4bpR1/8/7r/4K3,0,0
8/5k2/7r/8/4bpR1/8/8/4K3,1,0
8/5k2/7r/8/4bR2/8/8/4K3,0,0
8/5k2/5r2/8/4bR2/8/8/4K3,1,0
8/5k2/5R2/8/4b3/8/8/4K3,0,0
8/8/5k2/8/4b3/8/8/4K3,1,0
8/1pk1bp1r/p3pp1p/3r1P1B/1P6/P5R1/2P3PP/5R1K,1,1
8/1pk1bp1r/p3pp1p/3r1P1B/1PP5/P5R1/6PP/5R1K,0,1
8/1pk1bp1r/p3pp1p/5P1B/1PPr4/P5R1/6PP/5R1K,1,1
8/1pk1bp1r/p3pp1p/2P2P1B/1P1r4/P5R1/6PP/5R1K,0,1
8/1pk1bp1r/4pp1p/p1P2P1B/1P1r4/P5R1/6PP/5R1K,1,1
6R1/1pk1bp1r/4pp1p/p1P2P1B/1P1r4/P7/6PP/5R1K,0,1
3r2R1/1pk1bp1r/4pp1p/p1P2P1B/1P6/P7/6PP/5R1K,1,1
3R4/1pk1bp1r/4pp1p/p1P2P1B/1P6/P7/6PP/5R1K,0,1
3k4/1p2bp1r/4pp1p/p1P2P1B/1P6/P7/6PP/5R1K,1,1
3k4/1p2bp1r/4pp1p/P1P2P1B/8/P7/6PP/5R1K,0,1
3k4/1p3p1r/4pp1p/P1b2P1B/8/P7/6PP/5R1K,1,1
3k4/1p3p1r/4pp1p/P1b2P1B/8/P7/6PP/1R5K,0,1
8/1pk2p1r/4pp1p/P1b2P1B/8/P7/6PP/1R5K,1,1
8/1pk2p1r/4pp1p/P1b2P2/8/P4B2/6PP/1R5K,0,1
8/2k2p1r/1p2pp1p/P1b2P2/8/P4B2/6PP/1R5K,1,1
8/2k2p1r/Pp2pp1p/2b2P2/8/P4B2/6PP/1R5K,0,1
1k6/5p1r/Pp2pp1p/2b2P2/8/P4B2/6PP/1R5K,1,1
1k6/5p1r/Pp2pp1p/2b2P2/8/P4B2/6PP/3R3K,0,1
1k6/5p1r/P3pp1p/1pb2P2/8/P4B2/6PP/3R3K,1,1
1k6/3R1p1r/P3pp1p/1pb2P2/8/P4B2/6PP/7K,0,1
r1r3k1/1p1bppb1/p5qp/3Pp1p1/1P2P1P1/1B1PBP1P/3Q2K1/R1R5,0,0
r1r2bk1/1p1bpp2/p5qp/3Pp1p1/1P2P1P1/1B1PBP1P/3Q2K1/R1R5,1,0
r1R2bk1/1p1bpp2/p5qp/3Pp1p1/1P2P1P1/1B1PBP1P/3Q2K1/R7,0,0
2r2bk1/1p1bpp2/p5qp/3Pp1p1/1P2P1P1/1B1PBP1P/3Q2K1/R7,1,0
2r2bk1/1p1bpp2/p5qp/3Pp1p1/1P2P1P1/1B1PBP1P/3Q2K1/2R5,0,0
5bk1/1p1bpp2/p5qp/3Pp1p1/1P2P1P1/1B1PBP1P/3Q2K1/2r5,1,0
5bk1/1p1bpp2/p5qp/3Pp1p1/1P2P1P1/1B1PBP1P/6K1/2Q5,0,0
5bk1/1p1bpp2/p2q3p/3Pp1p1/1P2P1P1/1B1PBP1P/6K1/2Q5,1,0
5bk1/1p1bpp2/p2q3p/2BPp1p1/1P2P1P1/1B1P1P1P/6K1/2Q5,0,0
5bk1/1pqbpp2/p6p/2BPp1p1/1P2P1P1/1B1P1P1P/6K1/2Q5,1,0
5bk1/1pqbpp2/p6p/2BPp1p1/1P2P1P1/1B1P1P1P/6K1/6Q1,0,0
5b2/1pqbppk1/p6p/2BPp1p1/1P2P1P1/1B1P1P1P/6K1/6Q1,1,0
5b2/1pqbppk1/p6p/2BPp1p1/1PB1P1P1/3P1P1P/6K1/6Q1,0,0
5b2/2qbppk1/p6p/1pBPp1p1/1PB1P1P1/3P1P1P/6K1/6Q1,1,0
5b2/2qbppk1/p6p/1pBPp1p1/1P2P1P1/1B1P1P1P/6K1/6Q1,0,0
5b2/2qbppk1/7p/ppBPp1p1/1P2P1P1/1B1P1P1P/6K1/6Q1,1,0
5b2/2qbppk1/7p/PpBPp1p1/4P1P1/1B1P1P1P/6K1/6Q1,0,0
5b2/3bppk1/7p/qpBPp1p1/4P1P1/1B1P1P1P/6K1/6Q1,1,0
5b2/3bppk1/7p/qpBPp1p1/4P1P1/1B1P1P1P/6K1/2Q5,0,0
5b2/3bpp2/6kp/qpBPp1p1/4P1P1/1B1P1P1P/6K1/2Q5,1,0
6k1/1b2rp1p/p5p1/3p2P1/pP5P/3B4/2P2K2/R7,0,0
6k1/1b3p1p/p3r1p1/3p2P1/pP5P/3B4/2P2K2/R7,1,0
6k1/1b3p1p/p3r1p1/3p2P1/RP5P/3B4/2P2K2/8,0,0
5k2/1b3p1p/p3r1p1/3p2P1/RP5P/3B4/2P2K2/8,1,0
5k2/1b3p1p/p3r1p1/R2p2P1/1P5P/3B4/2P2K2/8,0,0
8/1b2kp1p/p3r1p1/R2p2P1/1P5P/3B4/2P2K2/8,1,0
8/1b2kp1p/p3r1p1/R2p2P1/1P5P/8/2P1BK2/8,0,0
8/1b2kp1p/p5p1/R2p2P1/1P2r2P/8/2P1BK2/8,1,0
8/1b2kp1p/p5p1/RP1p2P1/4r2P/8/2P1BK2/8,0,0
8/1b2kp1p/p5p1/RP1p2P1/7r/8/2P1BK2/8,1,0
8/1b2kp1p/P5p1/R2p2P1/7r/8/2P1BK2/8,0,0
b7/4kp1p/P5p1/R2p2P1/7r/8/2P1BK2/8,1,0
b7/4kp1p/P5p1/2Rp2P1/7r/8/2P1BK2/8,0,0
b7/5p1p/P2k2p1/2Rp2P1/7r/8/2P1BK2/8,1,0
b1R5/5p1p/P2k2p1/3p2P1/7r/8/2P1BK2/8,0,0
2R5/5p1p/P1bk2p1/3p2P1/7r/8/2P1BK2/8,1,0
5R2/5p1p/P1bk2p1/3p2P1/7r/8/2P1BK2/8,0,0
5R2/4kp1p/P1b3p1/3p2P1/7r/8/2P1BK2/8,1,0
2R5/4kp1p/P1b3p1/3p2P1/7r/8/2P1BK2/8,0,0
2R5/5p1p/P1bk2p1/3p2P1/7r/8/2P1BK2/8,1,0
rnbqkbnr/pp2pppp/3p4/2p5/4P3/5N2/PPPP1PPP/RNBQKB1R,1,0
rnbqkbnr/pp2pppp/3p4/2p5/4P3/2P2N2/PP1P1PPP/RNBQKB1R,0,0
rnbqkb1r/pp2pppp/3p1n2/2p5/4P3/2P2N2/PP1P1PPP/RNBQKB1R,1,0
rnbqkb1r/pp2pppp/3p1n2/2p5/4P3/2PP1N2/PP3PPP/RNBQKB1R,0,0
r1bqkb1r/pp2pppp/2np1n2/2p5/4P3/2PP1N2/PP3PPP/RNBQKB1R,1,0
r1bqkb1r/pp2pppp/2np1n2/2p5/4P3/2PP1N2/PP1N1PPP/R1BQKB1R,0,0
r1bqkb1r/pp3ppp/2np1n2/2p1p3/4P3/2PP1N2/PP1N1PPP/R1BQKB1R,1,0
r1bqkb1r/pp3ppp/2np1n2/2p1p3/4P3/2PP1NP1/PP1N1P1P/R1BQKB1R,0,0
r1bqkb1r/pp3p1p/2np1np1/2p1p3/4P3/2PP1NP1/PP1N1P1P/R1BQKB1R,1,0
r1bqkb1r/pp3p1p/2np1np1/2p1p3/4P3/2PP1NP1/PP1N1PBP/R1BQK2R,0,0
r1bqk2r/pp3pbp/2np1np1/2p1p3/4P3/2PP1NP1/PP1N1PBP/R1BQK2R,1,0
r1bqk2r/pp3pbp/2np1np1/2p1p3/4P3/2PP1NP1/PP1N1PBP/R1BQ1RK1,0,0
r1bq1rk1/pp3pbp/2np1np1/2p1p3/4P3/2PP1NP1/PP1N1PBP/R1BQ1RK1,1,0
r1bq1rk1/pp3pbp/2np1np1/2p1p3/4P3/P1PP1NP1/1P1N1PBP/R1BQ1RK1,0,0
r1bq1rk1/pp3pb1/2np1npp/2p1p3/4P3/P1PP1NP1/1P1N1PBP/R1BQ1RK1,1,0
r1bq1rk1/pp3pb1/2np1npp/2p1p3/1P2P3/P1PP1NP1/3N1PBP/R1BQ1RK1,0,0
r2q1rk1/pp3pb1/2npbnpp/2p1p3/1P2P3/P1PP1NP1/3N1PBP/R1BQ1RK1,1,0
r2q1rk1/pp3pb1/2npbnpp/2p1p3/1P2P3/P1PP1NP1/1B1N1PBP/R2Q1RK1,0,0
r2q1rk1/p4pb1/2npbnpp/1pp1p3/1P2P3/P1PP1NP1/1B1N1PBP/R2Q1RK1,1,0
r2q1rk1/p4pb1/2npbnpp/1pp1p3/1P2P3/P1PP1NP1/1B1N1PBP/R2QR1K1,0,0
8/2b5/p4p1k/3P1P2/KP6/8/4B3/8,1,1
8/2b5/B4p1k/3P1P2/KP6/8/8/8,0,1
8/2b5/B4p2/3P1Pk1/KP6/8/8/8,1,1
2B5/2b5/5p2/3P1Pk1/KP6/8/8/8,0,1
2B5/2b5/5p2/3P1P2/KP3k2/8/8/8,1,1
2B5/2b5/5p2/1K1P1P2/1P3k2/8/8/8,0,1
2B5/2b5/5p2/1K1PkP2/1P6/8/8/8,1,1
2B5/2b5/2K2p2/3PkP2/1P6/8/8/8,0,1
1bB5/8/2K2p2/3PkP2/1P6/8/8/8,1,1
1bB5/8/2K2p2/1P1PkP2/8/8/8/8,0,1
2B5/8/2Kb1p2/1P1PkP2/8/8/8/8,1,1
8/8/2KbBp2/1P1PkP2/8/8/8/8,0,1
8/8/2K1Bp2/1P1PkP2/1b6/8/8/8,1,1
8/8/1PK1Bp2/3PkP2/1b6/8/8/8,0,1
8/8/1PK1Bp2/3PkP2/8/b7/8/8,1,1
8/1P6/2K1Bp2/3PkP2/8/b7/8/8,0,1
8/1P6/2KbBp2/3PkP2/8/8/8/8,1,1
8/1P1K4/3bBp2/3PkP2/8/8/8/8,0,1
1b6/1P1K4/4Bp2/3PkP2/8/8/8/8,1,1
1bK5/1P6/4Bp2/3PkP2/8/8/8/8,0,1
2r3k1/1p2ppbp/pQ4p1/3RP3/b5P1/2B4P/qPP3B1/2K4R,0,-1
2r3k1/1p2pp1p/pQ4pb/3RP3/b5P1/2B4P/qPP3B1/2K4R,1,-1
2r3k1/1p2pp1p/pQ4pb/3RP3/b5P1/2B4P/qPP3B1/3K3R,0,-1
6k1/1p2pp1p/pQ4pb/3RP3/b5P1/2r4P/qPP3B1/3K3R,1,-1
6k1/1p2pp1p/pQ4pb/3RP3/b5P1/2P4P/q1P3B1/3K3R,0,-1
6k1/1p2pp1p/pQ4pb/3RP3/b5P1/2P4P/2q3B1/3K3R,1,-1
6k1/1p2pp1p/pQ4pb/3RP3/b5P1/2P4P/2q3B1/4K2R,0,-1
6k1/1p2pp1p/pQ4pb/3RP3/b5P1/2P4P/6q1/4K2R,1,-1
3R2k1/1p2pp1p/pQ4pb/4P3/b5P1/2P4P/6q1/4K2R,0,-1
3R4/1p2ppkp/pQ4pb/4P3/b5P1/2P4P/6q1/4K2R,1,-1
3R4/1p2ppkp/pQ4pb/4P3/b5P1/2P4P/6q1/4KR2,0,-1
3R4/1p2ppkp/pQ4pb/4P3/b5P1/2P3qP/8/4KR2,1,-1
3R4/1p2ppkp/pQ4pb/4P3/b5P1/2P3qP/5R2/4K3,0,-1
3R4/1p2ppkp/pQ4p1/4P3/b5P1/2P1b1qP/5R2/4K3,1,-1
3R4/1p2ppkp/p5p1/4P3/b5P1/2P1b1qP/1Q3R2/4K3,0,-1
3R4/1p2ppkp/p5p1/1b2P3/6P1/2P1b1qP/1Q3R2/4K3,1,-1
3R4/1p2ppkp/p5p1/1b2P3/2P3P1/4b1qP/1Q3R2/4K3,0,-1
3R4/1p2ppkp/p5p1/4P3/2b3P1/4b1qP/1Q3R2/4K3,1,-1
3R4/1p2ppkp/p3P1p1/8/2b3P1/4b1qP/1Q3R2/4K3,0,-1
3R4/1p2p1kp/p3Ppp1/8/2b3P1/4b1qP/1Q3R2/4K3,1,-1
8/1p1n1pk1/p6p/P1N1pPp1/1P1qP3/7P/2Q3P1/7K,0,-1
8/1p3pk1/p6p/P1n1pPp1/1P1qP3/7P/2Q3P1/7K,1,-1
8/1p3pk1/p6p/P1P1pPp1/3qP3/7P/2Q3P1/7K,0,-1
8/1p3pk1/p6p/P1P1pPp1/4P3/7P/2Q3P1/q6K,1,-1
8/1p3pk1/p6p/P1P1pPp1/4P3/7P/2Q3PK/q7,0,-1
8/1p3pk1/p6p/q1P1pPp1/4P3/7P/2Q3PK/8,1,-1
8/1p3pk1/p6p/q1P1pPp1/2Q1P3/7P/6PK/8,0,-1
3q4/1p3pk1/p6p/2P1pPp1/2Q1P3/7P/6PK/8,1,-1
3q4/1p3pk1/p6p/2P1pPp1/4P3/1Q5P/6PK/8,0,-1
8/1p1q1pk1/p6p/2P1pPp1/4P3/1Q5P/6PK/8,1,-1
8/1p1q1pk1/pQ5p/2P1pPp1/4P3/7P/6PK/8,0,-1
8/1p3pk1/pQq4p/2P1pPp1/4P3/7P/6PK/8,1,-1
8/1p3pk1/p1q4p/2P1pPp1/1Q2P3/7P/6PK/8,0,-1
8/1p3pk1/2q4p/p1P1pPp1/1Q2P3/7P/6PK/8,1,-1
8/1p3pk1/2q4p/Q1P1pPp1/4P3/7P/6PK/8,0,-1
8/1p3pk1/7p/Q1P1pPp1/4q3/7P/6PK/8,1,-1
8/1pQ2pk1/7p/2P1pPp1/4q3/7P/6PK/8,0,-1
8/1pQ2pk1/7p/2P1pqp1/8/7P/6PK/8,1,-1
8/1Q3pk1/7p/2P1pqp1/8/7P/6PK/8,0,-1
8/1Q3pk1/7p/2P1p1p1/5q2/7P/6PK/8,1,-1
8/5r2/3pk1p1/1R4Kp/1P2P2P/6r1/3R2P1/8,1,0
8/5r2/3pk1pK/1R5p/1P2P2P/6r1/3R2P1/8,0,0
8/8/3pk1pK/1R5p/1P2Pr1P/6r1/3R2P1/8,1,0
8/8/3pk1pK/6Rp/1P2Pr1P/6r1/3R2P1/8,0,0
8/8/3pk1pK/6Rp/1P2PrrP/8/3R2P1/8,1,0
8/8/3pk1K1/6Rp/1P2PrrP/8/3R2P1/8,0,0
8/8/3pk1K1/6Rp/1P2Pr1r/8/3R2P1/8,1,0
8/8/3pk1K1/6Rp/1P2Pr1r/6P1/3R4/8,0,0
8/8/3pkrK1/6Rp/1P2P2r/6P1/3R4/8,1,0
8/6K1/3pkr2/6Rp/1P2P2r/6P1/3R4/8,0,0
8/5rK1/3pk3/6Rp/1P2P2r/6P1/3R4/8,1,0
8/5r2/3pk2K/6Rp/1P2P2r/6P1/3R4/8,0,0
8/8/3pkr1K/6Rp/1P2P2r/6P1/3R4/8,1,0
8/6K1/3pkr2/6Rp/1P2P2r/6P1/3R4/8,0,0
8/6K1/3pkr2/6Rp/1P2r3/6P1/3R4/8,1,0
8/6K1/3Rkr2/6Rp/1P2r3/6P1/8/8,0,0
8/6K1/3k1r2/6Rp/1P2r3/6P1/8/8,1,0
8/8/3k1K2/6Rp/1P2r3/6P1/8/8,0,0
8/8/3k1K2/6R1/1P2r2p/6P1/8/8,1,0
8/8/3k1K2/6R1/1P2r2P/8/8/8,0,0
2b2rk1/r3qppp/p3p1n1/1p2P1N1/4Q2P/1B6/PPP3P1/2KRR3,1,1
2b2rk1/r3qppp/p2Rp1n1/1p2P1N1/4Q2P/1B6/PPP3P1/2K1R3,0,1
5rk1/rb2qppp/p2Rp1n1/1p2P1N1/4Q2P/1B6/PPP3P1/2K1R3,1,1
5rk1/rb2qppp/p2Rp1n1/1p2P1N1/7P/1B2Q3/PPP3P1/2K1R3,0,1
5rk1/r3qppp/p2Rp1n1/1p1bP1N1/7P/1B2Q3/PPP3P1/2K1R3,1,1
5rk1/r3qppp/p2Rp1n1/1p1bP1N1/7P/1B2Q1P1/PPP5/2K1R3,0,1
5rk1/r3qpp1/p2Rp1np/1p1bP1N1/7P/1B2Q1P1/PPP5/2K1R3,1,1
5rk1/r3qpp1/p2Rp1np/1p1BP1N1/7P/4Q1P1/PPP5/2K1R3,0,1
5rk1/r3qpp1/p2Rp1n1/1p1BP1p1/7P/4Q1P1/PPP5/2K1R3,1,1
5rk1/r3qpp1/p2Rp1n1/1p1BP1pP/8/4Q1P1/PPP5/2K1R3,0,1
5rk1/r3qpp1/p2R2n1/1p1pP1pP/8/4Q1P1/PPP5/2K1R3,1,1
5rk1/r3qpp1/p2R2P1/1p1pP1p1/8/4Q1P1/PPP5/2K1R3,0,1
5rk1/r3q1p1/p2R2p1/1p1pP1p1/8/4Q1P1/PPP5/2K1R3,1,1
5rk1/r3q1p1/p2R2p1/1p1pP1p1/3Q4/6P1/PPP5/2K1R3,0,1
5rk1/r4qp1/p2R2p1/1p1pP1p1/3Q4/6P1/PPP5/2K1R3,1,1
5rk1/r4qp1/p2RP1p1/1p1p2p1/3Q4/6P1/PPP5/2K1R3,0,1
5rk1/r3q1p1/p2RP1p1/1p1p2p1/3Q4/6P1/PPP5/2K1R3,1,1
5rk1/r3q1p1/p2RP1p1/1p1Q2p1/8/6P1/PPP5/2K1R3,0,1
4r1k1/r3q1p1/p2RP1p1/1p1Q2p1/8/6P1/PPP5/2K1R3,1,1
4r1k1/r2Rq1p1/p3P1p1/1p1Q2p1/8/6P1/PPP5/2K1R3,0,1
2r2nk1/1q2Rppp/pn1p4/1p1P2P1/6QP/PP6/2r3B1/2B1R1K1,0,-1
5nk1/1qr1Rppp/pn1p4/1p1P2P1/6QP/PP6/2r3B1/2B1R1K1,1,-1
5nk1/1qR2ppp/pn1p4/1p1P2P1/6QP/PP6/2r3B1/2B1R1K1,0,-1
5nk1/2q2ppp/pn1p4/1p1P2P1/6QP/PP6/2r3B1/2B1R1K1,1,-1
5nk1/2q2ppp/pn1p4/1p1P2P1/6QP/PP2B3/2r3B1/4R1K1,0,-1
5nk1/5ppp/pn1p4/1p1P2P1/6QP/PPq1B3/2r3B1/4R1K1,1,-1
5nk1/5ppp/pn1p4/1p1P2P1/7P/PPq1B3/2r3B1/3QR1K1,0,-1
5nk1/3n1ppp/p2p4/1p1P2P1/7P/PPq1B3/2r3B1/3QR1K1,1,-1
5nk1/3n1ppp/p2p4/1p1P2P1/4B2P/PPq1B3/2r5/3QR1K1,0,-1
5nk1/3n1ppp/p2p4/1p1P2P1/4B2P/PPq1B3/r7/3QR1K1,1,-1
5nk1/3n1ppp/p2p4/1p1P2P1/P3B2P/1Pq1B3/r7/3QR1K1,0,-1
5nk1/3n1ppp/p2p4/1p1P2P1/P3B2P/1P2B3/rq6/3QR1K1,1,-1
5nk1/3n1ppp/p2p4/1p1P2P1/P3B2P/1P2B3/rq6/3QRK2,0,-1
5nk1/3n1ppp/p2p4/1p1P2P1/P3B2P/1P2B3/r6q/3QRK2,1,-1
5nk1/3n1ppp/p2p4/1p1P2P1/P3B1QP/1P2B3/r6q/4RK2,0,-1
5nk1/5ppp/p2p4/1p1Pn1P1/P3B1QP/1P2B3/r6q/4RK2,1,-1
5nk1/5ppp/p2p4/1p1Pn1P1/P3BQ1P/1P2B3/r6q/4RK2,0,-1
5nk1/5ppp/p2p4/1p1Pn1P1/P3BQ1P/1P2B2q/r7/4RK2,1,-1
5nk1/5ppp/p2p4/1p1Pn1P1/P3BQ1P/1P2B2q/r7/4R1K1,0,-1
6k1/5ppp/p2p2n1/1p1Pn1P1/P3BQ1P/1P2B2q/r7/4R1K1,1,-1
5rk1/8/2Rp1r1p/3Pp1pq/PQ6/8/1PP5/1K2R3,0,-1
5rk1/8/2Rp1rqp/3Pp1p1/PQ6/8/1PP5/1K2R3,1,-1
5rk1/8/2Rp1rqp/P2Pp1p1/1Q6/8/1PP5/1K2R3,0,-1
5rk1/8/2Rp1rqp/P2Pp3/1Q4p1/8/1PP5/1K2R3,1,-1
5rk1/8/2Rp1rqp/P2Pp3/1Q4p1/8/1PP5/1K4R1,0,-1
5rk1/8/2Rp1rqp/P2Pp3/1Q6/6p1/1PP5/1K4R1,1,-1
5rk1/8/P1Rp1rqp/3Pp3/1Q6/6p1/1PP5/1K4R1,0,-1
5rk1/8/P1Rp1rqp/3Pp3/1Q6/8/1PP3p1/1K4R1,1,-1
5rk1/8/P1Rp1rqp/3Pp3/1Q6/8/KPP3p1/6R1,0,-1
5rk1/8/P1Rp2qp/3Pp3/1Q6/8/KPP3p1/5rR1,1,-1
5rk1/8/P2R2qp/3Pp3/1Q6/8/KPP3p1/5rR1,0,-1
5rk1/6q1/P2R3p/3Pp3/1Q6/8/KPP3p1/5rR1,1,-1
5rk1/6q1/PQ1R3p/3Pp3/8/8/KPP3p1/5rR1,0,-1
5r2/6qk/PQ1R3p/3Pp3/8/8/KPP3p1/5rR1,1,-1
5r2/P5qk/1Q1R3p/3Pp3/8/8/KPP3p1/5rR1,0,-1
5r2/P4rqk/1Q1R3p/3Pp3/8/8/KPP3p1/6R1,1,-1
5r2/P4rqk/1Q1R3p/3Pp3/8/8/1PP3p1/1K4R1,0,-1
r7/P4rqk/1Q1R3p/3Pp3/8/8/1PP3p1/1K4R1,1,-1
r7/P4rqk/3R3p/1Q1Pp3/8/8/1PP3p1/1K4R1,0,-1
r7/r5qk/3R3p/1Q1Pp3/8/8/1PP3p1/1K4R1,1,-1
8/1p5k/p2b4/P2P1p2/1pKp1P2/6Pp/3B3P/8,1,1
8/1p5k/p2b4/P2P1p2/1BKp1P2/6Pp/7P/8,0,1
8/1p5k/p2b4/P2P1p2/1BK2P2/3p2Pp/7P/8,1,1
8/1p5k/p2b4/P2P1p2/2K2P2/3p2Pp/3B3P/8,0,1
8/1p6/p2b2k1/P2P1p2/2K2P2/3p2Pp/3B3P/8,1,1
8/1p6/p2b2k1/P2P1p2/5P2/3K2Pp/3B3P/8,0,1
8/1p6/p2b4/P2P1p1k/5P2/3K2Pp/3B3P/8,1,1
8/1p6/p2b4/P2P1p1k/5P2/6Pp/3BK2P/8,0,1
8/1p6/p2b4/P2P1p2/5Pk1/6Pp/3BK2P/8,1,1
8/1p6/p2b4/P2P1p2/5Pk1/2B3Pp/4K2P/8,0,1
8/1p6/p7/P1bP1p2/5Pk1/2B3Pp/4K2P/8,1,1
8/1p6/p7/P1bPBp2/5Pk1/6Pp/4K2P/8,0,1
8/8/p7/PpbPBp2/5Pk1/6Pp/4K2P/8,1,1
8/8/pP6/2bPBp2/5Pk1/6Pp/4K2P/8,0,1
8/8/pb6/3PBp2/5Pk1/6Pp/4K2P/8,1,1
8/8/pb1P4/4Bp2/5Pk1/6Pp/4K2P/8,0,1
8/8/pb1P4/4Bp1k/5P2/6Pp/4K2P/8,1,1
8/8/pb1P1B2/5p1k/5P2/6Pp/4K2P/8,0,1
8/8/pb1P1Bk1/5p2/5P2/6Pp/4K2P/8,1,1
8/8/pb1P2k1/5pB1/5P2/6Pp/4K2P/8,0,1
2r3k1/pq3p1p/4pbp1/8/4P3/1P2B3/P2Q2PP/5RK1,0,0
2r3k1/pq3p1p/4p1p1/4b3/4P3/1P2B3/P2Q2PP/5RK1,1,0
2r3k1/pq3p1p/4p1p1/4b3/4P3/1P1QB3/P5PP/5RK1,0,0
1qr3k1/p4p1p/4p1p1/4b3/4P3/1P1QB3/P5PP/5RK1,1,0
1qr3k1/p4p1p/4p1p1/4b3/4P3/1P1QB2P/P5P1/5RK1,0,0
1q4k1/p4p1p/4p1p1/4b3/4P3/1PrQB2P/P5P1/5RK1,1,0
1q4k1/p4p1p/4p1p1/4b3/4P3/1Pr1B2P/P2Q2P1/5RK1,0,0
6k1/p1q2p1p/4p1p1/4b3/4P3/1Pr1B2P/P2Q2P1/5RK1,1,0
6k1/p1q2p1p/4p1p1/4b3/4P3/1Pr1B2P/P2Q2P1/3R2K1,0,0
6k1/p1q2p1p/4p1p1/4b3/4P3/1P2B2P/P1rQ2P1/3R2K1,1,0
3Q2k1/p1q2p1p/4p1p1/4b3/4P3/1P2B2P/P1r3P1/3R2K1,0,0
3q2k1/p4p1p/4p1p1/4b3/4P3/1P2B2P/P1r3P1/3R2K1,1,0
3R2k1/p4p1p/4p1p1/4b3/4P3/1P2B2P/P1r3P1/6K1,0,0
3R4/p4pkp/4p1p1/4b3/4P3/1P2B2P/P1r3P1/6K1,1,0
8/p4pkp/4p1p1/4b3/4P3/1P2B2P/P1rR2P1/6K1,0,0
8/p1r2pkp/4p1p1/4b3/4P3/1P2B2P/P2R2P1/6K1,1,0
3R4/p1r2pkp/4p1p1/4b3/4P3/1P2B2P/P5P1/6K1,0,0
3R4/p4pkp/4p1p1/4b3/4P3/1P2B2P/P1r3P1/6K1,1,0
8/p4pkp/4p1p1/4b3/4P3/1P2B2P/P1rR2P1/6K1,0,0
8/p1r2pkp/4p1p1/4b3/4P3/1P2B2P/P2R2P1/6K1,1,0
8/8/p4p2/1b2p3/6k1/3p2R1/1K3P2/8,0,-1
8/8/p4p2/1b2p3/5k2/3p2R1/1K3P2/8,1,-1
8/8/p4p2/1b2p3/5k2/2Kp2R1/5P2/8,0,-1
8/8/p7/1b2pp2/5k2/2Kp2R1/5P2/8,1,-1
8/8/p7/1b2pp2/5k2/3p2R1/3K1P2/8,0,-1
8/8/p7/1b3p2/4pk2/3p2R1/3K1P2/8,1,-1
8/8/p7/1b3p2/4pk2/3p3R/3K1P2/8,0,-1
8/8/8/pb3p2/4pk2/3p3R/3K1P2/8,1,-1
7R/8/8/pb3p2/4pk2/3p4/3K1P2/8,0,-1
7R/8/8/1b3p2/p3pk2/3p4/3K1P2/8,1,-1
R7/8/8/1b3p2/p3pk2/3p4/3K1P2/8,0,-1
R7/8/8/1b3p2/p3p3/3p1k2/3K1P2/8,1,-1
8/8/8/Rb3p2/p3p3/3p1k2/3K1P2/8,0,-1
8/3b4/8/R4p2/p3p3/3p1k2/3K1P2/8,1,-1
8/3b4/8/3R1p2/p3p3/3p1k2/3K1P2/8,0,-1
8/3b4/8/3R1p2/p3p3/3p4/3K1k2/8,1,-1
8/3R4/8/5p2/p3p3/3p4/3K1k2/8,0,-1
8/3R4/8/5p2/p7/3pp3/3K1k2/8,1,-1
8/3R4/8/5p2/p7/3Kp3/5k2/8,0,-1
8/3R4/8/5p2/p7/3K4/4pk2/8,1,-1
r1bqkbnr/1p3p1p/p1np2p1/2p1p3/4P3/2NP1NP1/PPP2PBP/R1BQK2R,1,0
r1bqkbnr/1p3p1p/p1np2p1/2p1p3/4P3/2NP2P1/PPPN1PBP/R1BQK2R,0,0
r1bqk1nr/1p3pbp/p1np2p1/2p1p3/4P3/2NP2P1/PPPN1PBP/R1BQK2R,1,0
r1bqk1nr/1p3pbp/p1np2p1/2p1p3/P3P3/2NP2P1/1PPN1PBP/R1BQK2R,0,0
1rbqk1nr/1p3pbp/p1np2p1/2p1p3/P3P3/2NP2P1/1PPN1PBP/R1BQK2R,1,0
1rbqk1nr/1p3pbp/p1np2p1/2p1p3/P1N1P3/2NP2P1/1PP2PBP/R1BQK2R,0,0
1rbqk1nr/5pbp/p1np2p1/1pp1p3/P1N1P3/2NP2P1/1PP2PBP/R1BQK2R,1,0
1rbqk1nr/5pbp/p1np2p1/1Pp1p3/2N1P3/2NP2P1/1PP2PBP/R1BQK2R,0,0
1rbqk1nr/5pbp/2np2p1/1pp1p3/2N1P3/2NP2P1/1PP2PBP/R1BQK2R,1,0
1rbqk1nr/5pbp/2np2p1/1pp1p3/4P3/2NPN1P1/1PP2PBP/R1BQK2R,0,0
1rbqk2r/4npbp/2np2p1/1pp1p3/4P3/2NPN1P1/1PP2PBP/R1BQK2R,1,0
1rbqk2r/4npbp/2np2p1/1pp1p3/4P2P/2NPN1P1/1PP2PB1/R1BQK2R,0,0
1rbqk2r/4npb1/2np2p1/1pp1p2p/4P2P/2NPN1P1/1PP2PB1/R1BQK2R,1,0
1rbqk2r/4npb1/2np2p1/1pp1p2p/4P2P/2NPN1P1/1PP2PB1/R1BQ1RK1,0,0
1rbq1rk1/4npb1/2np2p1/1pp1p2p/4P2P/2NPN1P1/1PP2PB1/R1BQ1RK1,1,0
1rbq1rk1/4npb1/2np2p1/1ppNp2p/4P2P/3PN1P1/1PP2PB1/R1BQ1RK1,0,0
1rbq1rk1/5pb1/2np2p1/1ppnp2p/4P2P/3PN1P1/1PP2PB1/R1BQ1RK1,1,0
1rbq1rk1/5pb1/2np2p1/1ppNp2p/4P2P/3P2P1/1PP2PB1/R1BQ1RK1,0,0
1rbq1rk1/4npb1/3p2p1/1ppNp2p/4P2P/3P2P1/1PP2PB1/R1BQ1RK1,1,0
1rbq1rk1/4npb1/3p2p1/1pp1p2p/4P2P/3PN1P1/1PP2PB1/R1BQ1RK1,0,0
8/pb6/8/8/8/k7/P3NKp1/8,0,-1
8/pb6/8/8/8/8/k3NKp1/8,1,-1
8/pb6/8/8/8/2N5/k4Kp1/8,0,-1
8/pb6/8/8/8/1kN5/5Kp1/8,1,-1
8/pb6/8/1N6/8/1k6/5Kp1/8,0,-1
8/1b6/8/pN6/8/1k6/5Kp1/8,1,-1
8/1b6/8/p7/3N4/1k6/5Kp1/8,0,-1
8/1b6/8/p7/2kN4/8/5Kp1/8,1,-1
8/1b6/8/p4N2/2k5/8/5Kp1/8,0,-1
8/8/2b5/p4N2/2k5/8/5Kp1/8,1,-1
8/8/2b5/p7/2k5/4N3/5Kp1/8,0,-1
8/8/2b5/p7/1k6/4N3/5Kp1/8,1,-1
8/8/2b5/p7/1k6/8/2N2Kp1/8,0,-1
8/8/2b5/p7/8/2k5/2N2Kp1/8,1,-1
8/8/2b5/p7/8/N1k5/5Kp1/8,0,-1
8/8/2b5/8/p7/N1k5/5Kp1/8,1,-1
8/8/2b5/8/p7/N1k5/6p1/6K1,0,-1
8/8/2b5/8/p7/Nk6/6p1/6K1,1,-1
8/8/2b5/8/p7/1k6/6p1/1N4K1,0,-1
8/8/2b5/8/8/pk6/6p1/1N4K1,1,-1
